{
	"data": {
		"imagename": "00007-10.1.1.32.2212-Figure-5",
		"difficult": 0,
		"curves": [
			{
				"name": "ML",
				"labelposition": [345.981607,21.27153921,30.97289448,18.73668925],
				"symbolposition": [283.2710552,23.18344627,54.2981607,11.85382381],
				"x": [
					[122.2884802],
					[174.2923524],
					[211.7657309],
					[231.267183],
					[235.0909971],
					[258.0338819],
					[268.3581801],
					[277.535334],
					[279.447241],
					[288.624395],
					[299.3310745],
					[310.4201355]
				],
				"y": [
					[25.86011617],
					[41.92013553],
					[62.95111326],
					[88.57066796],
					[105.7778316],
					[145.92788],
					[154.3402711],
					[163.517425],
					[169.2531462],
					[174.9888674],
					[180.7245886],
					[184.1660213]
				]
			},
			{
				"name": "Lc",
				"labelposition": [345.5992256,43.83204259,30.20813166,22.56050339],
				"symbolposition": [283.2710552,48.42061955,51.23910939,9.559535334],
				"x": [
					[122.2884802],
					[162.82091],
					[181.1752178],
					[199.9119071],
					[213.2952565],
					[223.2371733],
					[230.5024201],
					[235.0909971],
					[241.9738625],
					[248.856728],
					[255.357212],
					[255.7395934],
					[269.1229429],
					[275.2410455],
					[279.8296225],
					[288.624395],
					[293.5953533],
					[299.3310745]
				],
				"y": [
					[29.30154889],
					[43.44966118],
					[52.6268151],
					[62.95111326],
					[80.54065828],
					[96.21829622],
					[108.8368829],
					[124.5145208],
					[135.2212004],
					[144.3983543],
					[149.3693127],
					[157.3993224],
					[162.7526621],
					[169.2531462],
					[174.9888674],
					[177.2831559],
					[181.10697],
					[183.0188771]
				]
			},
			{
				"name": "K",
				"labelposition": [344.8344627,70.98112294,19.50145208,19.50145208],
				"symbolposition": [284.4181994,75.5696999,45.50338819,10.32429816],
				"x": [
					[118.8470474],
					[154.0261375],
					[170.8509197],
					[191.499516],
					[205.2652469],
					[212.5304937],
					[216.7366893],
					[225.5314618],
					[231.267183],
					[240.8267183],
					[246.5624395],
					[247.7095837],
					[254.2100678],
					[262.2400774],
					[271.7996128],
					[288.624395]
				],
				"y": [
					[37.33155857],
					[50.71490803],
					[58.74491772],
					[80.54065828],
					[97.74782188],
					[112.2783156],
					[125.6616651],
					[138.2802517],
					[144.3983543],
					[153.5755082],
					[161.2231365],
					[167.3412391],
					[172.6945789],
					[176.518393],
					[179.9598258],
					[185.695547]
				]
			},
			{
				"name": "Lq",
				"labelposition": [345.2168441,97.36544046,31.73765731,21.41335915],
				"symbolposition": [285.5653437,101.1892546,47.79767667,7.647628267],
				"x": [
					[117.6999032],
					[152.4966118],
					[163.5856728],
					[175.821878],
					[186.5285576],
					[200.6766699],
					[207.5595353],
					[212.9128751],
					[217.8838335],
					[228.2081317],
					[242.7386254],
					[254.2100678],
					[255.357212],
					[264.5343659],
					[277.1529526],
					[293.2129719]
				],
				"y": [
					[42.68489835],
					[54.53872217],
					[58.74491772],
					[68.68683446],
					[79.01113262],
					[94.30638916],
					[104.2483059],
					[122.6026137],
					[135.9859632],
					[145.92788],
					[155.4874153],
					[165.0469506],
					[173.8417231],
					[175.3712488],
					[180.7245886],
					[184.1660213]
				]
			},
			{
				"name": "L1",
				"labelposition": [347.893514,121.0730881,24.09002904,23.32526621],
				"symbolposition": [284.4181994,124.1321394,54.2981607,10.32429816],
				"x": [
					[117.3175218],
					[189.9699903],
					[199.1471442],
					[209.4714424],
					[214.8247822],
					[229.3552759],
					[243.1210068],
					[245.4152953],
					[248.856728],
					[253.0629235],
					[260.3281704],
					[266.0638916],
					[272.5643756],
					[281.7415295]
				],
				"y": [
					[46.12633107],
					[82.45256534],
					[107.6897386],
					[125.2792836],
					[136.3683446],
					[155.4874153],
					[160.8407551],
					[168.1060019],
					[173.8417231],
					[176.1360116],
					[177.2831559],
					[179.9598258],
					[185.3131655],
					[186.4603098]
				]
			},
			{
				"name": "L2",
				"labelposition": [347.5111326,145.5454985,24.47241045,22.56050339],
				"symbolposition": [286.7124879,149.3693127,46.65053243,8.030009681],
				"x": [
					[113.8760891],
					[145.6137464],
					[180.0280736],
					[189.2052275],
					[212.9128751],
					[227.0609874],
					[233.9438529],
					[241.5914811],
					[246.5624395],
					[253.4453049],
					[271.7996128]
				],
				"y": [
					[54.53872217],
					[80.15827686],
					[90.48257502],
					[115.7197483],
					[142.4864472],
					[155.8697967],
					[166.9588577],
					[171.5474347],
					[178.8126815],
					[180.7245886],
					[187.607454]
				]
			}
		],
		"plotpos": [61.48983543,13.24152953,327.7008712,202.2797677],
		"xax": {
			"titlepos": [184.2342691,233.4932236,80.68247822,20.26621491],
			"minpos": [45.42981607,204.8146176,16.44240077,18.73668925],
			"maxpos": [380.3959342,218.1979671,11.85382381,15.29525653],
			"type": 1
		},
		"yax": {
			"titlepos": [3.3678606,53.77395934,18.35430784,120.4501452],
			"minpos": [46.95934172,205.5793804,13.38334947,16.06001936],
			"maxpos": [48.48886738,4.446757018,11.08906099,17.97192643],
			"type": 1
		}
	}
}
