{
	"data": {
		"imagename": "00011-10.1.1.135.2120-Figure-6",
		"difficult": 0,
		"curves": [
			{
				"name": "K = 1",
				"labelposition": [479.8934659,101.6768466,41.20880682,21.52698864],
				"symbolposition": [420.8480114,104.1370739,58.43039773,15.99147727],
				"x": [
					[76.41619318],
					[79.49147727],
					[91.79261364],
					[111.4744318],
					[161.9090909],
					[216.0340909],
					[267.0838068],
					[284.9204545],
					[293.53125],
					[308.2926136],
					[318.7485795],
					[326.1292614],
					[332.2798295],
					[335.3551136],
					[348.8863636],
					[359.9573864],
					[369.1832386],
					[383.9446023],
					[403.6264205],
					[420.8480114],
					[452.2159091],
					[468.8224432],
					[496.5]
				],
				"y": [
					[360.0007102],
					[377.837358],
					[384.602983],
					[390.1384943],
					[390.1384943],
					[385.2180398],
					[372.9169034],
					[342.7791193],
					[307.1058239],
					[257.9012784],
					[225.303267],
					[179.1740057],
					[143.5007102],
					[121.9737216],
					[91.22088068],
					[78.3046875],
					[58.0078125],
					[30.33025568],
					[19.25923295],
					[16.79900568],
					[20.48934659],
					[24.1796875],
					[25.40980114]
				]
			},
			{
				"name": "K = 2",
				"labelposition": [480.5085227,134.274858,40.59375,19.06676136],
				"symbolposition": [422.6931818,136.1200284,55.35511364,15.37642045],
				"x": [
					[75.80113636],
					[80.10653409],
					[97.328125],
					[126.8508523],
					[169.2897727],
					[210.4985795],
					[233.2556818],
					[260.3181818],
					[272.6193182],
					[278.1548295],
					[284.9204545],
					[292.9161932],
					[301.5269886],
					[310.7528409],
					[319.3636364],
					[321.2088068],
					[329.8196023],
					[335.9701705],
					[359.3423295],
					[370.4133523],
					[377.7940341],
					[398.7059659],
					[415.3125],
					[442.9900568],
					[462.671875],
					[494.6548295]
				],
				"y": [
					[346.4694602],
					[377.837358],
					[386.4481534],
					[390.1384943],
					[390.7535511],
					[391.368608],
					[385.2180398],
					[378.4524148],
					[372.3018466],
					[342.1640625],
					[315.1015625],
					[281.2734375],
					[249.9055398],
					[222.8430398],
					[201.931108],
					[180.4041193],
					[143.5007102],
					[120.1285511],
					[86.91548295],
					[67.23366477],
					[38.94105114],
					[22.94957386],
					[18.64417614],
					[18.64417614],
					[19.25923295],
					[19.87428977]
				]
			},
			{
				"name": "K = 3",
				"labelposition": [480.5085227,166.2578125,40.59375,21.52698864],
				"symbolposition": [420.8480114,169.9481534,58.43039773,12.91619318],
				"x": [
					[75.18607955],
					[80.10653409],
					[95.48295455],
					[122.5454545],
					[158.21875],
					[208.6534091],
					[241.2514205],
					[271.3892045],
					[282.4602273],
					[288.6107955],
					[299.6818182],
					[298.4517045],
					[307.6775568],
					[316.9034091],
					[323.0539773],
					[330.4346591],
					[335.9701705],
					[352.5767045],
					[365.4928977],
					[378.4090909],
					[393.1704545],
					[411.6221591],
					[435.609375],
					[457.7514205],
					[484.8139205],
					[494.0397727]
				],
				"y": [
					[354.4651989],
					[377.2223011],
					[385.8330966],
					[392.5987216],
					[391.368608],
					[388.2933239],
					[383.3728693],
					[372.3018466],
					[344.6242898],
					[314.4865057],
					[278.1981534],
					[254.8259943],
					[237.6044034],
					[214.8473011],
					[176.7137784],
					[138.5802557],
					[119.5134943],
					[91.8359375],
					[68.46377841],
					[36.48082386],
					[19.87428977],
					[13.10866477],
					[16.18394886],
					[18.02911932],
					[18.64417614],
					[18.02911932]
				]
			},
			{
				"name": "K = 4",
				"labelposition": [479.8934659,198.8558239,38.13352273,20.296875],
				"symbolposition": [420.2329545,200.7009943,58.43039773,12.30113636],
				"x": [
					[76.41619318],
					[82.56676136],
					[93.02272727],
					[113.9346591],
					[150.8380682],
					[193.8920455],
					[233.2556818],
					[266.46875],
					[282.4602273],
					[294.7613636],
					[299.6818182],
					[314.4431818],
					[323.0539773],
					[332.2798295],
					[337.2002841],
					[346.4261364],
					[355.6519886],
					[363.6477273],
					[371.0284091],
					[374.71875],
					[383.9446023],
					[391.3252841],
					[404.2414773],
					[425.7684659],
					[446.6803977],
					[466.9772727],
					[485.4289773],
					[497.1150568]
				],
				"y": [
					[353.850142],
					[377.2223011],
					[388.9083807],
					[393.2137784],
					[393.2137784],
					[390.7535511],
					[383.9879261],
					[372.3018466],
					[354.4651989],
					[329.2478693],
					[303.415483],
					[284.9637784],
					[266.5120739],
					[233.2990057],
					[207.4666193],
					[175.4836648],
					[149.0362216],
					[119.5134943],
					[83.84019886],
					[60.46803977],
					[41.40127841],
					[22.94957386],
					[15.56889205],
					[13.72372159],
					[16.18394886],
					[18.02911932],
					[18.64417614],
					[18.02911932]
				]
			},
			{
				"name": "K = 5",
				"labelposition": [478.0482955,228.3785511,39.97869318,19.06676136],
				"symbolposition": [420.8480114,232.068892,56.58522727,10.45596591],
				"x": [
					[76.41619318],
					[82.56676136],
					[93.63778409],
					[115.7798295],
					[143.4573864],
					[179.7457386],
					[221.5696023],
					[249.8622159],
					[273.8494318],
					[289.2258523],
					[299.6818182],
					[309.5227273],
					[315.0582386],
					[326.7443182],
					[334.125],
					[343.3508523],
					[358.1122159],
					[365.4928977],
					[372.8735795],
					[382.0994318],
					[391.3252841],
					[404.2414773],
					[417.1576705],
					[435.609375],
					[452.2159091],
					[468.2073864],
					[495.2698864]
				],
				"y": [
					[360.0007102],
					[380.912642],
					[388.9083807],
					[390.7535511],
					[390.7535511],
					[391.368608],
					[385.8330966],
					[379.0674716],
					[370.4566761],
					[343.3941761],
					[312.6413352],
					[294.1896307],
					[283.7336648],
					[257.9012784],
					[220.9978693],
					[185.9396307],
					[147.806108],
					[111.5177557],
					[69.69389205],
					[43.86150568],
					[27.87002841],
					[21.71946023],
					[17.4140625],
					[17.4140625],
					[17.4140625],
					[17.4140625],
					[18.02911932]
				]
			},
			{
				"name": "K = 6",
				"labelposition": null,
				"symbolposition": null,
				"x": [
					[76.41619318],
					[80.72159091],
					[93.63778409],
					[110.2443182],
					[143.4573864],
					[188.3565341],
					[222.7997159],
					[252.3224432],
					[272.0042614],
					[289.2258523],
					[299.0667614],
					[306.4474432],
					[319.3636364],
					[332.2798295],
					[337.8153409],
					[347.0411932],
					[352.5767045],
					[358.1122159],
					[363.6477273],
					[369.1832386],
					[374.71875],
					[380.2542614],
					[385.7897727],
					[396.8607955],
					[414.6974432],
					[431.3039773],
					[450.3707386],
					[471.8977273],
					[494.0397727]
				],
				"y": [
					[358.1555398],
					[378.4524148],
					[383.9879261],
					[389.5234375],
					[390.7535511],
					[391.368608],
					[385.8330966],
					[379.0674716],
					[369.2265625],
					[333.553267],
					[299.725142],
					[281.2734375],
					[263.4367898],
					[233.2990057],
					[209.3117898],
					[180.4041193],
					[163.7975852],
					[136.7350852],
					[109.0575284],
					[83.22514205],
					[67.23366477],
					[46.93678977],
					[30.33025568],
					[23.56463068],
					[18.02911932],
					[16.18394886],
					[16.18394886],
					[18.02911932],
					[17.4140625]
				]
			}
		],
		"plotpos": [64.73011364,15.56889205,485.2798295,378.2599432],
		"xax": {
			"titlepos": [276.3096591,414.740767,67.04119318,15.99147727],
			"minpos": [57.96448864,399.3643466,9.840909091,17.22159091],
			"maxpos": [543.2443182,399.3643466,14.14630682,15.99147727],
			"type": 1
		},
		"yax": {
			"titlepos": [3.224431818,187.7848011,20.91193182,35.67329545],
			"minpos": [30.28693182,385.2180398,29.52272727,15.99147727],