{
	"data": {
		"imagename": "00021-10.1.1.173.1056-Figure-1",
		"difficult": 0,
		"curves": [
			{
				"name": "Charbonnier",
				"labelposition": [92.984375,20.02059659,65.86079545,13.24005682],
				"symbolposition": [68.54119318,22.39701705,24.78267045,6.789772727],
				"x": [
					[34.25284091],
					[160.8821023],
					[285.4744318]
				],
				"y": [
					[52.61150568],
					[207.4183239],
					[51.59303977]
				]
			},
			{
				"name": "Generalized Charbonnier (0.45)",
				"labelposition": [91.96590909,35.9765625,162.2755682,13.24005682],
				"symbolposition": [70.23863636,39.03196023,22.74573864,3.394886364],
				"x": [
					[34.59232955],
					[160.5426136],
					[285.4744318]
				],
				"y": [
					[91.9921875],
					[206.7393466],
					[90.63423295]
				]
			},
			{
				"name": "Generalized Charbonnier (0.25)",
				"labelposition": [92.64488636,51.93252841,162.6150568,11.54261364],
				"symbolposition": [75.67045455,54.30894886,16.63494318,4.073863636],
				"x": [
					[36.28977273],
					[54.28267045],
					[76.68892045],
					[96.03977273],
					[122.1803977],
					[143.5681818],
					[156.46875],
					[159.5241477],
					[166.9928977],
					[174.8011364],
					[187.7017045],
					[205.3551136],
					[223.6875],
					[248.1306818],
					[268.1605114],
					[286.8323864]
				],
				"y": [
					[171.0930398],
					[176.524858],
					[179.5802557],
					[183.6541193],
					[189.0859375],
					[196.5546875],
					[201.647017],
					[206.7393466],
					[201.647017],
					[197.5731534],
					[192.8203125],
					[188.0674716],
					[182.975142],
					[178.9012784],
					[176.1853693],
					[173.8089489]
				]
			},
			{
				"name": "Lorantzian",
				"labelposition": [92.64488636,66.53053977,56.69460227,11.88210227],
				"symbolposition": [68.20170455,69.24644886,23.76420455,4.073863636],
				"x": [
					[35.27130682],
					[62.09090909],
					[84.15767045],
					[106.2244318],
					[124.8963068],
					[138.1363636],
					[148.6605114],
					[153.7528409],
					[157.1477273],
					[159.5241477],
					[159.8636364],
					[159.8636364],
					[160.8821023],
					[163.2585227],
					[167.671875],
					[171.7457386],
					[180.5724432],
					[188.0411932],
					[203.3181818],
					[215.2002841],
					[234.5511364],
					[252.2045455],
					[270.8764205],
					[285.4744318]
				],
				"y": [
					[111.0035511],
					[113.7194602],
					[118.8117898],
					[124.243608],
					[130.693892],
					[138.5021307],
					[147.6683239],
					[158.5319602],
					[169.7350852],
					[185.3515625],
					[196.5546875],
					[206.7393466],
					[182.975142],
					[170.0745739],
					[156.834517],
					[148.0078125],
					[140.5390625],
					[133.7492898],
					[127.6384943],
					[124.243608],
					[119.8302557],
					[116.774858],
					[113.7194602],
					[112.022017]
				]
			}
		],
		"plotpos": [34.59232955,11.53338068,251.2215909,197.2428977],
		"xax": {
			"titlepos": [151.3764205,226.4296875,15.95596591,10.18465909],
			"minpos": [22.71022727,213.1896307,21.38778409,9.845170455],
			"maxpos": [278.3451705,212.5106534,14.9375,11.203125],
			"type": 1
		},
		"yax": {
			"titlepos": [3.698863636,98.78196023,16.63494318,23.42471591],
			"minpos": [24.74715909,204.7024148,7.46875,9.166193182],
			"maxpos": [18.296875,5.762073864,14.59801136,10.86363636],
			"type": 1
		}
	}
}
