{
	"data": {
		"imagename": "00020-10.1.1.2.2236-Figure-3",
		"difficult": 0,
		"curves": [
			{
				"name": "Seq. Skewing",
				"labelposition": [457.2727273,335.0035511,75.81676136,12.73721591],
				"symbolposition": [535.515625,337.4296875,41.24431818,7.884943182],
				"x": [
					[51.50142045],
					[114.5809659],
					[231.6420455],
					[346.2769886],
					[467.5838068],
					[587.0710227]
				],
				"y": [
					[234.9254261],
					[185.1896307],
					[73.58735795],
					[25.67116477],
					[17.78622159],
					[12.32741477]
				]
			},
			{
				"name": "Skewing(n)",
				"labelposition": [471.8295455,348.3473011,61.86647727,11.52414773],
				"symbolposition": [535.515625,350.7734375,40.63778409,7.278409091],
				"x": [
					[52.71448864],
					[110.9417614],
					[349.9161932],
					[462.7315341],
					[585.8579545]
				],
				"y": [
					[313.774858],
					[271.3174716],
					[166.993608],
					[137.8799716],
					[121.5035511]
				]
			},
			{
				"name": "Skewing",
				"labelposition": [485.7798295,359.8714489,47.91619318,12.73721591],
				"symbolposition": [535.515625,361.6910511,41.24431818,5.458806818],
				"x": [
					[52.71448864],
					[109.1221591],
					[466.3707386],
					[585.2514205]
				],
				"y": [
					[352.5930398],
					[308.3160511],
					[247.662642],
					[208.8444602]
				]
			},
			{
				"name": "Gain",
				"labelposition": [505.1889205,370.7890625,29.11363636,12.13068182],
				"symbolposition": [537.3352273,373.821733,38.81818182,6.065340909],
				"x": [
					[53.32102273],
					[110.9417614],
					[229.2159091],
					[349.9161932],
					[460.9119318],
					[586.4644886]
				],
				"y": [
					[275.5632102],
					[196.7137784],
					[102.0944602],
					[85.71803977],
					[65.09588068],
					[43.26065341]
				]
			}
		],
		"plotpos": [52.10795455,12.32741477,533.1434659,373.0184659],
		"xax": {
			"titlepos": [282.5909091,409.6072443,74.60369318,13.95028409],
			"minpos": [95.77840909,392.0177557,29.72017045,14.55681818],
			"maxpos": [573.7272727,392.0177557,29.72017045,13.95028409],
			"type": 1
		},
		"yax": {
			"titlepos": [0.5525568182,163.3544034,21.22869318,76.42329545],
			"minpos": [27.84659091,379.8870739,20.62215909,14.55681818],
			"maxpos": [20.56818182,5.655539773,27.29403409,12.13068182],
			"type": 1
		}
	}
}
