{
	"data": {
		"imagename": "00030-10.1.1.408.9944-Figure-9",
		"difficult": 0,
		"curves": [
			{
				"name": "random+tourism",
				"labelposition": [356.7613636,334.4460227,150.1022727,17.65909091],
				"symbolposition": [511.9090909,338.8607955,59.91477273,11.98295455],
				"x": [
					[97.55113636],
					[116.4715909],
					[183.9545455],
					[219.9034091],
					[253.3295455],
					[357.3920455],
					[425.5056818],
					[493.6193182],
					[558.5795455]
				],
				"y": [
					[183.0823864],
					[166.6846591],
					[147.1335227],
					[139.5653409],
					[130.1051136],
					[123.1676136],
					[118.1221591],
					[111.1846591],
					[109.9232955]
				]
			},
			{
				"name": "oracle+tourism",
				"labelposition": [370.6363636,353.3664773,134.9659091,18.92045455],
				"symbolposition": [513.8011364,357.78125,56.13068182,10.72159091],
				"x": [
					[97.55113636],
					[116.4715909],
					[152.4204545],
					[182.6931818],
					[219.2727273],
					[252.0681818],
					[289.9090909],
					[355.5],
					[421.7215909],
					[492.9886364],
					[558.5795455]
				],
				"y": [
					[181.1903409],
					[168.5767045],
					[160.3778409],
					[155.3323864],
					[137.6732955],
					[131.9971591],
					[126.3210227],
					[119.3835227],
					[114.96875],
					[111.1846591],
					[103.6164773]
				]
			}
		],
		"plotpos": [81.78409091,48.11647727,510.8522727,329.8465909],
		"xax": {
			"titlepos": [236.9318182,413.28125,205.6022727,29.64204545],
			"minpos": [74.84659091,390.5767045,19.55113636,17.65909091],
			"maxpos": [532.0909091,387.4232955,62.4375,25.85795455],
			"type": 1
		},
		"yax": {
			"titlepos": [1.6875,156.59375,25.85795455,111.6306818],
			"minpos": [43.94318182,367.2414773,29.01136364,20.8125],
			"maxpos": [42.05113636,33.61079545,33.42613636,25.22727273],
			"type": 1
		}
	}
}
