{
	"data": {
		"imagename": "00038-10.1.1.148.1056-Figure-2",
		"difficult": 0,
		"curves": [
			{
				"name": "Bi-stable Display",
				"labelposition": [223.3096591,146.5134943,135.9119318,20.203125],
				"symbolposition": [188.4133523,150.7990057,34.89630682,9.183238636],
				"x": [
					[154.1292614],
					[581.4559659]
				],
				"y": [
					[357.727983],
					[174.0632102]
				]
			},
			{
				"name": "Reflective LCD",
				"labelposition": [225.7585227,172.8387784,115.0965909,16.52982955],
				"symbolposition": [188.4133523,174.0632102,37.95738636,11.01988636],
				"x": [
					[151.0681818],
					[581.4559659]
				],
				"y": [
					[347.3203125],
					[347.3203125]
				]
			}
		],
		"plotpos": [151.0681818,128.147017,432.2244318,229.5809659],
		"xax": {
			"titlepos": [180.4545455,406.7052557,363.0440341,22.65198864],
			"minpos": [141.2727273,378.5433239,18.97869318,20.81534091],
			"maxpos": [564.3139205,379.7677557,29.38636364,19.59090909],
			"type": 1
		},
		"yax": {
			"titlepos": [74.54119318,131.8203125,25.10085227,208.1534091],
			"minpos": [117.3963068,348.5447443,18.97869318,20.81534091],
			"maxpos": [104.5397727,112.8416193,33.671875,25.10085227],
			"type": 1
		}
	}
}
