{
	"data": {
		"imagename": "00036-10.1.1.407.3895-Figure-2",
		"difficult": 0,
		"curves": [
			{
				"name": "A",
				"labelposition": [603.6795741,88.24830591,11.48305905,11.48305905],
				"symbolposition": [571.7821878,92.07599226,31.89738625,7.655372701],
				"x": [
					[87.57986447],
					[118.2013553],
					[147.5469506],
					[205.6001936],
					[237.4975799],
					[270.6708616],
					[302.5682478]
				],
				"y": [
					[115.0421104],
					[94.62778316],
					[115.6800581],
					[76.76524685],
					[103.5590513],
					[116.9559535],
					[105.4728945]
				]
			},
			{
				"name": "A mean",
				"labelposition": [603.6795741,115.0421104,50.39787028,15.3107454],
				"symbolposition": [572.4201355,117.5939013,33.1732817,8.931268151],
				"x": [
					[85.6660213],
					[301.2923524]
				],
				"y": [
					[102.2831559],
					[102.2831559]
				]
			},
			{
				"name": "B",
				"labelposition": [603.0416263,142.4738625,15.3107454,15.3107454],
				"symbolposition": [571.7821878,142.4738625,32.53533398,12.7589545],
				"x": [
					[332.5517909],
					[546.9022265]
				],
				"y": [
					[154.5948693],
					[155.8707648]
				]
			},
			{
				"name": "B mean",
				"labelposition": [603.6795741,168.6297193,47.84607938,17.22458858],
				"symbolposition": [571.7821878,171.1815102,32.53533398,9.569215876],
				"x": [
					[332.5517909],
					[545.6263311]
				],
				"y": [
					[154.5948693],
					[156.5087125]
				]
			}
		],
		"plotpos": [54.40658277,11.6945789,512.2720232,232.8509197],
		"xax": {
			"titlepos": [303.2061955,272.6151985,41.46660213,22.32817038],
			"minpos": [46.75121007,255.3906099,14.67279768,14.03484995],
			"maxpos": [569.2303969,255.3906099,19.13843175,19.13843175],
			"type": 1
		},
		"yax": {
			"titlepos": [12.93998064,46.14375605,17.22458858,162.0387222],
			"minpos": [32.07841239,234.9762827,14.03484995,17.22458858],
			"maxpos": [24.42303969,4.039206196,21.05227493,14.67279768],
			"type": 1
		}
	}
}
