{
	"data": {
		"imagename": "00032-10.1.1.184.6140-Figure-3",
		"difficult": 0,
		"curves": [
			{
				"name": "Xu & Mannor (LP-ND1)",
				"labelposition": [136.4753146,21.11665053,129.2565344,16.63697967],
				"symbolposition": [96.16263311,21.75653437,34.55372701,11.517909],
				"x": [
					[64.80832527],
					[144.7938045],
					[173.588577],
					[275.9699903],
					[383.4704743],
					[489.0513069],
					[588.2333011]
				],
				"y": [
					[380.731365],
					[357.0556631],
					[347.4574056],
					[284.1089061],
					[231.6384318],
					[94.70329138],
					[83.82526621]
				]
			},
			{
				"name": "Xu & Manor - Modified (LP-ND2)",
				"labelposition": [137.1151985,41.5929332,186.8460794,13.4375605],
				"symbolposition": [96.16263311,42.23281704,36.47337851,10.23814134],
				"x": [
					[71.84704743],
					[173.588577],
					[382.8305905],
					[488.411423],
					[591.4327202]
				],
				"y": [
					[395.4486931],
					[367.9336883],
					[253.3944821],
					[127.9772507],
					[126.0575992]
				]
			},
			{
				"name": "Regan & Boutilier - Modified (ICG-ND)",
				"labelposition": [136.4753146,60.78944821,208.6021297,14.71732817],
				"symbolposition": [96.80251694,63.34898354,28.79477251,7.038722168],
				"x": [
					[90.40367861],
					[175.5082285],
					[317.5624395],
					[382.8305905],
					[490.9709584],
					[588.8731849]
				],
				"y": [
					[401.2076476],
					[389.6897386],
					[337.8591481],
					[318.6626331],
					[262.9927396],
					[262.9927396]
				]
			},
			{
				"name": "Regan & Boutilier (ICG-MIP)",
				"labelposition": [135.195547,79.34607938,160.6108422,17.2768635],
				"symbolposition": [98.72216844,82.54549855,31.99419167,7.038722168],
				"x": [
					[72.48693127],
					[178.7076476],
					[278.5295257],
					[383.4704743],
					[494.8102614],
					[589.5130687]
				],
				"y": [
					[300.1060019],
					[262.9927396],
					[239.9569216],
					[196.4448209],
					[154.2124879],
					[137.5755082]
				]
			}
		],
		"plotpos": [62.24878993,7.679090029,541.3417231,395.4482091],
		"xax": {
			"titlepos": [268.9312682,425.5232333,125.4172314,19.83639884],
			"minpos": [59.04937076,408.8862536,19.196515,14.07744434],
			"maxpos": [581.8344627,408.8862536,20.47628267,17.91674734],
			"type": 1
		},
		"yax": {
			"titlepos": [1.45982575,168.2899322,28.79477251,74.22652469],
			"minpos": [23.85575992,386.4903195,30.71442401,22.39593417],
			"maxpos": [28.33494676,30.0750242,26.87512101,17.91674734],
			"type": 2
		}
	}
}
