{
	"data": {
		"imagename": "00047-10.1.1.360.7425-Figure-4",
		"difficult": 0,
		"curves": [
			{
				"name": "Averages",
				"labelposition": [158.6178977,53.51349432,91.81107955,20.13920455],
				"symbolposition": [257.5369318,54.69815341,63.97159091,13.62357955],
				"x": [
					[117.7471591],
					[138.4786932],
					[158.0255682],
					[174.6107955],
					[214.296875],
					[258.7215909],
					[294.2613636],
					[333.9474432],
					[368.8948864],
					[431.0894886],
					[485.5838068],
					[525.2698864],
					[579.171875]
				],
				"y": [
					[134.662642],
					[184.4183239],
					[207.5191761],
					[215.8117898],
					[211.0731534],
					[209.2961648],
					[205.149858],
					[201.5958807],
					[199.818892],
					[199.818892],
					[195.6725852],
					[191.5262784],
					[190.9339489]
				]
			},
			{
				"name": "Copies",
				"labelposition": [179.9417614,73.65269886,71.07954545,19.546875],
				"symbolposition": [259.3139205,76.61434659,61.00994318,11.25426136],
				"x": [
					[117.7471591],
					[138.4786932],
					[158.6178977],
					[178.1647727],
					[214.8892045],
					[255.1676136],
					[293.0767045],
					[332.1704545],
					[368.8948864],
					[428.7201705],
					[521.1235795],
					[577.3948864]
				],
				"y": [
					[145.9169034],
					[193.303267],
					[201.5958807],
					[200.4112216],
					[193.8955966],
					[190.9339489],
					[190.9339489],
					[209.2961648],
					[216.9964489],
					[214.6271307],
					[212.850142],
					[212.2578125]
				]
			},
			{
				"name": "Scoring",
				"labelposition": [176.3877841,94.38423295,76.41051136,19.546875],
				"symbolposition": [256.9446023,98.53053977,62.19460227,8.884943182],
				"x": [
					[119.5241477],
					[137.2940341],
					[158.6178977],
					[176.3877841],
					[196.5269886],
					[213.7045455],
					[255.7599432],
					[275.3068182],
					[330.9857955],
					[428.7201705],
					[483.8068182],
					[524.0852273],
					[577.9872159]
				],
				"y": [
					[147.693892],
					[159.540483],
					[198.0419034],
					[214.6271307],
					[223.5120739],
					[224.696733],
					[238.3203125],
					[239.5049716],
					[254.3132102],
					[276.821733],
					[283.337358],
					[283.9296875],
					[285.1143466]
				]
			},
			{
				"name": "Full",
				"labelposition": [214.8892045,112.7464489,34.94744318,20.73153409],
				"symbolposition": [256.9446023,117.4850852,65.74857955,11.84659091],
				"x": [
					[118.9318182],
					[138.4786932],
					[158.6178977],
					[174.6107955],
					[196.5269886],
					[214.8892045],
					[272.3451705],
					[293.0767045],
					[331.578125],
					[370.671875],
					[427.5355114],
					[484.3991477],
					[525.8622159],
					[580.3565341]
				],
				"y": [
					[141.7705966],
					[190.3416193],
					[223.5120739],
					[248.9822443],
					[259.0518466],
					[272.6754261],
					[286.8913352],
					[286.8913352],
					[290.4453125],
					[288.6683239],
					[293.9992898],
					[293.9992898],
					[297.553267],
					[297.553267]
				]
			},
			{
				"name": "Only Height",
				"labelposition": [140.2556818,131.7009943,108.9886364,20.73153409],
				"symbolposition": [258.7215909,139.993608,59.23295455,7.700284091],
				"x": [
					[368.8948864],
					[443.5284091],
					[483.8068182],
					[578.5795455]
				],
				"y": [
					[47.59019886],
					[88.4609375],
					[110.9694602],
					[142.3629261]
				]
			}
		],
		"plotpos": [101.1619318,46.99786932,477.4176136,301.4957386],
		"xax": {
			"titlepos": [298.4076705,390.5490057,81.14914773,24.87784091],
			"minpos": [91.68465909,362.1171875,20.73153409,18.95454545],
			"maxpos": [566.140625,358.5632102,27.83948864,22.50852273],
			"type": 1
		},
		"yax": {
			"titlepos": [2.242897727,127.5546875,33.17045455,145.7130682],
			"minpos": [54.36789773,339.6086648,34.94744318,22.50852273],
			"maxpos": [51.99857955,31.00497159,39.09375,30.80113636],
			"type": 1
		}
	}
}
