{
	"data": {
		"imagename": "00045-10.1.1.362.1578-Figure-5",
		"difficult": 0,
		"curves": [
			{
				"name": "training data (non-target, 300 ans.)",
				"labelposition": [159.2798295,287.4836648,312.75,18.95454545],
				"symbolposition": [479.1377841,291.037642,59.82528409,10.06960227],
				"x": [
					[114.2627841],
					[130.8480114],
					[149.8025568],
					[169.9417614],
					[203.1122159],
					[226.8053977],
					[246.3522727],
					[265.8991477],
					[285.4460227],
					[300.8465909],
					[326.9090909],
					[344.6789773],
					[371.3338068],
					[394.4346591],
					[411.6122159],
					[429.9744318],
					[447.1519886],
					[467.2911932],
					[500.4616477],
					[523.5625],
					[544.2940341],
					[559.1022727]
				],
				"y": [
					[265.5674716],
					[235.3586648],
					[218.7734375],
					[190.3416193],
					[167.240767],
					[148.8785511],
					[143.5475852],
					[143.5475852],
					[136.4396307],
					[124.5930398],
					[120.446733],
					[122.2237216],
					[119.2620739],
					[106.8231534],
					[105.0461648],
					[111.5617898],
					[102.6768466],
					[102.6768466],
					[97.93821023],
					[98.53053977],
					[92.60724432],
					[92.01491477]
				]
			},
			{
				"name": "training data (non-target, 200 ans.)",
				"labelposition": [158.6875,306.4382102,312.1576705,20.13920455],
				"symbolposition": [482.0994318,311.1768466,58.640625,10.06960227],
				"x": [
					[114.8551136],
					[134.4019886],
					[190.6732955],
					[211.4048295],
					[226.8053977],
					[246.3522727],
					[263.5298295],
					[302.6235795],
					[318.0241477],
					[376.6647727],
					[392.0653409],
					[412.2045455],
					[431.7514205],
					[447.7443182],
					[472.6221591],
					[500.4616477],
					[522.9701705],
					[543.109375],
					[560.2869318]
				],
				"y": [
					[274.4524148],
					[245.428267],
					[193.303267],
					[182.6413352],
					[164.8714489],
					[161.3174716],
					[163.6867898],
					[144.1399148],
					[145.3245739],
					[128.147017],
					[115.115767],
					[113.931108],
					[124.0007102],
					[112.7464489],
					[112.1541193],
					[112.1541193],
					[105.0461648],
					[110.3771307],
					[108.0078125]
				]
			},
			{
				"name": "training data (non-target, 100 ans.)",
				"labelposition": [158.6875,327.1697443,313.3423295,18.95454545],
				"symbolposition": [479.7301136,332.5007102,57.45596591,8.292613636],
				"x": [
					[114.8551136],
					[132.625],
					[152.171875],
					[183.5653409],
					[204.296875],
					[242.7982955],
					[282.484375],
					[299.6619318],
					[318.0241477],
					[337.5710227],
					[355.3409091],
					[396.2116477],
					[411.6122159],
					[428.1974432],
					[449.5213068],
					[500.4616477],
					[525.3394886],
					[558.5099432]
				],
				"y": [
					[285.7066761],
					[267.3444602],
					[259.0518466],
					[234.7663352],
					[226.4737216],
					[206.334517],
					[208.1115057],
					[193.8955966],
					[199.2265625],
					[186.1953125],
					[190.9339489],
					[181.4566761],
					[181.4566761],
					[177.3103693],
					[180.8643466],
					[179.087358],
					[170.2024148],
					[177.9026989]
				]
			}
		],
		"plotpos": [97.67755682,17.38139205,461.4247159,332.8892045],
		"xax": {
			"titlepos": [155.7258523,393.5106534,338.8125,20.73153409],
			"minpos": [183.5653409,362.1171875,14.80823864,17.17755682],
			"maxpos": [547.8480114,361.524858,28.43181818,19.546875],
			"type": 1
		},
		"yax": {
			"titlepos": [1.720170455,100.899858,28.43181818,163.4829545],
			"minpos": [70.43039773,340.2009943,19.546875,22.50852273],
			"maxpos": [47.32954545,3.165482955,39.09375,20.13920455],
			"type": 1
		}
	}
}
