{
	"data": {
		"imagename": "00043-10.1.1.386.2641-Figure-4",
		"difficult": 0,
		"curves": [
			{
				"name": "p(true)",
				"labelposition": [203.964182,272.6732817,45.03969022,16.7589545],
				"symbolposition": [161.0193611,276.339303,42.42110358,8.903194579],
				"x": [
					[88.7463698],
					[154.7347531],
					[232.768635],
					[313.9448209],
					[381.5043562],
					[449.0638916],
					[527.0977735]
				],
				"y": [
					[74.70813166],
					[79.42158761],
					[79.94530494],
					[85.18247822],
					[87.27734753],
					[91.99080348],
					[93.56195547]
				]
			},
			{
				"name": "prob",
				"labelposition": [307.660213,272.6732817,34.04162633,17.80638916],
				"symbolposition": [264.1916747,276.339303,42.94482091,9.426911907],
				"x": [
					[90.31752178],
					[135.8809293],
					[187.2052275],
					[234.8635044],
					[280.9506292],
					[332.7986447],
					[383.0755082],
					[427.0677638],
					[448.0164569],
					[478.392062],
					[525.5266215]
				],
				"y": [
					[101.4177154],
					[98.27541142],
					[86.7536302],
					[101.9414327],
					[102.9888674],
					[118.7003872],
					[112.4157793],
					[123.4138432],
					[126.5561471],
					[131.2696031],
					[132.8407551]
				]
			},
			{
				"name": "PGM",
				"labelposition": [398.2633107,272.6732817,31.42303969,15.18780252],
				"symbolposition": [355.8422072,276.339303,42.94482091,7.332042594],
				"x": [
					[89.79380445],
					[137.4520813],
					[187.7289448],
					[236.4346563],
					[281.9980639],
					[333.8460794],
					[382.5517909],
					[429.6863504],
					[479.9632139],
					[528.1452081]
				],
				"y": [
					[99.84656341],
					[80.99273959],
					[155.3606002],
					[119.2241045],
					[102.9888674],
					[154.8368829],
					[118.7003872],
					[58.47289448],
					[83.61132623],
					[79.42158761]
				]
			}
		],
		"plotpos": [67.27395934,42.23765731,469.7744434,257.1452081],
		"xax": {
			"titlepos": [230.6737657,331.8533398,153.9728945,14.66408519],
			"minpos": [78.79574056,307.2386254,21.47241045,19.90125847],
			"maxpos": [519.7657309,308.8097773,17.80638916,16.23523717],
			"type": 1
		},
		"yax": {
			"titlepos": [2.856727977,124.9849952,19.90125847,90.60309777],
			"minpos": [27.99515973,289.9559535,26.18586641,14.66408519],
			"maxpos": [38.99322362,33.85818006,14.66408519,14.14036786],
			"type": 1
		}
	}
}
