{
	"data": {
		"imagename": "00044-10.1.1.383.1043-Figure-3",
		"difficult": 0,
		"curves": [
			{
				"name": "Propositional VE",
				"labelposition": [173.7684659,21.17400568,110.7059659,16.89488636],
				"symbolposition": [138.6448864,22.06321023,34.67897727,12.44886364],
				"x": [
					[49.27982955],
					[50.61363636]
				],
				"y": [
					[257.2578125],
					[61.6328125]
				]
			},
			{
				"name": "C-FOVE for MEU",
				"labelposition": [174.2130682,39.40269886,116.4857955,15.11647727],
				"symbolposition": [139.5340909,41.18110795,34.234375,10.22585227],
				"x": [
					[48.83522727],
					[52.39204545],
					[66.17471591],
					[87.96022727],
					[118.1931818],
					[151.9829545],
					[198.6661932],
					[244.015625],
					[296.0340909],
					[339.1605114],
					[379.1747159]
				],
				"y": [
					[245.6981534],
					[234.5830966],
					[214.131392],
					[183.8984375],
					[157.6669034],
					[137.2151989],
					[117.6526989],
					[103.8700284],
					[89.64275568],
					[79.86150568],
					[72.30326705]
				]
			},
			{
				"name": "LDWMC",
				"labelposition": [174.6576705,56.29758523,57.79829545,14.671875],
				"symbolposition": [138.6448864,59.85440341,34.67897727,7.558238636],
				"x": [
					[49.72443182],
					[47.94602273],
					[66.17471591],
					[111.96875],
					[189.7741477],
					[251.1292614],
					[312.0397727],
					[379.1747159]
				],
				"y": [
					[176.7848011],
					[123.8771307],
					[122.5433239],
					[122.5433239],
					[121.6541193],
					[122.5433239],
					[122.5433239],
					[122.5433239]
				]
			}
		],
		"plotpos": [48.83522727,13.61576705,329.8948864,259.203125],
		"xax": {
			"titlepos": [124.4176136,292.381392,177.3963068,17.33948864],
			"minpos": [42.61079545,279.4879261,11.11505682,14.22727273],
			"maxpos": [360.9460227,279.0433239,34.67897727,13.78267045],
			"type": 1
		},
		"yax": {
			"titlepos": [2.151988636,103.8700284,22.23011364,80.91761364],
			"minpos": [23.04829545,263.9268466,22.67471591,19.11789773],
			"maxpos": [19.93607955,1.611505682,26.23153409,22.23011364],
			"type": 2
		}
	}
}
