{
	"data": {
		"imagename": "00054-10.1.1.118.6392-Figure-3",
		"difficult": 0,
		"curves": [
			{
				"name": "Prob. of a0",
				"labelposition": [446.8210227,28.69105114,54.14914773,11.72301136],
				"symbolposition": [504.8778409,30.92400568,20.65482955,7.815340909],
				"x": [
					[67.77698864],
					[206.7784091],
					[251.9957386],
					[274.8835227],
					[292.7471591],
					[311.1690341],
					[330.1491477],
					[348.5710227],
					[366.9928977],
					[386.53125],
					[518.2755682]
				],
				"y": [
					[246.4041193],
					[248.0788352],
					[250.3117898],
					[250.8700284],
					[262.0348011],
					[275.990767],
					[273.7578125],
					[321.2080966],
					[352.4694602],
					[362.5177557],
					[364.1924716]
				]
			},
			{
				"name": "Prob. of a1",
				"labelposition": [444.0298295,39.29758523,54.70738636,11.16477273],
				"symbolposition": [503.7613636,40.97230114,24.00426136,7.815340909],
				"x": [
					[66.10227273],
					[201.1960227],
					[236.9232955],
					[273.2088068],
					[292.1889205],
					[311.7272727],
					[330.1491477],
					[366.9928977],
					[405.5113636],
					[422.2585227],
					[444.0298295],
					[461.8934659],
					[480.3153409],
					[518.8338068]
				],
				"y": [
					[246.962358],
					[249.7535511],
					[251.9865057],
					[262.5930398],
					[265.384233],
					[275.990767],
					[302.7862216],
					[319.5333807],
					[334.6058239],
					[292.1796875],
					[190.022017],
					[51.57883523],
					[20.87571023],
					[18.64275568]
				]
			},
			{
				"name": "Prob. of a2",
				"labelposition": [445.7045455,50.46235795,54.70738636,12.28125],
				"symbolposition": [504.3196023,53.25355114,22.32954545,7.815340909],
				"x": [
					[65.54403409],
					[177.75],
					[216.2684659],
					[251.4375],
					[272.6505682],
					[293.8636364],
					[328.4744318],
					[349.6875],
					[365.3181818],
					[388.7642045],
					[404.953125],
					[422.2585227],
					[440.6803977],
					[461.8934659],
					[480.8735795],
					[502.0866477],
					[519.3920455]
				],
				"y": [
					[248.0788352],
					[246.4041193],
					[244.1711648],
					[237.4723011],
					[229.0987216],
					[215.1427557],
					[166.0177557],
					[109.0774148],
					[70.00071023],
					[54.37002841],
					[47.11292614],
					[91.21377841],
					[192.2549716],
					[330.1399148],
					[362.5177557],
					[362.5177557],
					[362.5177557]
				]
			}
		],
		"plotpos": [65.54403409,20.31747159,470.0369318,342.2002841],
		"xax": {
			"titlepos": [242.5056818,380.9396307,117.2301136,9.490056818],
			"minpos": [60.51988636,370.3330966,11.16477273,9.490056818],
			"maxpos": [519.9502841,368.100142,30.14488636,10.60653409],
			"type": 1
		},
		"yax": {
			"titlepos": [3.579545455,150.9453125,21.77130682,81.50284091],
			"minpos": [48.23863636,356.9353693,12.28125,12.83948864],
			"maxpos": [49.91335227,12.50213068,10.60653409,14.51420455],
			"type": 1
		}
	}
}
