{
	"data": {
		"imagename": "00056-10.1.1.226.1592-Figure-1",
		"difficult": 0,
		"curves": [
			{
				"name": "High editor concentration",
				"labelposition": [134.9438529,387.7526621,192.4094869,21.24394966],
				"symbolposition": [59.07260407,392.6084221,72.83639884,11.53242982],
				"x": [
					[119.1626331],
					[493.0561471]
				],
				"y": [
					[163.7807357],
					[147.392546]
				]
			},
			{
				"name": "Low editor concentration",
				"labelposition": [418.3988383,388.9666021,193.0164569,20.63697967],
				"symbolposition": [340.0997096,390.7875121,77.69215876,13.35333979],
				"x": [
					[98.52565344],
					[491.2352372]
				],
				"y": [
					[282.1398838],
					[92.76524685]
				]
			}
		],
		"plotpos": [51.18199419,55.74007744,569.3378509,267.6737657],
		"xax": {
			"titlepos": [239.3426912,354.9762827,189.981607,19.42303969],
			"minpos": [55.43078412,337.374153,15.78121975,15.78121975],
			"maxpos": [600.4898354,337.374153,23.67182962,15.78121975],
			"type": 1
		},
		"yax": {
			"titlepos": [3.231364956,64.23765731,17.60212972,257.3552759],
			"minpos": [19.0125847,308.8465634,20.03000968,9.104549855],
			"maxpos": [19.6195547,56.95401742,20.03000968,14.56727977],
			"type": 1
		}
	}
}
