{
	"data": {
		"imagename": "00052-10.1.1.15.7291-Figure-2",
		"difficult": 0,
		"curves": [
			{
				"name": "rank",
				"labelposition": [501.8528558,59.27444337,38.14327202,12.13649564],
				"symbolposition": [436.5469506,60.4303001,65.30590513,10.98063892],
				"x": [
					[84.58857696],
					[94.99128751],
					[110.5953533],
					[125.6214908],
					[144.6931268],
					[163.7647628],
					[177.6350436],
					[202.4859632],
					[223.8693127],
					[245.2526621],
					[258.5450145],
					[281.0842207],
					[300.7337851],
					[316.3378509],
					[342.9225557],
					[384.5333979],
					[431.3455954]
				],
				"y": [
					[19.97531462],
					[56.38480155],
					[92.21636012],
					[119.3789932],
					[153.4767667],
					[177.749758],
					[189.8862536],
					[202.6006776],
					[213.5813166],
					[228.0295257],
					[241.8998064],
					[258.6597289],
					[263.8610842],
					[274.2637948],
					[279.46515],
					[288.1340755],
					[293.9133591]
				]
			},
			{
				"name": "prob",
				"labelposition": [502.4307841,137.8727009,32.36398838,16.18199419],
				"symbolposition": [434.8131655,139.606486,67.03969022,10.98063892],
				"x": [
					[87.47821878],
					[101.9264279],
					[119.8422072],
					[131.9787028],
					[151.6282672],
					[172.4336883],
					[209.9990319],
					[230.2265247],
					[267.7918683],
					[308.8247822],
					[344.6563408],
					[388.0009681],
					[420.9428848],
					[429.6118103]
				],
				"y": [
					[24.02081317],
					[55.80687318],
					[88.17086157],
					[110.7100678],
					[136.1389158],
					[151.7429816],
					[160.9898354],
					[169.0808325],
					[187.5745402],
					[203.7565344],
					[211.8475315],
					[218.2047435],
					[219.3606002],
					[219.3606002]
				]
			},
			{
				"name": "entropy",
				"labelposition": [499.5411423,215.89303,62.41626331,14.4482091],
				"symbolposition": [434.2352372,216.4709584,65.30590513,13.29235237],
				"x": [
					[151.0503388],
					[167.232333],
					[195.5508228],
					[245.8305905],
					[318.6495644],
					[392.624395],
					[427.8780252]
				],
				"y": [
					[25.75459826],
					[44.24830591],
					[56.96272991],
					[71.98886738],
					[93.37221684],
					[111.8659245],
					[124.5803485]
				]
			},
			{
				"name": "count cutoff",
				"labelposition": [501.2749274,293.9133591,84.95546951,14.4482091],
				"symbolposition": [435.9690223,296.2250726,64.72797677,10.98063892],
				"x": [
					[103.660213],
					[105.9719264],
					[118.1084221],
					[129.089061],
					[148.160697],
					[164.9206196],
					[182.8363988],
					[199.018393],
					[254.499516],
					[303.6234269],
					[346.3901258]
				],
				"y": [
					[24.02081317],
					[48.29380445],
					[77.19022265],
					[96.26185866],
					[124.0024201],
					[148.2754114],
					[163.8794773],
					[174.8601162],
					[189.3083253],
					[202.6006776],
					[212.4254598]
				]
			}
		],
		"plotpos": [74.18586641,24.02081317,355.4259439,318.4385286],
		"xax": {
			"titlepos": [141.2255566,371.9336883,220.768635,20.8054211],
			"minpos": [49.33494676,352.8620523,52.01355276,12.71442401],
			"maxpos": [405.338819,351.1282672,48.54598258,17.33785092],
			"type": 2
		},
		"yax": {
			"titlepos": [8.302032914,114.1776379,25.42884802,140.4365924],
			"minpos": [34.30880929,334.3683446,31.20813166,15.60406583],
			"maxpos": [36.04259439,15.35188771,29.47434656,17.33785092],
			"type": 1
		}
	}
}
