{
	"data": {
		"imagename": "00065-10.1.1.409.4738-Figure-6",
		"difficult": 0,
		"curves": [
			{
				"name": "Lie Algebra - Orientation Histogram",
				"labelposition": [95.09943182,24.25923295,208.2599432,14.07954545],
				"symbolposition": [72.80681818,27.77911932,21.11931818,7.039772727],
				"x": [
					[68.70028409],
					[134.4048295],
					[203.0426136],
					[240.0014205],
					[306.2926136],
					[375.5170455],
					[410.7159091],
					[442.9815341],
					[477.59375],
					[512.2059659],
					[522.765625]
				],
				"y": [
					[358.6484375],
					[335.7691761],
					[327.556108],
					[323.4495739],
					[301.1569602],
					[260.0916193],
					[234.2791193],
					[202.600142],
					[149.8018466],
					[65.91122159],
					[15.45951705]
				]
			},
			{
				"name": "Linearization - Orientation Histogram",
				"labelposition": [94.51278409,41.85866477,215.2997159,13.49289773],
				"symbolposition": [72.80681818,43.61860795,21.11931818,7.626420455],
				"x": [
					[68.11363636],
					[130.8849432],
					[230.6150568],
					[296.90625],
					[340.3181818],
					[376.1036932],
					[410.7159091],
					[438.875],
					[469.3806818],
					[489.9133523],
					[508.0994318],
					[516.3125]
				],
				"y": [
					[356.8884943],
					[332.2492898],
					[318.1697443],
					[293.5305398],
					[273.584517],
					[238.9723011],
					[217.2663352],
					[186.7606534],
					[135.1356534],
					[91.72372159],
					[47.13849432],
					[13.69957386]
				]
			},
			{
				"name": "Lie Algebra - Intensity Difference",
				"labelposition": [95.68607955,58.28480114,194.1803977,13.49289773],
				"symbolposition": [72.80681818,60.63139205,22.87926136,7.039772727],
				"x": [
					[67.52698864],
					[109.1789773],
					[129.125],
					[171.3636364],
					[196.5894886],
					[223.5752841],
					[235.8948864],
					[272.8536932],
					[309.2258523],
					[323.3053977],
					[337.3849432],
					[352.6377841],
					[374.34375],
					[400.7428977]
				],
				"y": [
					[351.6086648],
					[317.5830966],
					[301.743608],
					[291.7705966],
					[266.5447443],
					[247.1853693],
					[235.4524148],
					[194.3870739],
					[147.4552557],
					[115.7762784],
					[93.48366477],
					[70.60440341],
					[43.03196023],
					[13.69957386]
				]
			},
			{
				"name": "Linearization - Intensity Difference",
				"labelposition": [94.51278409,75.88423295,201.8068182,13.49289773],
				"symbolposition": [72.22017045,77.05752841,21.70596591,5.866477273],
				"x": [
					[68.70028409],
					[94.51278409],
					[132.6448864],
					[167.2571023],
					[198.3494318],
					[238.2414773],
					[277.546875],
					[309.8125],
					[328.5852273],
					[342.6647727],
					[367.3039773]
				],
				"y": [
					[342.8089489],
					[316.4098011],
					[287.6640625],
					[277.6910511],
					[248.9453125],
					[215.506392],
					[156.2549716],
					[112.256392],
					[72.95099432],
					[50.65838068],
					[12.52627841]
				]
			}
		],
		"plotpos": [66.94034091,11.35298295,478.1178977,364.8948864],
		"xax": {
			"titlepos": [222.9886364,393.2606534,165.4346591,19.359375],
			"minpos": [61.07386364,380.9410511,12.90625,12.90625],
			"maxpos": [526.8721591,378.0078125,36.37215909,15.83948864],
			"type": 1
		},
		"yax": {
			"titlepos": [4.755681818,77.64417614,19.359375,231.1392045],
			"minpos": [54.03409091,369.7947443,12.90625,12.90625],
			"maxpos": [30.56818182,6.073153409,35.78551136,15.25284091],
			"type": 1
		}
	}
}
