{
	"data": {
		"imagename": "00069-10.1.1.29.3097-Figure-4",
		"difficult": 0,
		"curves": [
			{
				"name": "Training",
				"labelposition": [509.5450145,117.1757018,73.99806389,24.04937076],
				"symbolposition": [460.2129719,122.7255566,48.09874153,11.71636012],
				"x": [
					[80.97289448],
					[114.2720232],
					[135.2381413],
					[145.1045499],
					[163.6040658],
					[180.2536302],
					[196.9031946],
					[208.6195547],
					[230.2023233],
					[246.2352372],
					[262.8848015],
					[278.9177154],
					[294.9506292],
					[343.0493708],
					[360.3155857],
					[376.96515],
					[394.8480155],
					[412.1142304],
					[426.2971926],
					[444.7967086],
					[459.5963214],
					[476.2458858],
					[508.3117135],
					[523.7279768],
					[542.8441433],
					[573.6766699],
					[595.2594385],
					[606.9757986]
				],
				"y": [
					[229.4060987],
					[90.65972894],
					[57.97725073],
					[57.36060019],
					[185.0072604],
					[113.4757986],
					[79.56001936],
					[63.52710552],
					[191.7904163],
					[153.5580833],
					[100.5261375],
					[68.46030978],
					[59.21055179],
					[48.11084221],
					[193.0237173],
					[177.607454],
					[160.9578896],
					[131.3586641],
					[99.90948693],
					[70.31026137],
					[59.82720232],
					[59.21055179],
					[57.36060019],
					[55.5106486],
					[53.660697],
					[51.8107454],
					[50.57744434],
					[50.57744434]
				]
			},
			{
				"name": "Test",
				"labelposition": [511.3949661,144.9249758,42.54888674,21.58276864],
				"symbolposition": [463.2962246,150.4748306,48.09874153,9.249757986],
				"x": [
					[83.43949661],
					[97.62245886],
					[113.6553727],
					[135.8547919],
					[144.4878993],
					[166.6873185],
					[181.4869313],
					[196.9031946],
					[213.552759],
					[230.8189739],
					[246.2352372],
					[260.4181994],
					[280.767667],
					[296.8005808],
					[328.8664085],
					[375.1151985],
					[411.4975799],
					[426.9138432],
					[443.5634076],
					[458.3630203],
					[475.0125847],
					[493.5121007],
					[506.4617619],
					[524.9612778],
					[555.7938045],
					[575.5266215],
					[591.5595353],
					[605.7424976]
				],
				"y": [
					[234.339303],
					[109.1592449],
					[107.3092933],
					[107.9259439],
					[107.3092933],
					[89.42642788],
					[79.56001936],
					[80.17666989],
					[80.17666989],
					[75.86011617],
					[68.46030978],
					[66.61035818],
					[61.06050339],
					[61.06050339],
					[62.91045499],
					[61.06050339],
					[59.21055179],
					[61.06050339],
					[59.21055179],
					[56.12729913],
					[57.36060019],
					[57.36060019],
					[57.97725073],
					[57.97725073],
					[57.97725073],
					[59.21055179],
					[59.82720232],
					[57.36060019]
				]
			}
		],
		"plotpos": [82.20619555,14.19506292,524.7696031,218.2942885],
		"xax": {
			"titlepos": [319.6166505,269.4883833,54.88189739,17.26621491],
			"minpos": [72.95643756,250.3722168,19.11616651,20.9661181],
			"maxpos": [577.3765731,249.7555663,59.81510165,22.8160697],
			"type": 1
		},
		"yax": {
			"titlepos": [23.62439497,66.61035818,16.64956438,114.696999],
			"minpos": [53.22362052,225.089545,16.03291384,15.41626331],
			"maxpos": [36.57405615,4.328654405,31.44917715,19.73281704],
			"type": 1
		}
	}
}
