{
	"data": {
		"imagename": "00071-10.1.1.52.597-Figure-4",
		"difficult": 0,
		"curves": [
			{
				"name": "CHILL+Active",
				"labelposition": [367.5198864,258.7322443,103.4545455,20.20596591],
				"symbolposition": [475.8238636,266.006392,33.94602273,10.50710227],
				"x": [
					[90.29403409],
					[205.0639205],
					[240.6264205],
					[275.3806818],
					[318.2173295],
					[357.8210227],
					[394.1917614],
					[432.9872159],
					[468.5497159],
					[507.3451705],
					[545.3323864],
					[584.1278409]
				],
				"y": [
					[527.0674716],
					[295.102983],
					[251.4580966],
					[219.9367898],
					[198.1143466],
					[172.2507102],
					[164.1683239],
					[151.2365057],
					[114.0575284],
					[90.61860795],
					[79.30326705],
					[71.22088068]
				]
			},
			{
				"name": "CHILL",
				"labelposition": [422.4801136,277.321733,48.49431818,16.16477273],
				"symbolposition": [475.8238636,281.3629261,35.5625,11.31534091],
				"x": [
					[91.10227273],
					[129.8977273],
					[203.4474432],
					[279.421875],
					[357.0127841],
					[432.1789773],
					[509.7698864],
					[582.5113636],
					[656.8693182],
					[735.2684659],
					[735.2684659]
				],
				"y": [
					[527.0674716],
					[444.6271307],
					[338.7478693],
					[244.1839489],
					[191.6484375],
					[162.5518466],
					[118.9069602],
					[105.975142],
					[71.22088068],
					[67.1796875],
					[67.1796875]
				]
			},
			{
				"name": "Geobase",
				"labelposition": [403.890625,291.0617898,68.70028409,20.20596591],
				"symbolposition": [473.3991477,295.102983,33.13778409,13.74005682],
				"x": [
					[91.91051136],
					[734.4602273]
				],
				"y": [
					[190.8401989],
					[191.6484375]
				]
			}
		],
		"plotpos": [89.48579545,14.64417614,681.3451705,512.4232955],
		"xax": {
			"titlepos": [364.2869318,549.6981534,138.2088068,17.78125],
			"minpos": [83.828125,534.3416193,13.74005682,16.97301136],
			"maxpos": [753.0497159,532.725142,34.75426136,16.97301136],
			"type": 1
		},
		"yax": {
			"titlepos": [2.196022727,232.0603693,22.63068182,75.97443182],
			"minpos": [65.23863636,516.5603693,16.97301136,18.58948864],
			"maxpos": [57.96448864,4.137073864,27.48011364,16.97301136],
			"type": 1
		}
	}
}
