{
	"data": {
		"imagename": "00076-10.1.1.113.9289-Figure-1",
		"difficult": 0,
		"curves": [
			{
				"name": "Binary",
				"labelposition": [432.0609874,20.77783156,35.71539206,14.65246854],
				"symbolposition": [403.21394,23.98305905,27.93126815,7.326234269],
				"x": [
					[69.41239109],
					[72.15972894],
					[81.77541142],
					[90.01742498],
					[111.5382381],
					[164.6534366],
					[201.2846079],
					[239.7473379],
					[276.8363988],
					[308.8886738],
					[367.9564376]
				],
				"y": [
					[148.9869313],
					[133.8765731],
					[135.250242],
					[133.8765731],
					[122.8872217],
					[109.6084221],
					[122.8872217],
					[101.3664085],
					[99.53484995],
					[87.62971926],
					[94.04017425]
				]
			},
			{
				"name": "tf",
				"labelposition": [432.9767667,36.80396902,10.07357212,10.9893514],
				"symbolposition": [401.8402711,39.09341723,30.678606,5.952565344],
				"x": [
					[69.87028074],
					[74.44917715],
					[90.93320426],
					[112.9119071],
					[160.5324298],
					[199.4530494],
					[239.7473379],
					[276.8363988],
					[307.5150048],
					[370.7037754]
				],
				"y": [
					[134.3344627],
					[93.12439497],
					[84.42449177],
					[72.06147144],
					[65.19312682],
					[61.98789932],
					[60.6142304],
					[45.04598258],
					[45.04598258],
					[40.00919652]
				]
			},
			{
				"name": "tf.idf",
				"labelposition": [431.6030978,50.99854792,28.84704743,10.9893514],
				"symbolposition": [402.7560503,53.28799613,28.84704743,6.868344627],
				"x": [
					[70.32817038],
					[75.82284608],
					[90.93320426],
					[113.3697967],
					[160.9903195],
					[200.3688287],
					[237],
					[278.6679574],
					[308.8886738],
					[369.3301065]
				],
				"y": [
					[131.1292352],
					[98.16118103],
					[94.49806389],
					[89.91916747],
					[83.50871249],
					[79.38770571],
					[84.42449177],
					[78.47192643],
					[58.78267183],
					[63.81945789]
				]
			},
			{
				"name": "tf.chi2",
				"labelposition": [430.6873185,66.56679574,36.1732817,10.53146176],
				"symbolposition": [402.7560503,65.65101646,27.01548887,10.53146176],
				"x": [
					[69.41239109],
					[73.07550823],
					[84.06485963],
					[89.55953533],
					[111.9961278],
					[162.3639884],
					[197.6214908],
					[239.2894482],
					[277.2942885],
					[309.804453],
					[370.7037754]
				],
				"y": [
					[175.0866409],
					[139.3712488],
					[138.4554695],
					[127.0082285],
					[120.5977735],
					[110.5242014],
					[106.4031946],
					[103.6558567],
					[89.91916747],
					[85.7981607],
					[84.42449177]
				]
			},
			{
				"name": "tf.rf",
				"labelposition": [431.6030978,79.38770571,25.1839303,13.27879961],
				"symbolposition": [402.7560503,80.76137464,28.84704743,8.242013553],
				"x": [
					[69.87028074],
					[74.44917715],
					[75.82284608],
					[92.76476283],
					[114.7434656],
					[161.9060987],
					[198.5372701],
					[236.0842207],
					[279.5837367],
					[308.8886738],
					[371.6195547]
				],
				"y": [
					[128.3818974],
					[94.04017425],
					[87.62971926],
					[75.72458858],
					[62.44578896],
					[50.08276864],
					[47.79332043],
					[47.33543078],
					[34.97241045],
					[35.88818974],
					[33.59874153]
				]
			},
			{
				"name": "tf.ig",
				"labelposition": [431.6030978,94.49806389,22.43659245,12.36302033],
				"symbolposition": [401.8402711,95.41384318,30.22071636,8.699903195],
				"x": [
					[70.78606002],
					[74.44917715],
					[81.31752178],
					[89.10164569],
					[113.3697967],
					[161.4482091],
					[198.0793804],
					[237.9157793],
					[280.9574056],
					[308.4307841],
					[367.9564376]
				],
				"y": [
					[169.5919652],
					[137.0818006],
					[135.250242],
					[121.5135528],
					[111.8978703],
					[110.5242014],
					[98.16118103],
					[99.99273959],
					[84.88238141],
					[85.7981607],
					[79.84559535]
				]
			},
			{
				"name": "tf.or",
				"labelposition": [431.6030978,109.1505324,24.26815102,12.36302033],
				"symbolposition": [402.2981607,110.5242014,29.30493708,7.326234269],
				"x": [
					[71.7018393],
					[74.9070668],
					[83.14908035],
					[89.55953533],
					[111.9961278],
					[161.9060987],
					[199.4530494],
					[238.8315586],
					[279.5837367],
					[310.2623427],
					[369.3301065]
				],
				"y": [
					[241.4806389],
					[207.5968054],
					[197.5232333],
					[171.8814134],
					[182.8707648],
					[180.1234269],
					[167.3025169],
					[175.5445305],
					[160.892062],
					[167.7604066],
					[149.9027106]
				]
			},
			{
				"name": "rf",
				"labelposition": [432.0609874,122.8872217,10.9893514,11.44724105],
				"symbolposition": [404.1297193,123.3451113,27.93126815,10.9893514],
				"x": [
					[371.6195547],
					[311.178122],
					[278.2100678],
					[237.9157793],
					[199.910939],
					[160.0745402],
					[111.9961278],
					[91.3910939],
					[77.65440465],
					[71.24394966],
					[69.87028074]
				],
				"y": [
					[47.33543078],
					[51.45643756],
					[53.74588577],
					[63.36156825],
					[65.19312682],
					[69.77202323],
					[78.47192643],
					[85.7981607],
					[95.87173282],
					[128.3818974],
					[137.9975799]
				]
			}
		],
		"plotpos": [57.04937076,21.2357212,322.8121975,240.392062],
		"xax": {
			"titlepos": [160.9903195,284.5222652,114.9303001,16.94191675],
			"minpos": [60.7124879,269.8697967,11.90513069,10.07357212],
			"maxpos": [355.5934172,270.3276864,30.678606,9.615682478],
			"type": 1
		},
		"yax": {
			"titlepos": [9.428848015,100.9085189,17.85769603,99.36205227],
			"minpos": [27.28654405,254.3015489,23.35237173,14.1945789],
			"maxpos": [25.91287512,23.52516941,22.89448209,11.44724105],
			"type": 1
		}
	}
}
