{
	"data": {
		"imagename": "00072-10.1.1.157.7825-Figure-2",
		"difficult": 0,
		"curves": [
			{
				"name": "Left-to-Right_DeSR",
				"labelposition": [344.7982955,15.45951705,149.0085227,17.01278409],
				"symbolposition": [498.5,19.56605114,53.38494318,11.73295455],
				"x": [
					[70.83380682],
					[267.3607955],
					[369.4375],
					[468.5809659],
					[564.7911932],
					[568.3110795]
				],
				"y": [
					[62.39133523],
					[240.1455966],
					[213.1598011],
					[346.915483],
					[306.4367898],
					[305.2634943]
				]
			},
			{
				"name": "Revision_DeSR",
				"labelposition": [371.7840909,33.64559659,122.609375,18.18607955],
				"symbolposition": [499.0866477,37.75213068,53.38494318,9.973011364],
				"x": [
					[69.07386364],
					[267.9474432],
					[369.4375],
					[466.8210227],
					[566.5511364]
				],
				"y": [
					[46.55184659],
					[206.7066761],
					[161.5348011],
					[260.678267],
					[285.9041193]
				]
			}
		],
		"plotpos": [70.83380682,11.93963068,495.7173295,349.6420455],
		"xax": {
			"titlepos": [250.9346591,392.6740057,136.6889205,17.59943182],
			"minpos": [63.79403409,369.2080966,21.70596591,17.01278409],
			"maxpos": [557.1647727,369.2080966,23.46590909,18.77272727],
			"type": 1
		},
		"yax": {
			"titlepos": [2.196022727,101.696733,22.29261364,170.1278409],
			"minpos": [39.74147727,353.368608,23.46590909,18.18607955],
			"maxpos": [39.74147727,4.313210227,22.87926136,14.66619318],
			"type": 1
		}
	}
}
