{
	"data": {
		"imagename": "00074-10.1.1.14.6445-Figure-2",
		"difficult": 0,
		"curves": [
			{
				"name": "Best of random events",
				"labelposition": [278.3721591,235.102983,102.2684659,10.53409091],
				"symbolposition": [253.3536932,238.6143466,23.70170455,4.389204545],
				"x": [
					[42.23295455],
					[397.3196023]
				],
				"y": [
					[160.0475852],
					[159.6086648]
				]
			},
			{
				"name": "Mean random reweighting",
				"labelposition": [276.1775568,246.9538352,114.1193182,10.97301136],
				"symbolposition": [253.3536932,248.709517,20.19034091,6.583806818],
				"x": [
					[43.54971591],
					[51.88920455],
					[62.42329545],
					[70.32386364],
					[85.68607955],
					[104.1207386],
					[116.4105114],
					[124.3110795],
					[131.7727273],
					[140.5511364],
					[160.3025568],
					[177.859375],
					[191.4659091],
					[221.7514205],
					[240.625],
					[257.7428977],
					[283.6392045],
					[316.9971591],
					[335.4318182],
					[354.7443182],
					[377.5681818],
					[396.8806818]
				],
				"y": [
					[275.4836648],
					[234.6640625],
					[198.2336648],
					[171.8984375],
					[144.2464489],
					[124.056108],
					[107.8160511],
					[103.865767],
					[93.33167614],
					[91.13707386],
					[76.21377841],
					[66.55752841],
					[58.65696023],
					[53.82883523],
					[47.68394886],
					[47.24502841],
					[44.61150568],
					[44.17258523],
					[42.85582386],
					[41.97798295],
					[41.5390625],
					[40.22230114]
				]
			},
			{
				"name": "Adversary reweighting",
				"labelposition": [278.8110795,258.365767,97.44034091,10.09517045],
				"symbolposition": [253.7926136,259.6825284,23.26278409,6.144886364],
				"x": [
					[98.85369318],
					[109.3877841],
					[119.921875],
					[123.8721591],
					[133.0894886],
					[144.0625],
					[149.7684659],
					[156.7911932],
					[167.3252841],
					[173.03125],
					[193.6605114],
					[216.9232955],
					[249.4034091],
					[281.4446023],
					[321.8252841],
					[354.7443182],
					[389.4190341],
					[397.3196023]
				],
				"y": [
					[282.506392],
					[241.6867898],
					[210.084517],
					[185.943892],
					[182.4325284],
					[134.5901989],
					[102.5490057],
					[104.3046875],
					[81.91974432],
					[70.5078125],
					[57.34019886],
					[45.48934659],
					[38.02769886],
					[33.19957386],
					[30.56605114],
					[27.93252841],
					[28.37144886],
					[26.61576705]
				]
			},
			{
				"name": "Silver Network",
				"labelposition": [278.3721591,268.022017,64.52130682,9.65625],
				"symbolposition": [253.7926136,271.5333807,21.06818182,4.828125],
				"x": [
					[42.23295455],
					[396.0028409]
				],
				"y": [
					[31.44389205],
					[31.44389205]
				]
			}
		],
		"plotpos": [41.79403409,3.791903409,356.8423295,280.03125],
		"xax": {
			"titlepos": [194.0994318,295.2350852,52.67045455,13.16761364],
			"minpos": [69.00710227,286.4566761,13.16761364,9.65625],
			"maxpos": [359.5724432,286.8955966,10.53409091,9.217329545],
			"type": 1
		},
		"yax": {
			"titlepos": [3.169034091,117.0333807,14.04545455,53.98721591],
			"minpos": [16.33664773,278.1171875,24.140625,10.97301136],
			"maxpos": [15.45880682,38.46661932,24.140625,12.28977273],
			"type": 1
		}
	}
}
