{
	"data": {
		"imagename": "00075-10.1.1.186.4385-Figure-3",
		"difficult": 0,
		"curves": [
			{
				"name": "Better",
				"labelposition": [439.7230114,27.08025568,75.13352273,27.64346591],
				"symbolposition": [363.8806818,32.75071023,59.53977273,12.04971591],
				"x": [
					[98.78693182],
					[154.7826705],
					[200.1463068],
					[268.1917614],
					[329.1491477],
					[400.0298295],
					[451.0639205],
					[503.515625],
					[575.1051136]
				],
				"y": [
					[309.8941761],
					[341.790483],
					[363.7634943],
					[376.522017],
					[387.8629261],
					[394.2421875],
					[395.6598011],
					[400.6214489],
					[400.6214489]
				]
			},
			{
				"name": "No change",
				"labelposition": [440.4318182,58.9765625,127.5852273,33.31392045],
				"symbolposition": [363.8806818,64.64701705,65.91903409,15.59375],
				"x": [
					[100.9133523],
					[195.1846591],
					[291.5823864],
					[387.2713068],
					[478.7073864],
					[575.8139205]
				],
				"y": [
					[8.651278409],
					[260.9865057],
					[355.9666193],
					[389.9893466],
					[398.4950284],
					[400.6214489]
				]
			},
			{
				"name": "Worse",
				"labelposition": [437.5965909,92.29048295,85.05681818,28.35227273],
				"symbolposition": [365.2982955,102.2137784,55.99573864,9.214488636],
				"x": [
					[99.49573864],
					[207.234375],
					[283.7855114],
					[365.2982955],
					[427.6732955],
					[491.4659091],
					[573.6875]
				],
				"y": [
					[326.196733],
					[362.3458807],
					[385.0276989],
					[394.2421875],
					[396.368608],
					[399.912642],
					[400.6214489]
				]
			}
		],
		"plotpos": [100.9133523,5.816051136,474.9005682,396.2230114],
		"xax": {
			"titlepos": [241.9659091,471.5021307,192.0866477,26.93465909],
			"minpos": [88.86363636,433.2265625,21.26420455,26.93465909],
			"maxpos": [565.1818182,436.0617898,18.42897727,26.22585227],
			"type": 1
		},
		"yax": {
			"titlepos": [1.680397727,83.78480114,34.73153409,253.0440341],
			"minpos": [35.703125,389.9893466,40.40198864,21.97301136],
			"maxpos": [37.82954545,12.90411932,34.02272727,65.91903409],
			"type": 1
		}
	}
}
