{
	"data": {
		"imagename": "00077-10.1.1.143.8183-Figure-4",
		"difficult": 0,
		"curves": [
			{
				"name": "Supervised",
				"labelposition": [462.3620523,85.28606002,82.92061955,19.13552759],
				"symbolposition": [420.6118103,88.18538238,41.75024201,10.4375605],
				"x": [
					[116.7628267],
					[387.5595353]
				],
				"y": [
					[47.01500484],
					[47.01500484]
				]
			},
			{
				"name": "AU_LF_LR",
				"labelposition": [462.3620523,109.0605034,83.50048403,19.71539206],
				"symbolposition": [423.5111326,109.6403679,37.11132623,15.07647628],
				"x": [
					[115.6030978],
					[172.4298161],
					[229.2565344],
					[277.96515],
					[331.892546],
					[387.5595353]
				],
				"y": [
					[90.50484027],
					[58.03242982],
					[54.55324298],
					[60.93175218],
					[60.35188771],
					[63.83107454]
				]
			},
			{
				"name": "AU_DIFF",
				"labelposition": [460.6224589,132.2550823,73.642788,17.97579864],
				"symbolposition": [421.7715392,133.4148112,40.0106486,13.33688287],
				"x": [
					[117.3426912],
					[170.6902227],
					[225.7773475],
					[278.5450145],
					[333.6321394],
					[386.9796709]
				],
				"y": [
					[105.5813166],
					[58.03242982],
					[54.55324298],
					[58.61229429],
					[59.19215876],
					[62.6713456]
				]
			},
			{
				"name": "AU_DIFF_LF_LR",
				"labelposition": [460.0425944,156.0295257,128.7299129,17.39593417],
				"symbolposition": [422.3514037,158.3489835,36.53146176,10.4375605],
				"x": [
					[117.3426912],
					[173.0096805],
					[224.0377541],
					[279.124879],
					[333.0522749],
					[386.9796709]
				],
				"y": [
					[104.4215876],
					[58.61229429],
					[53.97337851],
					[57.45256534],
					[60.35188771],
					[63.83107454]
				]
			}
		],
		"plotpos": [91.24878993,33.0982575,320.6650532,195.4143272],
		"xax": {
			"titlepos": [210.1210068,272.5822846,86.39980639,20.87512101],
			"minpos": [109.804453,243.0091965,17.97579864,19.71539206],
			"maxpos": [377.1219748,244.1689255,19.13552759,16.23620523],
			"type": 1
		},
		"yax": {
			"titlepos": [23.98451113,85.28606002,24.35430784,85.81994192],
			"minpos": [66.89448209,219.8146176,12.17715392,19.13552759],
			"maxpos": [50.65827686,22.08083253,30.15295257,20.29525653],
			"type": 1
		}
	}
}
