{
	"data": {
		"imagename": "00080-10.1.1.219.5171-Figure-6",
		"difficult": 0,
		"curves": [
			{
				"name": "shallow 1,000 words",
				"labelposition": [113.2485795,197.0106534,217.1150568,17.83664773],
				"symbolposition": [80.65056818,198.240767,31.36789773,11.68607955],
				"x": [
					[75.11505682],
					[158.1477273],
					[223.34375],
					[276.8536932],
					[327.9034091],
					[376.4928977],
					[426.3125],
					[475.5170455],
					[522.2613636],
					[541.9431818],
					[555.4744318],
					[557.9346591]
				],
				"y": [
					[43.86150568],
					[50.62713068],
					[53.08735795],
					[54.31747159],
					[58.0078125],
					[61.69815341],
					[64.7734375],
					[72.76917614],
					[101.0617898],
					[201.3160511],
					[281.2734375],
					[331.7080966]
				]
			},
			{
				"name": "shallow 2,000 words",
				"labelposition": [113.2485795,220.3828125,217.1150568,15.37642045],
				"symbolposition": [82.49573864,220.3828125,29.52272727,14.76136364],
				"x": [
					[78.80539773],
					[154.4573864],
					[220.2684659],
					[275.0085227],
					[328.5184659],
					[378.3380682],
					[428.1576705],
					[479.8224432],
					[523.4914773],
					[544.4034091],
					[554.2443182],
					[561.0099432]
				],
				"y": [
					[37.7109375],
					[42.63139205],
					[43.86150568],
					[46.93678977],
					[50.01207386],
					[50.01207386],
					[55.54758523],
					[62.31321023],
					[84.45525568],
					[191.475142],
					[276.352983],
					[329.2478693]
				]
			},
			{
				"name": "shallow 5,000 words",
				"labelposition": [112.0184659,243.7549716,219.5752841,16.60653409],
				"symbolposition": [79.42045455,243.1399148,31.98295455,14.76136364],
				"x": [
					[81.265625],
					[161.8380682],
					[222.1136364],
					[281.1590909],
					[330.3636364],
					[383.8735795],
					[436.7684659],
					[481.6676136],
					[524.7215909],
					[548.09375],
					[559.7798295],
					[563.4701705]
				],
				"y": [
					[29.71519886],
					[30.9453125],
					[34.02059659],
					[35.25071023],
					[37.09588068],
					[38.94105114],
					[42.63139205],
					[50.01207386],
					[71.5390625],
					[187.7848011],
					[272.662642],
					[328.0177557]
				]
			},
			{
				"name": "shallow 10,000 words",
				"labelposition": [111.4034091,264.0518466,220.1903409,17.22159091],
				"symbolposition": [81.88068182,265.897017,29.52272727,13.53125],
				"x": [
					[83.72585227],
					[163.6832386],
					[223.9588068],
					[280.5440341],
					[331.59375],
					[382.0284091],
					[437.3835227],
					[483.5127841],
					[528.4119318],
					[548.7088068],
					[557.9346591],
					[561.0099432]
				],
				"y": [
					[26.63991477],
					[27.25497159],
					[29.10014205],
					[31.56036932],
					[32.79048295],
					[36.48082386],
					[38.94105114],
					[44.4765625],
					[65.38849432],
					[179.1740057],
					[270.8174716],
					[328.0177557]
				]
			},
			{
				"name": "tf-idf 1,000 words",
				"labelposition": [110.1732955,286.8089489,220.1903409,20.296875],
				"symbolposition": [80.03551136,289.2691761,28.29261364,12.30113636],
				"x": [
					[64.04403409],
					[141.5411932],
					[198.7414773],
					[250.40625],
					[298.3806818],
					[344.5099432],
					[385.71875],
					[431.2329545],
					[461.3707386],
					[494.5838068],
					[511.1903409],
					[535.1775568]
				],
				"y": [
					[104.1370739],
					[120.1285511],
					[134.274858],
					[149.0362216],
					[162.5674716],
					[180.4041193],
					[200.0859375],
					[227.7634943],
					[260.3615057],
					[296.0348011],
					[323.712358],
					[347.6995739]
				]
			},
			{
				"name": "tf-idf 2,000 words",
				"labelposition": [111.4034091,310.7961648,218.9602273,18.45170455],
				"symbolposition": [80.65056818,310.7961648,28.90767045,15.37642045],
				"x": [
					[68.96448864],
					[144.6164773],
					[201.2017045],
					[251.6363636],
					[301.4559659],
					[345.125],
					[385.71875],
					[427.5426136],
					[457.6803977],
					[485.3579545],
					[514.265625],
					[531.4872159]
				],
				"y": [
					[91.8359375],
					[109.0575284],
					[123.2038352],
					[141.6555398],
					[158.8771307],
					[181.0191761],
					[201.3160511],
					[230.8387784],
					[262.2066761],
					[296.649858],
					[326.787642],
					[347.084517]
				]
			},
			{
				"name": "tf-idf 5,000 words",
				"labelposition": [111.4034091,331.7080966,218.9602273,20.296875],
				"symbolposition": [80.65056818,334.1683239,29.52272727,13.53125],
				"x": [
					[71.42471591],
					[148.921875],
					[203.6619318],
					[253.4815341],
					[302.0710227],
					[346.9701705],
					[385.1036932],
					[425.6974432],
					[455.8352273],
					[487.203125],
					[508.1150568],
					[533.3323864]
				],
				"y": [
					[73.38423295],
					[96.14133523],
					[111.5177557],
					[134.274858],
					[158.2620739],
					[180.4041193],
					[205.6214489],
					[233.9140625],
					[268.9723011],
					[301.5703125],
					[328.6328125],
					[350.1598011]
				]
			},
			{
				"name": "tf-idf 10,000 words",
				"labelposition": [111.4034091,355.6953125,218.9602273,17.22159091],
				"symbolposition": [81.88068182,357.540483,28.29261364,12.91619318],
				"x": [
					[73.26988636],
					[148.921875],
					[204.2769886],
					[255.3267045],
					[299.6107955],
					[345.125],
					[383.8735795],
					[426.3125],
					[457.0653409],
					[485.3579545],
					[511.1903409],
					[530.2571023]
				],
				"y": [
					[69.07883523],
					[89.99076705],
					[111.5177557],
					[134.274858],
					[158.8771307],
					[182.2492898],
					[208.0816761],
					[238.834517],
					[269.587358],
					[301.5703125],
					[329.8629261],
					[347.6995739]
				]
			}
		],
		"plotpos": [59.12357955,12.49360795,505.5767045,378.875],
		"xax": {
			"titlepos": [275.0085227,411.0504261,71.96164773,19.06676136],
			"minpos": [36.98153409,395.6740057,43.66903409,22.75710227],
			"maxpos": [547.4786932,394.443892,31.36789773,23.98721591],
			"type": 2
		},
		"yax": {
			"titlepos": [1.308238636,147.806108,20.296875,108.8650568],
			"minpos": [43.13210227,385.2180398,13.53125,14.14630682],
			"maxpos": [25.29545455,4.497869318,31.36789773,17.22159091],
			"type": 1
		}
	}
}
