{
	"data": {
		"imagename": "00084-10.1.1.174.9242-Figure-3",
		"difficult": 0,
		"curves": [
			{
				"name": "Tree",
				"labelposition": [57.33806818,16.63139205,31.97727273,13.41903409],
				"symbolposition": [40.77840909,19.48650568,17.13068182,6.852272727],
				"x": [
					[57.90909091],
					[79.89346591],
					[101.0213068],
					[118.7230114],
					[141.2784091],
					[160.1221591],
					[183.2485795],
					[203.234375],
					[221.2215909],
					[244.9190341]
				],
				"y": [
					[161.9566761],
					[160.5291193],
					[159.9580966],
					[155.1044034],
					[152.8203125],
					[150.821733],
					[149.1086648],
					[133.4055398],
					[130.8359375],
					[131.6924716]
				]
			},
			{
				"name": "Ioroid",
				"labelposition": [58.19460227,32.90553977,37.97301136,14.84659091],
				"symbolposition": [41.63494318,34.61860795,15.703125,9.421875],
				"x": [
					[59.90767045],
					[71.89914773],
					[91.02840909],
					[114.1548295],
					[138.9943182],
					[168.9730114],
					[205.8039773],
					[244.9190341]
				],
				"y": [
					[160.8146307],
					[156.5319602],
					[152.2492898],
					[145.6825284],
					[135.118608],
					[126.2677557],
					[104.8544034],
					[67.73792614]
				]
			},
			{
				"name": "Ring",
				"labelposition": [57.90909091,50.32173295,28.55113636,13.99005682],
				"symbolposition": [39.35085227,50.60724432,18.55823864,9.421875],
				"x": [
					[58.19460227],
					[79.89346591],
					[99.59375],
					[122.1491477],
					[141.2784091],
					[162.6917614],
					[183.5340909],
					[203.234375],
					[222.9346591],
					[244.9190341]
				],
				"y": [
					[161.100142],
					[151.3927557],
					[141.1143466],
					[133.4055398],
					[115.9893466],
					[96.86008523],
					[82.58451705],
					[57.45951705],
					[45.75355114],
					[12.06321023]
				]
			}
		],
		"plotpos": [38.20880682,2.926846591,218.4161932,163.3125],
		"xax": {
			"titlepos": [68.47301136,181.0859375,141.6136364,16.84517045],
			"minpos": [33.06960227,168.2379261,8.850852273,11.13494318],
			"maxpos": [232.0710227,167.0958807,26.26704545,12.84801136],
			"type": 1
		},
		"yax": {
			"titlepos": [4.232954545,32.90553977,16.84517045,111.6349432],
			"minpos": [29.35795455,157.3884943,6.566761364,12.27698864],
			"maxpos": [19.07954545,4.068892045,17.13068182,14.84659091],
			"type": 1
		}
	}
}
