{
	"data": {
		"imagename": "00081-10.1.1.212.9746-Figure-2",
		"difficult": 0,
		"curves": [
			{
				"name": "training with exact bound",
				"labelposition": [196.9644886,49.73508523,177.3551136,15.77698864],
				"symbolposition": [165.4105114,51.91122159,30.46590909,10.88068182],
				"x": [
					[70.74857955],
					[91.421875],
					[123.5198864],
					[144.7372159],
					[168.6747159],
					[199.6846591],
					[221.9900568],
					[257.8963068],
					[270.953125],
					[284.5539773],
					[299.2428977],
					[324.8125],
					[351.4701705],
					[372.6875],
					[398.2571023],
					[424.9147727],
					[451.0284091]
				],
				"y": [
					[57.3515625],
					[115.5632102],
					[169.4225852],
					[210.225142],
					[247.2194602],
					[274.9651989],
					[325.0163352],
					[325.0163352],
					[324.4723011],
					[326.1044034],
					[326.1044034],
					[316.3117898],
					[311.415483],
					[306.5191761],
					[295.0944602],
					[285.8458807],
					[279.8615057]
				]
			},
			{
				"name": "training with conservative bound",
				"labelposition": [196.9644886,68.77627841,226.3181818,14.68892045],
				"symbolposition": [164.8664773,70.40838068,29.921875,9.248579545],
				"x": [
					[68.57244318],
					[92.50994318],
					[124.0639205],
					[148.0014205],
					[167.5866477],
					[201.3167614],
					[223.6221591],
					[235.046875],
					[244.2954545],
					[254.6321023],
					[292.1704545],
					[302.5071023],
					[320.4602273],
					[351.4701705],
					[374.3196023],
					[398.2571023],
					[429.2670455],
					[448.8522727]
				],
				"y": [
					[69.86434659],
					[104.1384943],
					[159.6299716],
					[198.8004261],
					[240.147017],
					[273.3330966],
					[298.3586648],
					[312.5035511],
					[316.3117898],
					[316.3117898],
					[321.2080966],
					[316.8558239],
					[315.2237216],
					[312.5035511],
					[308.6953125],
					[296.1825284],
					[288.5660511],
					[278.2294034]
				]
			}
		],
		"plotpos": [68.57244318,43.20667614,380.8238636,283.4417614],
		"xax": {
			"titlepos": [230.6946023,350.5859375,60.38778409,16.86505682],
			"minpos": [52.79545455,331.5447443,27.20170455,17.40909091],
			"maxpos": [435.2514205,331.0007102,27.74573864,23.9375],
			"type": 2
		},
		"yax": {
			"titlepos": [23.41761364,91.62571023,17.40909091,186.6036932],
			"minpos": [56.60369318,320.1200284,11.42471591,13.60085227],
			"maxpos": [39.19460227,33.4140625,29.37784091,16.32102273],
			"type": 1
		}
	}
}
