{
	"data": {
		"imagename": "00092-10.1.1.391.3399-Figure-2",
		"difficult": 0,
		"curves": [
			{
				"name": "Original",
				"labelposition": [425.2207164,36.20667957,63.12197483,19.83833495],
				"symbolposition": [388.5498548,41.01597289,34.86737657,7.213939981],
				"x": [
					[68.13068732],
					[96.38528558],
					[131.8538238],
					[173.9351404],
					[225.6350436],
					[292.3639884],
					[353.0813166],
					[414.3998064],
					[478.7241045],
					[517.1984511],
					[547.857696],
					[580.3204259],
					[601.9622459],
					[611.5808325]
				],
				"y": [
					[25.98693127],
					[42.81945789],
					[62.05663117],
					[77.0856728],
					[95.12052275],
					[110.750726],
					[125.178606],
					[136.6006776],
					[146.8204259],
					[154.0343659],
					[161.2483059],
					[168.4622459],
					[175.6761859],
					[177.4796709]
				]
			},
			{
				"name": "DS",
				"labelposition": [531.6263311,35.60551791,27.05227493,18.63601162],
				"symbolposition": [497.3601162,41.01597289,33.66505324,7.213939981],
				"x": [
					[68.13068732],
					[92.17715392],
					[116.2236205],
					[151.6921588],
					[184.7560503],
					[226.2362052],
					[260.5024201],
					[314.0058083],
					[362.0987415],
					[430.6311713],
					[484.1345595],
					[520.8054211],
					[553.8693127],
					[583.9273959],
					[601.9622459],
					[609.7773475]
				],
				"y": [
					[134.196031],
					[149.2250726],
					[161.8494676],
					[176.8785092],
					[190.1040658],
					[202.1272991],
					[212.9482091],
					[224.3702807],
					[235.7923524],
					[247.214424],
					[256.8330106],
					[263.445789],
					[269.4574056],
					[279.6771539],
					[285.0876089],
					[285.6887706]
				]
			}
		],
		"plotpos": [68.13068732,11.55905131,541.0454985,328.2342691],
		"xax": {
			"titlepos": [289.3581801,345.8049371,97.9893514,28.85575992],
			"minpos": [49.4946757,186.4970958,36.67086157,22.24298161],
			"maxpos": [587.5343659,190.1040658,31.86156825,21.04065828],
			"type": 1
		},
		"yax": {
			"titlepos": [0.8005808325,152.2308809,25.24878993,55.30687318],
			"minpos": [17.03194579,333.1805421,45.08712488,18.63601162],
			"maxpos": [28.45401742,2.541626331,29.45692159,20.43949661],
			"type": 1
		}
	}
}
