{
	"data": {
		"imagename": "00091-10.1.1.143.6680-Figure-2",
		"difficult": 0,
		"curves": [
			{
				"name": "frontal detector",
				"labelposition": [476.6795741,27.18054211,88.97870281,13.20329138],
				"symbolposition": [445.6805421,27.75459826,29.2768635,10.33301065],
				"x": [
					[49.00774443],
					[124.7831559],
					[201.1326234],
					[277.482091],
					[352.6834463],
					[428.4588577],
					[504.8083253],
					[579.4356244]
				],
				"y": [
					[106.4002904],
					[111.5667957],
					[152.8988383],
					[216.6190707],
					[223.5077444],
					[290.6723136],
					[292.9685382],
					[294.6907067]
				]
			},
			{
				"name": "profile detector",
				"labelposition": [476.6795741,40.38383349,89.55275895,15.49951597],
				"symbolposition": [445.6805421,43.82817038,30.99903195,8.610842207],
				"x": [
					[46.71151985],
					[125.9312682],
					[200.5585673],
					[275.7599226],
					[354.4056147],
					[426.7366893],
					[506.5304937],
					[579.4356244]
				],
				"y": [
					[224.6558567],
					[194.8049371],
					[180.4535334],
					[160.3615682],
					[133.9549855],
					[113.2889642],
					[77.69748306],
					[71.38286544]
				]
			}
		],
		"plotpos": [47.85963214,19.7178122,532.7241045,283.5837367],
		"xax": {
			"titlepos": [197.6882865,326.8378509,251.4365924,22.96224589],
			"minpos": [42.69312682,307.8939981,8.610842207,10.9070668],
			"maxpos": [572.5469506,306.7458858,14.35140368,11.48112294],
			"type": 1
		},
		"yax": {
			"titlepos": [3.083252662,96.06727977,20.6660213,130.3107454],
			"minpos": [32.36011617,296.9869313,11.48112294,12.62923524],
			"maxpos": [32.36011617,8.236689255,11.48112294,15.49951597],
			"type": 1
		}
	}
}
