{
	"data": {
		"imagename": "00102-10.1.1.107.568-Figure-3",
		"difficult": 0,
		"curves": [
			{
				"name": "Walking",
				"labelposition": [274.9928977,148.5291193,51.31676136,15.22585227],
				"symbolposition": [244.5411932,151.912642,27.63210227,7.330965909],
				"x": [
					[83.82386364],
					[120.4786932],
					[158.8252841],
					[193.7883523],
					[231.5710227],
					[281.7599432],
					[346.6107955],
					[395.1079545],
					[492.1022727]
				],
				"y": [
					[273.7194602],
					[164.318892],
					[99.46803977],
					[64.50497159],
					[47.58735795],
					[30.10582386],
					[19.39133523],
					[16.57173295],
					[14.31605114]
				]
			},
			{
				"name": "Sitting",
				"labelposition": [273.8650568,165.446733,45.67755682,11.84232955],
				"symbolposition": [244.5411932,167.1384943,24.8125,6.767045455],
				"x": [
					[84.95170455],
					[105.8167614],
					[121.0426136],
					[159.3892045],
					[197.171875],
					[272.1732955],
					[329.6931818],
					[415.9730114],
					[490.4105114]
				],
				"y": [
					[170.522017],
					[118.6413352],
					[77.47514205],
					[41.38423295],
					[26.15838068],
					[18.26349432],
					[16.0078125],
					[15.44389205],
					[14.31605114]
				]
			}
		],
		"plotpos": [45.47727273,11.49644886,447.7528409,353.0142045],
		"xax": {
			"titlepos": [207.3224432,380.3004261,124.0625,14.09801136],
			"minpos": [39.27414773,367.8941761,14.09801136,11.27840909],
			"maxpos": [487.5909091,366.2024148,13.53409091,14.09801136],
			"type": 1
		},
		"yax": {
			"titlepos": [1.491477273,111.8742898,22.55681818,151.6946023],
			"minpos": [27.43181818,359.9992898,11.84232955,11.27840909],
			"maxpos": [19.53693182,1.909801136,24.24857955,18.04545455],
			"type": 1
		}
	}
}
