{
	"data": {
		"imagename": "00107-10.1.1.48.8836-Figure-2",
		"difficult": 0,
		"curves": [
			{
				"name": "No initial labels, QBC-with-EM",
				"labelposition": [289.6278409,206.8799716,184.5539773,15.47159091],
				"symbolposition": [478.0497159,210.7478693,30.390625,7.183238636],
				"x": [
					[81.86647727],
					[85.734375],
					[86.28693182],
					[90.70738636],
					[98.99573864],
					[105.6264205],
					[109.4943182],
					[111.1519886],
					[123.8607955],
					[129.3863636],
					[134.359375],
					[139.3323864],
					[148.7258523],
					[160.3295455],
					[165.3025568],
					[170.828125],
					[186.2997159],
					[200.1136364],
					[207.296875],
					[212.8224432],
					[226.6363636],
					[241.5553977],
					[264.7627841],
					[269.7357955],
					[279.6818182],
					[313.9403409],
					[317.2556818],
					[342.1207386],
					[358.6974432],
					[368.6434659],
					[391.2982955],
					[398.4815341],
					[406.7698864],
					[450.9744318],
					[484.1278409],
					[496.2840909],
					[507.8877841]
				],
				"y": [
					[342.256392],
					[274.8444602],
					[237.8231534],
					[236.7180398],
					[207.4325284],
					[201.9069602],
					[188.0930398],
					[168.7535511],
					[142.2308239],
					[142.7833807],
					[134.4950284],
					[136.1526989],
					[114.0504261],
					[96.36860795],
					[94.15838068],
					[96.36860795],
					[85.87002841],
					[77.02911932],
					[77.58167614],
					[74.81889205],
					[66.53053977],
					[66.53053977],
					[56.58451705],
					[58.79474432],
					[53.82173295],
					[52.1640625],
					[52.71661932],
					[48.84872159],
					[42.77059659],
					[42.77059659],
					[38.35014205],
					[38.35014205],
					[35.58735795],
					[33.9296875],
					[33.37713068],
					[29.50923295],
					[28.95667614]
				]
			},
			{
				"name": "Random initial labels, QBC-with-EM",
				"labelposition": [257.0269886,221.2464489,219.3650568,13.81392045],
				"symbolposition": [480.2599432,226.2194602,29.28551136,7.183238636],
				"x": [
					[82.97159091],
					[86.28693182],
					[89.60227273],
					[92.36505682],
					[99.54829545],
					[107.8366477],
					[112.2571023],
					[121.0980114],
					[139.3323864],
					[147.6207386],
					[152.59375],
					[163.0923295],
					[166.9602273],
					[172.4857955],
					[185.7471591],
					[192.3778409],
					[197.9034091],
					[208.4019886],
					[215.5852273],
					[222.2159091],
					[232.7144886],
					[243.2130682],
					[268.078125],
					[286.8650568],
					[299.0213068],
					[320.5710227],
					[348.7514205],
					[366.9857955],
					[376.9318182],
					[419.4786932],
					[441.0284091],
					[460.9204545],
					[478.0497159],
					[483.0227273],
					[496.8366477],
					[515.0710227]
				],
				"y": [
					[346.1242898],
					[251.6370739],
					[254.399858],
					[245.5589489],
					[188.0930398],
					[196.9339489],
					[182.0149148],
					[155.4921875],
					[137.2578125],
					[114.0504261],
					[119.0234375],
					[107.9723011],
					[107.4197443],
					[90.84303977],
					[93.60582386],
					[89.18536932],
					[84.76491477],
					[84.76491477],
					[80.89701705],
					[83.10724432],
					[81.44957386],
					[78.68678977],
					[68.74076705],
					[63.76775568],
					[61.55752841],
					[60.45241477],
					[51.61150568],
					[51.05894886],
					[54.37428977],
					[41.66548295],
					[40.0078125],
					[37.24502841],
					[32.82457386],
					[34.48224432],
					[33.37713068],
					[34.48224432]
				]
			},
			{
				"name": "No initial labels, QBC",
				"labelposition": [343.7784091,235.0603693,132.0610795,12.70880682],
				"symbolposition": [479.1548295,238.928267,32.04829545,8.288352273],
				"x": [
					[84.62926136],
					[86.28693182],
					[91.25994318],
					[99.54829545],
					[104.5213068],
					[117.7826705],
					[122.7556818],
					[126.0710227],
					[134.359375],
					[144.3053977],
					[152.0411932],
					[163.0923295],
					[169.1704545],
					[195.6931818],
					[218.9005682],
					[229.3991477],
					[243.2130682],
					[256.4744318],
					[268.078125],
					[274.15625],
					[284.6548295],
					[290.7329545],
					[310.625],
					[326.6491477],
					[356.4872159],
					[371.40625],
					[380.2471591],
					[397.9289773],
					[418.3735795],
					[442.1335227],
					[458.7102273],
					[476.9446023],
					[495.1789773],
					[502.9147727]
				],
				"y": [
					[348.334517],
					[331.7578125],
					[285.3430398],
					[242.243608],
					[249.4268466],
					[214.0632102],
					[212.9580966],
					[217.931108],
					[209.0901989],
					[207.9850852],
					[180.3572443],
					[172.068892],
					[174.2791193],
					[150.5191761],
					[137.2578125],
					[126.2066761],
					[122.3387784],
					[119.0234375],
					[110.7350852],
					[110.7350852],
					[109.0774148],
					[109.6299716],
					[99.68394886],
					[96.92116477],
					[93.05326705],
					[90.84303977],
					[89.73792614],
					[86.42258523],
					[83.10724432],
					[82.00213068],
					[75.92400568],
					[75.92400568],
					[73.16122159],
					[72.60866477]
				]
			},
			{
				"name": "Random initial labels, QBC",
				"labelposition": [308.9673295,247.7691761,166.3196023,16.57670455],
				"symbolposition": [480.8125,254.399858,25.41761364,5.525568182],
				"x": [
					[90.70738636],
					[92.36505682],
					[112.8096591],
					[121.0980114],
					[131.0440341],
					[149.2784091],
					[155.3565341],
					[163.6448864],
					[175.8011364],
					[191.8252841],
					[196.7982955],
					[205.0866477],
					[229.9517045],
					[248.1860795],
					[275.8139205],
					[300.6789773],
					[323.3338068],
					[350.4090909],
					[365.328125],
					[381.3522727],
					[396.2713068],
					[406.2173295],
					[424.4517045],
					[437.7130682],
					[449.8693182],
					[464.7883523],
					[475.2869318],
					[492.4161932],
					[514.5184659]
				],
				"y": [
					[337.2833807],
					[310.7606534],
					[248.321733],
					[237.8231534],
					[227.3245739],
					[199.696733],
					[199.1441761],
					[189.1981534],
					[190.303267],
					[181.462358],
					[169.306108],
					[168.7535511],
					[157.149858],
					[151.071733],
					[138.915483],
					[129.522017],
					[122.3387784],
					[119.0234375],
					[110.7350852],
					[110.7350852],
					[106.3146307],
					[99.68394886],
					[95.26349432],
					[95.26349432],
					[92.50071023],
					[89.18536932],
					[89.18536932],
					[86.42258523],
					[83.65980114]
				]
			}
		],
		"plotpos": [77.99857955,14.03764205,438.1775568,336.5071023],
		"xax": {
			"titlepos": [201.21875,370.9893466,193.3948864,15.47159091],
			"minpos": [74.68323864,358.8330966,9.946022727,12.15625],
			"maxpos": [490.2059659,357.1754261,30.94318182,12.70880682],
			"type": 1
		},
		"yax": {
			"titlepos": [2.298295455,148.8615057,19.89204545,66.30681818],
			"minpos": [36.55681818,340.5987216,35.91619318,16.57670455],
			"maxpos": [37.109375,4.091619318,35.91619318,19.89204545],
			"type": 1
		}
	}
}
