{
	"data": {
		"imagename": "00106-10.1.1.50.6953-Figure-10",
		"difficult": 0,
		"curves": [
			{
				"name": "Sage-BFS",
				"labelposition": [230.0838068,48.29616477,81.22585227,21.54971591],
				"symbolposition": [317.3877841,54.92684659,37.02130682,10.49857955],
				"x": [
					[98.57528409],
					[168.1974432],
					[242.2400568],
					[312.9673295],
					[382.5894886],
					[454.421875],
					[522.9389205]
				],
				"y": [
					[342.8089489],
					[342.8089489],
					[342.256392],
					[338.3884943],
					[333.415483],
					[298.6044034],
					[43.87571023]
				]
			},
			{
				"name": "Sage-DFS",
				"labelposition": [231.1889205,68.74076705,81.22585227,18.234375],
				"symbolposition": [316.2826705,70.3984375,40.88920455,12.70880682],
				"x": [
					[96.91761364],
					[522.9389205]
				],
				"y": [
					[342.8089489],
					[343.3615057]
				]
			},
			{
				"name": "PBR",
				"labelposition": [275.3934659,84.76491477,39.23153409,16.02414773],
				"symbolposition": [317.3877841,88.6328125,35.36363636,10.49857955],
				"x": [
					[98.02272727],
					[240.5823864],
					[309.0994318],
					[380.9318182],
					[453.3167614],
					[524.5965909]
				],
				"y": [
					[342.8089489],
					[343.3615057],
					[340.5987216],
					[332.8629261],
					[319.6015625],
					[290.868608]
				]
			}
		],
		"plotpos": [96.91761364,15.14275568,426.0213068,328.21875],
		"xax": {
			"titlepos": [262.1321023,367.6740057,93.38210227,20.99715909],
			"minpos": [93.04971591,353.8600852,10.49857955,14.91903409],
			"maxpos": [519.6235795,352.7549716,11.05113636,16.02414773],
			"type": 1
		},
		"yax": {
			"titlepos": [-0.3323863636,89.73792614,25.97017045,179.5809659],
			"minpos": [75.36789773,336.178267,14.91903409,16.57670455],
			"maxpos": [52.71306818,1.881392045,40.88920455,23.20738636],
			"type": 1
		}
	}
}
