{
	"data": {
		"imagename": "00100-10.1.1.145.6399-Figure-8",
		"difficult": 0,
		"curves": [
			{
				"name": "Combined",
				"labelposition": [490.8451705,272.649858,61.41903409,12.00142045],
				"symbolposition": [435.7798295,272.649858,55.06534091,12.70738636],
				"x": [
					[111.0355114],
					[155.5113636],
					[205.6349432],
					[245.875],
					[295.9985795],
					[339.0625],
					[387.0681818],
					[427.3082386],
					[475.3139205],
					[522.6136364],
					[569.9133523]
				],
				"y": [
					[329.8330966],
					[252.8828125],
					[242.9992898],
					[219.7024148],
					[224.6441761],
					[183.6981534],
					[202.759233],
					[221.8203125],
					[209.1129261],
					[198.5234375],
					[80.62713068]
				]
			},
			{
				"name": "Transforms",
				"labelposition": [490.8451705,303.006392,72.71448864,19.76704545],
				"symbolposition": [437.8977273,305.8302557,54.359375,13.41335227],
				"x": [
					[111.0355114],
					[159.7471591],
					[204.2230114],
					[252.2286932],
					[293.1747159],
					[341.1803977],
					[382.8323864],
					[428.7201705],
					[478.1377841],
					[524.7315341],
					[569.9133523]
				],
				"y": [
					[333.3629261],
					[256.412642],
					[251.4708807],
					[233.115767],
					[231.7038352],
					[185.8160511],
					[200.6413352],
					[219.7024148],
					[224.6441761],
					[206.9950284],
					[121.5731534]
				]
			},
			{
				"name": "Baseline",
				"labelposition": [492.2571023,336.1867898,53.65340909,14.82528409],
				"symbolposition": [435.7798295,337.5987216,55.06534091,14.82528409],
				"x": [
					[113.1534091],
					[159.7471591],
					[207.7528409],
					[250.8167614],
					[293.1747159],
					[339.7684659],
					[376.4786932],
					[435.7798295],
					[478.1377841],
					[520.4957386],
					[572.03125]
				],
				"y": [
					[363.0134943],
					[298.7705966],
					[287.475142],
					[231.7038352],
					[239.4694602],
					[196.4055398],
					[215.4666193],
					[233.821733],
					[219.7024148],
					[194.993608],
					[65.80184659]
				]
			}
		],
		"plotpos": [89.85653409,58.03622159,499.8238636,315.5667614],
		"xax": {
			"titlepos": [229.6377841,461.1427557,163.7840909,24.70880682],
			"minpos": [98.328125,382.7805398,31.0625,36.71022727],
			"maxpos": [553.6761364,383.4865057,28.23863636,66.36079545],
			"type": 3
		},
		"yax": {
			"titlepos": [18.55397727,167.4609375,24.00284091,100.953125],
			"minpos": [50.32244318,363.0134943,32.47443182,26.12073864],
			"maxpos": [46.79261364,55.21235795,36.00426136,25.41477273],
			"type": 1
		}
	}
}
