{
	"data": {
		"imagename": "00109-10.1.1.165.553-Figure-6",
		"difficult": 0,
		"curves": [
			{
				"name": "Manual",
				"labelposition": [120.4772727,397.1583807,75.70738636,25.77272727],
				"symbolposition": [74.56960227,404.4069602,48.32386364,12.88636364],
				"x": [
					[75.375],
					[109.2017045],
					[115.6448864],
					[128.53125],
					[133.3636364],
					[143.8338068],
					[150.2769886],
					[201.8224432],
					[236.4545455],
					[249.3409091],
					[255.7840909],
					[339.5454545],
					[397.5340909],
					[428.9446023],
					[453.1065341],
					[484.5170455],
					[532.0355114],
					[568.2784091]
				],
				"y": [
					[16.20525568],
					[20.23224432],
					[58.0859375],
					[63.72372159],
					[82.24786932],
					[88.69105114],
					[110.4367898],
					[137.0149148],
					[185.3387784],
					[202.2521307],
					[233.662642],
					[300.5106534],
					[375.412642],
					[385.8828125],
					[421.3203125],
					[435.0120739],
					[450.3146307],
					[454.3416193]
				]
			},
			{
				"name": "Words",
				"labelposition": [116.4502841,428.568892,78.12357955,21.74573864],
				"symbolposition": [75.375,430.1796875,41.07528409,14.49715909],
				"x": [
					[85.03977273],
					[115.6448864],
					[118.0610795],
					[128.53125],
					[132.5582386],
					[167.1903409],
					[184.9090909],
					[204.2386364],
					[213.9034091],
					[238.8707386],
					[253.3678977],
					[264.6434659],
					[283.9730114],
					[303.3025568],
					[320.2159091],
					[327.4644886],
					[338.7400568],
					[346.7940341],
					[374.9829545],
					[383.0369318],
					[385.453125],
					[431.3607955],
					[438.609375],
					[454.7173295],
					[462.7713068],
					[483.7116477],
					[505.4573864],
					[536.8678977],
					[568.2784091]
				],
				"y": [
					[49.2265625],
					[48.42116477],
					[77.41548295],
					[79.83167614],
					[100.772017],
					[140.2365057],
					[138.6257102],
					[151.5120739],
					[168.4254261],
					[182.9225852],
					[182.9225852],
					[209.5007102],
					[211.9169034],
					[226.4140625],
					[224.803267],
					[270.7109375],
					[269.100142],
					[298.899858],
					[306.9538352],
					[319.8401989],
					[344.8075284],
					[361.7208807],
					[373.8018466],
					[370.5802557],
					[388.2990057],
					[399.5745739],
					[400.3799716],
					[425.3473011],
					[428.568892]
				]
			},
			{
				"name": "Templates",
				"labelposition": [121.2826705,456.7578125,107.9232955,25.77272727],
				"symbolposition": [75.375,459.1740057,47.51846591,13.69176136],
				"x": [
					[75.375],
					[116.4502841],
					[130.9474432],
					[146.25],
					[159.9417614],
					[172.0227273],
					[204.2386364],
					[222.7627841],
					[230.0113636],
					[230.8167614],
					[246.9247159],
					[251.7571023],
					[267.0596591],
					[275.9190341],
					[293.6377841],
					[310.5511364],
					[320.2159091],
					[328.2698864],
					[337.9346591],
					[356.4588068],
					[387.8693182],
					[425.7230114],
					[460.3551136],
					[500.625],
					[540.0894886],
					[565.8622159]
				],
				"y": [
					[50.83735795],
					[52.44815341],
					[59.69673295],
					[58.89133523],
					[92.71803977],
					[105.6044034],
					[110.4367898],
					[124.9339489],
					[149.9012784],
					[174.0632102],
					[192.587358],
					[210.306108],
					[224.803267],
					[250.5759943],
					[261.0461648],
					[295.678267],
					[312.5916193],
					[350.4453125],
					[383.4666193],
					[406.8231534],
					[420.5149148],
					[432.5958807],
					[437.428267],
					[438.2336648],
					[446.287642],
					[445.4822443]
				]
			},
			{
				"name": "Words + Templates",
				"labelposition": [121.2826705,484.946733,198.1278409,23.35653409],
				"symbolposition": [75.375,489.7791193,45.10227273,10.47017045],
				"x": [
					[76.98579545],
					[111.6178977],
					[121.2826705],
					[144.6392045],
					[155.109375],
					[163.96875],
					[165.5795455],
					[173.6335227],
					[181.6875],
					[207.4602273],
					[217.125],
					[223.5681818],
					[228.4005682],
					[242.0923295],
					[247.7301136],
					[257.3948864],
					[263.0326705],
					[271.8920455],
					[295.2485795],
					[301.6917614],
					[322.6321023],
					[323.4375],
					[337.1292614],
					[344.3778409],
					[358.875],
					[363.7073864],
					[379.8153409],
					[395.1178977],
					[412.03125],
					[416.8636364],
					[431.3607955],
					[453.1065341],
					[462.7713068],
					[474.046875],
					[477.2684659],
					[491.765625],
					[500.625],
					[518.34375],
					[534.4517045],
					[547.3380682],
					[567.4730114]
				],
				"y": [
					[17.01065341],
					[17.81605114],
					[71.77769886],
					[62.11292614],
					[74.99928977],
					[78.22088068],
					[89.49644886],
					[86.27485795],
					[96.74502841],
					[91.10724432],
					[99.16122159],
					[98.35582386],
					[121.712358],
					[122.5177557],
					[117.6853693],
					[156.3444602],
					[173.2578125],
					[185.3387784],
					[216.7492898],
					[238.4950284],
					[233.662642],
					[269.9055398],
					[269.100142],
					[290.040483],
					[298.0944602],
					[296.4836648],
					[331.9211648],
					[345.6129261],
					[345.6129261],
					[359.3046875],
					[372.9964489],
					[371.3856534],
					[385.0774148],
					[382.6612216],
					[401.990767],
					[401.990767],
					[417.2933239],
					[418.0987216],
					[426.9580966],
					[430.9850852],
					[428.568892]
				]
			}
		],
		"plotpos": [68.12642045,17.81605114,500.9573864,496.9303977],
		"xax": {
			"titlepos": [281.5568182,541.3245739,76.51278409,23.35653409],
			"minpos": [62.48863636,522.8004261,14.49715909,22.55113636],
			"maxpos": [558.6136364,520.384233,16.91335227,24.96732955],
			"type": 1
		},
		"yax": {
			"titlepos": [0.4730113636,216.7492898,27.38352273,102.2855114],
			"minpos": [50.40767045,504.2762784,16.91335227,20.94034091],
			"maxpos": [51.21306818,5.735085227,13.69176136,21.74573864],
			"type": 1
		}
	}
}
