{
	"data": {
		"imagename": "00119-10.1.1.421.8886-Figure-4",
		"difficult": 0,
		"curves": {
			"name": "LogLik",
			"labelposition": [184.7153921,13.97918683,55.84123911,19.42303969],
			"symbolposition": [247.2333011,17.62100678,55.23426912,9.711519845],
			"x": [
				[164.0784124],
				[277.5818006],
				[391.0851888],
				[502.160697],
				[615.0571152]
			],
			"y": [
				[80.74588577],
				[45.54162633],
				[25.51161665],
				[7.909486931],
				[200.3189739]
			]
		},
		"plotpos": [164.0784124,9.730396902,452.1926428,191.8025169],
		"xax": {
			"titlepos": [277.5818006,234.9162633,224.5788964,21.85091965],
			"minpos": [162.8644724,208.8165537,6.676669894,18.20909971],
			"maxpos": [613.2362052,211.2444337,10.31848984,19.42303969],
			"type": 1
		},
		"yax": {
			"titlepos": [2.624394966,74.67618587,26.09970958,61.30396902],
			"minpos": [46.93320426,160.2589545,105.0058083,20.63697967],
			"maxpos": [45.71926428,4.267666989,109.2545983,21.85091965],
			"type": 2
		}
	}
}
