{
	"data": {
		"imagename": "00117-10.1.1.221.5268-Figure-4",
		"difficult": 0,
		"curves": [
			{
				"name": "OLS-SPARSEGD, 30 training samples",
				"labelposition": [391.21875,58.84446023,47.38636364,13.03125],
				"symbolposition": [116.9701705,55.8828125,267.140625,18.36221591],
				"x": [
					[75.50710227],
					[245.5056818],
					[362.7869318],
					[414.3196023],
					[483.6221591],
					[532.1931818],
					[584.3181818]
				],
				"y": [
					[182.6413352],
					[154.8018466],
					[159.540483],
					[171.9794034],
					[166.6484375],
					[187.9723011],
					[237.727983]
				]
			},
			{
				"name": "OLS-SPARSEGD, 15 training samples",
				"labelposition": [391.21875,76.02201705,47.97869318,10.66193182],
				"symbolposition": [115.1931818,73.65269886,270.6946023,17.17755682],
				"x": [
					[68.99147727],
					[245.5056818],
					[414.3196023],
					[481.2528409],
					[534.5625],
					[583.7258523]
				],
				"y": [
					[295.7762784],
					[301.1072443],
					[301.1072443],
					[292.8146307],
					[317.100142],
					[351.4552557]
				]
			},
			{
				"name": "OLS-CONV, 30 training samples",
				"labelposition": [389.4417614,89.64559659,49.75568182,13.03125],
				"symbolposition": [155.4715909,89.05326705,232.1931818,16.58522727],
				"x": [
					[68.99147727],
					[591.4261364]
				],
				"y": [
					[36.3359375],
					[37.52059659]
				]
			},
			{
				"name": "OLS-CONV, 15 training samples",
				"labelposition": [389.4417614,108.0078125,50.94034091,8.884943182],
				"symbolposition": [155.4715909,102.6768466,228.6392045,21.91619318],
				"x": [
					[67.80681818],
					[590.2414773]
				],
				"y": [
					[192.7109375],
					[192.7109375]
				]
			}
		],
		"plotpos": [69.58380682,14.41974432,521.25,350.0667614],
		"xax": {
			"titlepos": [300.5923295,393.5106534,58.640625,21.32386364],
			"minpos": [49.44460227,372.1867898,51.53267045,17.17755682],
			"maxpos": [570.6946023,371.5944602,29.02414773,19.546875],
			"type": 1
		},
		"yax": {
			"titlepos": [0.28125,116.8927557,27.83948864,147.4900568],
			"minpos": [34.04403409,357.3785511,29.02414773,17.17755682],
			"maxpos": [34.04403409,1.388494318,26.65482955,18.95454545],
			"type": 1
		}
	}
}
