{
	"data": {
		"imagename": "00118-10.1.1.221.9768-Figure-2",
		"difficult": 0,
		"curves": [
			{
				"name": "LBFGS minibatch",
				"labelposition": [373.9431818,21.32599432,108.5298295,15.25284091],
				"symbolposition": [331.1178977,21.91264205,43.99857955,9.973011364],
				"x": [
					[53.046875],
					[67.12642045],
					[81.20596591],
					[95.28551136],
					[110.5383523],
					[134.0042614],
					[163.3366477],
					[203.8153409],
					[237.8409091],
					[272.453125],
					[310.5852273],
					[345.7840909],
					[379.2230114],
					[415.5951705]
				],
				"y": [
					[148.0419034],
					[282.384233],
					[312.303267],
					[325.209517],
					[334.5958807],
					[339.2890625],
					[345.1555398],
					[352.1953125],
					[355.1285511],
					[358.0617898],
					[360.4083807],
					[361.5816761],
					[362.1683239],
					[363.3416193]
				]
			},
			{
				"name": "CG minibatch",
				"labelposition": [375.1164773,38.33877841,84.47727273,12.90625],
				"symbolposition": [331.1178977,38.33877841,43.99857955,9.386363636],
				"x": [
					[47.76704545],
					[52.46022727],
					[54.22017045],
					[58.32670455],
					[64.19318182],
					[71.23295455],
					[86.48579545],
					[109.3650568],
					[137.5241477],
					[168.0298295],
					[201.46875],
					[236.6676136]
				],
				"y": [
					[111.0830966],
					[247.1853693],
					[285.9041193],
					[299.9836648],
					[319.3430398],
					[334.5958807],
					[348.0887784],
					[355.7151989],
					[360.9950284],
					[365.1015625],
					[366.274858],
					[367.4481534]
				]
			},
			{
				"name": "SGD",
				"labelposition": [373.9431818,53.00497159,31.09232955,14.66619318],
				"symbolposition": [331.1178977,56.52485795,42.23863636,8.799715909],
				"x": [
					[64.19318182],
					[70.05965909],
					[79.44602273],
					[89.41903409],
					[100.5653409],
					[105.8451705],
					[115.8181818],
					[135.7642045],
					[145.7372159],
					[185.0426136],
					[194.4289773],
					[202.6420455],
					[216.1349432],
					[240.7741477],
					[275.3863636],
					[295.9190341],
					[315.8650568],
					[342.2642045],
					[369.8366477],
					[400.3423295],
					[417.9417614],
					[443.7542614],
					[459.0071023],
					[470.7400568],
					[490.0994318],
					[504.765625]
				],
				"y": [
					[12.52627841],
					[50.07173295],
					[99.93678977],
					[140.415483],
					[158.6015625],
					[177.9609375],
					[199.6669034],
					[213.1598011],
					[229.5859375],
					[249.5319602],
					[252.4651989],
					[263.024858],
					[263.6115057],
					[273.584517],
					[286.490767],
					[288.2507102],
					[293.5305398],
					[296.4637784],
					[300.5703125],
					[303.5035511],
					[304.6768466],
					[309.9566761],
					[308.7833807],
					[314.649858],
					[312.303267],
					[315.2365057]
				]
			},
			{
				"name": "SGD with inesearch",
				"labelposition": [373.9431818,70.60440341,123.7826705,14.66619318],
				"symbolposition": [329.9446023,71.77769886,43.99857955,9.386363636],
				"x": [
					[51.87357955],
					[53.63352273],
					[54.80681818],
					[58.32670455],
					[60.67329545],
					[65.953125],
					[69.47301136],
					[75.33948864],
					[82.96590909],
					[96.45880682],
					[117.578125],
					[142.2173295],
					[170.3764205],
					[202.6420455],
					[234.9076705],
					[272.453125],
					[310.5852273],
					[365.1434659]
				],
				"y": [
					[11.35298295],
					[71.19105114],
					[119.8828125],
					[177.3742898],
					[209.053267],
					[231.9325284],
					[250.118608],
					[268.8913352],
					[291.7705966],
					[310.5433239],
					[323.4495739],
					[334.5958807],
					[341.6356534],
					[346.3288352],
					[351.6086648],
					[355.1285511],
					[356.8884943],
					[358.0617898]
				]
			}
		],
		"plotpos": [48.94034091,6.659801136,461.1051136,368.4147727],
		"xax": {
			"titlepos": [230.8011364,395.6072443,95.03693182,15.83948864],
			"minpos": [41.90056818,378.0078125,10.55965909,14.66619318],
			"maxpos": [485.9928977,379.181108,43.41193182,17.01278409],
			"type": 1
		},
		"yax": {
			"titlepos": [2.595170455,169.1612216,18.18607955,47.51846591],
			"minpos": [34.27414773,369.2080966,9.973011364,11.73295455],
			"maxpos": [32.51420455,3.7265625,12.90625,14.66619318],
			"type": 1
		}
	}
}
