{
	"data": {
		"imagename": "00115-10.1.1.148.7825-Figure-6",
		"difficult": 0,
		"curves": [
			{
				"name": "G-ML",
				"labelposition": [416.9446023,223.131392,54.46022727,22.69176136],
				"symbolposition": [379.125,229.1825284,37.81960227,11.09375],
				"x": [
					[103.7982955],
					[141.6178977],
					[184.984375],
					[227.8465909],
					[269.7002841],
					[310.0411932],
					[353.4076705],
					[394.2528409],
					[435.6022727],
					[479.4730114]
				],
				"y": [
					[302.3004261],
					[275.5745739],
					[239.772017],
					[217.0802557],
					[185.8160511],
					[160.602983],
					[128.834517],
					[107.1512784],
					[88.49360795],
					[62.77627841]
				]
			},
			{
				"name": "ITML",
				"labelposition": [416.9446023,248.8487216,47.90482955,20.67471591],
				"symbolposition": [378.1164773,248.8487216,38.828125,19.16193182],
				"x": [
					[101.78125],
					[143.1306818],
					[185.4886364],
					[229.8636364],
					[267.1789773],
					[312.5625],
					[353.9119318],
					[394.2528409],
					[435.6022727],
					[476.4474432]
				],
				"y": [
					[305.8302557],
					[287.1725852],
					[261.4552557],
					[229.1825284],
					[218.5930398],
					[208.0035511],
					[202.4566761],
					[197.9183239],
					[196.4055398],
					[192.8757102]
				]
			},
			{
				"name": "DK",
				"labelposition": [417.953125,272.0447443,29.24715909,21.17897727],
				"symbolposition": [378.1164773,273.5575284,38.828125,18.15340909],
				"x": [
					[102.2855114],
					[143.1306818],
					[188.0099432],
					[227.8465909],
					[268.6917614],
					[311.0497159],
					[352.3991477],
					[393.2443182],
					[438.6278409],
					[478.4644886]
				],
				"y": [
					[302.8046875],
					[279.1044034],
					[247.3359375],
					[220.6100852],
					[213.0461648],
					[207.4992898],
					[206.490767],
					[205.4822443],
					[203.9694602],
					[201.4481534]
				]
			}
		],
		"plotpos": [60.43181818,35.04190341,417.0241477,275.3267045],
		"xax": {
			"titlepos": [96.234375,334.068892,345.4190341,18.15340909],
			"minpos": [54.38068182,316.9240057,12.10227273,16.640625],
			"maxpos": [467.875,316.9240057,20.67471591,15.63210227],
			"type": 1
		},
		"yax": {
			"titlepos": [2.441761364,143.962358,21.17897727,57.48579545],
			"minpos": [43.28693182,302.3004261,13.11079545,16.640625],
			"maxpos": [26.64630682,23.94815341,30.25568182,22.69176136],
			"type": 1
		}
	}
}
