{
	"data": {
		"imagename": "00127-10.1.1.19.8259-Figure-3",
		"difficult": 0,
		"curves": [
			{
				"name": "4.24",
				"labelposition": [209.588577,27.00435624,50.27589545,23.65924492],
				"symbolposition": [295.9448209,30.55324298,23.65924492,18.33591481],
				"x": [
					[172.9167473],
					[227.3330106],
					[273.4685382],
					[330.250726],
					[373.428848],
					[423.7047435],
					[478.1210068],
					[526.0309777]
				],
				"y": [
					[303.2260407],
					[270.1030978],
					[232.839787],
					[194.393514],
					[158.9046467],
					[123.4157793],
					[83.19506292],
					[37.05953533]
				]
			},
			{
				"name": "4.19",
				"labelposition": [210.7715392,52.43804453,52.64181994,24.84220716],
				"symbolposition": [298.3107454,56.57841239,18.33591481,15.96999032],
				"x": [
					[168.7763795],
					[225.5585673],
					[274.6515005],
					[325.5188771],
					[375.7947725],
					[425.4791868],
					[476.3465634],
					[525.4394966],
					[575.1239109]
				],
				"y": [
					[304.4090029],
					[266.554211],
					[231.6568248],
					[199.7168441],
					[164.2279768],
					[132.8794773],
					[96.79912875],
					[61.9017425],
					[25.22991288]
				]
			},
			{
				"name": "4.17",
				"labelposition": [209.588577,76.09728945,51.4588577,24.25072604],
				"symbolposition": [298.3107454,82.01210068,20.11035818,20.11035818],
				"x": [
					[169.3678606],
					[223.7841239],
					[276.4259439],
					[324.9273959],
					[376.9777348],
					[426.6621491],
					[474.57212],
					[527.21394],
					[576.8983543]
				],
				"y": [
					[302.0430784],
					[268.3286544],
					[232.839787],
					[197.9424008],
					[164.2279768],
					[132.8794773],
					[102.71394],
					[70.77395934],
					[41.79138432]
				]
			}
		],
		"plotpos": [123.232333,6.302516941,482.0571152,317.625363],
		"xax": {
			"titlepos": [355.6844143,357.642304,17.74443369,15.96999032],
			"minpos": [101.3475315,338.1234269,46.72700871,23.06776379],
			"maxpos": [423.7047435,338.714908,68.61181026,24.25072604],
			"type": 2
		},
		"yax": {
			"titlepos": [1.978702807,137.6113262,29.57405615,54.41626331],
			"minpos": [80.05421104,312.6897386,28.98257502,23.65924492],
			"maxpos": [47.52274927,22.86398838,62.69699903,28.98257502],
			"type": 2
		}
	}
}
