{
	"data": {
		"imagename": "00128-10.1.1.278.7060-Figure-5",
		"difficult": 0,
		"curves": [
			{
				"name": "Super",
				"labelposition": [415.4275568,301.1072443,62.19460227,22.50852273],
				"symbolposition": [482.3607955,305.8458807,65.74857955,14.21590909],
				"x": [
					[105.6392045],
					[112.7471591],
					[144.7329545],
					[174.9417614],
					[187.9730114],
					[197.4502841],
					[213.4431818],
					[238.3210227],
					[251.9446023],
					[256.6832386],
					[282.7457386],
					[305.8465909],
					[313.546875],
					[327.7627841],
					[358.5639205],
					[369.2258523],
					[382.8494318],
					[413.6505682],
					[441.4900568],
					[468.1448864],
					[504.2769886],
					[534.4857955],
					[566.4715909]
				],
				"y": [
					[346.7166193],
					[346.1242898],
					[286.8913352],
					[250.759233],
					[232.397017],
					[228.8430398],
					[205.7421875],
					[184.4183239],
					[166.6484375],
					[157.7634943],
					[147.1015625],
					[127.5546875],
					[120.446733],
					[120.446733],
					[102.6768466],
					[100.899858],
					[89.64559659],
					[84.31463068],
					[78.98366477],
					[73.06036932],
					[67.13707386],
					[63.58309659],
					[57.06747159]
				]
			},
			{
				"name": "Other",
				"labelposition": [417.2045455,324.2080966,60.41761364,16.58522727],
				"symbolposition": [482.3607955,327.1697443,63.97159091,11.25426136],
				"x": [
					[103.8622159],
					[106.8238636],
					[113.9318182],
					[124.59375],
					[137.625],
					[155.3948864],
					[178.4957386],
					[203.9659091],
					[227.0667614],
					[253.7215909],
					[290.4460227],
					[340.7940341],
					[395.8806818],
					[447.4133523],
					[492.4303977],
					[535.078125],
					[567.0639205]
				],
				"y": [
					[344.3473011],
					[294.5916193],
					[254.9055398],
					[211.665483],
					[167.240767],
					[134.662642],
					[97.34588068],
					[75.4296875],
					[59.43678977],
					[48.18252841],
					[41.07457386],
					[31.59730114],
					[27.45099432],
					[23.89701705],
					[22.12002841],
					[20.93536932],
					[20.93536932]
				]
			}
		],
		"plotpos": [103.2698864,16.19673295,464.3863636,331.7045455],
		"xax": {
			"titlepos": [187.9730114,388.1796875,295.5724432,27.83948864],
			"minpos": [94.97727273,358.5632102,19.546875,21.32386364],
			"maxpos": [558.1789773,356.7862216,25.47017045,26.0625],
			"type": 1
		},
		"yax": {
			"titlepos": [1.389204545,159.540483,29.02414773,46.79403409],
			"minpos": [74.24573864,336.0546875,16.58522727,22.50852273],
			"maxpos": [71.28409091,7.311789773,22.50852273,18.95454545],
			"type": 1
		}
	}
}
