{
	"data": {
		"imagename": "00120-10.1.1.43.5263-Figure-2",
		"difficult": 0,
		"curves": [
			{
				"name": "FULL DPLL WITHOUT MEMO",
				"labelposition": [316.4474432,23.71803977,256.7642045,20.94176136],
				"symbolposition": [578.6747159,30.09161932,42.79403409,11.83664773],
				"x": [
					[107.0298295],
					[169.8551136],
					[230.859375],
					[292.7741477],
					[352.8678977],
					[414.7826705]
				],
				"y": [
					[526.3203125],
					[457.1214489],
					[391.5646307],
					[329.649858],
					[267.7350852],
					[212.193892]
				]
			},
			{
				"name": "MODIFIED DPLL WITH MEMO",
				"labelposition": [314.6264205,43.74928977,258.5852273,19.12073864],
				"symbolposition": [581.40625,48.30184659,37.33096591,11.83664773],
				"x": [
					[109.7613636],
					[135.2556818],
					[170.765625],
					[198.9914773],
					[262.7272727],
					[324.6420455],
					[382.0042614],
					[446.6505682]
				],
				"y": [
					[546.3515625],
					[537.2464489],
					[514.4836648],
					[496.2734375],
					[457.1214489],
					[418.8799716],
					[383.3700284],
					[342.397017]
				]
			},
			{
				"name": "MODIFIED DPLL WITH MEMO & LRU CACHE",
				"labelposition": [184.4232955,60.13849432,390.609375,23.67329545],
				"symbolposition": [580.4957386,66.51207386,40.97301136,12.74715909],
				"x": [
					[107.9403409],
					[135.2556818],
					[198.0809659],
					[264.5482955],
					[351.046875],
					[413.8721591],
					[444.8295455],
					[474.8764205],
					[504.9232955],
					[537.7017045],
					[600.5269886]
				],
				"y": [
					[545.4410511],
					[537.2464489],
					[497.1839489],
					[457.1214489],
					[401.5802557],
					[364.2492898],
					[341.4865057],
					[310.5291193],
					[284.1242898],
					[258.6299716],
					[217.6569602]
				]
			}
		],
		"plotpos": [105.2088068,14.61292614,523.5440341,579.0852273],
		"xax": {
			"titlepos": [301.8792614,621.0134943,134.7556818,18.21022727],
			"minpos": [94.28267045,600.9822443,24.58380682,22.76278409],
			"maxpos": [616.0056818,603.7137784,24.58380682,17.29971591],
			"type": 1
		},
		"yax": {
			"titlepos": [1.410511364,212.193892,26.40482955,188.4758523],
			"minpos": [50.578125,477.1526989,45.52556818,21.85227273],
			"maxpos": [53.30965909,2.776278409,46.43607955,20.03125],
			"type": 2
		}
	}
}
