{
	"data": {
		"imagename": "00124-10.1.1.4.9606-Figure-6",
		"difficult": 0,
		"curves": [
			{
				"name": "Baseline (Al + p)",
				"labelposition": [76.28551136,344.568892,149.0085227,22.29261364],
				"symbolposition": [29.94034091,349.8487216,47.51846591,9.973011364],
				"x": [
					[80.97869318],
					[458.7798295]
				],
				"y": [
					[204.946733],
					[204.946733]
				]
			},
			{
				"name": "2K sentences",
				"labelposition": [76.28551136,376.2478693,121.4360795,18.18607955],
				"symbolposition": [27.59375,376.2478693,48.10511364,13.49289773],
				"x": [
					[79.80539773],
					[268.1193182],
					[456.4332386]
				],
				"y": [
					[211.9865057],
					[156.8416193],
					[160.3615057]
				]
			},
			{
				"name": "10K sentences",
				"labelposition": [316.2244318,341.6356534,128.4758523,25.22585227],
				"symbolposition": [265.1860795,348.6754261,51.03835227,9.973011364],
				"x": [
					[81.56534091],
					[177.1889205],
					[267.5326705],
					[456.4332386]
				],
				"y": [
					[202.600142],
					[151.5617898],
					[145.6953125],
					[147.4552557]
				]
			},
			{
				"name": "50K sentences",
				"labelposition": [315.6377841,373.9012784,127.3025568,21.70596591],
				"symbolposition": [266.9460227,377.4211648,49.27840909,11.14630682],
				"x": [
					[79.80539773],
					[172.4957386],
					[265.1860795]
				],
				"y": [
					[202.600142],
					[149.2151989],
					[143.9353693]
				]
			}
		],
		"plotpos": [79.80539773,83.51065341,378.9744318,161.9147727],
		"xax": {
			"titlepos": [218.8409091,300.5703125,104.4232955,27.57244318],
			"minpos": [66.89914773,265.3714489,23.46590909,25.8125],
			"maxpos": [441.7670455,266.5447443,28.74573864,24.63920455],
			"type": 1
		},
		"yax": {
			"titlepos": [1.78125,99.93678977,32.265625,133.1690341],
			"minpos": [38.74005682,237.7990057,30.50568182,24.05255682],
			"maxpos": [31.11363636,73.53764205,36.37215909,18.77272727],
			"type": 1
		}
	}
}
