{
	"data": {
		"imagename": "00122-10.1.1.3.7356-Figure-8",
		"difficult": 0,
		"curves": [
			{
				"name": "BoostMap",
				"labelposition": [444.7047435,21.43998064,116.9419167,29.09002904],
				"symbolposition": [392.3426912,25.5125847,45.3804453,18.03581801],
				"x": [
					[60.71636012],
					[136.3504356],
					[207.3301065],
					[282.964182],
					[355.6892546],
					[430.7415295],
					[505.7938045],
					[577.9370765]
				],
				"y": [
					[111.6190707],
					[104.6374637],
					[140.7090997],
					[165.7265247],
					[183.1805421],
					[182.5987415],
					[184.3441433],
					[198.8891578]
				]
			},
			{
				"name": "FastMap",
				"labelposition": [447.6137464,50.53000968,98.32429816,27.92642788],
				"symbolposition": [392.3426912,48.78460794,50.03484995,22.69022265],
				"x": [
					[54.89835431],
					[129.3688287],
					[204.4211036],
					[282.3823814],
					[358.5982575],
					[428.4143272],
					[504.6302033],
					[579.6824782]
				],
				"y": [
					[34.23959342],
					[47.0392062],
					[35.98499516],
					[108.1282672],
					[157.5813166],
					[171.5445305],
					[186.089545],
					[198.3073572]
				]
			},
			{
				"name": "Bourgain",
				"labelposition": [447.6137464,76.71103582,101.8151016,26.18102614],
				"symbolposition": [394.0880929,81.94724105,48.28944821,16.29041626],
				"x": [
					[60.13455954],
					[207.3301065],
					[294.6001936],
					[355.6892546],
					[401.0696999],
					[439.4685382],
					[474.3765731],
					[504.6302033],
					[529.6476283]
				],
				"y": [
					[92.4196515],
					[133.7274927],
					[123.2550823],
					[152.9269119],
					[106.964666],
					[173.8717328],
					[111.6190707],
					[145.9453049],
					[158.7449177]
				]
			}
		],
		"plotpos": [58.97095837,17.94917715,527.1113262,210.0300097],
		"xax": {
			"titlepos": [202.6757018,258.232817,242.0290416,21.52662149],
			"minpos": [54.31655373,236.7061955,11.05421104,18.03581801],
			"maxpos": [554.0832527,233.2153921,44.21684414,25.59922556],
			"type": 1
		},
		"yax": {
			"titlepos": [0.7909002904,2.240561471,28.50822846,246.1016457],
			"minpos": [38.02613746,217.5067764,18.61761859,22.69022265],
			"maxpos": [28.71732817,30.16698935,26.18102614,25.59922556],
			"type": 1
		}
	}
}
