{
	"data": {
		"imagename": "00139-10.1.1.398.3612-Figure-3",
		"difficult": 0,
		"curves": [
			{
				"name": "Tsukuba",
				"labelposition": [387.7076476,125.1815102,70.75314618,19.89932236],
				"symbolposition": [341.2758955,126.2870281,42.5624395,15.47725073],
				"x": [
					[57.71055179],
					[77.60987415],
					[93.08712488],
					[112.9864472],
					[126.8054211],
					[147.8102614],
					[164.945789],
					[182.0813166],
					[199.7696031],
					[232.3823814],
					[282.6834463]
				],
				"y": [
					[241.8136496],
					[160.0053243],
					[111.3625363],
					[77.64424008],
					[55.5338819],
					[36.74007744],
					[27.34317522],
					[24.57938045],
					[20.71006776],
					[19.60454985],
					[19.60454985]
				]
			},
			{
				"name": "Map",
				"labelposition": [389.3659245,144.5280736,36.482091,21.55759923],
				"symbolposition": [341.2758955,150.0556631,44.77347531,11.05517909],
				"x": [
					[58.26331075],
					[68.21297193],
					[75.39883833],
					[91.98160697],
					[113.5392062],
					[153.3378509],
					[200.3223621],
					[557.4046467]
				],
				"y": [
					[228.5474347],
					[138.4477251],
					[57.74491772],
					[28.44869313],
					[24.57938045],
					[21.81558567],
					[19.60454985],
					[20.71006776]
				]
			},
			{
				"name": "Sawtooth",
				"labelposition": [388.8131655,166.0856728,76.83349468,19.34656341],
				"symbolposition": [345.6979671,173.2715392,37.03484995,8.291384318],
				"x": [
					[59.92158761],
					[77.60987415],
					[94.74540174],
					[110.2226525],
					[128.463698],
					[163.2875121],
					[198.6640852],
					[230.7241045],
					[285.447241],
					[387.7076476]
				],
				"y": [
					[262.2657309],
					[136.2366893],
					[89.80493708],
					[63.82526621],
					[47.79525653],
					[30.65972894],
					[22.36834463],
					[22.36834463],
					[19.60454985],
					[20.71006776]
				]
			},
			{
				"name": "Venus",
				"labelposition": [386.0493708,187.643272,55.8286544,19.89932236],
				"symbolposition": [345.6979671,192.6181026,35.37657309,10.50242014],
				"x": [
					[58.8160697],
					[66.55469506],
					[75.39883833],
					[91.42884802],
					[111.3281704],
					[128.463698],
					[161.0764763],
					[198.1113262],
					[232.3823814],
					[265.5479187],
					[301.4772507],
					[336.3010649],
					[384.3910939]
				],
				"y": [
					[291.5619555],
					[255.6326234],
					[205.8843175],
					[167.7439497],
					[143.4225557],
					[121.8649564],
					[86.48838335],
					[59.95595353],
					[40.05663117],
					[25.68489835],
					[21.26282672],
					[20.15730881],
					[20.71006776]
				]
			}
		],
		"plotpos": [60.47434656,7.99661181,498.035818,332.2081317],
		"xax": {
			"titlepos": [217.4578896,365.6316554,178.5411423,19.89932236],
			"minpos": [57.15779284,347.3906099,6.633107454,14.37173282],
			"maxpos": [545.2439497,344.6268151,24.87415295,18.2410455],
			"type": 1
		},
		"yax": {
			"titlepos": [1.881897386,92.01597289,28.74346563,158.089061],
			"minpos": [38.91674734,330.2550823,17.68828654,19.34656341],
			"maxpos": [43.89157793,9.654888674,10.50242014,21.00484027],
			"type": 1
		}
	}
}
