{
	"data": {
		"imagename": "00131-10.1.1.147.3108-Figure-3",
		"difficult": 0,
		"curves": [
			{
				"name": "Qpipeline",
				"labelposition": [501.8394886,294.1995739,70.79403409,22.32244318],
				"symbolposition": [578.3735795,299.3018466,54.21164773,10.20454545],
				"x": [
					[107.6889205],
					[113.4289773],
					[122.9957386],
					[127.4602273],
					[139.578125],
					[149.1448864],
					[154.8849432],
					[159.9872159],
					[166.3650568],
					[174.0184659],
					[184.8607955],
					[192.5142045],
					[200.1676136],
					[207.1832386],
					[214.1988636],
					[216.1122159],
					[219.3011364],
					[230.78125],
					[237.796875],
					[248.6392045],
					[255.0170455],
					[262.6704545],
					[270.9616477],
					[276.0639205],
					[280.5284091],
					[286.90625],
					[293.921875],
					[302.8508523],
					[307.3153409],
					[316.2443182],
					[321.3465909],
					[327.7244318],
					[332.8267045],
					[341.7556818],
					[346.8579545],
					[357.7002841],
					[363.4403409],
					[371.7315341],
					[378.7471591],
					[386.4005682],
					[388.9517045],
					[400.4318182]
				],
				"y": [
					[391.7805398],
					[372.647017],
					[348.4112216],
					[318.4353693],
					[290.3728693],
					[250.1924716],
					[250.1924716],
					[239.9879261],
					[234.8856534],
					[202.3586648],
					[196.618608],
					[177.4850852],
					[176.209517],
					[157.0759943],
					[166.0049716],
					[150.6981534],
					[154.524858],
					[125.8245739],
					[128.3757102],
					[114.9822443],
					[120.084517],
					[104.1399148],
					[107.3288352],
					[102.2265625],
					[104.7776989],
					[95.84872159],
					[95.84872159],
					[70.97514205],
					[81.81747159],
					[74.1640625],
					[81.1796875],
					[49.92826705],
					[65.23508523],
					[52.47940341],
					[54.39275568],
					[40.36150568],
					[43.55042614],
					[35.25923295],
					[37.17258523],
					[32.0703125],
					[38.44815341],
					[27.60582386]
				]
			},
			{
				"name": "Qsegment",
				"labelposition": [496.0994318,313.3330966,72.70738636,20.40909091],
				"symbolposition": [575.8224432,318.4353693,56.76278409,8.928977273],
				"x": [
					[110.2400568],
					[113.4289773],
					[122.9957386],
					[128.0980114],
					[137.6647727],
					[145.3181818],
					[149.1448864],
					[154.8849432],
					[166.3650568],
					[175.2940341],
					[179.7585227],
					[184.8607955],
					[193.1519886],
					[198.8920455],
					[208.4588068],
					[211.6477273],
					[216.1122159],
					[221.8522727],
					[225.6789773],
					[232.6946023],
					[244.1747159],
					[248.0014205],
					[263.9460227],
					[269.6860795],
					[273.5127841],
					[278.6150568],
					[286.90625],
					[289.4573864],
					[299.0241477],
					[306.6775568],
					[317.5198864],
					[323.2599432],
					[325.8110795],
					[331.5511364],
					[337.2911932],
					[344.9446023],
					[348.1335227],
					[351.9602273],
					[358.9758523],
					[363.4403409],
					[369.1803977],
					[376.8338068],
					[383.2116477],
					[388.9517045],
					[396.6051136],
					[400.4318182],
					[405.5340909],
					[411.2741477],
					[421.4786932],
					[427.21875],
					[432.3210227],
					[434.8721591],
					[439.9744318],
					[446.3522727],
					[454.0056818],
					[463.5724432],
					[469.3125],
					[473.1392045],
					[488.4460227],
					[494.1860795],
					[505.6661932]
				],
				"y": [
					[393.693892],
					[371.3714489],
					[350.3245739],
					[320.3487216],
					[294.1995739],
					[289.7350852],
					[251.4680398],
					[250.1924716],
					[236.7990057],
					[228.5078125],
					[215.7521307],
					[217.665483],
					[213.8387784],
					[192.7919034],
					[191.5163352],
					[197.256392],
					[178.1228693],
					[187.0518466],
					[185.1384943],
					[177.4850852],
					[179.3984375],
					[166.0049716],
					[164.7294034],
					[156.4382102],
					[158.3515625],
					[144.9580966],
					[145.5958807],
					[137.9424716],
					[144.9580966],
					[127.7379261],
					[120.084517],
					[133.477983],
					[108.6044034],
					[99.67542614],
					[102.2265625],
					[97.76207386],
					[111.7933239],
					[90.10866477],
					[86.28196023],
					[93.29758523],
					[75.43963068],
					[68.42400568],
					[81.1796875],
					[60.77059659],
					[58.85724432],
					[74.80184659],
					[69.69957386],
					[52.47940341],
					[46.1015625],
					[51.84161932],
					[44.18821023],
					[53.75497159],
					[37.81036932],
					[46.1015625],
					[35.89701705],
					[34.62144886],
					[44.82599432],
					[33.34588068],
					[31.43252841],
					[33.34588068],
					[27.60582386]
				]
			},
			{
				"name": "Quniform",
				"labelposition": [501.8394886,331.1910511,69.51846591,22.96022727],
				"symbolposition": [577.0980114,337.568892,56.76278409,9.566761364],
				"x": [
					[126.1846591],
					[128.0980114],
					[140.8536932],
					[145.3181818],
					[150.4204545],
					[158.7116477],
					[162.5383523],
					[170.1917614],
					[174.0184659],
					[179.7585227],
					[190.6008523],
					[196.3409091],
					[198.8920455],
					[205.9076705],
					[212.2855114],
					[223.1278409],
					[226.3167614],
					[235.8835227],
					[244.8125],
					[250.5525568],
					[259.4815341],
					[266.4971591],
					[269.6860795],
					[279.890625],
					[285.6306818],
					[288.8196023],
					[297.1107955],
					[306.6775568],
					[316.2443182],
					[327.7244318],
					[337.9289773],
					[344.3068182],
					[349.4090909],
					[353.8735795],
					[360.2514205],
					[364.078125],
					[369.1803977],
					[373.6448864],
					[383.2116477],
					[394.6917614],
					[399.7940341],
					[403.6207386],
					[409.9985795],
					[415.7386364],
					[425.3053977],
					[432.9588068],
					[436.7855114],
					[442.5255682],
					[446.3522727],
					[453.3678977],
					[457.1946023],
					[465.4857955],
					[468.6747159],
					[475.0525568],
					[483.9815341],
					[501.8394886],
					[506.9417614],
					[514.5951705],
					[526.7130682],
					[530.5397727],
					[543.9332386],
					[552.2244318],
					[558.6022727],
					[564.3423295],
					[575.8224432],
					[583.4758523]
				],
				"y": [
					[390.5049716],
					[378.3870739],
					[357.977983],
					[354.1512784],
					[332.4666193],
					[305.0419034],
					[315.2464489],
					[280.1683239],
					[303.1285511],
					[291.6484375],
					[291.6484375],
					[252.1058239],
					[257.8458807],
					[245.727983],
					[247.0035511],
					[227.8700284],
					[241.2634943],
					[217.0276989],
					[216.3899148],
					[206.8231534],
					[219.5788352],
					[202.3586648],
					[192.7919034],
					[204.272017],
					[185.7762784],
					[181.3117898],
					[192.7919034],
					[171.7450284],
					[177.4850852],
					[178.1228693],
					[156.4382102],
					[160.2649148],
					[153.2492898],
					[130.2890625],
					[146.8714489],
					[137.9424716],
					[137.9424716],
					[124.5490057],
					[127.7379261],
					[97.12428977],
					[99.67542614],
					[90.10866477],
					[95.2109375],
					[88.83309659],
					[85.64417614],
					[77.99076705],
					[81.1796875],
					[72.88849432],
					[76.71519886],
					[63.95951705],
					[63.95951705],
					[56.94389205],
					[67.78622159],
					[55.03053977],
					[54.39275568],
					[40.99928977],
					[46.1015625],
					[43.55042614],
					[37.17258523],
					[40.36150568],
					[42.91264205],
					[34.62144886],
					[42.91264205],
					[35.25923295],
					[32.70809659],
					[30.15696023]
				]
			},
			{
				"name": "Qrandom",
				"labelposition": [503.1150568,349.6867898,70.79403409,21.68465909],
				"symbolposition": [577.0980114,356.0646307,53.57386364,8.928977273],