{
	"data": {
		"imagename": "00132-10.1.1.164.5817-Figure-5",
		"difficult": 0,
		"curves": [
			{
				"name": "segmentation accuracy",
				"labelposition": [347.6917614,329.459517,154.3181818,15.15625],
				"symbolposition": [322.890625,330.1484375,24.80113636,9.644886364],
				"x": [
					[102.4360795],
					[150.6605114],
					[249.1761364],
					[297.4005682],
					[345.625],
					[395.2272727],
					[444.140625],
					[491.6761364],
					[540.5894886]
				],
				"y": [
					[97.98224432],
					[54.58025568],
					[35.97940341],
					[31.84588068],
					[31.15696023],
					[29.77911932],
					[31.15696023],
					[32.53480114],
					[31.15696023]
				]
			},
			{
				"name": "overall accuracy",
				"labelposition": [347.6917614,361.149858,110.9161932,14.46732955],
				"symbolposition": [318.7571023,362.5276989,28.24573864,7.578125],
				"x": [
					[101.0582386],
					[149.9715909],
					[198.1960227],
					[247.109375],
					[297.4005682],
					[345.625],
					[392.4715909],
					[444.8295455],
					[489.609375],
					[541.2784091]
				],
				"y": [
					[381.1285511],
					[304.6583807],
					[292.2578125],
					[280.5461648],
					[269.5234375],
					[265.3899148],
					[261.9453125],
					[261.256392],
					[264.0120739],
					[260.5674716]
				]
			}
		],
		"plotpos": [78.32386364,9.800426136,482.9332386,407.1519886],
		"xax": {
			"titlepos": [207.1519886,461.7322443,248.0113636,19.97869318],
			"minpos": [90.72443182,430.0419034,18.60085227,17.91193182],
			"maxpos": [528.8778409,430.0419034,19.97869318,15.15625],
			"type": 1
		},
		"yax": {
			"titlepos": [5.298295455,184.0973011,19.28977273,75.09232955],
			"minpos": [40.43323864,409.3742898,29.62357955,17.91193182],
			"maxpos": [32.85511364,27.0234375,34.44602273,21.35653409],
			"type": 1
		}
	}
}
