{
	"data": {
		"imagename": "00138-10.1.1.374.4400-Figure-3",
		"difficult": 0,
		"curves": [
			{
				"name": "System SV2",
				"labelposition": [500.65625,17.05326705,70.75710227,14.28125],
				"symbolposition": [575.9573864,20.29900568,41.54545455,7.789772727],
				"x": [
					[57.9375],
					[85.85085227],
					[114.4133523],
					[146.8707386],
					[176.7315341],
					[207.2414773],
					[235.8039773],
					[268.2613636],
					[296.8238636],
					[326.6846591],
					[356.5454545],
					[387.0553977],
					[416.9161932],
					[447.4261364],
					[479.234375],
					[507.796875],
					[541.5525568],
					[569.4659091],
					[597.3792614],
					[627.2400568]
				],
				"y": [
					[366.2947443],
					[314.3629261],
					[163.7606534],
					[133.899858],
					[111.8288352],
					[115.0745739],
					[135.8473011],
					[122.2151989],
					[130.0049716],
					[98.84588068],
					[91.70525568],
					[72.23082386],
					[106.6356534],
					[100.7933239],
					[100.1441761],
					[88.45951705],
					[89.7578125],
					[83.91548295],
					[89.7578125],
					[51.45809659]
				]
			},
			{
				"name": "MFC SV2",
				"labelposition": [512.3409091,30.03622159,57.77414773,13.63210227],
				"symbolposition": [573.3607955,33.93110795,40.89630682,8.438920455],
				"x": [
					[58.58664773],
					[87.14914773],
					[116.3607955],
					[145.5724432],
					[176.7315341],
					[205.9431818],
					[238.4005682],
					[266.9630682],
					[296.8238636],
					[326.6846591],
					[358.4928977],
					[385.7571023],
					[416.9161932],
					[448.0752841],
					[477.2869318],
					[504.5511364],
					[537.0085227],
					[568.8167614],
					[598.0284091],
					[627.2400568]
				],
				"y": [
					[374.084517],
					[281.256392],
					[303.3274148],
					[276.712358],
					[84.56463068],
					[184.5333807],
					[216.3416193],
					[184.5333807],
					[204.0078125],
					[165.0589489],
					[159.2166193],
					[167.006392],
					[194.2705966],
					[168.9538352],
					[85.86292614],
					[91.05610795],
					[136.4964489],
					[119.618608],
					[132.6015625],
					[104.0390625]
				]
			}
		],
		"plotpos": [57.28835227,13.15838068,570.6008523,399.875],
		"xax": {
			"titlepos": [313.0525568,439.6484375,66.21306818,14.93039773],
			"minpos": [53.39346591,420.1740057,14.28125,14.28125],
			"maxpos": [616.2045455,421.4723011,14.28125,12.33380682],
			"type": 1
		},
		"yax": {
			"titlepos": [0.1633522727,204.6569602,22.72017045,17.52698864],
			"minpos": [31.32244318,409.1384943,21.421875,12.98295455],
			"maxpos": [30.67329545,4.719460227,21.421875,15.57954545],
			"type": 1
		}
	}
}
