{
	"data": {
		"imagename": "00133-10.1.1.182.9583-Figure-3",
		"difficult": 0,
		"curves": [
			{
				"name": "NMF",
				"labelposition": [603.6205227,164.2483059,37.67473379,16.23910939],
				"symbolposition": [565.2962246,164.2483059,38.32429816,14.29041626],
				"x": [
					[137.2333011],
					[211.2836399],
					[287.9322362],
					[361.3330106],
					[436.0329138],
					[512.0319458]
				],
				"y": [
					[188.9317522],
					[152.5561471],
					[136.9666021],
					[131.1205227],
					[131.1205227],
					[101.8901258]
				]
			},
			{
				"name": "ONMF",
				"labelposition": [602.321394,192.1795741,44.81994192,16.23910939],
				"symbolposition": [565.2962246,193.4787028,36.37560503,11.04259439],
				"x": [
					[136.5837367],
					[209.3349468],
					[286.6331075],
					[360.0338819],
					[434.0842207],
					[512.0319458]
				],
				"y": [
					[194.7778316],
					[144.7613746],
					[136.9666021],
					[123.3257502],
					[86.95014521],
					[66.81364956]
				]
			},
			{
				"name": "LPNMF",
				"labelposition": [602.9709584,218.8117135,52.61471442,18.83736689],
				"symbolposition": [565.945789,218.1621491,36.37560503,14.93998064],
				"x": [
					[136.5837367],
					[211.2836399],
					[287.9322362],
					[360.0338819],
					[437.3320426],
					[507.4849952]
				],
				"y": [
					[154.5048403],
					[131.7700871],
					[125.9240077],
					[125.9240077],
					[92.79622459],
					[59.01887706]
				]
			}
		],
		"plotpos": [98.25943853,23.2928364,449.4985479,285.8083253],
		"xax": {
			"titlepos": [277.5392062,357.1689255,85.74249758,19.48693127],
			"minpos": [123.5924492,325.9898354,25.33301065,18.18780252],
			"maxpos": [498.3910939,325.9898354,25.33301065,16.88867377],
			"type": 1
		},
		"yax": {
			"titlepos": [24.85866409,135.6674734,26.6321394,64.30687318],
			"minpos": [72.2768635,303.2550823,17.53823814,17.53823814],
			"maxpos": [57.33688287,14.19893514,29.2303969,17.53823814],
			"type": 1
		}
	}
}
