{
	"data": {
		"imagename": "00152-10.1.1.178.9802-Figure-3",
		"difficult": 0,
		"curves": [
			{
				"name": "VE",
				"labelposition": [157.109375,19.7578125,30.8125,18.125],
				"symbolposition": [195.625,22.0234375,61.171875,14.953125],
				"x": [
					[117.6875],
					[138.53125],
					[173.421875],
					[208.765625],
					[244.109375],
					[278.546875]
				],
				"y": [
					[248.5859375],
					[249.0390625],
					[244.0546875],
					[231.8203125],
					[193.7578125],
					[26.5546875]
				]
			},
			{
				"name": "FOVE",
				"labelposition": [125.390625,37.8828125,62.984375,21.75],
				"symbolposition": [194.265625,41.5078125,59.359375,17.21875],
				"x": [
					[135.359375],
					[172.515625],
					[211.03125],
					[244.5625],
					[278.546875],
					[317.96875],
					[351.953125],
					[387.75]
				],
				"y": [
					[247.2265625],
					[244.9609375],
					[243.6015625],
					[239.5234375],
					[238.6171875],
					[229.1015625],
					[185.6015625],
					[38.7890625]
				]
			},
			{
				"name": "C-FOVE",
				"labelposition": [105.453125,59.1796875,82.46875,22.203125],
				"symbolposition": [196.078125,62.8046875,58,15.40625],
				"x": [
					[134.90625],
					[172.96875],
					[209.21875],
					[242.75],
					[281.265625],
					[316.609375],
					[351.5],
					[386.390625],
					[423.546875]
				],
				"y": [
					[249.9453125],
					[248.5859375],
					[242.6953125],
					[239.5234375],
					[239.5234375],
					[241.3359375],
					[224.1171875],
					[236.8046875],
					[231.8203125]
				]
			}
		],
		"plotpos": [98.203125,15.6796875,324.890625,236.984375],
		"xax": {
			"titlepos": [110.890625,292.9921875,299.96875,22.65625],
			"minpos": [94.125,263.9921875,16.765625,22.203125],
			"maxpos": [414.9375,262.1796875,24.921875,24.015625],
			"type": 1
		},
		"yax": {
			"titlepos": [1.234375,44.2265625,26.734375,182.609375],
			"minpos": [74.640625,242.6953125,13.140625,19.484375],
			"maxpos": [49.71875,3.4453125,38.0625,21.75],
			"type": 1
		}
	}
}
