{
	"data": {
		"imagename": "00154-10.1.1.152.9748-Figure-2",
		"difficult": 0,
		"curves": [
			{
				"name": "our method",
				"labelposition": [305.703125,256.7464489,94.33948864,18.35795455],
				"symbolposition": [403.6122159,259.2961648,60.17329545,12.74857955],
				"x": [
					[103.2556818],
					[142.5213068],
					[182.296875],
					[234.3110795],
					[274.5965909],
					[312.8423295],
					[405.1420455],
					[478.5738636]
				],
				"y": [
					[203.2024148],
					[138.9495739],
					[74.18678977],
					[48.1796875],
					[49.19957386],
					[42.06036932],
					[32.37144886],
					[26.76207386]
				]
			},
			{
				"name": "baseline",
				"labelposition": [331.2002841,274.084517,67.82244318,17.84801136],
				"symbolposition": [405.1420455,277.6541193,55.07386364,11.21875],
				"x": [
					[103.2556818],
					[142.5213068],
					[181.2769886],
					[233.8011364],
					[273.5767045],
					[310.2926136],
					[365.3664773],
					[403.6122159],
					[445.4275568],
					[480.1036932]
				],
				"y": [
					[295.5021307],
					[230.2294034],
					[138.9495739],
					[160.3671875],
					[131.3004261],
					[139.459517],
					[102.2336648],
					[87.95525568],
					[85.40553977],
					[72.14701705]
				]
			}
		],
		"plotpos": [103.2556818,14.01349432,377.3579545,281.4886364],
		"xax": {
			"titlepos": [127.2230114,336.2975852,334.0127841,19.88778409],
			"minpos": [127.7329545,304.1711648,31.61647727,23.96732955],
			"maxpos": [395.9630682,307.740767,20.39772727,17.84801136],
			"type": 2
		},
		"yax": {
			"titlepos": [-0.2627840909,100.7038352,33.14630682,109.6377841],
			"minpos": [52.26136364,286.3231534,44.36505682,20.90767045],
			"maxpos": [53.79119318,3.3046875,41.81534091,24.47727273],
			"type": 1
		}
	}
}
