{
	"data": {
		"imagename": "00157-10.1.1.386.6332-Figure-7",
		"difficult": 0,
		"curves": [
			{
				"name": "SHEM",
				"labelposition": [232.893514,7.968538238,47.31364956,16.14230397],
				"symbolposition": [181.6834463,9.638431752,50.65343659,10.57599226],
				"x": [
					[73.69699903],
					[129.3601162],
					[155.5217812],
					[183.909971],
					[236.2333011],
					[262.9515973],
					[288.5566312],
					[343.106486],
					[367.0416263],
					[394.8731849],
					[478.9244918],
					[503.4162633],
					[529.5779284]
				],
				"y": [
					[104.8223621],
					[103.7090997],
					[109.8320426],
					[94.80300097],
					[96.47289448],
					[97.02952565],
					[88.68005808],
					[108.1621491],
					[96.47289448],
					[94.80300097],
					[94.80300097],
					[88.12342691],
					[94.80300097]
				]
			},
			{
				"name": "BHEM",
				"labelposition": [340.3233301,3.515488867,47.87028074,21.70861568],
				"symbolposition": [292.4530494,8.525169409,47.31364956,13.91577928],
				"x": [
					[72.02710552],
					[100.4152953],
					[127.1335915],
					[153.8518877],
					[181.1268151],
					[207.2884802],
					[232.893514],
					[261.8383349],
					[291.339787],
					[314.1616651],
					[366.4849952],
					[395.4298161],
					[420.4782188],
					[445.5266215],
					[474.4714424],
					[503.4162633],
					[531.2478219]
				],
				"y": [
					[172.1747338],
					[142.1166505],
					[140.446757],
					[83.67037754],
					[152.6926428],
					[139.8901258],
					[148.2395934],
					[148.2395934],
					[158.2589545],
					[133.2105518],
					[167.7216844],
					[159.928848],
					[191.1001936],
					[194.4399806],
					[147.1263311],
					[173.8446273],
					[107.0488867]
				]
			}
		],
		"plotpos": [55.32817038,48.60261375,513.7705712,227.6621491],
		"xax": {
			"titlepos": [272.4143272,315.785576,86.27783156,16.14230397],
			"minpos": [65.90416263,288.5106486,14.47241045,18.36882865],
			"maxpos": [518.4453049,290.1805421,21.70861568,16.69893514],
			"type": 1
		},
		"yax": {
			"titlepos": [2.4482091,59.73523717,20.59535334,211.5198451],
			"minpos": [24.71345595,269.5851888,21.15198451,15.02904163],
			"maxpos": [23.04356244,39.13988383,25.04840271,18.92545983],
			"type": 1
		}
	}
}
