{
	"data": {
		"imagename": "00159-10.1.1.118.957-Figure-13",
		"difficult": 0,
		"curves": [
			{
				"name": "PCA 20 Rotate 5",
				"labelposition": [443.5430784,103.6839303,147.3862536,18.86544046],
				"symbolposition": [394.0212972,103.6839303,49.52178122,15.91771539],
				"x": [
					[75.66698935],
					[79.20425944],
					[78.61471442],
					[85.6892546],
					[108.0919652],
					[198.8818974],
					[330.9399806],
					[441.7744434]
				],
				"y": [
					[286.4428848],
					[117.2434656],
					[71.84849952],
					[48.26669894],
					[34.7071636],
					[28.81171346],
					[24.09535334],
					[16.43126815]
				]
			},
			{
				"name": "SIFT Rotate 5",
				"labelposition": [443.5430784,131.392546,126.7521781,19.45498548],
				"symbolposition": [393.4317522,131.392546,51.87996128,14.73862536],
				"x": [
					[76.84607938],
					[79.20425944],
					[83.92061955],
					[86.27879961],
					[105.7337851],
					[135.2110358],
					[175.8896418],
					[232.4859632],
					[289.6718296],
					[416.4240077]
				],
				"y": [
					[259.9133591],
					[95.4303001],
					[50.03533398],
					[28.81171346],
					[19.96853824],
					[18.78944821],
					[18.78944821],
					[16.43126815],
					[17.61035818],
					[12.89399806]
				]
			},
			{
				"name": "PCA 20 Rotate 10",
				"labelposition": [443.5430784,157.9220716,156.8189739,17.68635044],
				"symbolposition": [392.2526621,159.6907067,50.70087125,12.3804453],
				"x": [
					[83.33107454],
					[83.92061955],
					[86.86834463],
					[93.9428848],
					[110.4501452],
					[140.5169409],
					[247.2245886],
					[359.8276864],
					[415.2449177],
					[435.8789932]
				],
				"y": [
					[310.0246854],
					[275.8310745],
					[245.7642788],
					[229.8465634],
					[205.6752178],
					[182.6829622],
					[140.2357212],
					[104.8630203],
					[81.28121975],
					[65.36350436]
				]
			},
			{
				"name": "SIFT Rotate 10",
				"labelposition": [444.7221684,183.2725073,133.2371733,18.86544046],
				"symbolposition": [391.6631171,183.8620523,53.64859632,17.09680542],
				"x": [
					[108.6815102],
					[106.3233301],
					[105.7337851],
					[113.3978703],
					[126.3678606],
					[140.5169409],
					[163.5091965],
					[196.5237173],
					[261.3736689],
					[335.0667957],
					[384.588577],
					[431.1626331]
				],
				"y": [
					[299.4128751],
					[241.0479187],
					[199.7797677],
					[147.3102614],
					[91.89303001],
					[65.36350436],
					[43.55033882],
					[30.5803485],
					[19.96853824],
					[17.02081317],
					[14.66263311],
					[12.89399806]
				]
			}
		],
		"plotpos": [75.07744434,15.25217812,372.0029042,296.5411423],
		"xax": {
			"titlepos": [203.5982575,360.7255566,117.3194579,21.81316554],
			"minpos": [65.05517909,331.2483059,22.99225557,18.86544046],
			"maxpos": [441.1848984,328.3005808,14.73862536,26.52952565],
			"type": 1
		},
		"yax": {
			"titlepos": [4.332042594,129.6239109,23.58180058,64.26040658],
			"minpos": [47.36882865,298.8233301,17.68635044,25.35043562],
			"maxpos": [46.77928364,2.282187803,18.86544046,20.63407551],
			"type": 1
		}
	}
}
