{
	"data": {
		"imagename": "00175-10.1.1.153.3551-Figure-6",
		"difficult": 0,
		"curves": [
			{
				"name": "Manual",
				"labelposition": [118.8664773,395.5475852,81.34517045,28.99431818],
				"symbolposition": [76.98579545,399.5745739,43.49147727,19.32954545],
				"x": [
					[106.7855114],
					[116.4502841],
					[123.6988636],
					[134.1690341],
					[141.4176136],
					[151.8877841],
					[198.6008523],
					[227.5951705],
					[250.9517045],
					[254.1732955],
					[341.9616477],
					[366.1235795],
					[399.9502841],
					[426.5284091],
					[448.2741477],
					[474.8522727],
					[524.7869318],
					[565.8622159]
				],
				"y": [
					[16.20525568],
					[58.89133523],
					[62.11292614],
					[83.05326705],
					[87.08025568],
					[112.0475852],
					[133.7933239],
					[181.3117898],
					[204.6683239],
					[233.662642],
					[300.5106534],
					[339.1697443],
					[377.8288352],
					[385.0774148],
					[418.9041193],
					[434.2066761],
					[449.509233],
					[454.3416193]
				]
			},
			{
				"name": "Words",
				"labelposition": [118.0610795,427.7634943,71.68039773,22.55113636],
				"symbolposition": [76.98579545,430.9850852,39.46448864,16.10795455],
				"x": [
					[82.62357955],
					[113.2286932],
					[118.8664773],
					[128.53125],
					[134.1690341],
					[163.1633523],
					[180.8821023],
					[193.7684659],
					[203.4332386],
					[209.0710227],
					[228.4005682],
					[251.7571023],
					[264.6434659],
					[291.2215909],
					[300.8863636],
					[321.0213068],
					[327.4644886],
					[339.5454545],
					[344.3778409],
					[358.875],
					[377.3991477],
					[384.6477273],
					[390.2855114],
					[411.2258523],
					[428.1392045],
					[432.9715909],
					[457.1335227],
					[462.7713068],
					[477.2684659],
					[507.8735795],
					[525.5923295],
					[540.0894886],
					[566.6676136]
				],
				"y": [
					[48.42116477],
					[50.83735795],
					[76.61008523],
					[76.61008523],
					[100.772017],
					[137.8203125],
					[137.8203125],
					[145.068892],
					[149.0958807],
					[166.8146307],
					[173.2578125],
					[183.727983],
					[211.9169034],
					[209.5007102],
					[226.4140625],
					[222.3870739],
					[269.9055398],
					[269.9055398],
					[298.899858],
					[305.3430398],
					[303.7322443],
					[320.6455966],
					[350.4453125],
					[357.693892],
					[359.3046875],
					[373.8018466],
					[368.1640625],
					[392.3259943],
					[397.1583807],
					[401.990767],
					[416.4879261],
					[430.1796875],
					[426.1526989]
				]
			},
			{
				"name": "Templates",
				"labelposition": [118.8664773,457.5632102,109.5340909,22.55113636],
				"symbolposition": [77.79119318,459.1740057,42.68607955,13.69176136],
				"x": [
					[75.375],
					[115.6448864],
					[128.53125],
					[148.6661932],
					[160.7471591],
					[177.6605114],
					[208.265625],
					[224.3735795],
					[233.2329545],
					[246.1193182],
					[253.3678977],
					[268.6704545],
					[275.9190341],
					[296.0539773],
					[315.3835227],
					[326.6590909],
					[333.9076705],
					[348.4048295],
					[366.1235795],
					[394.3125],
					[430.5553977],
					[472.4360795],
					[511.0951705],
					[547.3380682],
					[569.0838068]
				],
				"y": [
					[50.03196023],
					[51.64275568],
					[57.28053977],
					[58.89133523],
					[91.91264205],
					[103.993608],
					[110.4367898],
					[127.350142],
					[175.6740057],
					[190.1711648],
					[212.7223011],
					[226.4140625],
					[251.381392],
					[262.6569602],
					[311.7862216],
					[338.3643466],
					[373.8018466],
					[397.1583807],
					[414.071733],
					[426.1526989],
					[435.0120739],
					[439.0390625],
					[439.8444602],
					[447.0930398],
					[444.6768466]
				]
			},
			{
				"name": "Words + Templates",
				"labelposition": [118.8664773,484.946733,203.765625,24.16193182],
				"symbolposition": [75.375,487.3629261,43.49147727,14.49715909],
				"x": [
					[75.375],
					[111.6178977],
					[120.4772727],
					[147.8607955],
					[153.4985795],
					[161.5525568],
					[173.6335227],
					[179.2713068],
					[202.6278409],
					[210.6818182],
					[224.3735795],
					[226.7897727],
					[237.2599432],
					[247.7301136],
					[257.3948864],
					[263.0326705],
					[280.7514205],
					[288.8053977],
					[298.4701705],
					[321.0213068],
					[323.4375],
					[338.7400568],
					[344.3778409],
					[358.875],
					[366.1235795],
					[383.0369318],
					[390.2855114],
					[412.03125],
					[423.3068182],
					[430.5553977],
					[433.7769886],
					[454.7173295],
					[465.1875],
					[476.4630682],
					[479.6846591],
					[486.9332386],
					[499.0142045],
					[520.7599432],
					[537.6732955],
					[550.5596591],
					[568.2784091]
				],
				"y": [
					[18.62144886],
					[17.81605114],
					[71.77769886],
					[63.72372159],
					[73.38849432],
					[83.05326705],
					[84.6640625],
					[95.13423295],
					[91.91264205],
					[98.35582386],
					[99.96661932],
					[123.3231534],
					[124.9339489],
					[121.712358],
					[156.3444602],
					[178.0901989],
					[185.3387784],
					[209.5007102],
					[236.0788352],
					[232.0518466],
					[270.7109375],
					[268.2947443],
					[290.040483],
					[299.7052557],
					[296.4836648],
					[329.5049716],
					[343.196733],
					[344.8075284],
					[364.1370739],
					[361.7208807],
					[375.412642],
					[371.3856534],
					[383.4666193],
					[380.2450284],
					[399.5745739],
					[401.990767],
					[414.8771307],
					[419.709517],
					[425.3473011],
					[430.9850852],
					[427.7634943]
				]
			}
		],
		"plotpos": [69.73721591,18.62144886,499.3465909,496.125],
		"xax": {
			"titlepos": [284.7784091,542.9353693,69.26420455,21.74573864],
			"minpos": [63.29403409,521.1896307,14.49715909,22.55113636],
			"maxpos": [562.640625,520.384233,9.664772727,20.94034091],
			"type": 1
		},
		"yax": {
			"titlepos": [-1.137784091,219.165483,28.99431818,94.23153409],
			"minpos": [48.796875,505.0816761,16.91335227,22.55113636],
			"maxpos": [48.796875,3.318892045,18.52414773,23.35653409],
			"type": 1
		}
	}
}
