{
	"data": {
		"imagename": "00170-10.1.1.408.3905-Figure-4",
		"difficult": 0,
		"curves": [
			{
				"name": "neighbor ranking",
				"labelposition": [479.7057115,20.51645692,124.0009681,16.49273959],
				"symbolposition": [426.5624395,21.73814134,53.14327202,10.38431752],
				"x": [
					[57.00290416],
					[77.160697],
					[101.5943853],
					[125.4172314],
					[215.2110358],
					[246.3639884],
					[287.2904163],
					[348.9854792],
					[400.9070668],
					[466.8780252],
					[521.2429816],
					[583.5488867],
					[615.9235237]
				],
				"y": [
					[22.95982575],
					[22.34898354],
					[26.01403679],
					[33.34414327],
					[73.65972894],
					[97.48257502],
					[111.5319458],
					[128.6355276],
					[138.4090029],
					[146.3499516],
					[153.0692159],
					[156.7342691],
					[159.1776379]
				]
			},
			{
				"name": "maximum margin",
				"labelposition": [483.3707648,40.67424976,122.1684414,16.49273959],
				"symbolposition": [424.7299129,40.67424976,54.97579864,13.43852856],
				"x": [
					[65.55469506],
					[78.99322362],
					[132.7473379],
					[180.39303],
					[212.767667],
					[269.5759923],
					[328.2168441],
					[384.4143272],
					[449.7744434],
					[505.3610842],
					[570.7212004],
					[617.1452081]
				],
				"y": [
					[83.43320426],
					[90.15246854],
					[102.3693127],
					[109.6994192],
					[112.7536302],
					[126.1921588],
					[136.5764763],
					[144.517425],
					[150.625847],
					[154.9017425],
					[159.7884802],
					[161.6210068]
				]
			},
			{
				"name": "L2 distance",
				"labelposition": [480.9273959,60.83204259,84.9070668,14.66021297],
				"symbolposition": [426.5624395,61.4428848,51.3107454,10.38431752],
				"x": [
					[66.77637948],
					[87.54501452],
					[134.5798645],
					[203.6050339],
					[269.5759923],
					[360.5914811],
					[437.5575992],
					[516.3562439],
					[571.3320426],
					[617.7560503]
				],
				"y": [
					[131.6897386],
					[141.4632139],
					[151.8475315],
					[162.8426912],
					[168.9511133],
					[174.4486931],
					[177.5029042],
					[181.1679574],
					[181.1679574],
					[181.7787996]
				]
			}
		],
		"plotpos": [55.17037754,6.467086157,560.7531462,188.1393998],
		"xax": {
			"titlepos": [302.5614714,224.5377541,17.1035818,17.1035818],
			"minpos": [50.89448209,203.1582769,9.162633107,14.66021297],
			"maxpos": [607.982575,203.1582769,18.32526621,17.71442401],
			"type": 1
		},
		"yax": {
			"titlepos": [0.8054211036,8.910454985,27.48789932,199.7454017],
			"minpos": [38.06679574,190.3305905,15.27105518,15.27105518],
			"maxpos": [41.12100678,14.40803485,12.21684414,20.76863504],
			"type": 1
		}
	}
}
