{
	"data": {
		"imagename": "00178-10.1.1.39.8052-Figure-6",
		"difficult": 0,
		"curves": [
			{
				"name": "Variant 1, No Sub-Pixel Localization",
				"labelposition": [225.0497159,29.38707386,265.5014205,16.87784091],
				"symbolposition": [498.3409091,30.68536932,79.84517045,12.98295455],
				"x": [
					[99.76420455],
					[114.0454545],
					[142.6079545],
					[226.3480114],
					[360.0724432],
					[586.625]
				],
				"y": [
					[398.7521307],
					[381.8742898],
					[379.2776989],
					[377.3302557],
					[374.084517],
					[374.084517]
				]
			},
			{
				"name": "Variant 1, Sub-Pixel Localization",
				"labelposition": [251.015625,48.86150568,238.8863636,18.17613636],
				"symbolposition": [498.3409091,50.15980114,79.84517045,11.03551136],
				"x": [
					[96.51846591],
					[117.9403409],
					[168.5738636],
					[264.6477273],
					[423.6889205],
					[588.5724432]
				],
				"y": [
					[398.7521307],
					[381.8742898],
					[377.3302557],
					[375.3828125],
					[374.084517],
					[371.4879261]
				]
			},
			{
				"name": "Variant 2, No Sub-Pixel Localization",
				"labelposition": [225.6988636,65.73934659,264.203125,17.52698864],
				"symbolposition": [498.3409091,66.38849432,81.79261364,10.38636364],
				"x": [
					[102.3607955],
					[108.203125],
					[125.7301136],
					[133.5198864],
					[139.3622159],
					[148.4502841],
					[152.9943182],
					[160.1349432],
					[162.0823864],
					[168.5738636],
					[180.2585227],
					[182.8551136],
					[216.6107955],
					[230.2428977],
					[252.9630682],
					[271.1392045],
					[290.6136364],
					[304.2457386],
					[312.6846591],
					[323.7201705],
					[363.9673295],
					[404.8636364],
					[476.9190341],
					[497.6917614],
					[513.2713068],
					[547.0269886],
					[587.9232955]
				],
				"y": [
					[398.102983],
					[305.274858],
					[200.7620739],
					[161.8132102],
					[174.7961648],
					[161.8132102],
					[141.6896307],
					[161.1640625],
					[163.1115057],
					[157.9183239],
					[157.9183239],
					[155.321733],
					[180.6384943],
					[190.3757102],
					[194.2705966],
					[196.8671875],
					[191.024858],
					[190.3757102],
					[192.9723011],
					[194.2705966],
					[200.1129261],
					[200.1129261],
					[204.0078125],
					[204.6569602],
					[202.0603693],
					[204.0078125],
					[202.709517]
				]
			},
			{
				"name": "Variant 2, Sub-Pixel Localization",
				"labelposition": [251.6647727,84.56463068,238.8863636,18.17613636],
				"symbolposition": [498.3409091,84.56463068,78.546875,12.33380682],
				"x": [
					[104.3082386],
					[133.5198864],
					[260.1036932],
					[582.7301136]
				],
				"y": [
					[401.3487216],
					[398.102983],
					[398.7521307],
					[400.0504261]
				]
			}
		],
		"plotpos": [91.97443182,14.45667614,495.2997159,386.2428977],
		"xax": {
			"titlepos": [275.6832386,436.4026989,135.0227273,18.17613636],
			"minpos": [82.23721591,408.4893466,18.17613636,20.12357955],
			"maxpos": [574.9403409,411.0859375,25.31676136,18.17613636],
			"type": 1
		},
		"yax": {
			"titlepos": [3.690340909,94.30184659,21.421875,227.8508523],
			"minpos": [65.359375,394.8572443,17.52698864,12.33380682],
			"maxpos": [45.88494318,4.0703125,39.59801136,17.52698864],
			"type": 1
		}
	}
}
