{
	"data": {
		"imagename": "00172-10.1.1.331.5335-Figure-6",
		"difficult": 0,
		"curves": [
			{
				"name": "proposed (k = 300)",
				"labelposition": [163.2301136,196.1541193,192.375,21.86079545],
				"symbolposition": [93.27556818,196.8828125,64.85369318,15.30255682],
				"x": [
					[79.43039773],
					[636.1519886]
				],
				"y": [
					[391.443892],
					[389.2578125]
				]
			},
			{
				"name": "out-degree",
				"labelposition": [162.5014205,222.3870739,126.0639205,24.046875],
				"symbolposition": [93.27556818,218.743608,63.39630682,22.58948864],
				"x": [
					[77.24431818],
					[132.625],
					[191.6491477],
					[246.3011364],
					[298.7670455],
					[354.8764205],
					[410.9857955],
					[470.0099432],
					[526.8480114],
					[582.2286932],
					[639.0667614]
				],
				"y": [
					[71.54758523],
					[73.73366477],
					[81.74928977],
					[84.6640625],
					[95.59446023],
					[102.1526989],
					[115.9978693],
					[130.571733],
					[166.2776989],
					[222.3870739],
					[435.165483]
				]
			},
			{
				"name": "random",
				"labelposition": [163.2301136,251.5348011,81.61363636,19.67471591],
				"symbolposition": [93.27556818,250.0774148,63.39630682,18.94602273],
				"x": [
					[78.70170455],
					[193.1065341],
					[247.0298295],
					[301.6818182],
					[354.1477273],
					[410.9857955],
					[465.6377841],
					[528.3053977],
					[581.5],
					[636.8806818]
				],
				"y": [
					[66.44673295],
					[67.17542614],
					[70.81889205],
					[73.73366477],
					[77.37713068],
					[88.30752841],
					[110.897017],
					[161.1768466],
					[254.4495739],
					[426.4211648]
				]
			}
		],
		"plotpos": [78.70170455,15.43821023,558.1789773,435.0298295],
		"xax": {
			"titlepos": [206.2230114,485.4453125,307.5085227,26.96164773],
			"minpos": [152.2997159,457.7549716,39.34943182,31.33380682],
			"maxpos": [522.4758523,458.4836648,34.97727273,26.23295455],
			"type": 2
		},
		"yax": {
			"titlepos": [5.832386364,92.6796875,25.50426136,284.9190341],
			"minpos": [34.98011364,443.181108,39.34943182,18.94602273],
			"maxpos": [34.25142045,3.779119318,40.078125,20.40340909],
			"type": 1
		}
	}
}
