{
	"data": {
		"imagename": "00183-10.1.1.107.7761-Figure-2",
		"difficult": 0,
		"curves": [
			{
				"name": "WSJ",
				"labelposition": [445.6205227,22.91335915,37.33785092,11.73475315],
				"symbolposition": [393.3475315,21.84656341,51.20619555,12.80154889],
				"x": [
					[128.7821878],
					[216.2594385],
					[296.8025169],
					[378.945789],
					[464.8228461]
				],
				"y": [
					[28.24733785],
					[36.24830591],
					[135.9937076],
					[198.9346563],
					[210.1360116]
				]
			},
			{
				"name": "Switchboard",
				"labelposition": [446.1539206,38.38189739,88.54404647,12.26815102],
				"symbolposition": [391.7473379,37.84849952,49.60600194,12.80154889],
				"x": [
					[131.982575],
					[211.9922556],
					[298.9361084],
					[382.1461762],
					[466.9564376]
				],
				"y": [
					[13.31219748],
					[46.38286544],
					[130.6597289],
					[205.8688287],
					[308.2812197]
				]
			}
		],
		"plotpos": [48.23910939,12.77879961,498.1936108,324.839303],
		"xax": {
			"titlepos": [244.5295257,356.2870281,108.8131655,16.53533398],
			"minpos": [123.4482091,342.9520813,17.60212972,11.73475315],
			"maxpos": [455.7550823,342.9520813,15.46853824,16.53533398],
			"type": 1
		},
		"yax": {
			"titlepos": [1.833494676,130.6597289,19.7357212,87.47725073],
			"minpos": [28.50338819,331.750726,16.53533398,16.00193611],
			"maxpos": [23.70280736,5.311229429,21.33591481,13.33494676],
			"type": 1
		}
	}
}
