{
	"data": {
		"imagename": "00181-10.1.1.209.59-Figure-3",
		"difficult": 0,
		"curves": [
			{
				"name": "random",
				"labelposition": [551.5866477,282.462358,49.63494318,12.55823864],
				"symbolposition": [518.0980114,284.8544034,34.08664773,6.578125],
				"x": [
					[103.6761364],
					[179.0255682],
					[259.7571023],
					[333.9105114],
					[411.6519886],
					[491.7855114],
					[568.3309659]
				],
				"y": [
					[267.5120739],
					[234.0234375],
					[146.7137784],
					[182.5944602],
					[118.6072443],
					[127.5774148],
					[126.9794034]
				]
			},
			{
				"name": "all",
				"labelposition": [551.5866477,300.4026989,15.54829545,10.76420455],
				"symbolposition": [519.2940341,302.196733,32.890625,7.774147727],
				"x": [
					[102.4801136],
					[568.3309659]
				],
				"y": [
					[94.08877841],
					[94.08877841]
				]
			},
			{
				"name": "LMU",
				"labelposition": [550.9886364,316.5490057,30.49857955,13.15625],
				"symbolposition": [515.7059659,317.7450284,35.28267045,10.76420455],
				"x": [
					[103.078125],
					[179.6235795],
					[411.0539773],
					[490.5894886],
					[566.5369318]
				],
				"y": [
					[273.4921875],
					[108.4410511],
					[83.92258523],
					[123.3913352],
					[83.32457386]
				]
			}
		],
		"plotpos": [63.609375,17.54332386,543.5923295,337.2784091],
		"xax": {
			"titlepos": [217.8963068,388.9083807,234.4204545,16.74431818],
			"minpos": [97.09801136,366.7819602,11.36221591,14.35227273],
			"maxpos": [562.3508523,366.1839489,10.76420455,15.54829545],
			"type": 1
		},
		"yax": {
			"titlepos": [11.58238636,136.5475852,26.3125,97.47585227],
			"minpos": [31.31676136,347.6455966,24.51846591,14.35227273],
			"maxpos": [36.10085227,9.769176136,18.53835227,14.35227273],
			"type": 1
		}
	}
}
