{
	"data": {
		"imagename": "00185-10.1.1.34.2263-Figure-1",
		"difficult": 0,
		"curves": [
			{
				"name": "10000 unlabeled documents",
				"labelposition": [299.640625,23.7421875,175,13.671875],
				"symbolposition": [478.46875,25.3828125,31.171875,8.75],
				"x": [
					[128.46875],
					[175.5],
					[203.390625],
					[238.390625],
					[284.328125],
					[312.21875],
					[330.8125],
					[358.703125],
					[396.4375],
					[412.84375],
					[435.8125],
					[457.140625],
					[490.5],
					[511.828125]
				],
				"y": [
					[220.0703125],
					[188.8984375],
					[175.7734375],
					[146.2421875],
					[130.9296875],
					[114.5234375],
					[111.7890625],
					[98.6640625],
					[91.5546875],
					[86.0859375],
					[83.8984375],
					[78.4296875],
					[69.6796875],
					[69.1328125]
				]
			},
			{
				"name": "No unlabeled documents",
				"labelposition": [322.609375,37.9609375,153.125,13.671875],
				"symbolposition": [478.46875,41.2421875,28.4375,5.46875],
				"x": [
					[126.828125],
					[176.59375],
					[205.578125],
					[240.578125],
					[286.515625],
					[332.453125],
					[395.890625],
					[433.625],
					[457.6875],
					[490.5],
					[515.109375]
				],
				"y": [
					[281.8671875],
					[256.7109375],
					[236.4765625],
					[215.1484375],
					[181.2421875],
					[150.6171875],
					[112.8828125],
					[97.0234375],
					[87.7265625],
					[77.3359375],
					[71.8671875]
				]
			}
		],
		"plotpos": [81.4375,12.8046875,435.859375,335.234375],
		"xax": {
			"titlepos": [203.390625,369.3671875,193.046875,14.765625],
			"minpos": [73.78125,356.7890625,14.765625,13.671875],
			"maxpos": [491.046875,355.6953125,32.265625,14.765625],
			"type": 2
		},
		"yax": {
			"titlepos": [4.328125,149.5234375,18.59375,63.984375],
			"minpos": [48.625,342.5703125,24.609375,14.21875],
			"maxpos": [34.953125,4.6015625,38.828125,13.671875],
			"type": 1
		}
	}
}
