{
	"data": {
		"imagename": "00182-10.1.1.164.2481-Figure-3",
		"difficult": 0,
		"curves": [
			{
				"name": "OWL-QN",
				"labelposition": [406.7457386,268.7805398,88.32528409,21.02982955],
				"symbolposition": [504.0838068,276.5916193,66.69460227,9.012784091],
				"x": [
					[310.609375],
					[323.2272727],
					[337.046875],
					[351.4673295],
					[367.6903409],
					[394.1278409],
					[419.9644886],
					[454.2130682],
					[497.4744318],
					[540.1349432],
					[585.7997159]
				],
				"y": [
					[360.1100852],
					[310.8401989],
					[267.5788352],
					[229.725142],
					[197.2791193],
					[158.2237216],
					[129.3828125],
					[108.9538352],
					[94.53338068],
					[86.12144886],
					[79.51207386]
				]
			},
			{
				"name": "SGD-L1 (Clipping)",
				"labelposition": [324.4289773,291.0120739,169.4403409,22.23153409],
				"symbolposition": [501.6803977,294.6171875,68.49715909,13.21875],
				"x": [
					[139.3664773],
					[145.375],
					[153.7869318],
					[167.0056818],
					[181.4261364],
					[207.8636364],
					[240.3096591],
					[273.9573864],
					[327.4332386],
					[374.9005682],
					[436.1875],
					[477.6463068],
					[533.5255682],
					[587.0014205]
				],
				"y": [
					[360.1100852],
					[310.2393466],
					[265.1754261],
					[217.7080966],
					[189.4680398],
					[158.2237216],
					[140.1981534],
					[125.7776989],
					[111.3572443],
					[103.5461648],
					[96.93678977],
					[93.93252841],
					[92.73082386],
					[86.72230114]
				]
			},
			{
				"name": "SGD-L1 (Cumulative)",
				"labelposition": [296.1889205,310.8401989,198.8821023,22.83238636],
				"symbolposition": [502.28125,316.2478693,62.48863636,10.81534091],
				"x": [
					[129.1519886],
					[132.7571023],
					[139.3664773],
					[148.9801136],
					[160.9971591],
					[179.6235795],
					[206.6619318],
					[238.5071023],
					[279.3650568],
					[325.0298295],
					[376.1022727],
					[439.1917614],
					[495.671875],
					[547.9460227],
					[588.8039773]
				],
				"y": [
					[358.9083807],
					[314.4453125],
					[265.1754261],
					[222.5149148],
					[185.2620739],
					[152.8160511],
					[131.1853693],
					[118.5674716],
					[104.7478693],
					[96.93678977],
					[92.12997159],
					[86.72230114],
					[84.31889205],
					[81.31463068],
					[80.71377841]
				]
			},
			{
				"name": "SGD-L1 (Cumulative + ED)",
				"labelposition": [245.1164773,330.6683239,248.7528409,22.83238636],
				"symbolposition": [501.6803977,334.8742898,66.09375,15.02130682],
				"x": [
					[152.5852273],
					[156.1903409],
					[165.203125],
					[175.4176136],
					[189.8380682],
					[208.4644886],
					[234.3011364],
					[266.1463068],
					[305.8025568],
					[356.2741477],
					[408.5482955],
					[474.0411932],
					[533.5255682],
					[587.6022727]
				],
				"y": [
					[360.1100852],
					[316.2478693],
					[260.368608],
					[221.9140625],
					[170.8416193],
					[138.3955966],
					[109.5546875],
					[91.52911932],
					[80.71377841],
					[72.90269886],
					[69.8984375],
					[69.8984375],
					[68.09588068],
					[68.69673295]
				]
			}
		],
		"plotpos": [98.50852273,8.010653409,490.2954545,352.0994318],
		"xax": {
			"titlepos": [307.0042614,400.9680398,75.10653409,20.42897727],
			"minpos": [84.08806818,366.7194602,34.24857955,27.63920455],
			"maxpos": [571.9801136,370.3245739,33.64772727,21.63068182],
			"type": 1
		},
		"yax": {
			"titlepos": [2.973011364,99.94105114,24.03409091,171.2428977],
			"minpos": [46.234375,313.243608,44.46306818,25.23579545],
			"maxpos": [45.63352273,29.04048295,42.05965909,27.03835227],
			"type": 1
		}
	}
}
