{
	"data": {
		"imagename": "00191-10.1.1.150.8513-Figure-3",
		"difficult": 0,
		"curves": [
			{
				"name": "Self-Training",
				"labelposition": [96.32102273,39.26349432,66.45170455,12.51988636],
				"symbolposition": [58.27982955,39.74502841,38.04119318,9.630681818],
				"x": [
					[49.13068182],
					[84.28267045],
					[120.3977273],
					[155.5497159],
					[227.2982955],
					[296.1576705],
					[329.3835227],
					[363.0909091],
					[397.7613636]
				],
				"y": [
					[284.3643466],
					[253.0646307],
					[218.8757102],
					[205.8742898],
					[173.1299716],
					[139.9041193],
					[128.8288352],
					[126.9026989],
					[111.493608]
				]
			},
			{
				"name": "Co-Training",
				"labelposition": [97.765625,52.74644886,62.11789773,13.00142045],
				"symbolposition": [57.31676136,53.22798295,39.96732955,10.11221591],
				"x": [
					[48.16761364],
					[84.28267045],
					[121.3607955],
					[156.5127841],
					[189.7386364],
					[227.2982955],
					[260.0426136],
					[300.4914773],
					[332.2727273],
					[361.1647727],
					[399.6875]
				],
				"y": [
					[282.9197443],
					[265.584517],
					[152.9055398],
					[132.681108],
					[117.272017],
					[112.4566761],
					[97.04758523],
					[85.49076705],
					[79.23082386],
					[72.0078125],
					[65.26633523]
				]
			}
		],
		"plotpos": [48.64914773,31.55894886,351.0383523,273.5113636],
		"xax": {
			"titlepos": [162.7727273,319.5163352,121.828125,17.33522727],
			"minpos": [43.35227273,310.3671875,10.59375,8.667613636],
			"maxpos": [385.7230114,308.9225852,27.44744318,12.03835227],
			"type": 1
		},
		"yax": {
			"titlepos": [1.940340909,108.6044034,22.63210227,117.9758523],
			"minpos": [32.75852273,300.2549716,14.92755682,11.07528409],
			"maxpos": [21.68323864,25.78053977,26.484375,12.51988636],
			"type": 1
		}
	}
}
