{
	"data": {
		"imagename": "00199-10.1.1.174.8234-Figure-5",
		"difficult": 0,
		"curves": [
			{
				"name": "Random sampling",
				"labelposition": [408.265625,231.4609375,131.8125,20.8125],
				"symbolposition": [361.4375,233.1953125,47.40625,14.453125],
				"x": [
					[86.828125],
					[129.03125],
					[178.75],
					[219.21875],
					[311.140625],
					[359.703125],
					[401.90625],
					[445.265625],
					[490.9375],
					[533.140625],
					[579.96875]
				],
				"y": [
					[277.1328125],
					[201.9765625],
					[160.9296875],
					[116.4140625],
					[97.3359375],
					[86.3515625],
					[78.8359375],
					[93.2890625],
					[98.4921875],
					[88.6640625],
					[78.8359375]
				]
			},
			{
				"name": "Active learning k=1",
				"labelposition": [403.640625,259.2109375,147.421875,19.078125],
				"symbolposition": [363.75,264.4140625,41.625,12.140625],
				"x": [
					[87.40625],
					[132.5],
					[177.59375],
					[223.265625],
					[309.984375],
					[353.34375],
					[398.4375],
					[440.0625],
					[490.9375],
					[535.453125],
					[582.28125]
				],
				"y": [
					[229.1484375],
					[180.0078125],
					[109.4765625],
					[92.1328125],
					[66.6953125],
					[82.3046875],
					[90.9765625],
					[86.3515625],
					[96.1796875],
					[93.2890625],
					[78.8359375]
				]
			},
			{
				"name": "Active learning k=10",
				"labelposition": [405.375,291.0078125,150.890625,13.875],
				"symbolposition": [365.484375,292.1640625,39.3125,13.296875],
				"x": [
					[87.40625],
					[134.234375],
					[179.328125],
					[223.265625],
					[268.359375],
					[311.71875],
					[356.8125],
					[400.171875],
					[445.265625],
					[489.203125],
					[533.71875],
					[579.390625]
				],
				"y": [
					[277.1328125],
					[210.6484375],
					[148.7890625],
					[107.7421875],
					[89.8203125],
					[90.9765625],
					[71.8984375],
					[96.7578125],
					[95.0234375],
					[99.6484375],
					[93.2890625],
					[78.2578125]
				]
			}
		],
		"plotpos": [87.40625,14.0859375,492.5625,316.234375],
		"xax": {
			"titlepos": [263.15625,383.5078125,138.75,22.546875],
			"minpos": [75.265625,348.2421875,24.859375,19.65625],
			"maxpos": [563.203125,348.2421875,33.53125,17.921875],
			"type": 1
		},
		"yax": {
			"titlepos": [3,97.9140625,20.234375,148],
			"minpos": [32.484375,319.9140625,46.25,23.703125],
			"maxpos": [31.90625,1.3671875,41.625,23.125],
			"type": 1
		}
	}
}
