{
	"data": {
		"imagename": "00203-10.1.1.18.7410-Figure-5",
		"difficult": 0,
		"curves": [
			{
				"name": "ViewValidation(WI)",
				"labelposition": [235.5965909,56.09730114,186.0269886,26.34943182],
				"symbolposition": [427.9474432,60.31321023,69.5625,16.33664773],
				"x": [
					[98.05255682],
					[228.21875],
					[485.9161932]
				],
				"y": [
					[237.9083807],
					[267.946733],
					[290.6072443]
				]
			},
			{
				"name": "Baseline(WI)",
				"labelposition": [295.6732955,80.86576705,125.9502841,22.13352273],
				"symbolposition": [429.0014205,82.97372159,63.765625,15.80965909],
				"x": [
					[96.99857955],
					[482.2272727]
				],
				"y": [
					[203.6541193],
					[203.6541193]
				]
			},
			{
				"name": "Baseline(PTCT)",
				"labelposition": [265.6349432,123.024858,157.5696023,23.71448864],
				"symbolposition": [429.5284091,126.7137784,62.71164773,15.28267045],
				"x": [
					[95.41761364],
					[484.8622159]
				],
				"y": [
					[29.22088068],
					[29.22088068]
				]
			},
			{
				"name": "ViewValidation(PTCT)",
				"labelposition": [203.9772727,100.3643466,216.0653409,24.76846591],
				"symbolposition": [427.9474432,104.053267,69.03551136,15.80965909],
				"x": [
					[98.57954545],
					[227.1647727],
					[484.3352273]
				],
				"y": [
					[271.6356534],
					[285.8643466],
					[289.0262784]
				]
			}
		],
		"plotpos": [78.02698864,5.506392045,431.6036932,294.5866477],
		"xax": {
			"titlepos": [102.7954545,345.4140625,377.8508523,23.1875],
			"minpos": [73.28409091,309.5788352,30.03835227,25.82244318],
			"maxpos": [497.5099432,309.5788352,23.1875,24.76846591],
			"type": 1
		},
		"yax": {
			"titlepos": [-0.4943181818,84.5546875,32.67329545,139.125],
			"minpos": [36.39488636,260.0419034,33.20028409,23.1875],
			"maxpos": [37.97585227,16.57315341,30.03835227,26.87642045],
			"type": 1
		}
	}
}
