{
	"data": {
		"imagename": "00202-10.1.1.353.8127-Figure-4",
		"difficult": 0,
		"curves": [
			{
				"name": "N",
				"labelposition": [532.9370765,150.4545015,10.33301065,8.610842207],
				"symbolposition": [546.1403679,150.4545015,32.14714424,9.758954501],
				"x": [
					[50.15585673],
					[103.5430784],
					[155.7821878],
					[212.6137464],
					[262.5566312],
					[319.3881897],
					[371.6272991],
					[426.1626331],
					[477.8276864],
					[534.0851888],
					[585.750242]
				],
				"y": [
					[31.62487899],
					[124.6219748],
					[192.3606002],
					[221.6374637],
					[242.8775411],
					[266.9878993],
					[276.1727977],
					[303.1534366],
					[314.0605034],
					[314.6345595],
					[314.6345595]
				]
			},
			{
				"name": "F",
				"labelposition": [533.5111326,161.3615682,10.33301065,8.610842207],
				"symbolposition": [544.9922556,161.3615682,32.14714424,10.9070668],
				"x": [
					[50.72991288],
					[103.5430784],
					[158.6524685],
					[210.3175218],
					[265.4269119],
					[315.9438529],
					[371.6272991],
					[426.1626331],
					[480.1239109],
					[531.7889642],
					[586.3242982]
				],
				"y": [
					[29.90271055],
					[126.9181994],
					[141.8436592],
					[164.231849],
					[182.6016457],
					[184.8978703],
					[192.9346563],
					[210.7303969],
					[222.2115198],
					[241.1553727],
					[299.1350436]
				]
			},
			{
				"name": "NF",
				"labelposition": [527.7705712,173.4167473,16.07357212,10.33301065],
				"symbolposition": [545.5663117,173.9908035,29.85091965,9.758954501],
				"x": [
					[49.00774443],
					[103.5430784],
					[155.2081317],
					[212.6137464],
					[264.2787996],
					[369.9051307],
					[425.0145208],
					[479.5498548],
					[585.1761859]
				],
				"y": [
					[29.90271055],
					[114.8630203],
					[137.2512101],
					[147.0101646],
					[178.0091965],
					[197.5271055],
					[207.28606],
					[222.2115198],
					[297.9869313]
				]
			},
			{
				"name": "NFE",
				"labelposition": [520.3078412,184.3238141,22.38818974,9.184898354],
				"symbolposition": [544.9922556,186.0459826,31.57308809,9.184898354],
				"x": [
					[50.15585673],
					[102.3949661],
					[159.2265247],
					[261.982575],
					[371.6272991],
					[426.7366893],
					[476.6795741],
					[532.9370765],
					[583.4540174]
				],
				"y": [
					[28.75459826],
					[104.5300097],
					[114.8630203],
					[184.8978703],
					[199.249274],
					[227.9520813],
					[241.1553727],
					[287.6539206],
					[307.1718296]
				]
			}
		],
		"plotpos": [49.00774443,29.3286544,536.7424976,285.3059051],
		"xax": {
			"titlepos": [301.018393,339.3189739,37.31364956,10.9070668],
			"minpos": [44.9893514,321.5232333,12.05517909,13.77734753],
			"maxpos": [582.8799613,320.9491772,8.610842207,13.20329138],
			"type": 1
		},
		"yax": {
			"titlepos": [2.509196515,150.4545015,16.07357212,45.92449177],
			"minpos": [35.2303969,310.6161665,10.9070668,12.05517909],
			"maxpos": [38.67473379,23.58809293,5.166505324,8.03678606],
			"type": 1
		}
	}
}
