{
	"data": {
		"imagename": "00200-10.1.1.157.4623-Figure-10",
		"difficult": 0,
		"curves": [
			{
				"name": "Reaches",
				"labelposition": [327.3620523,13.55227493,52.65150048,10.37657309],
				"symbolposition": [298.5382381,14.70522749,25.36495644,6.53339787],
				"x": [
					[44.50435624],
					[134.4346563],
					[158.2623427],
					[205.5333979],
					[227.0551791],
					[250.1142304],
					[272.0203291],
					[367.7153921]
				],
				"y": [
					[137.3025169],
					[135.3809293],
					[71.19990319],
					[12.78363988],
					[112.7061955],
					[132.6907067],
					[138.4554695],
					[137.3025169]
				]
			},
			{
				"name": "Strikes",
				"labelposition": [329.2836399,22.77589545,38.43175218,9.223620523],
				"symbolposition": [298.5382381,24.69748306,28.05517909,5.764762827],
				"x": [
					[43.7357212],
					[135.2032914],
					[159.0309777],
					[182.090029],
					[203.6118103],
					[227.0551791],
					[250.1142304],
					[273.1732817],
					[295.8480155],
					[319.2913843],
					[342.7347531],
					[363.8722168],
					[388.8528558]
				],
				"y": [
					[137.6868345],
					[137.6868345],
					[106.9414327],
					[66.20377541],
					[75.04307841],
					[73.1214908],
					[83.88238141],
					[132.6907067],
					[120.0082285],
					[133.0750242],
					[129.231849],
					[137.3025169],
					[137.3025169]
				]
			}
		],
		"plotpos": [44.12003872,10.09341723,345.1171346,126.4404647],
		"xax": {
			"titlepos": [59.87705712,148.0634076,294.7715392,10.76089061],
			"minpos": [30.28460794,140.7613746,17.29428848,7.686350436],
			"maxpos": [384.2410455,137.6868345,9.223620523,11.91384318],
			"type": 1
		},
		"yax": {
			"titlepos": [3.382381413,23.54453049,19.60019361,98.7696031],
			"minpos": [32.59051307,134.2279768,8.839303001,8.839303001],
			"maxpos": [21.82962246,4.328654405,19.21587609,10.76089061],
			"type": 1
		}
	}
}
