{
	"data": {
		"imagename": "00211-10.1.1.165.9484-Figure-1",
		"difficult": 0,
		"curves": [
			{
				"name": "f",
				"labelposition": [532.7201705,54.94105114,14.34375,19.55965909],
				"symbolposition": [479.9090909,56.89701705,53.46306818,14.34375],
				"x": [
					[84.15198864],
					[146.7428977],
					[192.3821023],
					[217.1576705],
					[243.2372159],
					[260.8409091],
					[274.5326705],
					[285.6164773],
					[295.3963068],
					[306.4801136],
					[315.6079545],
					[321.4758523],
					[335.8196023],
					[341.0355114],
					[345.5994318],
					[354.0752841],
					[358.6392045],
					[366.4630682],
					[378.1988636],
					[387.9786932],
					[395.8025568],
					[407.5383523],
					[416.6661932],
					[425.1420455],
					[440.1377841],
					[458.3934659],
					[472.0852273],
					[491.6448864],
					[517.0724432],
					[550.9758523],
					[615.5227273]
				],
				"y": [
					[302.0447443],
					[300.740767],
					[298.7848011],
					[302.696733],
					[314.4325284],
					[337.2521307],
					[352.2478693],
					[365.287642],
					[363.3316761],
					[347.6839489],
					[315.7365057],
					[274.6612216],
					[202.9424716],
					[185.3387784],
					[174.2549716],
					[173.602983],
					[189.2507102],
					[220.5461648],
					[284.4410511],
					[333.3401989],
					[360.7237216],
					[367.8955966],
					[366.5916193],
					[353.5518466],
					[333.3401989],
					[311.8245739],
					[298.7848011],
					[294.2208807],
					[296.8288352],
					[300.0887784],
					[302.696733]
				]
			},
			{
				"name": "Gauss",
				"labelposition": [533.3721591,79.06463068,61.93892045,19.55965909],
				"symbolposition": [479.2571023,82.9765625,54.11505682,9.127840909],
				"x": [
					[82.19602273],
					[179.9943182],
					[232.1534091],
					[271.9247159],
					[296.7002841],
					[320.8238636],
					[333.8636364],
					[351.4673295],
					[368.4190341],
					[379.5028409],
					[399.0625],
					[421.2301136],
					[450.5696023],
					[495.5568182],
					[546.4119318],
					[614.21875]
				],
				"y": [
					[302.0447443],
					[302.0447443],
					[300.0887784],
					[281.8330966],
					[250.537642],
					[218.5901989],
					[200.9865057],
					[199.0305398],
					[204.8984375],
					[223.806108],
					[249.2336648],
					[275.3132102],
					[296.1768466],
					[304.0007102],
					[304.0007102],
					[304.0007102]
				]
			},
			{
				"name": "Laplace",
				"labelposition": [532.0681818,101.884233,71.71875,21.515625],
				"symbolposition": [475.9971591,105.1441761,54.76704545,11.08380682],
				"x": [
					[83.5],
					[162.390625],
					[222.3735795],
					[258.2329545],
					[282.3565341],
					[306.4801136],
					[332.5596591],
					[342.9914773],
					[346.9034091],
					[348.2073864],
					[356.03125],
					[360.5951705],
					[372.3309659],
					[387.9786932],
					[410.7982955],
					[442.09375],
					[500.7727273],
					[546.4119318],
					[576.4034091],
					[612.2627841]
				],
				"y": [
					[302.0447443],
					[304.0007102],
					[302.0447443],
					[294.2208807],
					[280.5291193],
					[249.2336648],
					[202.9424716],
					[165.7791193],
					[140.3515625],
					[124.0518466],
					[155.9992898],
					[185.3387784],
					[221.850142],
					[251.1896307],
					[277.9211648],
					[292.9169034],
					[300.0887784],
					[300.740767],
					[302.0447443],
					[302.0447443]
				]
			}
		],
		"plotpos": [81.54403409,43.85724432,533.3267045,362.5056818],
		"xax": {
			"titlepos": [336.4715909,434.3984375,23.47159091,22.81960227],
			"minpos": [64.59232955,415.490767,24.77556818,20.86363636],
			"maxpos": [607.6988636,413.5348011,18.25568182,22.81960227],
			"type": 1
		},
		"yax": {
			"titlepos": [-1.258522727,136.4396307,36.51136364,227.5440341],
			"minpos": [34.60085227,398.5390625,42.37926136,18.90767045],
			"maxpos": [59.37642045,29.51349432,18.90767045,25.42755682],
			"type": 1
		}
	}
}
