{
	"data": {
		"imagename": "00213-10.1.1.3.3674-Figure-1",
		"difficult": 0,
		"curves": [
			{
				"name": "AP",
				"labelposition": [269.4829545,443.4140625,35.28835227,28.95454545],
				"symbolposition": [206.1448864,452.462358,59.71875,17.19176136],
				"x": [
					[48.70454545],
					[106.6136364],
					[156.3792614],
					[209.7642045],
					[269.4829545],
					[322.8678977]
				],
				"y": [
					[373.7421875],
					[249.7805398],
					[165.631392],
					[119.4850852],
					[60.67116477],
					[11.81036932]
				]
			},
			{
				"name": "Joint",
				"labelposition": [266.7684659,472.368608,51.57528409,24.43039773],
				"symbolposition": [208.859375,481.4169034,55.19460227,12.66761364],
				"x": [
					[51.41903409],
					[106.6136364],
					[159.9985795],
					[213.3835227],
					[326.4872159]
				],
				"y": [
					[408.1257102],
					[270.5916193],
					[176.4893466],
					[153.868608],
					[15.4296875]
				]
			},
			{
				"name": "M4",
				"labelposition": [266.7684659,498.6086648,40.71732955,29.859375],
				"symbolposition": [214.2883523,509.4666193,49.765625,13.57244318],
				"x": [
					[50.51420455],
					[104.8039773],
					[158.1889205],
					[215.1931818],
					[272.1974432],
					[326.4872159]
				],
				"y": [
					[571.899858],
					[448.8430398],
					[297.7365057],
					[225.350142],
					[155.678267],
					[111.3416193]
				]
			},
			{
				"name": "Syn",
				"labelposition": [266.7684659,528.4680398,46.14630682,28.04971591],
				"symbolposition": [204.3352273,536.6115057,62.43323864,13.57244318],
				"x": [
					[48.70454545],
					[106.6136364],
					[157.2840909],
					[213.3835227],
					[268.578125],
					[323.7727273]
				],
				"y": [
					[555.6129261],
					[475.9879261],
					[383.6953125],
					[340.2634943],
					[276.0205966],
					[222.6356534]
				]
			}
		],
		"plotpos": [49.609375,5.4765625,285.0213068,562.8039773],
		"xax": {
			"titlepos": [99.375,609.9026989,218.96875,25.33522727],
			"minpos": [28.79829545,579.1384943,41.62215909,24.43039773],
			"maxpos": [296.6278409,578.2336648,57.00426136,28.04971591],
			"type": 3
		},
		"yax": {
			"titlepos": [58.65767045,18.14417614,73.29119318,34.38352273],
			"minpos": [2.558238636,555.6129261,35.28835227,26.24005682],
			"maxpos": [4.367897727,60.67116477,33.47869318,27.14488636],
			"type": 1
		}
	}
}
