{
	"data": {
		"imagename": "00215-10.1.1.221.879-Figure-3",
		"difficult": 0,
		"curves": [
			{
				"name": "DB",
				"labelposition": [569.464666,152.0546951,25.12391094,17.15779284],
				"symbolposition": [531.4724105,153.89303,37.37947725,9.804453049],
				"x": [
					[127.6515005],
					[214.053243],
					[302.9060987],
					[388.6950629],
					[469.5818006]
				],
				"y": [
					[224.3625363],
					[256.839787],
					[265.4186834],
					[278.2870281],
					[278.2870281]
				]
			},
			{
				"name": "KDB",
				"labelposition": [567.0135528,175.3402711,37.99225557,15.31945789],
				"symbolposition": [532.0851888,174.7274927,36.15392062,11.642788],
				"x": [
					[128.8770571],
					[214.053243],
					[300.4549855],
					[389.3078412],
					[469.5818006]
				],
				"y": [
					[155.731365],
					[223.1369797],
					[256.839787],
					[269.7081317],
					[270.9336883]
				]
			},
			{
				"name": "GEKA",
				"labelposition": [567.0135528,196.7875121,45.34559535,13.48112294],
				"symbolposition": [533.3107454,196.7875121,34.31558567,12.25556631],
				"x": [
					[127.6515005],
					[215.2787996],
					[385.018393],
					[468.3562439]
				],
				"y": [
					[27.04791868],
					[150.2163601],
					[199.8514037],
					[213.3325266]
				]
			}
		],
		"plotpos": [87.20813166,15.40513069,423.4298161,276.9757986],
		"xax": {
			"titlepos": [261.8499516,328.53485,82.11229429,19.6089061],
			"minpos": [119.0726041,303.410939,19.6089061,19.6089061],
			"maxpos": [457.3262343,302.7981607,20.22168441,18.99612778],
			"type": 1
		},
		"yax": {
			"titlepos": [24.70474347,126.9307841,25.73668925,55.1500484],
			"minpos": [59.63310745,285.6403679,16.54501452,16.54501452],
			"maxpos": [54.11810261,27.660697,20.83446273,13.48112294],
			"type": 1
		}
	}
}
