{
	"data": {
		"imagename": "00217-10.1.1.20.3545-Figure-2",
		"difficult": 0,
		"curves": [
			{
				"name": "unconstrained",
				"labelposition": [94.01420455,25.37571023,81.59232955,13.26704545],
				"symbolposition": [62.83664773,26.70241477,31.17755682,9.286931818],
				"x": [
					[44.26278409],
					[54.21306818],
					[74.77698864],
					[90.03409091],
					[99.32102273],
					[117.2315341],
					[133.8153409],
					[155.0426136],
					[159.0227273],
					[184.8934659],
					[216.0710227],
					[264.4957386],
					[279.7528409],
					[314.9105114],
					[331.4943182],
					[354.7116477],
					[373.2855114],
					[399.15625],
					[419.0568182],
					[436.9673295],
					[476.7684659],
					[507.9460227],
					[532.4900568],
					[557.6974432],
					[580.9147727]
				],
				"y": [
					[427.3671875],
					[420.7336648],
					[355.725142],
					[337.1512784],
					[331.181108],
					[313.2705966],
					[311.2805398],
					[299.3401989],
					[278.7762784],
					[262.8558239],
					[240.3018466],
					[215.0944602],
					[215.7578125],
					[201.1640625],
					[196.5205966],
					[174.6299716],
					[172.6399148],
					[161.3629261],
					[156.7194602],
					[143.4524148],
					[135.4921875],
					[128.8586648],
					[104.977983],
					[100.9978693],
					[93.70099432]
				]
			},
			{
				"name": "convex constraint",
				"labelposition": [96.00426136,40.6328125,98.83948864,11.94034091],
				"symbolposition": [62.83664773,42.62286932,31.17755682,5.970170455],
				"x": [
					[43.59943182],
					[68.14346591],
					[80.08380682],
					[90.03409091],
					[99.32102273],
					[119.8849432],
					[135.1420455],
					[161.0127841],
					[172.953125],
					[216.734375],
					[230.6647727],
					[281.0795455],
					[331.4943182],
					[367.3153409],
					[381.2457386],
					[403.1363636],
					[456.8678977],
					[507.9460227],
					[533.8167614],
					[578.2613636]
				],
				"y": [
					[421.397017],
					[372.9723011],
					[325.8742898],
					[287.399858],
					[276.1228693],
					[234.9950284],
					[224.381392],
					[185.243608],
					[182.5901989],
					[144.7791193],
					[140.7990057],
					[120.8984375],
					[97.68110795],
					[79.10724432],
					[79.77059659],
					[60.53338068],
					[48.59303977],
					[45.27627841],
					[39.96946023],
					[27.36576705]
				]
			},
			{
				"name": "alpha shape constraint",
				"labelposition": [96.00426136,53.89985795,124.7102273,12.60369318],
				"symbolposition": [62.83664773,55.88991477,29.1875,8.623579545],
				"x": [
					[43.59943182],
					[47.57954545],
					[87.38068182],
					[99.32102273],
					[125.8551136],
					[131.8252841],
					[163.6661932],
					[173.6164773],
					[206.1207386],
					[227.3480114],
					[246.5852273],
					[258.5255682],
					[304.296875],
					[334.8110795],
					[355.375],
					[381.2457386],
					[400.4829545],
					[450.8977273],
					[511.2627841],
					[535.8068182],
					[580.9147727]
				],
				"y": [
					[428.693892],
					[419.4069602],
					[295.3600852],
					[278.7762784],
					[221.727983],
					[219.7379261],
					[180.600142],
					[179.2734375],
					[144.7791193],
					[144.7791193],
					[130.8487216],
					[131.5120739],
					[104.977983],
					[94.36434659],
					[81.09730114],
					[77.1171875],
					[60.53338068],
					[49.25639205],
					[47.26633523],
					[41.95951705],
					[28.69247159]
				]
			}
		],
		"plotpos": [42.27272727,2.821732955,539.3053977,426.5355114],
		"xax": {
			"titlepos": [248.5752841,451.2478693,128.6903409,13.26704545],
			"minpos": [36.96590909,434.6640625,7.960227273,16.58380682],
			"maxpos": [576.2713068,436.6541193,15.92045455,13.26704545],
			"type": 1
		},
		"yax": {
			"titlepos": [3.798295455,144.7791193,17.91051136,147.2642045],
			"minpos": [28.34232955,425.3771307,9.950284091,11.94034091],
			"maxpos": [17.72869318,32.00923295,22.55397727,11.94034091],
			"type": 1
		}
	}
}
