{
	"data": {
		"imagename": "00223-10.1.1.397.3095-Figure-4",
		"difficult": 0,
		"curves": [
			{
				"name": "L2",
				"labelposition": [357.6803977,19.03338068,18.31534091,17.00710227],
				"symbolposition": [324.1022727,20.77769886,32.70596591,12.21022727],
				"x": [
					[80.33380682],
					[109.1150568],
					[136.5880682],
					[162.7528409],
					[220.3153409],
					[274.3892045],
					[327.5909091]
				],
				"y": [
					[21.64985795],
					[21.21377841],
					[23.83025568],
					[26.44673295],
					[38.22088068],
					[58.28053977],
					[81.82883523]
				]
			},
			{
				"name": "NS",
				"labelposition": [355.0639205,38.65696023,25.72869318,16.57102273],
				"symbolposition": [324.1022727,39.52911932,31.39772727,12.64630682],
				"x": [
					[80.33380682],
					[106.4985795],
					[135.7159091],
					[189.7897727],
					[246.4801136],
					[297.9375],
					[330.6434659]
				],
				"y": [
					[35.16832386],
					[39.96519886],
					[46.94247159],
					[65.2578125],
					[88.80610795],
					[112.3544034],
					[129.3615057]
				]
			},
			{
				"name": "L1",
				"labelposition": [357.2443182,57.40838068,17.87926136,14.390625],
				"symbolposition": [323.6661932,56.10014205,32.70596591,12.64630682],
				"x": [
					[79.02556818],
					[105.1903409],
					[134.4076705],
					[163.1889205],
					[191.0980114]
				],
				"y": [
					[48.68678977],
					[101.0163352],
					[159.0149148],
					[205.2393466],
					[243.6143466]
				]
			}
		],
		"plotpos": [52.42471591,12.05610795,333.6008523,256.4147727],
		"xax": {
			"titlepos": [174.0909091,289.4026989,87.21590909,14.390625],
			"minpos": [47.19176136,274.5759943,11.33806818,16.13494318],
			"maxpos": [373.8153409,275.4481534,27.03693182,14.390625],
			"type": 1
		},
		"yax": {
			"titlepos": [1.839488636,84.88139205,19.1875,115.9971591],
			"minpos": [30.18465909,264.1100852,18.31534091,13.51846591],
			"maxpos": [24.95170455,4.642755682,24.85653409,15.69886364],
			"type": 1
		}
	}
}
