{
	"data": {
		"imagename": "00224-10.1.1.221.5486-Figure-3",
		"difficult": 0,
		"curves": [
			{
				"name": "SEL3",
				"labelposition": [388.3849432,39.54900568,46.35085227,19.04829545],
				"symbolposition": [340.7642045,38.27911932,38.73153409,19.68323864],
				"x": 100.7556818,
				"y": 217.3330966
			},
			{
				"name": "SEL3 extrapolation",
				"labelposition": [389.0198864,61.13707386,138.4176136,19.68323864],
				"symbolposition": [345.2088068,66.8515625,33.65198864,9.524147727],
				"x": [
					[102.6605114],
					[176.9488636],
					[215.6803977],
					[259.4914773],
					[289.96875],
					[339.4943182],
					[392.8295455],
					[425.2116477],
					[459.4985795],
					[472.1974432],
					[497.5951705],
					[511.5639205],
					[517.9133523],
					[522.9928977]
				],
				"y": [
					[218.602983],
					[217.3330966],
					[223.6825284],
					[226.2223011],
					[234.4765625],
					[239.556108],
					[252.8899148],
					[275.1129261],
					[303.6853693],
					[324.6384943],
					[343.6867898],
					[367.1796875],
					[387.4978693],
					[403.3714489]
				]
			},
			{
				"name": "NET-VISA",
				"labelposition": [383.3053977,80.8203125,81.90767045,22.22301136],
				"symbolposition": [346.4786932,87.8046875,32.38210227,11.42897727],
				"x": [
					[89.32670455],
					[126.7883523],
					[166.1548295],
					[182.6633523],
					[197.2670455],
					[210.6008523],
					[237.9034091],
					[289.3338068],
					[317.90625],
					[350.9232955],
					[369.9715909],
					[380.765625],
					[400.4488636],
					[415.6875],
					[418.8622159],
					[434.1008523],
					[446.1647727],
					[459.4985795],
					[476.6420455],
					[476.6420455],
					[485.53125]
				],
				"y": [
					[97.32883523],
					[106.2180398],
					[112.5674716],
					[120.821733],
					[125.2663352],
					[133.5205966],
					[144.9495739],
					[167.1725852],
					[188.7606534],
					[206.5390625],
					[219.8728693],
					[231.9367898],
					[242.0958807],
					[261.7791193],
					[275.1129261],
					[288.446733],
					[315.1143466],
					[325.9083807],
					[364.6399148],
					[391.3075284],
					[410.3558239]
				]
			}
		],
		"plotpos": [41.70596591,28.75497159,495.890625,382.2357955],
		"xax": {
			"titlepos": [262.6661932,428.7691761,53.97017045,14.60369318],
			"minpos": [39.80113636,414.8004261,20.953125,15.23863636],
			"maxpos": [529.3423295,414.165483,19.04829545,11.42897727],
			"type": 1
		},
		"yax": {
			"titlepos": [2.339488636,203.3643466,15.87357955,33.65198864],
			"minpos": [18.21306818,398.9268466,20.953125,13.96875],
			"maxpos": [15.67329545,18.59588068,22.85795455,15.23863636],
			"type": 1
		}
	}
}
