{
	"data": {
		"imagename": "00225-10.1.1.331.4181-Figure-5",
		"difficult": 0,
		"curves": [
			{
				"name": "MBP",
				"labelposition": [414.78125,8.436789773,49.52556818,22.85795455],
				"symbolposition": [380.4943182,15.42116477,33.65198864,10.79403409],
				"x": [
					[124.6122159],
					[266.2045455],
					[336.0482955],
					[405.2571023],
					[477.640625]
				],
				"y": [
					[382.4183239],
					[382.4183239],
					[380.5134943],
					[365.274858],
					[51.61292614]
				]
			},
			{
				"name": "ND-SHOP2",
				"labelposition": [501.7684659,6.531960227,113.6548295,26.66761364],
				"symbolposition": [468.1164773,15.42116477,34.28693182,8.889204545],
				"x": [
					[123.9772727],
					[617.9630682]
				],
				"y": [
					[382.4183239],
					[381.1484375]
				]
			}
		],
		"plotpos": [88.42045455,45.26349432,540.3366477,337.7897727],
		"xax": {
			"titlepos": [276.9985795,423.0546875,187.3082386,22.22301136],
			"minpos": [108.7386364,400.196733,27.30255682,22.85795455],
			"maxpos": [602.7244318,400.8316761,29.20738636,21.58806818],
			"type": 1
		},
		"yax": {
			"titlepos": [3.338068182,135.4254261,30.47727273,155.5610795],
			"minpos": [56.67329545,367.8146307,20.31818182,27.30255682],
			"maxpos": [30.00568182,56.05752841,48.25568182,25.39772727],
			"type": 1
		}
	}
}
