{
	"data": {
		"imagename": "00220-10.1.1.4.9606-Figure-7",
		"difficult": 0,
		"curves": [
			{
				"name": "Baseline (A1 + p)",
				"labelposition": [120.1832386,416.0703125,144.1321023,24.76278409],
				"symbolposition": [78.91193182,423.0546875,41.27130682,9.524147727],
				"x": [
					[108.1193182],
					[599.5653409]
				],
				"y": [
					[239.556108],
					[240.8259943]
				]
			},
			{
				"name": "Knowledge free start",
				"labelposition": [308.1264205,416.0703125,179.6889205,26.03267045],
				"symbolposition": [268.125,424.3245739,40.00142045,12.06392045],
				"x": [
					[104.9446023],
					[177.328125],
					[268.7599432],
					[321.4602273],
					[437.0198864],
					[530.9914773],
					[593.8508523]
				],
				"y": [
					[321.4637784],
					[278.9225852],
					[237.0163352],
					[226.2223011],
					[207.8089489],
					[201.459517],
					[200.1896307]
				]
			},
			{
				"name": "A1 + p start",
				"labelposition": [529.7215909,417.975142,93.97159091,20.953125],
				"symbolposition": [488.4502841,422.4197443,42.54119318,12.06392045],
				"x": [
					[108.7542614],
					[190.6619318],
					[317.6505682],
					[429.4005682]
				],
				"y": [
					[233.2066761],
					[204.634233],
					[186.2208807],
					[184.3160511]
				]
			}
		],
		"plotpos": [66.84801136,176.696733,570.8139205,146.671875],
		"xax": {
			"titlepos": [305.5866477,375.4339489,92.70170455,27.9375],
			"minpos": [94.78551136,342.4169034,23.49289773,22.22301136],
			"maxpos": [586.2315341,344.9566761,19.04829545,19.68323864],
			"type": 1
		},
		"yax": {
			"titlepos": [0.8139204545,193.8401989,28.57244318,119.3693182],
			"minpos": [27.48153409,315.7492898,24.76278409,19.68323864],
			"maxpos": [27.48153409,176.696733,25.39772727,24.76278409],
			"type": 1
		}
	}
}
