{
	"data": {
		"imagename": "00221-10.1.1.306.7483-Figure-8",
		"difficult": 0,
		"curves": [
			{
				"name": "V1-like, funneled [20]",
				"labelposition": [427.90625,336.5944602,127.9090909,14.65625],
				"symbolposition": [388.6008523,340.5916193,39.97159091,5.995738636],
				"x": [
					[120.125],
					[125.4545455],
					[129.4517045],
					[134.1150568],
					[143.4417614],
					[147.4389205],
					[160.0965909],
					[192.7400568],
					[227.3821023],
					[259.359375],
					[311.9886364],
					[356.6235795],
					[414.5823864],
					[442.5625],
					[476.5383523],
					[522.5056818],
					[576.4673295]
				],
				"y": [
					[432.5262784],
					[412.540483],
					[407.2109375],
					[375.899858],
					[372.568892],
					[361.243608],
					[353.2492898],
					[302.618608],
					[263.3132102],
					[232.6683239],
					[192.0305398],
					[162.0518466],
					[136.0703125],
					[128.0759943],
					[115.4183239],
					[99.4296875],
					[86.77201705]
				]
			},
			{
				"name": "Single LE + holistic [3]",
				"labelposition": [430.5710227,351.2507102,129.2414773,13.99005682],
				"symbolposition": [388.6008523,353.915483,39.97159091,7.994318182],
				"x": [
					[86.14914773],
					[114.1292614],
					[127.453125],
					[166.0923295],
					[178.75],
					[193.40625],
					[227.3821023],
					[298.6647727],
					[325.3125],
					[380.6065341],
					[434.5681818],
					[475.8721591],
					[526.5028409],
					[576.4673295]
				],
				"y": [
					[430.5276989],
					[352.5830966],
					[343.256392],
					[295.9566761],
					[268.6427557],
					[259.3160511],
					[235.3330966],
					[196.0276989],
					[185.368608],
					[158.0546875],
					[131.4069602],
					[114.0859375],
					[106.0916193],
					[94.10014205]
				]
			},
			{
				"name": "Hybrid, aligned [23]",
				"labelposition": [427.90625,366.5731534,116.5838068,13.99005682],
				"symbolposition": [386.6022727,369.2379261,41.30397727,7.328125],
				"x": [
					[60.16761364],
					[82.15198864],
					[110.1321023],
					[124.1221591],
					[128.1193182],
					[180.0823864],
					[208.7286932],
					[250.6988636],
					[279.3451705],
					[371.9460227],
					[429.9048295],
					[480.5355114],
					[547.8210227],
					[577.1335227]
				],
				"y": [
					[431.193892],
					[341.9240057],
					[292.6257102],
					[279.3018466],
					[267.9765625],
					[230.0035511],
					[200.024858],
					[183.3700284],
					[159.3870739],
					[125.4112216],
					[103.4268466],
					[91.43536932],
					[74.78053977],
					[68.78480114]
				]
			},
			{
				"name": "Background sample [32]",
				"labelposition": [428.5724432,383.8941761,142.5653409,13.32386364],
				"symbolposition": [386.6022727,385.2265625,41.30397727,5.995738636],
				"x": [
					[53.50568182],
					[59.50142045],
					[62.83238636],
					[79.48721591],
					[87.48153409],
					[108.1335227],
					[128.1193182],
					[168.7571023],
					[187.4105114],
					[234.7102273],
					[294.0014205],
					[326.6448864],
					[402.5909091],
					[468.5440341],
					[515.84375],
					[575.8011364]
				],
				"y": [
					[430.5276989],
					[383.8941761],
					[345.9211648],
					[295.9566761],
					[282.6328125],
					[239.9964489],
					[203.3558239],
					[172.0447443],
					[157.3884943],
					[137.4026989],
					[106.0916193],
					[90.76917614],
					[68.11860795],
					[51.46377841],
					[44.13565341],
					[36.14133523]
				]
			},
			{
				"name": "Attribute + Simile [12]",
				"labelposition": [429.9048295,397.2180398,125.2443182,12.65767045],
				"symbolposition": [388.6008523,399.8828125,39.97159091,7.328125],
				"x": [
					[67.49573864],
					[68.16193182],
					[79.48721591],
					[82.15198864],
					[108.1335227],
					[121.4573864],
					[141.4431818],
					[150.1036932],
					[182.7471591],
					[192.7400568],
					[204.0653409],
					[224.7173295],
					[238.7073864],
					[311.9886364],
					[321.9815341],
					[374.6107955],
					[450.5568182],
					[502.5198864],
					[579.1321023]
				],
				"y": [
					[432.5262784],
					[420.5348011],
					[391.8884943],
					[361.9098011],
					[296.6228693],
					[261.9808239],
					[237.9978693],
					[216.0134943],
					[181.3714489],
					[177.3742898],
					[161.3856534],
					[147.3955966],
					[143.3984375],
					[96.76491477],
					[94.10014205],
					[77.4453125],
					[56.12713068],
					[47.46661932],
					[37.47372159]
				]
			},
			{
				"name": "Our best (fusion)",
				"labelposition": [428.5724432,413.2066761,98.59659091,11.32528409],
				"symbolposition": [388.6008523,414.5390625,39.97159091,7.994318182],
				"x": [
					[50.17471591],
					[53.50568182],
					[60.83380682],
					[73.49147727],
					[87.48153409],
					[110.1321023],
					[144.1079545],
					[184.7457386],
					[251.3650568],
					[313.3210227],
					[385.9360795],
					[477.8707386],
					[576.4673295]
				],
				"y": [
					[430.5276989],
					[351.9169034],
					[286.6299716],
					[226.6725852],
					[176.0419034],
					[143.3984375],
					[112.087358],
					[92.76775568],
					[65.45383523],
					[50.79758523],
					[39.47230114],
					[31.47798295],
					[25.48224432]
				]
			}
		],
		"plotpos": [42.84659091,10.82599432,536.2855114,420.3678977],
		"xax": {
			"titlepos": [259.359375,453.178267,104.5923295,13.32386364],
			"minpos": [38.84943182,437.8558239,9.992897727,13.32386364],
			"maxpos": [566.4744318,438.522017,23.31676136,12.65767045],
			"type": 1
		},
		"yax": {
			"titlepos": [2.208806818,172.0447443,18.65340909,105.2585227],
			"minpos": [19.52982955,427.196733,19.98579545,11.99147727],
			"maxpos": [29.52272727,4.1640625,11.99147727,13.99005682],
			"type": 1
		}
	}
}
