{
	"data": {
		"imagename": "00239-10.1.1.32.2229-Figure-1",
		"difficult": 0,
		"curves": [
			{
				"name": "Set 1",
				"labelposition": [409.2840909,307.9978693,23.71448864,9.485795455],
				"symbolposition": [388.2045455,311.1598011,18.97159091,6.850852273],
				"x": [
					[31.43323864],
					[39.86505682],
					[51.45880682],
					[61.47159091],
					[74.64630682],
					[98.36079545],
					[124.7102273],
					[155.8025568],
					[184.2599432],
					[222.7301136],
					[264.8892045],
					[301.2514205],
					[340.7755682],
					[378.71875],
					[414.0269886]
				],
				"y": [
					[341.1981534],
					[303.7819602],
					[270.5816761],
					[245.8132102],
					[221.571733],
					[188.8984375],
					[157.806108],
					[126.1867898],
					[104.053267],
					[82.44673295],
					[64.52911932],
					[54.51633523],
					[49.24644886],
					[43.9765625],
					[39.76065341]
				]
			},
			{
				"name": "Set 2",
				"labelposition": [408.2301136,320.6455966,25.82244318,8.958806818],
				"symbolposition": [387.6775568,322.2265625,20.55255682,5.269886364],
				"x": [
					[33.01420455],
					[41.97301136],
					[54.62073864],
					[68.32244318],
					[86.76704545],
					[108.9005682],
					[135.25],
					[170.5582386],
					[198.4886364],
					[235.9048295],
					[278.5909091],
					[312.3181818],
					[351.8423295],
					[385.0426136],
					[426.6747159]
				],
				"y": [
					[337.509233],
					[287.4453125],
					[252.6640625],
					[217.3558239],
					[187.3174716],
					[159.3870739],
					[127.7677557],
					[102.9992898],
					[86.66264205],
					[68.21803977],
					[53.46235795],
					[47.66548295],
					[41.86860795],
					[39.23366477],
					[35.54474432]
				]
			},
			{
				"name": "Set 3",
				"labelposition": [410.3380682,329.0774148,22.66051136,10.01278409],
				"symbolposition": [388.2045455,332.2393466,17.390625,5.269886364],
				"x": [
					[33.01420455],
					[36.703125],
					[43.02698864],
					[51.98579545],
					[60.41761364],
					[77.28125],
					[96.77982955],
					[120.4943182],
					[154.7485795],
					[190.0568182],
					[222.7301136],
					[267.5241477],
					[304.4133523],
					[359.7471591],
					[408.2301136]
				],
				"y": [
					[342.2521307],
					[314.321733],
					[279.540483],
					[244.759233],
					[217.3558239],
					[185.7365057],
					[154.6441761],
					[127.7677557],
					[102.9992898],
					[81.39275568],
					[66.63707386],
					[54.51633523],
					[43.44957386],
					[37.12571023],
					[32.3828125]
				]
			}
		],
		"plotpos": [33.01420455,23.95099432,407.3622159,321.4630682],
		"xax": {
			"titlepos": [178.4630682,358.5887784,117.5184659,10.53977273],
			"minpos": [27.74431818,348.0490057,8.958806818,8.958806818],
			"maxpos": [430.890625,346.9950284,20.55255682,11.59375],
			"type": 1
		},
		"yax": {
			"titlepos": [1.921875,102.4723011,13.70170455,159.6775568],
			"minpos": [23.00142045,340.6711648,7.377840909,9.485795455],
			"maxpos": [23.00142045,19.73508523,7.904829545,8.958806818],
			"type": 1
		}
	}
}
