{
	"data": {
		"imagename": "00232-10.1.1.190.9949-Figure-5",
		"difficult": 0,
		"curves": [
			{
				"name": "Cooperative Agents",
				"labelposition": [359.9715909,137.3728693,159.5298295,22.34659091],
				"symbolposition": [315.8991477,139.2350852,43.45170455,18.62215909],
				"x": [
					[55.18892045],
					[107.9517045],
					[165.0596591],
					[220.9261364],
					[273.0681818],
					[386.0426136],
					[441.9090909],
					[548.0553977]
				],
				"y": [
					[298.7649148],
					[336.6299716],
					[352.7691761],
					[362.7009943],
					[368.9083807],
					[375.7365057],
					[380.0816761],
					[381.943892]
				]
			},
			{
				"name": "Free-rider Agents",
				"labelposition": [359.9715909,161.5816761,140.9076705,18.62215909],
				"symbolposition": [319.0028409,161.5816761,40.34801136,17.38068182],
				"x": [
					[56.43039773],
					[107.9517045],
					[166.921875],
					[220.9261364],
					[274.9303977],
					[330.1761364],
					[386.0426136],
					[497.1548295],
					[548.0553977]
				],
				"y": [
					[318.6285511],
					[360.8387784],
					[365.1839489],
					[367.0461648],
					[368.287642],
					[372.0120739],
					[375.7365057],
					[376.3572443],
					[378.2194602]
				]
			},
			{
				"name": "Strategic Agents",
				"labelposition": [359.9715909,180.8245739,136.5625,19.24289773],
				"symbolposition": [319.0028409,180.8245739,40.34801136,18.00142045],
				"x": [
					[57.05113636],
					[109.8139205],
					[163.8181818],
					[219.0639205],
					[276.171875],
					[329.5553977],
					[437.5639205],
					[549.9176136]
				],
				"y": [
					[339.7336648],
					[182.0660511],
					[129.9240057],
					[103.852983],
					[83.98934659],
					[70.95383523],
					[52.95241477],
					[43.64133523]
				]
			}
		],
		"plotpos": [54.56818182,13.84588068,495.3494318,382.375],
		"xax": {
			"titlepos": [259.4119318,414.8430398,90.62784091,19.24289773],
			"minpos": [49.60227273,399.3245739,11.17329545,13.03551136],
			"maxpos": [536.8821023,399.3245739,27.93323864,13.65625],
			"type": 1
		},
		"yax": {
			"titlepos": [4.288352273,50.46946023,21.10511364,307.265625],
			"minpos": [28.49715909,390.0134943,23.58806818,13.03551136],
			"maxpos": [25.39346591,3.9140625,27.3125,16.13920455],
			"type": 1
		}
	}
}
