{
	"data": {
		"imagename": "00242-10.1.1.30.8085-Figure-4",
		"difficult": 0,
		"curves": [
			{
				"name": "Naive",
				"labelposition": [513.4811229,22.33833495,55.62826718,20.22846079],
				"symbolposition": [573.5343659,24.86689255,42.98547919,14.5392062],
				"x": [
					[111.4404647],
					[198.0435624],
					[285.910939],
					[373.1461762],
					[460.3814134],
					[545.7202323],
					[630.4269119]
				],
				"y": [
					[179.7410455],
					[141.8126815],
					[38.14181994],
					[112.7342691],
					[135.4912875],
					[124.7449177],
					[79.23088093]
				]
			},
			{
				"name": "Contiguous",
				"labelposition": [462.2778316,41.93465634,105.5672798,22.12487899],
				"symbolposition": [572.2700871,46.99177154,41.08906099,10.1142304],
				"x": [
					[111.4404647],
					[197.411423],
					[284.6466602],
					[371.249758],
					[460.3814134],
					[547.6166505],
					[630.4269119]
				],
				"y": [
					[175.9482091],
					[246.7478219],
					[146.8697967],
					[220.8301065],
					[233.4728945],
					[227.7836399],
					[200.6016457]
				]
			},
			{
				"name": "Frequency Based",
				"labelposition": [410.4424008,60.89883833,158.03485,21.49273959],
				"symbolposition": [572.2700871,65.95595353,43.61761859,13.2749274],
				"x": [
					[110.1761859],
					[197.411423],
					[284.6466602],
					[371.249758],
					[458.4849952],
					[546.3523717],
					[631.0590513]
				],
				"y": [
					[179.1089061],
					[275.1940949],
					[150.6626331],
					[242.9549855],
					[265.7120039],
					[250.5406583],
					[212.6122943]
				]
			},
			{
				"name": "Markovian",
				"labelposition": [471.1277832,82.39157793,95.45304937,22.75701839],
				"symbolposition": [573.5343659,86.18441433,38.56050339,12.0106486],
				"x": [
					[110.8083253],
					[197.411423],
					[285.910939],
					[371.249758],
					[459.749274],
					[543.8238141],
					[632.3233301]
				],
				"y": [
					[174.6839303],
					[254.9656341],
					[138.0198451],
					[229.6800581],
					[258.1263311],
					[252.4370765],
					[213.2444337]
				]
			}
		],
		"plotpos": [111.4404647,6.534849952,520.250726,290.1519845],
		"xax": {
			"titlepos": [271.3717328,327.0295257,202.2846079,20.86060019],
			"minpos": [86.15488867,302.3760891,54.99612778,30.34269119],
			"maxpos": [613.9912875,304.2725073,34.76766699,26.54985479],
			"type": 3
		},
		"yax": {
			"titlepos": [1.4482091,55.84172314,25.91771539,201.0203291],
			"minpos": [68.45498548,266.3441433,36.03194579,23.38915779],
			"maxpos": [66.55856728,12.85624395,38.56050339,25.28557599],
			"type": 1
		}
	}
}
