{
	"data": {
		"imagename": "00246-10.1.1.129.6593-Figure-9",
		"difficult": 0,
		"curves": [
			{
				"name": "Force feedback off",
				"labelposition": [369.7571023,28.36576705,168.3678977,21.11931818],
				"symbolposition": [322.8252841,30.71235795,42.23863636,16.42613636],
				"x": [
					[123.3650568],
					[244.8011364],
					[366.8238636],
					[488.2599432]
				],
				"y": [
					[95.83025568],
					[214.3330966],
					[197.9069602],
					[238.3856534]
				]
			},
			{
				"name": "Force feedback on",
				"labelposition": [370.34375,52.41832386,166.0213068,19.94602273],
				"symbolposition": [321.0653409,55.3515625,46.93181818,11.14630682],
				"x": [
					[122.7784091],
					[244.8011364],
					[370.34375],
					[493.5397727]
				],
				"y": [
					[271.8245739],
					[256.571733],
					[275.3444602],
					[251.8785511]
				]
			}
		],
		"plotpos": [60.59375,17.80610795,491.6107955,337.9090909],
		"xax": {
			"titlepos": [188.4829545,387.3941761,232.8991477,22.87926136],
			"minpos": [98.13920455,360.4083807,53.38494318,26.39914773],
			"maxpos": [465.3806818,358.6484375,44.58522727,29.91903409],
			"type": 1
		},
		"yax": {
			"titlepos": [1.928977273,44.20525568,27.57244318,289.8039773],
			"minpos": [41.82102273,344.568892,17.59943182,25.22585227],
			"maxpos": [27.15482955,3.139914773,32.85227273,29.91903409],
			"type": 1
		}
	}
}
