{
	"data": {
		"imagename": "00240-10.1.1.227.7051-Figure-4",
		"difficult": 0,
		"curves": [
			{
				"name": "best-ind",
				"labelposition": [589.0484027,10.89012585,71.67182962,14.20522749],
				"symbolposition": [547.0784124,10.24443369,38.09583737,14.20522749],
				"x": [
					[110.5905131],
					[148.0406583],
					[217.7754114],
					[284.9273959],
					[362.410455],
					[390.82091],
					[428.9167473],
					[464.4298161]
				],
				"y": [
					[242.6936108],
					[200.0779284],
					[169.0847047],
					[138.7371733],
					[114.8465634],
					[106.4525653],
					[98.05856728],
					[110.3267183]
				]
			},
			{
				"name": "hybrid",
				"labelposition": [589.0484027,28.96950629,56.17521781,20.01645692],
				"symbolposition": [545.7870281,31.55227493,40.678606,13.55953533],
				"x": [
					[109.2991288],
					[143.5208132],
					[179.0338819],
					[217.7754114],
					[251.3514037],
					[290.7386254],
					[323.0232333],
					[358.536302],
					[390.82091],
					[430.8538238],
					[465.7212004]
				],
				"y": [
					[267.2299129],
					[215.5745402],
					[194.9123911],
					[176.8330106],
					[160.0450145],
					[144.5484027],
					[136.1544046],
					[125.1776379],
					[112.9094869],
					[98.70425944],
					[103.8697967]
				]
			},
			{
				"name": "classifier",
				"labelposition": [588.4027106,51.56873185,76.83736689,14.20522749],
				"symbolposition": [547.0784124,53.50580833,38.09583737,10.33107454],
				"x": [
					[112.5275895],
					[147.3949661],
					[182.9080348],
					[214.5469506],
					[252.642788],
					[288.1558567],
					[322.3775411],
					[360.4733785],
					[394.0493708],
					[427.625363],
					[462.4927396]
				],
				"y": [
					[304.0343659],
					[254.3160697],
					[239.46515],
					[225.2599226],
					[211.7003872],
					[191.0382381],
					[178.7700871],
					[171.0217812],
					[160.0450145],
					[156.1708616],
					[174.8959342]
				]
			},
			{
				"name": "metric",
				"labelposition": [588.4027106,71.58518877,58.75798645,16.14230397],
				"symbolposition": [546.4327202,71.58518877,40.678606,14.85091965],
				"x": [
					[110.5905131],
					[147.3949661],
					[182.9080348],
					[248.768635],
					[284.9273959],
					[326.2516941],
					[358.536302],
					[394.6950629],
					[430.8538238],
					[463.7841239]
				],
				"y": [
					[260.7729913],
					[231.7168441],
					[218.803001],
					[202.0150048],
					[200.7236205],
					[196.2037754],
					[192.3296225],
					[194.9123911],
					[186.518393],
					[200.0779284]
				]
			},
			{
				"name": "rand",
				"labelposition": [590.9854792,92.24733785,40.03291384,13.55953533],
				"symbolposition": [547.0784124,93.53872217,36.80445305,10.33107454],
				"x": [
					[108.0077444],
					[144.1665053],
					[179.0338819],
					[215.1926428],
					[253.2884802],
					[323.0232333],
					[353.3707648],
					[425.6882865],
					[464.4298161]
				],
				"y": [
					[358.2725073],
					[356.9811229],
					[356.9811229],
					[355.0440465],
					[358.2725073],
					[355.6897386],
					[353.7526621],
					[364.7294288],
					[353.10697]
				]
			}
		],
		"plotpos": [75.7231365,12.82720232,424.8654405,375.7928364],
		"xax": {
			"titlepos": [168.7028074,426.7158761,236.9690223,20.01645692],
			"minpos": [66.03775411,395.7226525,14.20522749,18.7250726],
			"maxpos": [490.9031946,393.1398838,21.30784124,20.01645692],
			"type": 1
		},
		"yax": {
			"titlepos": [2.759922556,136.1544046,21.30784124,129.1384318],
			"minpos": [52.47821878,384.1001936,13.55953533,14.20522749],
			"maxpos": [37.62729913,3.787512101,27.11907067,14.20522749],
			"type": 1
		}
	}
}
