{
	"data": {
		"imagename": "00247-10.1.1.176.6840-Figure-4",
		"difficult": 0,
		"curves": [
			{
				"name": "HMCS",
				"labelposition": [432.7909003,27.77395934,81.357212,27.11907067],
				"symbolposition": [523.8334947,30.35672798,87.16844143,19.37076476],
				"x": [
					[108.6534366],
					[239.0832527],
					[372.0958374],
					[503.1713456],
					[638.1210068]
				],
				"y": [
					[154.9753146],
					[260.8688287],
					[281.5309777],
					[279.5939013],
					[281.5309777]
				]
			},
			{
				"name": "ST",
				"labelposition": [475.4065828,54.89303001,40.678606,27.76476283],
				"symbolposition": [526.4162633,58.76718296,78.77444337,16.78799613],
				"x": [
					[108.6534366],
					[239.7289448],
					[373.3872217],
					[504.4627299],
					[636.8296225]
				],
				"y": [
					[69.74394966],
					[120.107938],
					[154.3296225],
					[156.2666989],
					[160.786544]
				]
			},
			{
				"name": "Gibbs",
				"labelposition": [445.0590513,81.36640852,71.67182962,29.05614714],
				"symbolposition": [523.8334947,88.46902227,84.5856728,15.49661181],
				"x": [
					[108.0077444],
					[239.7289448],
					[372.0958374],
					[507.0454985],
					[635.5382381]
				],
				"y": [
					[88.46902227],
					[125.2734753],
					[136.8959342],
					[142.7071636],
					[142.7071636]
				]
			}
		],
		"plotpos": [108.6534366,19.37996128,528.1761859,260.8596321],
		"xax": {
			"titlepos": [294.6127783,336.4148112,150.446273,29.05614714],
			"minpos": [87.99128751,295.0905131,40.678606,31.63891578],
			"maxpos": [603.8993224,297.0275895,63.92352372,25.82768635],
			"type": 2
		},
		"yax": {
			"titlepos": [2.114230397,39.3964182,37.45014521,224.7008712],
			"minpos": [75.07744434,269.9085189,20.01645692,26.47337851],
			"maxpos": [72.4946757,3.883349468,20.66214908,27.76476283],
			"type": 1
		}
	}
}
