{
	"data": {
		"imagename": "00266-10.1.1.149.4634-Figure-7",
		"difficult": 0,
		"curves": [
			{
				"name": "SNP data",
				"labelposition": [180.1392045,33.26207386,61.10227273,14.06960227],
				"symbolposition": [156.8238636,32.86008523,23.31534091,11.25568182],
				"x": [
					[48.28693182],
					[130.2926136],
					[211.4943182],
					[293.5]
				],
				"y": [
					[65.82315341],
					[50.94957386],
					[116.8757102],
					[85.52059659]
				]
			},
			{
				"name": "Microsatellite data",
				"labelposition": [179.7372159,47.73366477,111.7528409,14.47159091],
				"symbolposition": [156.0198864,48.53764205,24.11931818,10.85369318],
				"x": [
					[47.08096591],
					[211.4943182],
					[295.9119318]
				],
				"y": [
					[211.7450284],
					[235.0603693],
					[231.040483]
				]
			}
		],
		"plotpos": [47.88494318,25.62428977,246.4190341,223.9076705],
		"xax": {
			"titlepos": [69.59232955,266.0134943,198.1803977,15.27556818],
			"minpos": [42.25710227,254.3558239,9.647727273,11.65767045],
			"maxpos": [289.8821023,253.5518466,8.441761364,13.66761364],
			"type": 1
		},
		"yax": {
			"titlepos": [2.460227273,106.4240057,16.88352273,65.92613636],
			"minpos": [27.78551136,243.9041193,20.09943182,12.05965909],
			"maxpos": [27.78551136,19.19247159,20.09943182,14.47159091],
			"type": 2
		}
	}
}
