{
	"data": {
		"imagename": "00264-10.1.1.160.6206-Figure-2",
		"difficult": 0,
		"curves": [
			{
				"name": "Cont CRF",
				"labelposition": [114.5014205,17.37855114,64.75852273,13.77840909],
				"symbolposition": [68.34375,15.31178977,46.84659091,17.22301136],
				"x": [
					[56.63210227],
					[108.9900568],
					[162.7258523],
					[215.0838068],
					[270.1974432],
					[323.2443182],
					[373.5355114],
					[431.4048295],
					[477.5625],
					[533.3650568],
					[585.7230114],
					[637.3920455]
				],
				"y": [
					[195.8089489],
					[191.6754261],
					[213.0319602],
					[152.4069602],
					[140.006392],
					[126.227983],
					[126.9169034],
					[131.7393466],
					[104.1825284],
					[101.4268466],
					[51.82457386],
					[35.29048295]
				]
			},
			{
				"name": "CRF",
				"labelposition": [114.5014205,32.53480114,29.62357955,13.77840909],
				"symbolposition": [66.96590909,31.84588068,46.15767045,15.84517045],
				"x": [
					[58.00994318],
					[110.3678977],
					[162.7258523],
					[214.3948864],
					[266.7528409],
					[322.5553977],
					[374.2244318],
					[425.8934659],
					[481.0071023],
					[531.2982955],
					[585.0340909],
					[637.3920455]
				],
				"y": [
					[206.1427557],
					[239.899858],
					[168.9410511],
					[152.4069602],
					[159.2961648],
					[202.6981534],
					[154.4737216],
					[192.3643466],
					[164.8075284],
					[127.6058239],
					[87.6484375],
					[51.82457386]
				]
			},
			{
				"name": "Active Regions",
				"labelposition": [115.1903409,50.44673295,97.13778409,14.46732955],
				"symbolposition": [69.03267045,49.06889205,44.09090909,15.84517045],
				"x": [
					[57.32102273],
					[110.3678977],
					[162.0369318],
					[216.4616477],
					[266.7528409],
					[321.8664773],
					[374.2244318],
					[423.8267045],
					[479.6292614],
					[533.3650568],
					[585.0340909],
					[639.4588068]
				],
				"y": [
					[410.7521307],
					[187.5419034],
					[326.0149148],
					[138.6285511],
					[212.3430398],
					[140.006392],
					[137.9396307],
					[115.2052557],
					[228.1882102],
					[208.209517],
					[123.4723011],
					[112.4495739]
				]
			}
		],
		"plotpos": [57.32102273,6.355823864,581.4488636,432.6420455],
		"xax": {
			"titlepos": [313.5994318,462.4211648,68.89204545,20.66761364],
			"minpos": [51.80965909,443.8203125,8.267045455,17.91193182],
			"maxpos": [627.7471591,447.2649148,19.97869318,15.15625],
			"type": 1
		},
		"yax": {
			"titlepos": [1.518465909,153.0958807,25.49005682,139.1619318],
			"minpos": [29.76420455,410.7521307,23.42329545,18.60085227],
			"maxpos": [28.38636364,4.2890625,26.86789773,19.28977273],
			"type": 1
		}
	}
}
