{
	"data": {
		"imagename": "00279-10.1.1.127.3217-Figure-5",
		"difficult": 0,
		"curves": [
			{
				"name": "GW-Bool-BF-3-4-FTR + EP-KN-3",
				"labelposition": [226.2758955,50.91626331,297.4772507,20.00968054],
				"symbolposition": [527.7550823,55.58518877,63.36398838,13.33978703],
				"x": [
					[84.87415295],
					[214.9370765],
					[347.0009681],
					[477.7308809],
					[610.4617619]
				],
				"y": [
					[303.7052275],
					[247.678122],
					[255.0150048],
					[207.6587609],
					[194.3189739]
				]
			},
			{
				"name": "GW-Bool-BF-3-4 + EP-KN-3",
				"labelposition": [270.2971926,69.59196515,254.7899322,23.3446273],
				"symbolposition": [529.089061,75.59486931,62.03000968,12.00580833],
				"x": [
					[84.87415295],
					[214.9370765],
					[347.6679574],
					[477.0638916],
					[610.4617619]
				],
				"y": [
					[354.3964182],
					[323.714908],
					[209.6597289],
					[216.3296225],
					[209.6597289]
				]
			}
		],
		"plotpos": [83.54017425,46.9143272,526.9215876,335.4956438],
		"xax": {
			"titlepos": [276.9670862,420.428364,142.0687318,23.3446273],
			"minpos": [70.86737657,390.4138432,32.01548887,25.34559535],
			"maxpos": [601.7909003,391.0808325,21.34365924,22.67763795],
			"type": 1
		},
		"yax": {
			"titlepos": [0.1665053243,154.9666021,29.34753146,117.3901258],
			"minpos": [47.52274927,370.4041626,25.34559535,22.0106486],
			"maxpos": [42.85382381,33.57454017,30.01452081,24.01161665],
			"type": 1
		}
	}
}
