{
	"data": {
		"imagename": "00270-10.1.1.298.3587-Figure-2",
		"difficult": 0,
		"curves": [
			{
				"name": "Ridge Regression",
				"labelposition": [180.078125,253.1455966,175.3849432,26.73153409],
				"symbolposition": [100.5355114,255.1015625,76.28267045,15.64772727],
				"x": [
					[76.41193182],
					[110.3153409],
					[140.9588068],
					[196.3778409],
					[264.1846591],
					[324.1676136],
					[384.1505682],
					[447.3934659],
					[515.2002841],
					[542.5838068],
					[571.9232955],
					[590.1789773]
				],
				"y": [
					[98.62428977],
					[127.3117898],
					[148.1754261],
					[174.2549716],
					[201.6384943],
					[225.7620739],
					[240.7578125],
					[251.8416193],
					[263.5774148],
					[266.1853693],
					[271.4012784],
					[275.9651989]
				]
			},
			{
				"name": "Baseline",
				"labelposition": [177.4701705,346.3799716,89.32244318,24.12357955],
				"symbolposition": [97.92755682,348.3359375,76.28267045,16.29971591],
				"x": [
					[84.88778409],
					[98.57954545],
					[118.1392045],
					[127.9190341],
					[129.2230114],
					[143.5667614],
					[155.3025568],
					[178.1221591],
					[187.9019886],
					[202.8977273],
					[221.1534091],
					[228.3252841],
					[242.6690341],
					[259.6207386],
					[261.5767045],
					[265.4886364],
					[282.4403409],
					[280.484375],
					[292.2201705],
					[298.7400568],
					[318.9517045],
					[333.9474432],
					[349.5951705],
					[392.6264205],
					[405.6661932],
					[425.8778409],
					[476.7329545],
					[539.9758523],
					[594.0909091]
				],
				"y": [
					[96.66832386],
					[43.20525568],
					[102.5362216],
					[98.62428977],
					[21.03764205],
					[17.12571023],
					[104.4921875],
					[80.36860795],
					[41.90127841],
					[90.1484375],
					[64.72088068],
					[96.01633523],
					[14.51775568],
					[17.12571023],
					[79.06463068],
					[15.82173295],
					[13.21377841],
					[82.9765625],
					[105.7961648],
					[17.77769886],
					[90.80042614],
					[45.16122159],
					[100.5802557],
					[116.8799716],
					[116.8799716],
					[124.0518466],
					[124.0518466],
					[120.7919034],
					[119.4879261]
				]
			},
			{
				"name": "Lasso",
				"labelposition": [174.2102273,287.7009943,67.15482955,24.12357955],
				"symbolposition": [98.57954545,287.0490057,72.37073864,15.64772727],
				"x": [
					[143.5667614],
					[167.0383523],
					[196.3778409],
					[211.3735795],
					[226.3693182],
					[254.4048295],
					[289.6122159],
					[298.0880682],
					[321.5596591],
					[353.5071023],
					[384.8025568],
					[448.6974432],
					[481.9488636],
					[509.984375],
					[538.0198864],
					[568.0113636],
					[585.6150568]
				],
				"y": [
					[17.12571023],
					[76.45667614],
					[96.01633523],
					[123.399858],
					[129.2677557],
					[136.4396307],
					[150.131392],
					[157.9552557],
					[157.9552557],
					[158.6072443],
					[172.2990057],
					[181.4268466],
					[189.2507102],
					[191.2066761],
					[195.118608],
					[199.0305398],
					[202.9424716]
				]
			},
			{
				"name": "AER",
				"labelposition": [177.4701705,317.6924716,51.50710227,20.21164773],
				"symbolposition": [98.57954545,317.6924716,76.28267045,14.34375],
				"x": [
					[89.45170455],
					[96.62357955],
					[127.2670455],
					[164.4303977],
					[208.765625],
					[232.8892045],
					[283.7443182],
					[326.1235795],
					[355.4630682],
					[398.4943182],
					[442.8295455],
					[502.1605114],
					[537.3678977],
					[579.0951705]
				],
				"y": [
					[154.0433239],
					[181.4268466],
					[178.1669034],
					[185.3387784],
					[189.9026989],
					[193.8146307],
					[199.0305398],
					[204.8984375],
					[204.8984375],
					[206.8544034],
					[209.462358],
					[214.0262784],
					[215.3302557],
					[215.9822443]
				]
			}
		],
		"plotpos": [75.10795455,15.16974432,522.8948864,371.6335227],
		"xax": {
			"titlepos": [234.8451705,422.0106534,200.1605114,26.07954545],
			"minpos": [65.98011364,396.5830966,18.25568182,20.86363636],
			"maxpos": [492.3806818,396.5830966,22.81960227,21.515625],
			"type": 1
		},
		"yax": {
			"titlepos": [2.737215909,88.19247159,26.73153409,221.6761364],
			"minpos": [37.29261364,378.9794034,33.90340909,20.21164773],
			"maxpos": [39.90056818,5.389914773,31.94744318,20.21164773],
			"type": 1
		}
	}
}
