{
	"data": {
		"imagename": "00273-10.1.1.140.8059-Figure-2",
		"difficult": 0,
		"curves": [
			{
				"name": "Button not looked at",
				"labelposition": [373.1136364,165.787642,125.390625,14.43892045],
				"symbolposition": [336.6363636,164.2677557,33.4375,10.63920455],
				"x": [
					[71.41619318],
					[103.3338068],
					[128.4119318],
					[160.3295455],
					[196.8068182],
					[241.6434659],
					[323.7173295],
					[414.1505682],
					[568.4190341]
				],
				"y": [
					[236.462358],
					[136.149858],
					[87.51349432],
					[53.31605114],
					[40.39701705],
					[32.79758523],
					[32.03764205],
					[32.03764205],
					[32.03764205]
				]
			},
			{
				"name": "Button looked at",
				"labelposition": [373.1136364,179.4666193,107.1519886,16.71875],
				"symbolposition": [338.9161932,181.7464489,28.87784091,9.879261364],
				"x": [
					[69.13636364],
					[113.9730114],
					[152.7301136],
					[182.3678977],
					[209.7258523],
					[234.0440341],
					[260.6420455],
					[288],
					[317.6377841],
					[342.7159091],
					[372.3536932],
					[408.8309659],
					[470.3863636]
				],
				"y": [
					[437.8473011],
					[435.5674716],
					[427.2080966],
					[402.8899148],
					[358.8132102],
					[291.9382102],
					[215.943892],
					[131.5901989],
					[78.39417614],
					[54.8359375],
					[40.39701705],
					[35.07741477],
					[32.03764205]
				]
			}
		],
		"plotpos": [64.57670455,9.999289773,503.8423295,454.4460227],
		"xax": {
			"titlepos": [232.5241477,514.6015625,165.6676136,15.95880682],
			"minpos": [60.01704545,485.7237216,15.95880682,13.67897727],
			"maxpos": [538.78125,481.1640625,19.75852273,21.27840909],
			"type": 1
		},
		"yax": {
			"titlepos": [3.021306818,174.9069602,20.51846591,125.390625],
			"minpos": [26.57954545,434.0475852,24.31818182,18.99857955],
			"maxpos": [25.81960227,24.43821023,27.35795455,18.23863636],
			"type": 1
		}
	}
}
