{
	"data": {
		"imagename": "00281-10.1.1.23.9493-Figure-6",
		"difficult": 0,
		"curves": [
			{
				"name": "BBF search",
				"labelposition": [398.3480114,77.73366477,105.9943182,20.03551136],
				"symbolposition": [512.0980114,83.55042614,38.77840909,9.694602273],
				"x": [
					[81.01136364],
					[106.8636364],
					[132.0696023],
					[158.5681818],
					[184.4204545],
					[234.1860795],
					[262.6235795],
					[308.5113636],
					[334.3636364],
					[388.6534091],
					[435.1875],
					[489.4772727],
					[543.1207386],
					[565.7414773]
				],
				"y": [
					[247.712358],
					[174.0333807],
					[129.4382102],
					[98.41548295],
					[77.08735795],
					[60.28338068],
					[50.58877841],
					[43.47940341],
					[40.24786932],
					[31.19957386],
					[24.73650568],
					[20.21235795],
					[17.62713068],
					[16.98082386]
				]
			},
			{
				"name": "Restricted search",
				"labelposition": [351.1676136,97.76917614,153.8210227,21.97443182],
				"symbolposition": [511.4517045,103.5859375,40.07102273,9.048295455],
				"x": [
					[81.65767045],
					[106.8636364],
					[132.0696023],
					[184.4204545],
					[234.8323864],
					[259.3920455],
					[310.4502841],
					[360.8622159],
					[415.1519886],
					[435.1875],
					[463.625],
					[488.8309659],
					[540.5355114],
					[564.4488636]
				],
				"y": [
					[383.4367898],
					[354.352983],
					[326.5617898],
					[296.1853693],
					[269.040483],
					[252.2365057],
					[236.725142],
					[213.4580966],
					[196.0078125],
					[187.6058239],
					[184.3742898],
					[177.9112216],
					[166.9240057],
					[155.290483]
				]
			}
		],
		"plotpos": [80.36505682,13.10298295,484.7301136,381.3210227],
		"xax": {
			"titlepos": [265.8551136,433.2024148,113.1036932,19.38920455],
			"minpos": [102.9857955,402.1796875,32.31534091,25.85227273],
			"maxpos": [544.4133523,402.8259943,40.07102273,19.38920455],
			"type": 1
		},
		"yax": {
			"titlepos": [2.161931818,42.18678977,29.73011364,323.7997159],
			"minpos": [38.35511364,385.3757102,32.96164773,25.20596591],
			"maxpos": [53.86647727,2.115767045,21.328125,19.38920455],
			"type": 1
		}
	}
}
