{
	"data": {
		"imagename": "00286-10.1.1.225.6195-Figure-4",
		"difficult": 0,
		"curves": [
			{
				"name": "PA",
				"labelposition": [334.7784091,198.3984375,26.61647727,17.74431818],
				"symbolposition": [296.3323864,201.3558239,38.44602273,13.30823864],
				"x": [
					[54.31960227],
					[79.45738636],
					[112.4815341],
					[165.7144886],
					[222.890625],
					[276.6164773],
					[328.8636364],
					[390.96875],
					[446.1732955],
					[472.7897727]
				],
				"y": [
					[303.3856534],
					[225.5078125],
					[190.5120739],
					[150.587358],
					[121.506392],
					[97.35440341],
					[79.61008523],
					[65.31605114],
					[52.50071023],
					[46.5859375]
				]
			},
			{
				"name": "P2PT",
				"labelposition": [336.2571023,219.100142,44.36079545,16.75852273],
				"symbolposition": [294.8536932,220.0859375,42.38920455,15.77272727],
				"x": [
					[54.8125],
					[80.93607955],
					[140.5767045],
					[166.7002841],
					[222.3977273],
					[278.0951705],
					[333.2997159],
					[390.4758523],
					[442.2301136],
					[472.7897727]
				],
				"y": [
					[304.8643466],
					[237.337358],
					[178.6825284],
					[154.037642],
					[115.0987216],
					[85.03196023],
					[63.34446023],
					[44.12144886],
					[38.20667614],
					[32.29190341]
				]
			},
			{
				"name": "P2PTR180",
				"labelposition": [334.7784091,238.8160511,84.28551136,16.265625],
				"symbolposition": [297.8110795,237.8302557,36.96732955,16.75852273],
				"x": [
					[54.31960227],
					[82.41477273],
					[111.9886364],
					[137.1264205],
					[193.8096591],
					[250.4928977],
					[306.6832386],
					[361.3948864],
					[418.5710227],
					[472.296875]
				],
				"y": [
					[304.3714489],
					[228.9580966],
					[189.5262784],
					[162.4169034],
					[122.4921875],
					[90.45383523],
					[66.30184659],
					[48.06463068],
					[38.69957386],
					[31.30610795]
				]
			},
			{
				"name": "LDA",
				"labelposition": [336.2571023,260.0106534,36.96732955,15.77272727],
				"symbolposition": [294.8536932,261.9822443,40.91051136,10.35085227],
				"x": [
					[56.78409091],
					[81.42897727],
					[110.5099432],
					[137.1264205],
					[165.2215909],
					[190.8522727],
					[223.8764205],
					[276.6164773],
					[336.2571023],
					[393.4332386],
					[444.6946023],
					[472.296875]
				],
				"y": [
					[304.3714489],
					[178.6825284],
					[132.8430398],
					[107.7052557],
					[89.46803977],
					[74.68110795],
					[64.33025568],
					[51.51491477],
					[42.14985795],
					[32.78480114],
					[27.85582386],
					[25.88423295]
				]
			},
			{
				"name": "LDA+P2PTR180",
				"labelposition": [334.7784091,277.2620739,126.1818182,16.75852273],
				"symbolposition": [296.3323864,279.2336648,38.44602273,14.78693182],
				"x": [
					[54.8125],
					[82.41477273],
					[109.5241477],
					[138.6051136],
					[166.7002841],
					[192.3309659],
					[226.3409091],
					[253.4502841],
					[306.1903409],
					[359.9161932],
					[413.1491477],
					[471.8039773]
				],
				"y": [
					[304.3714489],
					[149.1086648],
					[103.7620739],
					[78.13139205],
					[62.35866477],
					[50.52911932],
					[41.1640625],
					[35.7421875],
					[26.37713068],
					[21.94105114],
					[17.99786932],
					[17.50497159]
				]
			}
		],
		"plotpos": [53.82670455,11.59019886,417.484375,291.3025568],
		"xax": {
			"titlepos": [219.4403409,326.0589489,88.72159091,19.71590909],
			"minpos": [50.37642045,308.3146307,7.886363636,15.27982955],
			"maxpos": [448.6377841,305.850142,49.28977273,20.70170455],
			"type": 1
		},
		"yax": {
			"titlepos": [2.072443182,131.3643466,20.20880682,50.76846591],
			"minpos": [41.01136364,298.4566761,10.84375,13.30823864],
			"maxpos": [39.53267045,4.689630682,11.33664773,14.78693182],
			"type": 1
		}
	}
}
