{
	"data": {
		"imagename": "00287-10.1.1.294.8940-Figure-5",
		"difficult": 0,
		"curves": [
			{
				"name": "Bowyer Canny",
				"labelposition": [401.9588068,376.9950284,136.40625,24.11221591],
				"symbolposition": [541.8096591,383.1953125,63.38068182,13.77840909],
				"x": [
					[127.7684659],
					[136.0355114],
					[140.8579545],
					[144.3025568],
					[160.8366477],
					[196.6605114],
					[251.7741477],
					[362.0014205],
					[623.7911932]
				],
				"y": [
					[350.8160511],
					[301.9026989],
					[248.1669034],
					[197.8757102],
					[161.3629261],
					[116.5830966],
					[97.29332386],
					[72.4921875],
					[61.46946023]
				]
			},
			{
				"name": "Grafting",
				"labelposition": [463.2727273,400.4183239,75.09232955,21.35653409],
				"symbolposition": [542.4985795,404.5518466,64.75852273,11.02272727],
				"x": [
					[124.3238636],
					[128.4573864],
					[129.8352273],
					[132.5909091],
					[146.3693182],
					[175.9928977],
					[234.5511364],
					[338.578125],
					[463.9616477],
					[623.1022727]
				],
				"y": [
					[421.774858],
					[311.5475852],
					[214.4098011],
					[164.8075284],
					[138.6285511],
					[104.8714489],
					[93.15980114],
					[85.58167614],
					[78.69247159],
					[71.80326705]
				]
			}
		],
		"plotpos": [120.1903409,54.58025568,502.2230114,369.9502841],
		"xax": {
			"titlepos": [291.0426136,462.4211648,159.8295455,21.35653409],
			"minpos": [116.0568182,433.4865057,12.40056818,20.66761364],
			"maxpos": [608.6349432,432.7975852,34.44602273,23.42329545],
			"type": 1
		},
		"yax": {
			"titlepos": [11.34090909,165.4964489,32.37926136,152.2514205],
			"minpos": [63.69886364,388.7066761,49.60227273,26.17897727],
			"maxpos": [93.32244318,42.86860795,18.60085227,20.66761364],
			"type": 1
		}
	}
}
