{
	"data": {
		"imagename": "00288-10.1.1.360.7425-Figure-7",
		"difficult": 0,
		"curves": [
			{
				"name": "Averages",
				"labelposition": [400.2883523,52.92116477,87.66477273,20.73153409],
				"symbolposition": [497.4303977,54.10582386,62.19460227,15.99289773],
				"x": [
					[105.9005682],
					[126.6321023],
					[147.3636364],
					[168.6875],
					[189.4190341],
					[223.7741477],
					[248.0596591],
					[284.7840909],
					[367.1178977],
					[422.2045455],
					[518.7542614],
					[576.8025568]
				],
				"y": [
					[94.38423295],
					[190.9339489],
					[235.3586648],
					[247.7975852],
					[248.9822443],
					[247.2052557],
					[243.6512784],
					[243.0589489],
					[237.727983],
					[238.3203125],
					[232.9893466],
					[234.1740057]
				]
			},
			{
				"name": "Copies",
				"labelposition": [421.6122159,71.87571023,69.30255682,21.32386364],
				"symbolposition": [497.4303977,73.06036932,62.78693182,14.21590909],
				"x": [
					[108.8622159],
					[126.6321023],
					[146.1789773],
					[168.6875],
					[204.2272727],
					[242.1363636],
					[280.6377841],
					[326.8394886],
					[367.1178977],
					[482.0298295],
					[579.7642045]
				],
				"y": [
					[124.0007102],
					[211.0731534],
					[230.6200284],
					[235.3586648],
					[234.1740057],
					[231.8046875],
					[231.212358],
					[253.1285511],
					[265.5674716],
					[263.790483],
					[264.3828125]
				]
			},
			{
				"name": "Scoring",
				"labelposition": [416.8735795,91.42258523,73.44886364,22.50852273],
				"symbolposition": [496.8380682,96.16122159,59.23295455,13.62357955],
				"x": [
					[107.6775568],
					[126.6321023],
					[145.5866477],
					[165.7258523],
					[188.8267045],
					[204.2272727],
					[242.7286932],
					[265.8295455],
					[285.96875],
					[324.4701705],
					[361.7869318],
					[423.9815341],
					[486.1761364],
					[521.1235795],
					[576.2102273]
				],
				"y": [
					[94.38423295],
					[154.209517],
					[186.787642],
					[212.2578125],
					[235.9509943],
					[249.5745739],
					[260.2365057],
					[266.1598011],
					[267.9367898],
					[285.7066761],
					[297.553267],
					[307.0305398],
					[312.3615057],
					[315.3231534],
					[318.8771307]
				]
			},
			{
				"name": "Full",
				"labelposition": [450.6363636,109.7848011,38.50142045,21.32386364],
				"symbolposition": [496.8380682,117.4850852,63.37926136,10.66193182],
				"x": [
					[108.2698864],
					[127.8167614],
					[146.1789773],
					[168.6875],
					[187.0497159],
					[226.1434659],
					[243.9133523],
					[264.0525568],
					[287.1534091],
					[326.2471591],
					[361.7869318],
					[420.4275568],
					[482.0298295],
					[579.171875]
				],
				"y": [
					[124.0007102],
					[219.365767],
					[253.1285511],
					[276.821733],
					[288.6683239],
					[303.4765625],
					[304.068892],
					[309.399858],
					[311.1768466],
					[318.2848011],
					[319.4694602],
					[323.615767],
					[326.5774148],
					[328.3544034]
				]
			},
			{
				"name": "Only Weight",
				"labelposition": null,
				"symbolposition": null,
				"x": [
					[124.8551136],
					[167.5028409],
					[206.0042614],
					[245.6903409],
					[284.1917614],
					[325.6548295],
					[362.9715909],
					[402.6576705],
					[439.9744318],
					[480.8451705],
					[560.8096591],
					[577.9872159]
				],
				"y": [
					[57.06747159],
					[129.3316761],
					[186.1953125],
					[214.6271307],
					[238.912642],
					[254.9055398],
					[270.8984375],
					[281.5603693],
					[287.4836648],
					[301.1072443],
					[311.7691761],
					[313.5461648]
				]
			}
		],
		"plotpos": [88.72301136,45.22088068,489.2642045,303.2727273],
		"xax": {
			"titlepos": [300.1846591,389.9566761,70.48721591,23.69318182],
			"minpos": [84.57670455,360.3401989,14.21590909,22.50852273],
			"maxpos": [567.9176136,355.009233,26.0625,27.83948864],
			"type": 1
		},
		"yax": {
			"titlepos": [2.835227273,124.0007102,30.80113636,148.6747159],
			"minpos": [51.40625,337.2393466,26.65482955,27.24715909],
			"maxpos": [49.62926136,34.55894886,29.02414773,23.10085227],
			"type": 1
		}
	}
}
