{
	"data": {
		"imagename": "00295-10.1.1.366.9604-Figure-3",
		"difficult": 0,
		"curves": [
			{
				"name": "constraint baseline",
				"labelposition": [209.3039773,210.4211648,93.29829545,11.75710227],
				"symbolposition": [187.3068182,210.4211648,21.61789773,10.24005682],
				"x": [
					[32.56818182],
					[50.39346591],
					[88.31960227],
					[161.5170455],
					[304.4985795]
				],
				"y": [
					[228.6257102],
					[169.0816761],
					[108.0205966],
					[73.12855114],
					[59.47514205]
				]
			},
			{
				"name": "GE",
				"labelposition": [208.9247159,223.3160511,18.20454545,10.99857955],
				"symbolposition": [186.5482955,224.4538352,21.23863636,9.860795455],
				"x": [
					[32.94744318],
					[50.39346591],
					[86.04403409],
					[161.1377841],
					[305.2571023]
				],
				"y": [
					[136.0859375],
					[84.12713068],
					[71.23224432],
					[55.30326705],
					[43.54616477]
				]
			}
		],
		"plotpos": [33.70596591,24.58309659,272.6889205,213.9034091],
		"xax": {
			"titlepos": [114.109375,254.7947443,110.7443182,10.24005682],
			"minpos": [40.15340909,242.2791193,23.13494318,11.75710227],
			"maxpos": [295.7755682,242.2791193,19.34232955,11.37784091],
			"type": 1
		},
		"yax": {
			"titlepos": [3.744318182,106.8828125,12.515625,47.02840909],
			"minpos": [17.77698864,233.9353693,14.41193182,11.75710227],
			"maxpos": [16.25994318,18.89417614,14.41193182,12.515625],
			"type": 1
		}
	}
}
