{
	"data": {
		"imagename": "00293-10.1.1.323.9133-Figure-14",
		"difficult": 0,
		"curves": [
			{
				"name": "Photoshop Elements",
				"labelposition": [130.8465909,13.61860795,128.953125,16.18892045],
				"symbolposition": [98.46875,14.73508523,32.93607955,11.72301136],
				"x": [
					[95.11931818],
					[121.3565341],
					[157.6420455],
					[230.7713068],
					[376.4715909]
				],
				"y": [
					[315.6257102],
					[285.4808239],
					[248.6370739],
					[188.3473011],
					[98.47088068]
				]
			},
			{
				"name": "Easy Album",
				"labelposition": [293.2940341,12.50213068,77.03693182,17.86363636],
				"symbolposition": [261.4744318,14.73508523,32.93607955,11.72301136],
				"x": [
					[93.44460227],
					[120.7982955],
					[155.4090909],
					[229.6548295],
					[376.4715909]
				],
				"y": [
					[317.3004261],
					[301.1115057],
					[294.412642],
					[288.8302557],
					[272.6413352]
				]
			}
		],
		"plotpos": [83.39630682,54.92826705,307.03125,267.9545455],
		"xax": {
			"titlepos": [191.6946023,359.7265625,89.87642045,17.30539773],
			"minpos": [75.02272727,336.2805398,13.39772727,16.74715909],
			"maxpos": [358.6079545,336.2805398,32.93607955,13.39772727],
			"type": 1
		},
		"yax": {
			"titlepos": [14.73295455,120.8004261,21.77130682,136.2102273],
			"minpos": [61.625,315.6257102,10.04829545,15.63068182],
			"maxpos": [37.62073864,44.87997159,36.84375,19.53835227],
			"type": 1
		}
	}
}
