{
	"data": {
		"imagename": "00297-10.1.1.332.2838-Figure-10",
		"difficult": 0,
		"curves": [
			{
				"name": "ground truth",
				"labelposition": [317.1775568,31.66122159,99.71590909,17.54261364],
				"symbolposition": [283.4772727,35.81605114,34.62357955,6.924715909],
				"x": [
					[63.27130682],
					[70.19602273],
					[78.50568182],
					[89.58522727],
					[102.0497159],
					[113.1292614],
					[133.4417614],
					[150.0610795],
					[158.3707386],
					[166.6803977],
					[181.453125],
					[201.3039773],
					[229.9261364],
					[247.46875],
					[275.6292614],
					[300.5582386],
					[322.7173295],
					[354.5710227],
					[371.1903409],
					[378.5767045],
					[380.4232955],
					[384.578125],
					[390.5795455],
					[401.1974432],
					[406.7372159],
					[416.4318182],
					[425.6647727]
				],
				"y": [
					[49.66548295],
					[66.74644886],
					[91.21377841],
					[116.6044034],
					[141.071733],
					[157.6910511],
					[174.3103693],
					[187.2365057],
					[188.1598011],
					[196.4694602],
					[205.7024148],
					[214.0120739],
					[221.3984375],
					[227.8615057],
					[229.2464489],
					[229.7080966],
					[233.4012784],
					[232.0163352],
					[229.2464489],
					[223.7066761],
					[227.8615057],
					[225.0916193],
					[225.0916193],
					[217.243608],
					[225.0916193],
					[215.397017],
					[211.2421875]
				]
			},
			{
				"name": "estimate",
				"labelposition": null,
				"symbolposition": null,
				"x": [
					[63.27130682],
					[70.19602273],
					[78.50568182],
					[88.20028409],
					[101.5880682],
					[115.4375],
					[125.1321023],
					[138.9815341],
					[154.6775568],
					[171.7585227],
					[186.53125],
					[201.3039773],
					[212.3835227],
					[231.7727273],
					[247.9303977],
					[262.703125],
					[265.9346591],
					[279.7840909],
					[292.2485795],
					[304.2514205],
					[307.4829545],
					[313.9460227],
					[330.5653409],
					[349.03125],
					[361.4957386],
					[382.2698864],
					[399.8125],
					[426.1264205]
				],
				"y": [
					[24.73650568],
					[58.8984375],
					[95.36860795],
					[117.5276989],
					[136.9169034],
					[154.459517],
					[167.3856534],
					[179.3884943],
					[187.6981534],
					[196.931108],
					[204.7791193],
					[208.9339489],
					[216.7819602],
					[220.0134943],
					[222.321733],
					[226.9382102],
					[230.631392],
					[227.8615057],
					[232.477983],
					[233.4012784],
					[233.4012784],
					[234.7862216],
					[234.7862216],
					[236.6328125],
					[237.0944602],
					[239.4026989],
					[237.556108],
					[234.7862216]
				]
			}
		],
		"plotpos": [60.96306818,15.96519886,366.0866477,267.7556818],
		"xax": {
			"titlepos": [222.078125,304.9566761,40.625,19.85085227],
			"minpos": [43.88210227,288.337358,41.54829545,15.69602273],
			"maxpos": [375.3451705,287.4140625,48.01136364,17.54261364],
			"type": 1
		},
		"yax": {
			"titlepos": [0.02556818182,48.28053977,21.69744318,182.3508523],
			"minpos": [49.88352273,275.8728693,8.309659091,15.69602273],
			"maxpos": [24.49289773,46.43394886,36.00852273,22.15909091],
			"type": 1
		}
	}
}
