{
	"data": {
		"imagename": "00296-10.1.1.157.752-Figure-10",
		"difficult": 0,
		"curves": [
			{
				"name": "Our method",
				"labelposition": [520.9644886,420.7194602,61.93465909,8.642045455],
				"symbolposition": [497.9190341,421.4396307,23.765625,5.761363636],
				"x": [
					[124.8707386],
					[139.9943182],
					[153.6775568],
					[170.2414773],
					[185.3650568],
					[201.2088068],
					[229.2954545],
					[262.4232955],
					[279.7073864],
					[328.6789773],
					[397.8153409],
					[471.9928977],
					[538.96875],
					[587.9403409]
				],
				"y": [
					[441.6044034],
					[450.2464489],
					[293.2492898],
					[185.2237216],
					[153.5362216],
					[144.1740057],
					[144.1740057],
					[144.1740057],
					[148.4950284],
					[150.6555398],
					[152.8160511],
					[150.6555398],
					[150.6555398],
					[149.2151989]
				]
			},
			{
				"name": "Sawhney",
				"labelposition": [523.8451705,430.0816761,43.93039773,12.96306818],
				"symbolposition": [497.9190341,434.4026989,23.765625,5.761363636],
				"x": [
					[125.5909091],
					[151.5170455],
					[174.5625],
					[190.40625],
					[219.2130682],
					[255.9417614],
					[276.8267045],
					[294.8309659],
					[309.9545455],
					[348.84375],
					[385.5724432],
					[402.8565341],
					[417.2599432],
					[435.2642045],
					[476.3139205],
					[518.8039773],
					[542.5696023],
					[558.4133523],
					[586.5]
				],
				"y": [
					[435.8430398],
					[337.899858],
					[308.3728693],
					[279.5660511],
					[255.0802557],
					[239.2365057],
					[235.6356534],
					[221.9524148],
					[220.5120739],
					[209.709517],
					[202.5078125],
					[193.865767],
					[193.865767],
					[174.4211648],
					[170.8203125],
					[163.618608],
					[163.618608],
					[146.334517],
					[153.5362216]
				]
			},
			{
				"name": "Szaliski",
				"labelposition": [523.125,441.6044034,40.32954545,12.96306818],
				"symbolposition": [497.9190341,445.9254261,25.92613636,6.481534091],
				"x": [
					[125.5909091],
					[136.3934659],
					[144.3153409],
					[153.6775568],
					[166.640625],
					[198.328125],
					[215.6122159],
					[248.7400568],
					[260.2627841],
					[278.9872159],
					[330.1193182],
					[345.2428977],
					[424.4616477],
					[497.9190341],
					[528.1661932],
					[549.0511364],
					[574.9772727],
					[589.3806818]
				],
				"y": [
					[431.522017],
					[357.3444602],
					[306.212358],
					[273.8046875],
					[247.8785511],
					[219.7919034],
					[215.4708807],
					[196.0262784],
					[193.865767],
					[157.1370739],
					[148.4950284],
					[144.1740057],
					[136.9723011],
					[131.2109375],
					[128.3302557],
					[122.568892],
					[124.009233],
					[122.568892]
				]
			}
		],
		"plotpos": [124.8707386,100.9637784,465.9502841,365.1264205],
		"xax": {
			"titlepos": [330.8394886,491.2961648,59.05397727,13.68323864],
			"minpos": [120.5497159,470.4112216,9.362215909,12.96306818],
			"maxpos": [579.2982955,469.6910511,19.44460227,13.68323864],
			"type": 1
		},
		"yax": {
			"titlepos": [77.33948864,230.5944602,18.00426136,124.5894886],
			"minpos": [95.34375,460.3288352,25.20596591,11.52272727],
			"maxpos": [93.90340909,92.32173295,28.80681818,15.12357955],
			"type": 1
		}
	}
}
