{
	"data": {
		"imagename": "00314-10.1.1.172.7409-Figure-5",
		"difficult": 0,
		"curves": [
			{
				"name": "TRIP-GL-LR",
				"labelposition": [384.390625,28.6640625,130.15625,21.328125],
				"symbolposition": [340.09375,33.0390625,43.75,11.484375],
				"x": [
					[86.34375],
					[92.90625],
					[106.578125],
					[132.828125],
					[187.515625],
					[270.09375],
					[379.46875],
					[483.375]
				],
				"y": [
					[163.7421875],
					[183.9765625],
					[187.8046875],
					[191.0859375],
					[189.9921875],
					[189.9921875],
					[188.8984375],
					[189.9921875]
				]
			},
			{
				"name": "PQN-GL-LR",
				"labelposition": [384.390625,51.6328125,126.875,20.78125],
				"symbolposition": [339.546875,56.5546875,44.296875,10.9375],
				"x": [
					[69.390625],
					[172.203125],
					[225.25],
					[284.3125],
					[337.90625],
					[392.59375],
					[503.609375]
				],
				"y": [
					[164.2890625],
					[165.3828125],
					[185.0703125],
					[185.0703125],
					[188.8984375],
					[189.9921875],
					[189.9921875]
				]
			},
			{
				"name": "FBS-GL-LR",
				"labelposition": [385.484375,73.5078125,124.6875,20.234375],
				"symbolposition": [338.453125,80.6171875,45.390625,8.75],
				"x": [
					[174.9375],
					[224.703125],
					[285.40625],
					[392.59375],
					[487.203125]
				],
				"y": [
					[162.1015625],
					[183.9765625],
					[186.1640625],
					[188.3515625],
					[189.9921875]
				]
			}
		],
		"plotpos": [68.84375,21.5546875,451.71875,316.09375],
		"xax": {
			"titlepos": [197.90625,361.1640625,190.859375,22.96875],
			"minpos": [59,346.3984375,18.046875,19.140625],
			"maxpos": [504.15625,343.6640625,32.265625,19.6875],
			"type": 1
		},
		"yax": {
			"titlepos": [0.484375,98.1171875,31.71875,164.0625],
			"minpos": [36.578125,321.7890625,28.4375,28.984375],
			"maxpos": [32.203125,1.8671875,33.90625,30.078125],
			"type": 1
		}
	}
}
