{
	"data": {
		"imagename": "00317-10.1.1.21.2763-Figure-4",
		"difficult": 0,
		"curves": [
			{
				"name": "n=30",
				"labelposition": [426.125,26.8046875,34.6875,15.03125],
				"symbolposition": [467.75,29.6953125,30.0625,10.984375],
				"x": [
					[89.65625],
					[130.125],
					[171.75],
					[215.109375],
					[259.625],
					[301.25],
					[344.03125],
					[385.65625],
					[429.59375],
					[469.484375],
					[512.265625]
				],
				"y": [
					[62.6484375],
					[205.4453125],
					[249.9609375],
					[286.9609375],
					[297.9453125],
					[310.0859375],
					[310.0859375],
					[317.0234375],
					[322.2265625],
					[316.4453125],
					[328.0078125]
				]
			},
			{
				"name": "n=24",
				"labelposition": [427.859375,44.7265625,35.84375,12.140625],
				"symbolposition": [467.75,45.8828125,31.796875,9.828125],
				"x": [
					[89.65625],
					[130.125],
					[171.75],
					[213.953125],
					[257.890625],
					[300.671875],
					[344.03125],
					[429.59375],
					[509.953125]
				],
				"y": [
					[284.0703125],
					[313.5546875],
					[322.2265625],
					[324.5390625],
					[330.8984375],
					[330.3203125],
					[334.9453125],
					[336.1015625],
					[339.5703125]
				]
			},
			{
				"name": "n=18",
				"labelposition": [427.28125,59.1796875,37,13.296875],
				"symbolposition": [467.171875,58.6015625,33.53125,13.296875],
				"x": [
					[88.5],
					[130.703125],
					[175.796875],
					[257.890625],
					[342.875],
					[427.859375],
					[512.84375]
				],
				"y": [
					[333.2109375],
					[339.5703125],
					[341.3046875],
					[341.8828125],
					[343.0390625],
					[343.0390625],
					[343.6171875]
				]
			},
			{
				"name": "n=12",
				"labelposition": [426.125,74.7890625,37.578125,13.296875],
				"symbolposition": [467.75,75.3671875,32.953125,11.5625],
				"x": [
					[88.5],
					[511.6875],
					[510.53125]
				],
				"y": [
					[344.7734375],
					[345.3515625],
					[344.7734375]
				]
			}
		],
		"plotpos": [87.921875,15.8203125,423.765625,326.0625],
		"xax": {
			"titlepos": [239.96875,370.7890625,121.984375,16.1875],
			"minpos": [82.140625,351.7109375,11.5625,17.34375],
			"maxpos": [507.0625,352.8671875,10.984375,16.765625],
			"type": 1
		},
		"yax": {
			"titlepos": [1.203125,107.1640625,26.015625,146.84375],
			"minpos": [67.109375,337.8359375,12.140625,15.609375],
			"maxpos": [30.6875,5.4140625,54.921875,18.5],
			"type": 1
		}
	}
}
