{
	"data": {
		"imagename": "00316-10.1.1.150.710-Figure-4",
		"difficult": 0,
		"curves": [
			{
				"name": "CKDA",
				"labelposition": [337.3301065,184.8272023,85.63988383,30.15488867],
				"symbolposition": [273.4017425,195.0798645,59.1035818,10.25266215],
				"x": [
					[139.5140368],
					[141.9264279],
					[141.9264279],
					[153.9883833],
					[175.6999032],
					[188.3649564],
					[198.0145208],
					[213.0919652],
					[222.1384318],
					[228.1694095],
					[254.1026137],
					[277.6234269],
					[298.731849],
					[307.1752178],
					[319.2371733],
					[328.8867377],
					[340.3455954],
					[354.2168441],
					[364.4695063],
					[373.5159729],
					[384.3717328],
					[395.8305905],
					[408.4956438],
					[417.5421104],
					[426.588577],
					[438.6505324],
					[450.1093901],
					[460.3620523],
					[470.0116167],
					[495.3417231],
					[504.9912875],
					[516.4501452],
					[527.9090029],
					[541.7802517],
					[547.8112294],
					[616.5643756]
				],
				"y": [
					[319.3180058],
					[236.0905131],
					[197.4922556],
					[148.6413359],
					[100.393514],
					[99.79041626],
					[69.63552759],
					[67.2231365],
					[63.00145208],
					[67.2231365],
					[52.74878993],
					[50.33639884],
					[35.86205227],
					[34.65585673],
					[27.41868345],
					[35.2589545],
					[26.81558567],
					[35.2589545],
					[36.46515005],
					[43.09922556],
					[21.38770571],
					[33.44966118],
					[36.46515005],
					[46.11471442],
					[66.01694095],
					[75.66650532],
					[69.03242982],
					[78.68199419],
					[76.2696031],
					[93.15634076],
					[111.249274],
					[94.96563408],
					[105.2182962],
					[119.6926428],
					[135.9762827],
					[137.785576]
				]
			},
			{
				"name": "KDA",
				"labelposition": [338.536302,221.0130687,64.53146176,26.53630203],
				"symbolposition": [275.2110358,228.8533398,53.67570184,12.06195547],
				"x": [
					[138.3078412],
					[143.1326234],
					[149.1636012],
					[156.4007744],
					[163.03485],
					[177.5091965],
					[183.5401742],
					[185.3494676],
					[194.3959342],
					[219.7260407],
					[232.3910939],
					[240.231365],
					[257.1181026],
					[261.9428848],
					[276.4172314],
					[286.0667957],
					[297.5256534],
					[326.4743466],
					[353.6137464],
					[359.6447241],
					[377.7376573],
					[400.6553727],
					[413.9235237],
					[415.732817],
					[426.588577],
					[441.0629235],
					[444.6815102],
					[448.3000968],
					[451.9186834],
					[462.1713456],
					[474.8363988],
					[480.8673766],
					[503.785092],
					[514.0377541],
					[524.2904163],
					[532.7337851],
					[542.9864472],
					[549.6205227],
					[560.4762827],
					[567.713456],
					[579.1723136],
					[607.517909],
					[614.1519845]
				],
				"y": [
					[320.5242014],
					[263.8330106],
					[202.9201355],
					[181.8117135],
					[150.4506292],
					[135.9762827],
					[117.8833495],
					[107.0275895],
					[119.6926428],
					[61.79525653],
					[103.4090029],
					[109.4399806],
					[109.4399806],
					[95.56873185],
					[126.9298161],
					[125.1205227],
					[101.5997096],
					[100.9966118],
					[92.55324298],
					[116.0740561],
					[97.98112294],
					[93.15634076],
					[100.9966118],
					[110.6461762],
					[110.6461762],
					[126.9298161],
					[141.4041626],
					[151.053727],
					[161.3063892],
					[135.9762827],
					[152.8630203],
					[166.7342691],
					[169.1466602],
					[177.590029],
					[172.1621491],
					[172.7652469],
					[184.2241045],
					[193.2705712],
					[180.6055179],
					[180.0024201],
					[168.5435624],
					[167.3373669],
					[160.1001936]
				]
			}
		],
		"plotpos": [123.2303969,20.18151016,492.1277832,302.7550823],
		"xax": {
			"titlepos": [244.4530494,368.7720232,238.2236205,24.72700871],
			"minpos": [112.374637,333.7923524,18.69603098,28.34559535],
			"maxpos": [536.3523717,333.1892546,42.21684414,29.5517909],
			"type": 1
		},
		"yax": {
			"titlepos": [21.30687318,2.08857696,42.21684414,265.3630203],
			"minpos": [82.82284608,308.4622459,30.15488867,28.34559535],
			"maxpos": [68.95159729,1.485479187,44.62923524,28.94869313],
			"type": 1
		}
	}
}
