{
	"data": {
		"imagename": "00313-10.1.1.40.6022-Figure-3",
		"difficult": 0,
		"curves": [
			{
				"name": "Specialized Control (0% preassigned)",
				"labelposition": [283.8678977,22.43678977,254.7286932,13.75142045],
				"symbolposition": [543.8352273,21.78196023,23.57386364,10.47727273],
				"x": [
					[82.18039773],
					[578.5411932]
				],
				"y": [
					[396.9992898],
					[396.9992898]
				]
			},
			{
				"name": "General Control (0% preassigned)",
				"labelposition": [314.6448864,34.87855114,226.5710227,13.75142045],
				"symbolposition": [543.8352273,36.18821023,24.22869318,8.512784091],
				"x": [
					[139.8053977],
					[148.9730114],
					[159.4502841],
					[170.5823864],
					[181.7144886],
					[192.8465909],
					[203.3238636],
					[215.1107955],
					[226.8977273],
					[238.0298295],
					[248.5071023],
					[258.984375],
					[272.0809659],
					[281.9034091],
					[293.6903409],
					[304.1676136],
					[316.609375],
					[326.4318182],
					[336.9090909],
					[350.0056818],
					[357.8636364],
					[370.3053977],
					[382.0923295],
					[389.2954545],
					[403.7017045],
					[413.5241477],
					[579.1960227]
				],
				"y": [
					[419.2634943],
					[374.7350852],
					[290.2620739],
					[364.2578125],
					[296.1555398],
					[327.587358],
					[291.571733],
					[262.1044034],
					[286.9879261],
					[292.881392],
					[194.0021307],
					[246.3884943],
					[256.865767],
					[228.7080966],
					[274.5461648],
					[354.4353693],
					[213.647017],
					[232.6370739],
					[144.8899148],
					[154.712358],
					[273.8913352],
					[159.2961648],
					[14.57883523],
					[12.61434659],
					[99.70667614],
					[10.64985795],
					[11.3046875]
				]
			}
		],
		"plotpos": [82.83522727,8.030539773,495.0511364,413.8522727],
		"xax": {
			"titlepos": [259.6392045,446.1115057,142.0980114,13.09659091],
			"minpos": [76.28693182,431.0504261,14.40625,15.06107955],
			"maxpos": [569.3735795,429.740767,19.64488636,16.37073864],
			"type": 1
		},
		"yax": {
			"titlepos": [0.9815340909,80.06178977,24.22869318,263.8963068],
			"minpos": [67.77414773,412.7151989,6.548295455,17.68039773],
			"maxpos": [31.10369318,6.066051136,47.80255682,17.68039773],
			"type": 2
		}
	}
}
