{
	"data": {
		"imagename": "00323-10.1.1.333.994-Figure-7",
		"difficult": 0,
		"curves": [
			{
				"name": "DBA",
				"labelposition": [130.0880929,25.10309777,34.59728945,17.60212972],
				"symbolposition": [93.06292352,28.74491772,36.41819942,9.711519845],
				"x": [
					[103.9883833],
					[171.9690223],
					[243.5914811],
					[313.39303],
					[380.1597289],
					[447.5333979],
					[516.7279768],
					[587.1364956]
				],
				"y": [
					[233.2938045],
					[207.1940949],
					[159.2434656],
					[116.1485963],
					[91.86979671],
					[80.94433688],
					[29.35188771],
					[54.8446273]
				]
			},
			{
				"name": "DisPeL",
				"labelposition": [131.9090029,53.63068732,52.19941917,16.38818974],
				"symbolposition": [93.66989351,56.66553727,35.81122943,12.13939981],
				"x": [
					[102.1674734],
					[173.7899322],
					[242.9845111],
					[312.17909],
					[378.338819],
					[448.7473379],
					[515.5140368],
					[587.1364956]
				],
				"y": [
					[325.553243],
					[316.4486931],
					[310.9859632],
					[304.9162633],
					[299.4535334],
					[284.8862536],
					[284.2792836],
					[293.9908035]
				]
			}
		],
		"plotpos": [71.21200387,13.57066796,548.0939013,328.3707648],
		"xax": {
			"titlepos": [266.0493708,378.9666021,150.5285576,13.96030978],
			"minpos": [92.45595353,355.9017425,20.03000968,19.42303969],
			"maxpos": [570.7483059,354.6878025,32.16940949,16.99515973],
			"type": 1
		},
		"yax": {
			"titlepos": [3.231364956,111.8998064,19.42303969,131.7124879],
			"minpos": [46.93320426,333.4438529,18.20909971,18.8160697],
			"maxpos": [19.0125847,5.073088093,41.88092933,13.96030978],
			"type": 1
		}
	}
}
