{
	"data": {
		"imagename": "00326-10.1.1.175.937-Figure-4",
		"difficult": 0,
		"curves": [
			{
				"name": "Block maximal init",
				"labelposition": [421.1122159,335.7393466,139.7130682,19.44460227],
				"symbolposition": [371.4204545,340.7805398,41.76988636,10.80255682],
				"x": [
					[125.1221591],
					[131.6036932],
					[147.4474432],
					[161.1306818],
					[172.6534091],
					[183.4559659],
					[202.9005682],
					[225.9460227],
					[249.7116477],
					[272.7571023],
					[295.8025568],
					[332.53125],
					[380.0625],
					[395.90625],
					[436.9559659],
					[454.2400568],
					[472.9644886],
					[484.4872159],
					[510.4133523],
					[533.4588068],
					[539.2201705],
					[551.4630682],
					[560.1051136]
				],
				"y": [
					[422.8799716],
					[374.6285511],
					[346.5419034],
					[270.9240057],
					[191.7052557],
					[144.1740057],
					[117.5276989],
					[99.5234375],
					[85.12002841],
					[78.63849432],
					[62.79474432],
					[55.59303977],
					[45.51065341],
					[48.39133523],
					[43.35014205],
					[41.18963068],
					[39.74928977],
					[39.74928977],
					[37.58877841],
					[36.1484375],
					[39.02911932],
					[35.42826705],
					[39.02911932]
				]
			},
			{
				"name": "Block minimal init",
				"labelposition": [418.9517045,355.9041193,135.3920455,19.44460227],
				"symbolposition": [372.140625,359.5049716,36.72869318,11.52272727],
				"x": [
					[122.9616477],
					[129.4431818],
					[137.3650568],
					[151.0482955],
					[157.5298295],
					[173.3735795],
					[193.5383523],
					[219.4644886],
					[249.7116477],
					[276.3579545],
					[315.9673295],
					[346.2144886],
					[358.4573864],
					[376.4616477],
					[382.2230114],
					[417.5113636],
					[436.2357955],
					[447.7585227],
					[478.0056818],
					[495.2897727],
					[512.5738636],
					[534.1789773],
					[548.5823864],
					[560.1051136]
				],
				"y": [
					[425.040483],
					[351.5830966],
					[274.524858],
					[215.4708807],
					[183.7833807],
					[148.4950284],
					[118.9680398],
					[101.6839489],
					[93.04190341],
					[85.84019886],
					[76.47798295],
					[69.27627841],
					[72.15696023],
					[66.39559659],
					[67.8359375],
					[65.67542614],
					[59.9140625],
					[59.9140625],
					[56.31321023],
					[57.03338068],
					[57.03338068],
					[53.43252841],
					[53.43252841],
					[50.55184659]
				]
			},
			{
				"name": "Local minimal init",
				"labelposition": [418.9517045,376.7890625,132.5113636,19.44460227],
				"symbolposition": [372.140625,381.1100852,38.88920455,10.80255682],
				"x": [
					[133.7642045],
					[142.40625],
					[150.328125],
					[163.2911932],
					[185.6164773],
					[202.1803977],
					[236.7485795],
					[253.3125],
					[282.1193182],
					[313.8068182],
					[333.2514205],
					[339.0127841],
					[356.296875],
					[361.3380682],
					[374.3011364],
					[405.9886364],
					[443.4375],
					[465.0426136],
					[501.0511364],
					[536.3394886],
					[552.1832386],
					[555.7840909],
					[561.5454545]
				],
				"y": [
					[422.8799716],
					[361.665483],
					[301.1711648],
					[252.9197443],
					[211.8700284],
					[188.1044034],
					[168.6598011],
					[150.6555398],
					[139.852983],
					[128.3302557],
					[119.6882102],
					[120.4083807],
					[114.647017],
					[105.2848011],
					[108.165483],
					[103.8444602],
					[100.243608],
					[93.76207386],
					[86.56036932],
					[75.7578125],
					[79.35866477],
					[82.23934659],
					[78.63849432]
				]
			},
			{
				"name": "Local maximal init",
				"labelposition": [415.3508523,397.6740057,145.4744318,18.72443182],
				"symbolposition": [369.9801136,401.9950284,41.04971591,8.642045455],
				"x": [
					[169.0525568],
					[177.6946023],
					[197.1392045],
					[212.9829545],
					[234.5880682],
					[257.6335227],
					[275.6377841],
					[283.5596591],
					[333.2514205],
					[373.5809659],
					[385.1036932],
					[431.9147727],
					[449.1988636],
					[455.6803977],
					[484.4872159],
					[492.4090909],
					[512.5738636],
					[542.1008523],
					[561.5454545]
				],
				"y": [
					[423.600142],
					[410.6370739],
					[344.381392],
					[305.4921875],
					[213.3103693],
					[178.7421875],
					[153.5362216],
					[150.6555398],
					[121.8487216],
					[115.3671875],
					[107.4453125],
					[102.4041193],
					[98.80326705],
					[99.5234375],
					[93.76207386],
					[94.48224432],
					[89.44105114],
					[93.04190341],
					[85.84019886]
				]
			}
		],
		"plotpos": [83.35227273,7.341619318,479.6335227,417.6988636],
		"xax": {
			"titlepos": [282.1193182,483.3742898,77.05823864,21.60511364],
			"minpos": [88.39346591,450.2464489,21.60511364,20.16477273],
			"maxpos": [535.6193182,448.0859375,23.04545455,22.32528409],
			"type": 1
		},
		"yax": {
			"titlepos": [-0.1875,161.4580966,28.80681818,109.4659091],
			"minpos": [43.02272727,381.8302557,23.765625,56.89346591],
			"maxpos": [40.86221591,33.98792614,23.765625,59.77414773],
			"type": 1
		}
	}
}
