{
	"data": {
		"imagename": "00328-10.1.1.385.5289-Figure-11",
		"difficult": 0,
		"curves": [
			{
				"name": "Test RAP",
				"labelposition": [145.5681818,46.68678977,105.1548295,21.49573864],
				"symbolposition": [101.9957386,51.33451705,44.734375,12.20028409],
				"x": [
					[104.9005682],
					[298.9431818],
					[490.6619318]
				],
				"y": [
					[189.6044034],
					[139.6413352],
					[156.4893466]
				]
			},
			{
				"name": "Test PLSI",
				"labelposition": [143.8252841,71.08735795,107.4786932,20.91477273],
				"symbolposition": [100.2528409,77.47798295,43.57244318,9.876420455],
				"x": [
					[103.7386364],
					[297.78125],
					[487.1761364]
				],
				"y": [
					[236.662642],
					[218.071733],
					[218.071733]
				]
			},
			{
				"name": "Test LSI",
				"labelposition": [144.9872159,95.48792614,92.37357955,21.49573864],
				"symbolposition": [98.50994318,98.39275568,45.31534091,11.03835227],
				"x": [
					[103.7386364],
					[297.78125],
					[487.1761364]
				],
				"y": [
					[298.8259943],
					[313.931108],
					[329.6171875]
				]
			}
		],
		"plotpos": [85.14772727,35.6484375,460.125,323.5980114],
		"xax": {
			"titlepos": [150.796875,383.647017,326.5028409,19.75284091],
			"minpos": [70.62357955,366.7990057,27.30539773,18.59090909],
			"maxpos": [526.1008523,364.475142,40.08664773,17.42897727],
			"type": 1
		},
		"yax": {
			"titlepos": [4.974431818,79.22088068,26.14346591,241.6818182],
			"minpos": [32.27982955,348.2080966,45.89630682,20.33380682],
			"maxpos": [31.69886364,24.02911932,52.28693182,24.40056818],
			"type": 1
		}
	}
}
