{
	"data": {
		"imagename": "00330-10.1.1.15.364-Figure-6",
		"difficult": 0,
		"curves": [
			{
				"name": "m4",
				"labelposition": [267.7002841,351.0589489,37.02272727,24.68181818],
				"symbolposition": [205.9957386,359.5433239,59.390625,11.56960227],
				"x": [
					[49.42045455],
					[104.1832386],
					[162.03125],
					[216.0227273],
					[267.7002841],
					[325.5482955]
				],
				"y": [
					[397.337358],
					[287.040483],
					[202.9680398],
					[152.8330966],
					[77.24502841],
					[54.10582386]
				]
			},
			{
				"name": "m3",
				"labelposition": [267.7002841,378.8259943,36.25142045,23.13920455],
				"symbolposition": [205.9957386,387.3103693,58.61931818,10.02698864],
				"x": [
					[50.19176136],
					[102.640625],
					[161.2599432],
					[216.0227273],
					[269.2428977],
					[327.8622159],
					[327.8622159]
				],
				"y": [
					[418.162642],
					[327.9197443],
					[202.9680398],
					[161.3174716],
					[105.0120739],
					[64.1328125],
					[64.1328125]
				]
			},
			{
				"name": "m2",
				"labelposition": [267.7002841,404.2791193,36.25142045,26.22443182],
				"symbolposition": [209.0809659,416.6200284,56.30539773,10.02698864],
				"x": [
					[50.96306818],
					[102.640625],
					[155.8607955],
					[216.0227273],
					[270.0142045],
					[325.5482955]
				],
				"y": [
					[416.6200284],
					[304.7805398],
					[189.8558239],
					[162.0887784],
					[101.9268466],
					[52.56321023]
				]
			},
			{
				"name": "m1",
				"labelposition": [270.0142045,432.8174716,32.39488636,22.36789773],
				"symbolposition": [210.6235795,444.3870739,54.76278409,8.484375],
				"x": [
					[48.64914773],
					[104.9545455],
					[160.4886364],
					[214.4801136],
					[270.0142045],
					[323.234375]
				],
				"y": [
					[451.3288352],
					[359.5433239],
					[229.1924716],
					[184.4566761],
					[124.2947443],
					[63.36150568]
				]
			}
		],
		"plotpos": [47.87784091,8.598721591,298.4957386,465.0980114],
		"xax": {
			"titlepos": [98.78409091,515.3473011,221.3650568,26.22443182],
			"minpos": [33.99431818,485.2663352,33.16619318,26.22443182],
			"maxpos": [295.4673295,486.8089489,54.76278409,23.13920455],
			"type": 1
		},
		"yax": {
			"titlepos": [55.59090909,10.91264205,75.58806818,27.76704545],
			"minpos": [3.142045455,462.8984375,36.25142045,22.36789773],
			"maxpos": [3.142045455,21.7109375,35.48011364,26.22443182],
			"type": 1
		}
	}
}
