{
	"data": {
		"imagename": "00343-10.1.1.148.9260-Figure-7",
		"difficult": 0,
		"curves": [
			{
				"name": "Pointing Db",
				"labelposition": [436.0038722,60.29864472,85.15585673,19.97483059],
				"symbolposition": [378.1819942,58.72168441,55.19361084,13.14133591],
				"x": [
					[57.00774443],
					[68.0464666],
					[83.29041626],
					[106.4191675],
					[117.4578896],
					[127.9709584],
					[142.6892546],
					[153.2023233],
					[163.1897386],
					[173.7028074],
					[189.4724105],
					[199.4598258],
					[215.2294288],
					[226.268151],
					[236.7812197],
					[247.8199419],
					[262.5382381],
					[272.5256534],
					[283.0387222],
					[298.2826718],
					[308.7957406],
					[320.8857696],
					[329.2962246],
					[343.4888674],
					[354.5275895],
					[367.143272],
					[393.4259439],
					[403.4133591],
					[416.0290416],
					[428.1190707],
					[438.106486],
					[452.2991288],
					[463.8635044],
					[474.9022265],
					[487.517909],
					[500.6592449],
					[511.1723136],
					[523.2623427]
				],
				"y": [
					[214.3151016],
					[179.6219748],
					[197.4941917],
					[179.6219748],
					[193.2889642],
					[222.1999032],
					[179.6219748],
					[196.4428848],
					[191.1863504],
					[222.1999032],
					[206.9559535],
					[183.8272023],
					[178.0450145],
					[179.6219748],
					[189.6093901],
					[183.3015489],
					[204.8533398],
					[214.8407551],
					[189.6093901],
					[203.8020329],
					[206.4303001],
					[196.9685382],
					[196.4428848],
					[188.0324298],
					[207.481607],
					[182.7758955],
					[193.8146176],
					[190.660697],
					[220.6229429],
					[222.7255566],
					[209.5842207],
					[195.9172314],
					[183.8272023],
					[183.8272023],
					[223.7768635],
					[192.2376573],
					[203.8020329],
					[183.3015489]
				]
			},
			{
				"name": "FERET Db",
				"labelposition": [434.4269119,91.83785092,84.10454985,17.87221684],
				"symbolposition": [381.3359148,90.26089061,51.51403679,11.03872217],
				"x": [
					[59.11035818],
					[70.67473379],
					[82.76476283],
					[94.32913843],
					[104.8422072],
					[116.9322362],
					[131.6505324],
					[141.1122943],
					[154.7792836],
					[164.7666989],
					[178.4336883],
					[189.9980639],
					[201.0367861],
					[215.2294288],
					[223.1142304],
					[237.8325266],
					[251.499516],
					[262.0125847],
					[271.4743466],
					[284.6156825],
					[298.8083253],
					[308.2700871],
					[319.3088093],
					[332.4501452],
					[345.0658277],
					[356.1045499],
					[370.2971926],
					[379.2333011],
					[390.7976767],
					[403.4133591],
					[414.4520813],
					[427.0677638],
					[451.7734753],
					[462.8121975],
					[476.4791868],
					[483.8383349],
					[498.5566312],
					[511.1723136],
					[522.2110358]
				],
				"y": [
					[179.0963214],
					[204.3276864],
					[178.0450145],
					[158.5958374],
					[169.1089061],
					[212.7381413],
					[211.161181],
					[218.5203291],
					[213.2637948],
					[252.1621491],
					[172.2628267],
					[234.8155857],
					[238.4951597],
					[188.5580833],
					[177.5193611],
					[171.7371733],
					[171.7371733],
					[198.5454985],
					[163.3267183],
					[170.160213],
					[153.339303],
					[233.2386254],
					[211.161181],
					[230.0847047],
					[229.0333979],
					[184.8785092],
					[186.4554695],
					[205.3789932],
					[168.0575992],
					[168.0575992],
					[185.9298161],
					[217.4690223],
					[204.8533398],
					[174.8910939],
					[155.9675702],
					[164.9036786],
					[171.7371733],
					[186.9811229],
					[172.7884802]
				]
			}
		],
		"plotpos": [59.11035818,34.01597289,475.1907067,254.9419167],
		"xax": {
			"titlepos": [203.6650532,318.9201355,181.8760891,20.50048403],
			"minpos": [52.80251694,298.4196515,9.461761859,15.24394966],
			"maxpos": [510.1210068,295.2657309,23.65440465,23.12875121],
			"type": 1
		},
		"yax": {
			"titlepos": [1.814133591,44.52904163,25.75701839,210.7870281],
			"minpos": [40.7124879,283.7013553,15.7696031,16.29525653],
			"maxpos": [40.7124879,27.70813166,14.19264279,14.19264279],
			"type": 1
		}
	}
}
