{
	"data": {
		"imagename": "00352-10.1.1.310.206-Figure-1",
		"difficult": 0,
		"curves": [
			{
				"name": "Our Histogram",
				"labelposition": [93.55759923,22.28896418,129.4714424,21.78606002],
				"symbolposition": [69.90416263,25.40125847,21.78606002,11.20425944],
				"x": [
					[66.16940949],
					[157.0484027],
					[252.2846079],
					[348.7657309],
					[445.2468538],
					[538.6156825],
					[632.60697]
				],
				"y": [
					[220.8533398],
					[218.9859632],
					[215.2512101],
					[207.7817038],
					[190.3528558],
					[153.0053243],
					[87.02468538]
				]
			},
			{
				"name": "Local Histogram [15]",
				"labelposition": [93.55759923,47.80977735,186.1151985,20.5411423],
				"symbolposition": [70.52662149,51.54453049,21.78606002,9.336882865],
				"x": [
					[66.16940949],
					[159.5382381],
					[253.5295257],
					[350.0106486],
					[445.2468538],
					[536.125847],
					[634.4743466]
				],
				"y": [
					[218.9859632],
					[217.1185866],
					[212.1389158],
					[202.8020329],
					[184.1282672],
					[144.9133591],
					[54.03436592]
				]
			}
		],
		"plotpos": [63.0571152,15.44191675,569.5498548,209.1461762],
		"xax": {
			"titlepos": [303.9486931,244.5067764,91.50145208,29.87802517],
			"minpos": [57.45498548,228.3228461,13.69409487,19.91868345],
			"maxpos": [627.0048403,226.4554695,11.20425944,19.29622459],
			"type": 1
		},
		"yax": {
			"titlepos": [3.30106486,77.68780252,24.27589545,85.89932236],
			"minpos": [48.11810261,213.3838335,11.8267183,18.67376573],
			"maxpos": [25.70958374,5.482575024,36.7250726,18.05130687],
			"type": 1
		}
	}
}
