{
	"data": {
		"imagename": "00353-10.1.1.147.3108-Figure-2",
		"difficult": 0,
		"curves": [
			{
				"name": "Qsegment",
				"labelposition": [498.0127841,293.5617898,73.34517045,21.68465909],
				"symbolposition": [578.3735795,298.0262784,56.125,10.84232955],
				"x": [
					[100.0355114],
					[109.6022727],
					[114.0667614],
					[118.53125],
					[135.1136364],
					[141.4914773],
					[143.4048295],
					[152.9715909],
					[165.7272727],
					[172.1051136],
					[177.8451705],
					[185.4985795],
					[187.4119318],
					[198.8920455],
					[218.6633523],
					[225.6789773],
					[227.5923295],
					[252.4659091],
					[256.2926136],
					[272.2372159],
					[277.3394886],
					[284.3551136],
					[295.1974432],
					[308.5909091],
					[317.5198864],
					[332.1889205],
					[339.2045455],
					[343.03125],
					[347.4957386],
					[358.3380682],
					[364.078125],
					[371.7315341]
				],
				"y": [
					[335.0177557],
					[257.2080966],
					[238.0745739],
					[239.350142],
					[204.272017],
					[204.272017],
					[214.4765625],
					[177.4850852],
					[166.0049716],
					[137.9424716],
					[133.477983],
					[121.9978693],
					[125.8245739],
					[112.431108],
					[101.5887784],
					[93.29758523],
					[95.84872159],
					[83.09303977],
					[83.09303977],
					[66.51065341],
					[65.87286932],
					[58.21946023],
					[53.75497159],
					[43.55042614],
					[46.73934659],
					[39.0859375],
					[39.72372159],
					[33.98366477],
					[36.53480114],
					[33.98366477],
					[33.34588068],
					[27.60582386]
				]
			},
			{
				"name": "Qpipeline",
				"labelposition": [503.7528409,310.7819602,69.51846591,23.59801136],
				"symbolposition": [577.7357955,316.522017,53.57386364,10.84232955],
				"x": [
					[100.6732955],
					[110.2400568],
					[114.7045455],
					[127.4602273],
					[135.7514205],
					[143.4048295],
					[160.625],
					[175.9318182],
					[193.1519886],
					[204.6321023],
					[207.8210227],
					[224.4034091],
					[232.0568182],
					[242.2613636],
					[249.2769886],
					[255.6548295],
					[273.5127841],
					[284.3551136],
					[290.7329545],
					[303.4886364],
					[308.5909091],
					[321.984375],
					[329],
					[340.4801136],
					[357.0625],
					[369.1803977],
					[373.0071023],
					[379.3849432],
					[413.8252841],
					[387.0383523]
				],
				"y": [
					[338.8444602],
					[273.790483],
					[255.9325284],
					[239.350142],
					[220.2166193],
					[210.0120739],
					[179.3984375],
					[166.0049716],
					[141.7691761],
					[143.0447443],
					[129.6512784],
					[111.1555398],
					[115.6200284],
					[109.2421875],
					[111.7933239],
					[104.1399148],
					[87.55752841],
					[88.1953125],
					[90.74644886],
					[65.23508523],
					[73.52627841],
					[69.06178977],
					[57.58167614],
					[67.1484375],
					[50.56605114],
					[46.73934659],
					[49.29048295],
					[40.36150568],
					[30.79474432],
					[39.0859375]
				]
			},
			{
				"name": "Quniform",
				"labelposition": [503.7528409,349.6867898,69.51846591,19.13352273],
				"symbolposition": [577.0980114,353.5134943,59.95170455,9.566761364],
				"x": [
					[101.9488636],
					[114.0667614],
					[125.546875],
					[142.7670455],
					[160.625],
					[162.5383523],
					[168.2784091],
					[181.671875],
					[198.2542614],
					[207.1832386],
					[214.1988636],
					[218.0255682],
					[229.5056818],
					[240.3480114],
					[249.9147727],
					[251.828125],
					[256.9303977],
					[260.7571023],
					[283.0795455],
					[293.2840909],
					[302.2130682],
					[309.2286932],
					[314.3309659],
					[327.7244318],
					[335.3778409],
					[344.9446023],
					[350.6846591],
					[357.7002841],
					[365.3536932],
					[371.7315341],
					[380.6605114],
					[385.125],
					[395.9673295],
					[407.4474432],
					[415.7386364],
					[422.7542614],
					[430.4076705],
					[434.8721591],
					[436.7855114],
					[450.1789773],
					[454.0056818],
					[465.4857955],
					[473.1392045],
					[485.8948864],
					[493.5482955],
					[499.9261364],
					[501.8394886],
					[507.5795455],
					[519.0596591],
					[530.5397727],
					[536.9176136],
					[544.5710227],
					[552.2244318],
					[557.9644886],
					[566.8934659],
					[577.0980114],
					[583.4758523],
					[589.2159091],
					[593.6803977],
					[598.7826705],
					[607.0738636],
					[610.9005682],
					[620.4673295],
					[623.0184659]
				],
				"y": [
					[331.1910511],
					[260.397017],
					[243.8146307],
					[223.4055398],
					[222.1299716],
					[209.3742898],
					[216.3899148],
					[206.1853693],
					[187.0518466],
					[192.7919034],
					[177.4850852],
					[181.9495739],
					[164.0916193],
					[167.9183239],
					[155.162642],
					[158.3515625],
					[155.162642],
					[157.0759943],
					[133.477983],
					[130.2890625],
					[137.3046875],
					[129.6512784],
					[132.2024148],
					[117.5333807],
					[117.5333807],
					[109.2421875],
					[114.3444602],
					[113.068892],
					[95.2109375],
					[106.053267],
					[92.02201705],
					[90.74644886],
					[95.84872159],
					[86.28196023],
					[85.64417614],
					[88.83309659],
					[75.43963068],
					[85.00639205],
					[77.99076705],
					[77.99076705],
					[82.45525568],
					[81.1796875],
					[74.80184659],
					[81.81747159],
					[72.25071023],
					[74.1640625],
					[69.06178977],
					[69.69957386],
					[62.68394886],
					[62.68394886],
					[51.20383523],
					[60.1328125],
					[49.92826705],
					[56.94389205],
					[49.29048295],
					[46.73934659],
					[53.1171875],
					[40.36150568],
					[46.1015625],
					[35.25923295],
					[40.36150568],
					[34.62144886],
					[36.53480114],
					[32.0703125]
				]
			},
			{
				"name": "Qrandom",
				"labelposition": [505.6661932,330.553267,68.24289773,21.046875],
				"symbolposition": [577.0980114,335.6555398,58.03835227,13.39346591],
				"x": [
					[102.5866477],
					[106.4133523],
					[111.515625],
					[126.1846591],
					[135.7514205],
					[138.9403409],
					[147.2315341],
					[163.8139205],
					[177.2073864],
					[196.9786932],
					[202.71875],
					[210.3721591],
					[220.5767045],
					[223.765625],
					[234.6079545],
					[242.8991477],
					[248.6392045],
					[255.6548295],
					[260.1193182],
					[261.3948864],
					[267.7727273],
					[274.7883523],
					[287.5440341],
					[295.1974432],
					[304.1264205],
					[308.5909091],
					[311.1420455],
					[318.7954545],
					[334.1022727],
					[340.4801136],
					[360.2514205],
					[367.2670455],
					[373.6448864],
					[385.125],
					[401.7073864],
					[408.0852273],
					[411.9119318],
					[426.5809659],
					[434.234375],
					[454.0056818],
					[461.0213068],
					[463.5724432],
					[466.7613636],
					[475.0525568],
					[480.7926136],
					[496.0994318],
					[509.4928977],
					[520.9730114],
					[538.8309659],
					[549.6732955],
					[554.1377841],
					[564.3423295]
				],