{
	"data": {
		"imagename": "00366-10.1.1.407.479-Figure-8",
		"difficult": 0,
		"curves": [
			{
				"name": "Uniformly random",
				"labelposition": [470.2817038,70.48451113,134.607938,17.05033882],
				"symbolposition": [429.8993224,73.17666989,34.99806389,8.076476283],
				"x": [
					[318.6234269],
					[323.1103582],
					[324.9051307],
					[330.2894482],
					[336.571152],
					[348.2371733],
					[366.1848984],
					[387.7221684],
					[410.1568248],
					[420.9254598],
					[441.5653437],
					[477.4607938],
					[523.2274927],
					[566.3020329],
					[607.5818006],
					[664.1171346]
				],
				"y": [
					[74.07405615],
					[130.6093901],
					[189.8368829],
					[224.8349468],
					[244.5774443],
					[264.3199419],
					[281.3702807],
					[297.5232333],
					[309.1892546],
					[312.7787996],
					[319.0605034],
					[330.7265247],
					[339.7003872],
					[347.7768635],
					[353.161181],
					[362.1350436]
				]
			},
			{
				"name": "New permutation every epoch",
				"labelposition": [472.0764763,88.43223621,207.2962246,18.84511133],
				"symbolposition": [429.0019361,92.91916747,38.58760891,8.973862536],
				"x": [
					[327.5972894],
					[331.1868345],
					[338.3659245],
					[354.5188771],
					[367.0822846],
					[389.5169409],
					[412.8489835],
					[437.0784124],
					[454.1287512],
					[485.5372701],
					[512.4588577],
					[529.5091965],
					[537.5856728],
					[542.0726041],
					[561.8151016],
					[580.660213],
					[602.1974831],
					[629.1190707],
					[639.8877057],
					[664.1171346]
				],
				"y": [
					[209.5793804],
					[247.2696031],
					[273.2938045],
					[302.0101646],
					[321.7526621],
					[337.9056147],
					[348.6742498],
					[358.5454985],
					[370.2115198],
					[380.0827686],
					[386.3644724],
					[386.3644724],
					[397.1331075],
					[393.5435624],
					[393.5435624],
					[402.517425],
					[406.10697],
					[419.5677638],
					[413.28606],
					[419.5677638]
				]
			},
			{
				"name": "Same permutation each epoch",
				"labelposition": null,
				"symbolposition": null,
				"x": [
					[317.7260407],
					[324.0077444],
					[326.6999032],
					[326.6999032],
					[335.6737657],
					[347.339787],
					[354.5188771],
					[372.4666021],
					[397.5934172],
					[403.875121],
					[426.3097773],
					[445.1548887],
					[462.2052275],
					[478.3581801],
					[496.3059051],
					[503.4849952],
					[516.945789],
					[531.303969],
					[537.5856728],
					[550.1490803],
					[559.1229429],
					[566.3020329],
					[586.0445305],
					[596.8131655],
					[599.5053243],
					[618.3504356],
					[621.0425944],
					[631.8112294],
					[645.2720232],
					[657.8354308],
					[661.4249758]
				],
				"y": [
					[72.27928364],
					[126.1224589],
					[192.5290416],
					[233.8088093],
					[264.3199419],
					[285.857212],
					[302.0101646],
					[319.0605034],
					[335.213456],
					[342.392546],
					[347.7768635],
					[355.8533398],
					[363.9298161],
					[362.1350436],
					[375.5958374],
					[375.5958374],
					[380.0827686],
					[377.3906099],
					[382.7749274],
					[377.3906099],
					[389.0566312],
					[388.1592449],
					[397.1331075],
					[394.4409487],
					[396.2357212],
					[398.92788],
					[404.3121975],
					[398.92788],
					[406.10697],
					[401.6200387],
					[411.4912875]
				]
			}
		],
		"plotpos": [306.0600194,59.71587609,378.696999,376.9022265],
		"xax": {
			"titlepos": [453.231365,483.2821878,61.02226525,21.53727009],
			"minpos": [311.4443369,459.052759,17.05033882,16.15295257],
			"maxpos": [623.7347531,459.052759,23.33204259,13.4607938],
			"type": 1
		},
		"yax": {
			"titlepos": [229.7821878,130.6093901,34.99806389,261.1393998],
			"minpos": [267.4724105,413.28606,21.53727009,34.99806389],
			"maxpos": [267.4724105,59.71587609,20.63988383,19.74249758],
			"type": 2
		}
	}
}
