{
	"data": {
		"imagename": "00376-10.1.1.409.591-Figure-7",
		"difficult": 0,
		"curves": [
			{
				"name": "NER_MultiR",
				"labelposition": [409.4133523,21.42542614,115.2613636,24.69886364],
				"symbolposition": [351.0965909,25.54190341,52.14204545,14.40767045],
				"x": [
					[114.3991477],
					[118.515625],
					[120.5738636],
					[121.9460227],
					[128.8068182],
					[137.0397727],
					[159.6803977],
					[178.890625],
					[209.7642045],
					[252.3011364],
					[298.9545455],
					[370.3068182],
					[450.578125],
					[513.6974432]
				],
				"y": [
					[20.73934659],
					[97.58025568],
					[147.6640625],
					[201.178267],
					[214.2137784],
					[269.7862216],
					[284.8799716],
					[292.4268466],
					[304.7762784],
					[320.556108],
					[326.0447443],
					[332.2194602],
					[334.2776989],
					[337.022017]
				]
			},
			{
				"name": "NER_DNMAR",
				"labelposition": [410.7855114,45.43821023,131.0411932,25.38494318],
				"symbolposition": [349.7244318,50.92684659,56.94460227,10.29119318],
				"x": [
					[113.7130682],
					[117.8295455],
					[122.6321023],
					[130.1789773],
					[148.703125],
					[156.9360795],
					[172.7159091],
					[176.8323864],
					[189.8678977],
					[192.6122159],
					[196.0426136],
					[202.9034091],
					[205.6477273],
					[227.6022727],
					[246.8125],
					[255.7315341],
					[281.1164773],
					[312.6761364],
					[347.6661932],
					[394.3196023],
					[432.0539773],
					[468.4161932],
					[517.1278409]
				],
				"y": [
					[369.9538352],
					[139.431108],
					[120.2208807],
					[84.54474432],
					[89.34730114],
					[82.48650568],
					[101.696733],
					[113.3600852],
					[137.3728693],
					[153.8387784],
					[154.524858],
					[166.8742898],
					[176.4794034],
					[218.3302557],
					[238.2265625],
					[242.3430398],
					[270.4723011],
					[282.821733],
					[297.915483],
					[309.5788352],
					[319.8700284],
					[326.0447443],
					[338.3941761]
				]
			}
		],
		"plotpos": [97.24715909,7.703835227,450.7542614,378.7159091],
		"xax": {
			"titlepos": [294.1519886,462.5745739,51.45596591,19.89630682],
			"minpos": [97.24715909,413.1768466,33.61789773,24.01278409],
			"maxpos": [517.8139205,413.8629261,28.12926136,20.58238636],
			"type": 1
		},
		"yax": {
			"titlepos": [3.940340909,153.8387784,27.44318182,88.50426136],
			"minpos": [49.90767045,355.5461648,22.640625,32.24573864],
			"maxpos": [51.27982955,6.331676136,21.26846591,32.24573864],
			"type": 1
		}
	}
}
