{
	"data": {
		"imagename": "00373-10.1.1.170.7726-Figure-3",
		"difficult": 0,
		"curves": [
			{
				"name": "WR",
				"labelposition": [409.7542614,25.2734375,30.88636364,17.37357955],
				"symbolposition": [369.859375,28.49076705,36.03409091,9.008522727],
				"x": [
					[66.14346591],
					[77.72585227],
					[85.44744318],
					[87.37784091],
					[100.890625],
					[115.6903409],
					[120.1946023],
					[139.4985795],
					[163.9502841],
					[185.828125],
					[209.6363636],
					[238.5923295],
					[275.2698864],
					[292.6434659],
					[338.9730114],
					[371.7897727],
					[458.6576705],
					[568.046875]
				],
				"y": [
					[184.852983],
					[248.556108],
					[290.381392],
					[302.6072443],
					[313.5461648],
					[337.3544034],
					[355.3714489],
					[368.240767],
					[369.5276989],
					[385.6143466],
					[397.196733],
					[396.553267],
					[397.196733],
					[405.5617898],
					[404.274858],
					[403.631392],
					[406.2052557],
					[406.2052557]
				]
			},
			{
				"name": "Ph(MCSS, CCSS)",
				"labelposition": [410.3977273,45.22088068,137.0582386,21.87784091],
				"symbolposition": [369.859375,49.08167614,32.17329545,9.651988636],
				"x": [
					[55.20454545],
					[61.63920455],
					[65.5],
					[70.64772727],
					[71.93465909],
					[79.65625],
					[85.44744318],
					[91.23863636],
					[100.2471591],
					[104.7514205],
					[112.4730114],
					[115.6903409],
					[123.4119318],
					[136.9247159],
					[143.359375],
					[151.0809659],
					[158.1590909],
					[166.5241477],
					[191.6193182],
					[196.7670455],
					[219.9318182],
					[234.0880682],
					[247.6008523],
					[294.5738636],
					[309.3735795]
				],
				"y": [
					[106.993608],
					[113.428267],
					[134.662642],
					[167.4794034],
					[191.287642],
					[206.087358],
					[207.3742898],
					[234.399858],
					[262.068892],
					[287.8075284],
					[301.9637784],
					[296.8160511],
					[325.772017],
					[328.9893466],
					[345.0759943],
					[344.4325284],
					[345.0759943],
					[359.2322443],
					[376.6058239],
					[392.0490057],
					[401.0575284],
					[401.0575284],
					[404.9183239],
					[404.274858],
					[408.7791193]
				]
			},
			{
				"name": "I(MCSS, CCSS)",
				"labelposition": [408.4673295,69.02911932,126.1193182,23.16477273],
				"symbolposition": [369.859375,73.53338068,34.74715909,9.651988636],
				"x": [
					[55.20454545],
					[58.421875],
					[60.99573864],
					[68.07386364],
					[76.43892045],
					[89.30823864],
					[100.890625],
					[108.6122159],
					[116.3338068],
					[125.3423295],
					[131.1335227],
					[143.359375],
					[160.7329545],
					[169.7414773],
					[180.0369318],
					[194.8366477],
					[201.2713068],
					[208.3494318],
					[213.4971591],
					[225.0795455],
					[248.8877841],
					[278.4872159],
					[287.4957386]
				],
				"y": [
					[122.4367898],
					[156.540483],
					[192.5745739],
					[229.2521307],
					[257.5646307],
					[292.9552557],
					[300.0333807],
					[317.4069602],
					[340.571733],
					[339.2848011],
					[334.7805398],
					[336.0674716],
					[341.2151989],
					[360.5191761],
					[369.5276989],
					[372.1015625],
					[374.6754261],
					[375.962358],
					[386.2578125],
					[387.5447443],
					[404.9183239],
					[406.2052557],
					[409.4225852]
				]
			},
			{
				"name": "CCM",
				"labelposition": [408.4673295,94.76775568,41.82528409,17.37357955],
				"symbolposition": [369.859375,96.69815341,36.67755682,11.58238636],
				"x": [
					[53.91761364],
					[66.78693182],
					[71.93465909],
					[87.37784091],
					[108.6122159],
					[131.1335227],
					[142.7159091],
					[167.8110795],
					[207.7059659],
					[232.8011364],
					[261.1136364],
					[305.5127841],
					[327.390625],
					[365.9985795],
					[383.3721591],
					[406.5369318],
					[462.5184659],
					[569.3338068]
				],
				"y": [
					[112.1413352],
					[153.9666193],
					[180.9921875],
					[213.165483],
					[224.7478693],
					[255.634233],
					[289.0944602],
					[336.7109375],
					[344.4325284],
					[353.4410511],
					[356.0149148],
					[356.0149148],
					[374.6754261],
					[374.6754261],
					[385.6143466],
					[383.6839489],
					[404.9183239],
					[406.2052557]
				]
			}
		],
		"plotpos": [52.63068182,10.47372159,519.9204545,400.2357955],
		"xax": {
			"titlepos": [251.4616477,435.8046875,122.2585227,16.08664773],
			"minpos": [44.90909091,417.787642,12.22585227,12.86931818],
			"maxpos": [562.8991477,415.8572443,17.37357955,16.73011364],
			"type": 1
		},
		"yax": {
			"titlepos": [1.153409091,173.2705966,21.234375,77.21590909],
			"minpos": [19.81392045,405.5617898,27.66903409,14.79971591],
			"maxpos": [18.52698864,3.395596591,29.59943182,16.08664773],
			"type": 1
		}
	}
}
