{
	"data": {
		"imagename": "00371-10.1.1.323.9928-Figure-2",
		"difficult": 0,
		"curves": [
			{
				"name": "standard",
				"labelposition": [499.3096591,16.40127841,52.38068182,13.09517045],
				"symbolposition": [552.9375,17.6484375,43.65056818,8.730113636],
				"x": [
					[48.46164773],
					[55.32102273],
					[69.03977273],
					[173.1775568],
					[467.5071023],
					[606.5653409]
				],
				"y": [
					[240.2663352],
					[293.2705966],
					[303.8714489],
					[318.837358],
					[329.4382102],
					[333.1796875]
				]
			},
			{
				"name": "WSARE",
				"labelposition": [501.1803977,28.87286932,48.63920455,13.71875],
				"symbolposition": [554.1846591,32.61434659,39.90909091,7.482954545],
				"x": [
					[64.67471591],
					[114.5610795],
					[163.2002841],
					[454.4119318],
					[604.6946023]
				],
				"y": [
					[71.89985795],
					[269.5745739],
					[311.977983],
					[345.0276989],
					[346.8984375]
				]
			}
		],
		"plotpos": [47.21448864,13.90696023,557.4801136,385.9957386],
		"xax": {
			"titlepos": [282.9275568,424.2223011,92.91335227,14.34232955],
			"minpos": [40.35511364,404.8913352,11.84801136,15.58948864],
			"maxpos": [590.3522727,404.8913352,18.08380682,14.34232955],
			"type": 1
		},
		"yax": {
			"titlepos": [1.693181818,141.740767,18.70738636,131.5752841],
			"minpos": [29.13068182,393.6669034,13.09517045,13.71875],
			"maxpos": [22.27130682,2.682528409,19.33096591,17.46022727],
			"type": 1
		}
	}
}
