{
	"data": {
		"imagename": "00388-10.1.1.52.6632-Figure-5",
		"difficult": 0,
		"curves": [
			{
				"name": "Average clause-length of 3",
				"labelposition": [628.2536302,40.86592449,330.5043562,31.72023233],
				"symbolposition": [965.9206196,47.0053243,52.18489835,24.55759923],
				"x": [
					[258.8664085],
					[342.7715392],
					[379.607938],
					[452.2575024],
					[491.1403679],
					[535.1393998],
					[612.9051307],
					[652.8112294],
					[689.6476283],
					[729.553727],
					[805.2729913],
					[846.2023233],
					[895.3175218],
					[982.2923524],
					[1037.546951]
				],
				"y": [
					[445.0430784],
					[439.9269119],
					[435.8339787],
					[414.3460794],
					[412.2996128],
					[417.4157793],
					[430.7178122],
					[435.8339787],
					[441.9733785],
					[441.9733785],
					[453.2289448],
					[454.2521781],
					[455.2754114],
					[458.3451113],
					[462.4380445]
				]
			},
			{
				"name": "Average clause-length of 4",
				"labelposition": [628.2536302,71.56292352,331.5275895,33.76669894],
				"symbolposition": [962.8509197,75.65585673,54.23136496,23.53436592],
				"x": [
					[261.9361084],
					[378.5847047],
					[416.4443369],
					[461.4666021],
					[494.2100678],
					[531.0464666],
					[572.9990319],
					[649.7415295],
					[689.6476283],
					[729.553727],
					[768.4365924],
					[806.2962246],
					[840.0629235],
					[895.3175218],
					[979.2226525],
					[1039.593417]
				],
				"y": [
					[445.0430784],
					[445.0430784],
					[441.9733785],
					[441.9733785],
					[438.9036786],
					[424.5784124],
					[421.5087125],
					[392.8581801],
					[398.9975799],
					[370.3470474],
					[372.393514],
					[392.8581801],
					[385.695547],
					[406.160213],
					[415.3693127],
					[426.624879]
				]
			},
			{
				"name": "Fixed clause-length of 3",
				"labelposition": [655.8809293,105.3296225,299.8073572,31.72023233],
				"symbolposition": [962.8509197,107.3760891,54.23136496,22.51113262],
				"x": [
					[260.9128751],
					[325.3765731],
					[368.3523717],
					[405.1887706],
					[436.9090029],
					[462.4898354],
					[475.7918683],
					[498.303001],
					[514.6747338],
					[534.1161665],
					[553.5575992],
					[589.3707648],
					[611.8818974],
					[631.3233301],
					[652.8112294],
					[673.2758955],
					[731.6001936],
					[756.1577928],
					[805.2729913],
					[826.7608906],
					[846.2023233]
				],
				"y": [
					[441.9733785],
					[439.9269119],
					[426.624879],
					[402.0672798],
					[344.7662149],
					[255.7449177],
					[257.7913843],
					[175.9327202],
					[115.5619555],
					[66.44675702],
					[116.5851888],
					[170.8165537],
					[157.5145208],
					[194.3509197],
					[226.071152],
					[218.9085189],
					[265.9772507],
					[259.8378509],
					[295.6510165],
					[312.0227493],
					[309.9762827]
				]
			}
		],
		"plotpos": [258.8664085,18.35479187,782.7734753,475.803485],
		"xax": {
			"titlepos": [427.6999032,548.3896418,378.5963214,30.69699903],
			"minpos": [245.5643756,508.4835431,25.58083253,35.81316554],
			"maxpos": [1024.244918,509.5067764,34.78993224,31.72023233],
			"type": 1
		},
		"yax": {
			"titlepos": [2.034849952,221.9782188,114.6021297,31.72023233],
			"minpos": [225.0997096,481.8794773,26.60406583,26.60406583],
			"maxpos": [200.5421104,0.9598257502,46.04549855,29.67376573],
			"type": 1
		}
	}
}
