{
	"data": {
		"imagename": "00383-10.1.1.321.2342-Figure-8",
		"difficult": 0,
		"curves": [
			{
				"name": "First attempt only",
				"labelposition": [311.2613746,178.7623427,184.6902227,31.04937076],
				"symbolposition": [246.4859632,181.9743466,64.77541142,20.34269119],
				"x": [
					[106.7637948],
					[219.7192643],
					[328.9273959],
					[444.5595353]
				],
				"y": [
					[222.6597289],
					[179.2976767],
					[153.6016457],
					[105.4215876]
				]
			},
			{
				"name": "First or second attempt",
				"labelposition": [312.8673766,221.053727,238.7589545,28.37270087],
				"symbolposition": [248.0919652,222.124395,63.16940949,24.62536302],
				"x": [
					[103.5517909],
					[219.7192643],
					[330.5333979],
					[444.5595353]
				],
				"y": [
					[214.6297193],
					[168.0556631],
					[124.6936108],
					[77.58422072]
				]
			}
		],
		"plotpos": [50.55372701,42.7875121,478.588577,211.4569216],
		"xax": {
			"titlepos": [182.7812197,307.7778316,187.9022265,31.58470474],
			"minpos": [91.23910939,270.839787,27.83736689,35.33204259],
			"maxpos": [428.499516,270.839787,32.12003872,37.47337851],
			"type": 3
		},
		"yax": {
			"titlepos": [113.1878025,3.172797677,209.3155857,71.19941917],
			"minpos": [15.22168441,240.3257502,19.80735721,25.69603098],
			"maxpos": [4.51500484,28.33349468,30.51403679,26.76669894],
			"type": 1
		}
	}
}
