{
	"data": {
		"imagename": "00390-10.1.1.181.4-Figure-3",
		"difficult": 0,
		"curves": [
			{
				"name": "priority by thesaurus value",
				"labelposition": [99.46022727,399.4339489,191.9730114,22.96022727],
				"symbolposition": [37.59517045,403.2606534,61.86505682,14.66903409],
				"x": [
					[81.60227273],
					[94.99573864],
					[107.7514205],
					[124.9715909],
					[147.9318182],
					[204.6946023],
					[273.5752841],
					[357.125],
					[426.0056818],
					[494.8863636],
					[564.4048295]
				],
				"y": [
					[329.915483],
					[276.3416193],
					[229.1455966],
					[195.3430398],
					[177.4850852],
					[148.7848011],
					[127.7379261],
					[114.9822443],
					[104.1399148],
					[100.9509943],
					[95.84872159]
				]
			},
			{
				"name": "priority by translation value",
				"labelposition": [356.4872159,400.071733,194.5241477,21.046875],
				"symbolposition": [293.984375,403.2606534,63.140625,13.39346591],
				"x": [
					[82.87784091],
					[91.80681818],
					[102.0113636],
					[113.4914773],
					[128.7982955],
					[163.2386364],
					[190.6633523],
					[232.7571023],
					[297.1732955],
					[366.6917614],
					[450.8792614],
					[496.7997159],
					[573.9715909]
				],
				"y": [
					[326.0887784],
					[266.774858],
					[204.272017],
					[171.7450284],
					[149.4225852],
					[126.462358],
					[112.431108],
					[102.8643466],
					[92.02201705],
					[86.28196023],
					[84.36860795],
					[82.45525568],
					[82.45525568]
				]
			}
		],
		"plotpos": [79.68892045,72.25071023,493.0071023,261.4914773],
		"xax": {
			"titlepos": [227.0170455,368.8203125,198.9886364,17.85795455],
			"minpos": [69.484375,345.2223011,17.85795455,22.32244318],
			"maxpos": [554.8380682,346.4978693,37.62926136,17.85795455],
			"type": 1
		},
		"yax": {
			"titlepos": [8.894886364,95.2109375,26.14914773,233.4289773],
			"minpos": [42.69744318,322.899858,26.78693182,22.32244318],
			"maxpos": [28.02840909,60.1328125,40.81818182,20.40909091],
			"type": 1
		}
	}
}
