{
	"data": {
		"imagename": "00402-10.1.1.228.4780-Figure-2",
		"difficult": 0,
		"curves": [
			{
				"name": "ISEGS (0.01)",
				"labelposition": [515.929332,180.9404647,111.7250726,25.33301065],
				"symbolposition": [475.0067764,178.9917715,42.22168441,27.93126815],
				"x": [
					[148.2758955],
					[176.2071636],
					[215.8305905],
					[277.5392062],
					[349.6408519],
					[422.392062]
				],
				"y": [
					[291.3664085],
					[291.3664085],
					[290.0672798],
					[279.6742498],
					[271.8794773],
					[227.7090997]
				]
			},
			{
				"name": "ISEGS (0.001)",
				"labelposition": [517.8780252,219.9143272,121.4685382,23.38431752],
				"symbolposition": [473.0580833,221.213456,44.17037754,17.53823814],
				"x": [
					[150.874153],
					[179.4549855],
					[215.1810261],
					[285.9835431],
					[322.3591481],
					[354.8373669],
					[423.6911907]
				],
				"y": [
					[293.964666],
					[295.9133591],
					[285.5203291],
					[266.6829622],
					[261.4864472],
					[253.6916747],
					[175.0943853]
				]
			},
			{
				"name": "ISEGS (0.0001)",
				"labelposition": [517.8780252,256.9394966,130.5624395,24.68344627],
				"symbolposition": [476.9554695,257.589061,40.92255566,18.83736689],
				"x": [
					[150.874153],
					[185.3010649],
					[219.0784124],
					[288.5818006],
					[324.9574056],
					[352.8886738],
					[389.2642788],
					[424.3407551]
				],
				"y": [
					[291.3664085],
					[291.3664085],
					[283.571636],
					[253.0421104],
					[247.196031],
					[229.0082285],
					[178.9917715],
					[112.7362052]
				]
			}
		],
		"plotpos": [145.0280736,78.30929332,279.3126815,213.0571152],
		"xax": {
			"titlepos": [193.7454017,352.4254598,183.8267183,32.47821878],
			"minpos": [137.2333011,319.2976767,16.88867377,18.83736689],
			"maxpos": [393.1616651,318.6481123,62.35818006,24.0338819],
			"type": 1
		},
		"yax": {
			"titlepos": [30.70474347,138.0692159,27.28170378,100.6824782],
			"minpos": [112.5498548,284.2212004,16.88867377,24.68344627],
			"maxpos": [65.78121975,68.56582769,63.65730881,25.98257502],
			"type": 1
		}
	}
}
