{
	"data": {
		"imagename": "00411-10.1.1.19.7552-Figure-8",
		"difficult": 0,
		"curves": [
			{
				"name": "Passive (Random Sampling)",
				"labelposition": [379.6036932,344.1015625,152.8465909,13.95028409],
				"symbolposition": [536.0894886,346.5276989,36.39204545,11.52414773],
				"x": [
					[62.38636364],
					[68.45170455],
					[77.54971591],
					[91.5],
					[124.2528409],
					[187.9389205],
					[315.3110795],
					[571.875],
					[583.3991477]
				],
				"y": [
					[346.5276989],
					[288.3004261],
					[249.4822443],
					[199.1399148],
					[165.1740057],
					[134.240767],
					[106.3401989],
					[83.8984375],
					[82.68536932]
				]
			},
			{
				"name": "Active (Algorithm B)",
				"labelposition": [425.7002841,358.0518466,106.75,12.73721591],
				"symbolposition": [536.6960227,359.8714489,36.99857955,7.278409091],
				"x": [
					[61.17329545],
					[66.02556818],
					[68.45170455],
					[74.51704545],
					[78.76278409],
					[85.43465909],
					[94.53267045],
					[102.4176136],
					[107.2698864],
					[115.7613636],
					[131.53125],
					[152.1534091],
					[172.1690341],
					[190.9715909],
					[209.7741477],
					[242.5269886],
					[298.9346591],
					[347.4573864],
					[388.7017045],
					[422.0610795],
					[448.7485795],
					[483.9275568]
				],
				"y": [
					[345.3146307],
					[299.2180398],
					[246.4495739],
					[197.3203125],
					[166.993608],
					[145.7649148],
					[126.962358],
					[117.8643466],
					[114.225142],
					[96.63565341],
					[89.35724432],
					[80.25923295],
					[77.2265625],
					[69.94815341],
					[60.85014205],
					[58.42400568],
					[55.39133523],
					[49.93252841],
					[48.11292614],
					[45.68678977],
					[45.68678977],
					[43.8671875]
				]
			},
			{
				"name": "Active (20,000 Sent. Size Pool)",
				"labelposition": [367.4730114,368.9694602,164.9772727,13.95028409],
				"symbolposition": [536.6960227,372.0021307,33.359375,10.31107955],
				"x": [
					[61.77982955],
					[73.91051136],
					[79.36931818],
					[81.79545455],
					[92.71306818],
					[95.74573864],
					[111.515625],
					[126.6789773],
					[133.9573864],
					[141.2357955],
					[148.5142045],
					[186.7258523],
					[189.7585227],
					[232.2159091],
					[281.9517045],
					[311.671875],
					[386.8821023],
					[434.7982955],
					[452.3877841],
					[519.1065341],
					[584.6122159]
				],
				"y": [
					[346.5276989],
					[250.0887784],
					[219.7620739],
					[194.8941761],
					[183.3700284],
					[178.5177557],
					[145.7649148],
					[129.3884943],
					[123.3231534],
					[117.8643466],
					[108.7663352],
					[89.35724432],
					[91.17684659],
					[76.01349432],
					[69.94815341],
					[64.48934659],
					[59.63707386],
					[57.81747159],
					[54.78480114],
					[51.14559659],
					[49.93252841]
				]
			}
		],
		"plotpos": [58.140625,13.54048295,525.8650568,372.4119318],
		"xax": {
			"titlepos": [244.3465909,409.0007102,158.9119318,15.76988636],
			"minpos": [53.89488636,392.6242898,10.91761364,12.73721591],
			"maxpos": [562.1704545,392.6242898,44.27698864,12.73721591],
			"type": 1
		},
		"yax": {
			"titlepos": [2.946022727,171.2393466,18.19602273,61.86647727],
			"minpos": [25.38778409,379.8870739,30.32670455,12.73721591],
			"maxpos": [28.42045455,3.8359375,26.6875,16.98295455],
			"type": 1
		}
	}
}
