{
	"data": {
		"imagename": "00414-10.1.1.153.4287-Figure-7",
		"difficult": 0,
		"curves": [
			{
				"name": "HA * 3-5",
				"labelposition": [204.3504356,98.40125847,57.13359148,15.53146176],
				"symbolposition": [158.8654405,101.7294288,38.27395934,8.320425944],
				"x": [
					[107.2787996],
					[152.2090997],
					[196.0300097],
					[248.7260407],
					[284.2265247],
					[325.2739593],
					[366.8760891],
					[397.3843175],
					[415.6892546],
					[428.447241],
					[443.4240077],
					[462.2836399],
					[475.0416263],
					[490.5730881],
					[504.4404647],
					[518.8625363],
					[534.3939981],
					[549.9254598]
				],
				"y": [
					[257.5987415],
					[256.4893514],
					[257.5987415],
					[255.9346563],
					[252.606486],
					[244.8407551],
					[234.8562439],
					[222.0982575],
					[215.4419167],
					[206.5667957],
					[182.714908],
					[174.3944821],
					[165.5193611],
					[135.5658277],
					[113.3780252],
					[95.62778316],
					[71.22120039],
					[26.84559535]
				]
			},
			{
				"name": "CTF 0-5",
				"labelposition": [204.3504356,116.7061955,56.02420136,15.53146176],
				"symbolposition": [162.1936108,120.0343659,34.3910939,7.211035818],
				"x": [
					[108.9428848],
					[550.4801549]
				],
				"y": [
					[258.1534366],
					[251.4970958]
				]
			}
		],
		"plotpos": [87.86447241,17.41577928,479.2565344,249.0580833],
		"xax": {
			"titlepos": [255.3823814,334.1466602,143.1113262,18.85963214],
			"minpos": [138.8964182,288.10697,24.40658277,23.29719264],
			"maxpos": [521.0813166,286.9975799,31.61761859,24.40658277],
			"type": 1
		},
		"yax": {
			"titlepos": [2.996127783,5.767182962,27.73475315,274.5740561],
			"minpos": [45.70764763,251.4970958,21.63310745,12.75798645],
			"maxpos": [46.26234269,31.28315586,21.63310745,37.71926428],
			"type": 1
		}
	}
}
