{
	"data": {
		"imagename": "00419-10.1.1.362.5538-Figure-6",
		"difficult": 0,
		"curves": [
			{
				"name": "Ours",
				"labelposition": [380.3948864,241.1768466,40.07528409,14.859375],
				"symbolposition": [355.6292614,244.7791193,24.765625,8.105113636],
				"x": [
					[44.03267045],
					[132.7386364],
					[223.2457386],
					[265.5724432],
					[315.1036932],
					[356.0795455],
					[447.4872159]
				],
				"y": [
					[226.7677557],
					[84.92826705],
					[37.6484375],
					[33.59588068],
					[33.59588068],
					[25.04048295],
					[25.04048295]
				]
			},
			{
				"name": "Random",
				"labelposition": [380.8451705,261.8899148,63.94034091,14.859375],
				"symbolposition": [354.2784091,263.6910511,27.01704545,9.005681818],
				"x": [
					[42.68181818],
					[88.16051136],
					[134.9900568],
					[178.6676136],
					[224.1463068],
					[267.8238636],
					[311.5014205],
					[358.78125],
					[400.6576705],
					[447.9375]
				],
				"y": [
					[271.3458807],
					[161.0262784],
					[107.8927557],
					[72.3203125],
					[65.11576705],
					[52.05752841],
					[49.35582386],
					[31.79474432],
					[24.13991477],
					[25.04048295]
				]
			}
		],
		"plotpos": [42.68181818,12.43252841,405.7059659,268.8196023],
		"xax": {
			"titlepos": [162.4573864,297.0120739,166.6051136,18.91193182],
			"minpos": [38.17897727,286.6555398,10.35653409,11.25710227],
			"maxpos": [441.6335227,286.2052557,16.21022727,12.15767045],
			"type": 1
		},
		"yax": {
			"titlepos": [4.857954545,43.95241477,17.56107955,209.3821023],
			"minpos": [22.41903409,238.475142,18.46164773,12.60795455],
			"maxpos": [32.32528409,6.578835227,7.654829545,11.25710227],
			"type": 1
		}
	}
}
