{
	"data": {
		"imagename": "00421-10.1.1.310.9566-Figure-2",
		"difficult": 0,
		"curves": [
			{
				"name": "10 Darts",
				"labelposition": [152.3688287,118.0430784,45.4017425,13.62052275],
				"symbolposition": [113.7773475,118.9511133,38.1374637,9.0803485],
				"x": [
					[63.38141336],
					[103.7889642],
					[147.374637],
					[192.3223621],
					[237.2700871],
					[279.0396902],
					[325.3494676],
					[366.2110358],
					[410.7047435],
					[452.4743466]
				],
				"y": [
					[52.21055179],
					[59.02081317],
					[48.57841239],
					[78.54356244],
					[71.27928364],
					[76.72749274],
					[124.3993224],
					[124.8533398],
					[130.3015489],
					[83.53775411]
				]
			},
			{
				"name": "250 Darts",
				"labelposition": [153.2768635,138.4738625,49.94191675,12.7124879],
				"symbolposition": [113.7773475,138.0198451,39.49951597,8.17231365],
				"x": [
					[63.83543078],
					[98.79477251],
					[151.4607938],
					[191.8683446],
					[236.8160697],
					[274.499516],
					[323.9874153],
					[367.5730881],
					[412.5208132],
					[455.1984511]
				],
				"y": [
					[60.38286544],
					[55.38867377],
					[66.28509197],
					[81.26766699],
					[63.10696999],
					[78.54356244],
					[124.8533398],
					[135.2957406],
					[134.3877057],
					[88.07792836]
				]
			},
			{
				"name": "500 Darts",
				"labelposition": [152.8228461,155.7265247,51.75798645,12.25847047],
				"symbolposition": [115.1393998,156.6345595,37.68344627,8.17231365],
				"x": [
					[62.47337851],
					[111.053243],
					[147.374637],
					[193.2303969],
					[236.3620523],
					[279.0396902],
					[324.8954501],
					[367.5730881],
					[409.7967086],
					[455.1984511]
				],
				"y": [
					[39.04404647],
					[59.02081317],
					[76.72749274],
					[77.18151016],
					[71.27928364],
					[78.54356244],
					[127.1234269],
					[135.2957406],
					[131.2095837],
					[84.89980639]
				]
			}
		],
		"plotpos": [62.01936108,10.44094869,393.6331075,173.4346563],
		"xax": {
			"titlepos": [208.6669894,212.4787028,98.52178122,15.43659245],
			"minpos": [53.84704743,193.409971,16.79864472,14.07454017],
			"maxpos": [444.3020329,193.8639884,22.24685382,11.80445305],
			"type": 1
		},
		"yax": {
			"titlepos": [3.451113262,48.12439497,16.79864472,105.3320426],
			"minpos": [22.97386254,178.8814134,27.2410455,15.43659245],
			"maxpos": [34.77831559,4.992739593,17.25266215,11.80445305],
			"type": 1
		}
	}
}
