{
	"data": {
		"imagename": "00434-10.1.1.336.3061-Figure-2",
		"difficult": 0,
		"curves": [
			{
				"name": "wsat(plpb)-skc (p=0.1)",
				"labelposition": [348.3892045,248.0816761,152.2698864,17.74573864],
				"symbolposition": [507.5284091,249.7990057,48.65767045,12.02130682],
				"x": [
					[82.203125],
					[130.2883523],
					[174.9389205],
					[192.6846591],
					[239.0525568],
					[288.8551136],
					[316.3323864],
					[334.6505682],
					[347.2443182],
					[398.7642045],
					[507.5284091],
					[557.3309659]
				],
				"y": [
					[205.7208807],
					[129.0134943],
					[80.35582386],
					[79.78338068],
					[73.48650568],
					[60.3203125],
					[54.0234375],
					[55.16832386],
					[48.87144886],
					[40.85724432],
					[43.14701705],
					[42.00213068]
				]
			},
			{
				"name": "wsat(plpb)-rnp (p=0.6)",
				"labelposition": [347.2443182,266.9723011,153.9872159,15.45596591],
				"symbolposition": [508.6732955,266.9723011,47.51278409,12.02130682],
				"x": [
					[80.48579545],
					[157.765625],
					[176.65625],
					[192.1122159],
					[239.0525568],
					[287.1377841],
					[333.5056818],
					[350.1065341],
					[398.7642045],
					[446.2769886],
					[555.6136364]
				],
				"y": [
					[236.0603693],
					[150.7663352],
					[123.2890625],
					[111.2677557],
					[60.89275568],
					[50.01633523],
					[48.29900568],
					[42.00213068],
					[43.14701705],
					[36.27769886],
					[35.1328125]
				]
			},
			{
				"name": "wsatoip (p=0.3)",
				"labelposition": [393.6122159,283.0007102,108.1917614,16.60085227],
				"symbolposition": [508.6732955,284.1455966,48.08522727,9.159090909],
				"x": [
					[81.63068182],
					[335.2230114],
					[348.9616477],
					[395.3295455],
					[446.8494318],
					[556.7585227]
				],
				"y": [
					[348.8316761],
					[349.4041193],
					[343.1072443],
					[336.2379261],
					[336.8103693],
					[337.9552557]
				]
			}
		],
		"plotpos": [81.05823864,37.42258523,475.7002841,311.4090909],
		"xax": {
			"titlepos": [257.9431818,379.743608,127.0823864,21.75284091],
			"minpos": [76.47869318,359.7080966,15.45596591,15.45596591],
			"maxpos": [541.3025568,357.990767,34.91903409,17.74573864],
			"type": 1
		},
		"yax": {
			"titlepos": [5.495738636,77.49360795,22.32528409,229.5497159],
			"minpos": [59.87784091,341.962358,13.16619318,17.74573864],
			"maxpos": [59.30539773,25.97372159,14.31107955,21.18039773],
			"type": 1
		}
	}
}
