{
	"data": {
		"imagename": "00430-10.1.1.175.4655-Figure-7",
		"difficult": 0,
		"curves": [
			{
				"name": "P = 1",
				"labelposition": [124.9730114,343.1441761,38.26136364,23.23011364],
				"symbolposition": [79.87926136,349.2933239,43.04403409,10.93181818],
				"x": [
					[151.6193182],
					[273.9190341],
					[355.2244318],
					[437.2130682],
					[518.5184659]
				],
				"y": [
					[39.78622159],
					[139.5390625],
					[162.0859375],
					[270.037642],
					[302.149858]
				]
			},
			{
				"name": "P = 2",
				"labelposition": [122.9232955,368.4240057,43.72727273,21.86363636],
				"symbolposition": [77.82954545,373.8899148,44.41051136,11.61505682],
				"x": [
					[152.9857955],
					[273.9190341],
					[357.2741477],
					[437.2130682],
					[519.8849432]
				],
				"y": [
					[39.10298295],
					[50.71803977],
					[60.96661932],
					[75.31463068],
					[78.73082386]
				]
			},
			{
				"name": "P = 3",
				"labelposition": [124.9730114,395.7535511,41.67755682,20.49715909],
				"symbolposition": [77.82954545,403.2691761,47.14346591,10.24857955],
				"x": [
					[153.6690341],
					[272.5525568],
					[355.2244318],
					[437.2130682],
					[519.2017045]
				],
				"y": [
					[39.78622159],
					[41.15269886],
					[47.30184659],
					[46.61860795],
					[54.13423295]
				]
			}
		],
		"plotpos": [68.26420455,41.15269886,491.2485795,386.0298295],
		"xax": {
			"titlepos": [180.3153409,455.8785511,272.6122159,23.91335227],
			"minpos": [39.56818182,436.0646307,43.72727273,21.18039773],
			"maxpos": [540.3821023,431.9651989,38.94460227,22.546875],
			"type": 1
		},
		"yax": {
			"titlepos": [2.673295455,69.16548295,25.27982955,328.6377841],
			"minpos": [31.36931818,417.6171875,32.79545455,19.13068182],
			"maxpos": [48.45028409,28.85440341,17.08096591,21.86363636],
			"type": 1
		}
	}
}
