{
	"data": {
		"imagename": "00440-10.1.1.335.4941-Figure-6",
		"difficult": 0,
		"curves": [
			{
				"name": "learned concepts",
				"labelposition": [404.3892045,46.9140625,148.0056818,20.77272727],
				"symbolposition": [558.2372159,49.51065341,59.72159091,12.33380682],
				"x": [
					[110.3252841],
					[275.2088068],
					[438.7940341],
					[600.4318182]
				],
				"y": [
					[252.693892],
					[165.0589489],
					[155.321733],
					[131.9524148]
				]
			},
			{
				"name": "hand-engineered concepts",
				"labelposition": [325.1931818,63.14275568,227.2017045,21.421875],
				"symbolposition": [558.2372159,68.3359375,59.07244318,12.33380682],
				"x": [
					[111.6235795],
					[194.7144886],
					[275.2088068],
					[438.7940341],
					[598.484375]
				],
				"y": [
					[290.993608],
					[237.1143466],
					[159.2166193],
					[145.584517],
					[126.1100852]
				]
			},
			{
				"name": "without noise outcomes",
				"labelposition": [350.5099432,84.56463068,199.9375,16.87784091],
				"symbolposition": [558.2372159,87.16122159,53.23011364,9.088068182],
				"x": [
					[111.6235795],
					[194.7144886],
					[274.5596591],
					[437.4957386],
					[601.7301136]
				],
				"y": [
					[314.3629261],
					[315.0120739],
					[322.8018466],
					[296.8359375],
					[318.2578125]
				]
			},
			{
				"name": "with a restricted language",
				"labelposition": [334.28125,102.740767,216.1661932,20.12357955],
				"symbolposition": [557.5880682,105.337358,58.42329545,9.737215909],
				"x": [
					[111.6235795],
					[191.46875],
					[274.5596591],
					[436.8465909],
					[600.4318182]
				],
				"y": [
					[375.3828125],
					[360.4524148],
					[304.6257102],
					[330.5916193],
					[331.8899148]
				]
			}
		],
		"plotpos": [77.21875,41.72088068,555.0213068,354.4346591],
		"xax": {
			"titlepos": [283.6477273,433.1569602,142.1633523,22.07102273],
			"minpos": [62.28835227,406.5419034,38.94886364,18.82528409],
			"maxpos": [579.0099432,405.243608,49.984375,21.421875],
			"type": 1
		},
		"yax": {
			"titlepos": [1.268465909,161.1640625,27.91335227,112.9517045],
			"minpos": [53.84943182,389.0149148,16.87784091,16.87784091],
			"maxpos": [46.05965909,31.33451705,25.96590909,17.52698864],
			"type": 1
		}
	}
}
