{
	"data": {
		"imagename": "00454-10.1.1.165.7642-Figure-4",
		"difficult": 0,
		"curves": [
			{
				"name": "INFEX #prototypes",
				"labelposition": [274.3536932,43.62713068,141.5965909,17.94886364],
				"symbolposition": [236.9602273,47.61576705,35.89772727,8.974431818],
				"x": [
					[68.93892045],
					[127.7713068],
					[186.1051136],
					[245.9346591],
					[303.7698864],
					[362.6022727],
					[421.9332386]
				],
				"y": [
					[89.99502841],
					[143.3430398],
					[219.1271307],
					[272.9737216],
					[303.3870739],
					[310.3671875],
					[311.8629261]
				]
			},
			{
				"name": "KVQ #prototypes",
				"labelposition": [274.3536932,62.07457386,128.1349432,19.44460227],
				"symbolposition": [237.9573864,68.05752841,34.90056818,6.980113636],
				"x": [
					[68.93892045],
					[126.7741477],
					[184.1107955],
					[223],
					[304.2684659],
					[364.0980114],
					[421.4346591]
				],
				"y": [
					[75.03764205],
					[95.47940341],
					[158.7990057],
					[193.2009943],
					[262.0049716],
					[284.9396307],
					[296.4069602]
				]
			}
		],
		"plotpos": [68.44034091,35.15127841,353.4928977,275.2159091],
		"xax": {
			"titlepos": [155.1931818,331.806108,178.9900568,16.95170455],
			"minpos": [52.48579545,317.8458807,30.91193182,15.45596591],
			"maxpos": [399.4971591,317.3473011,43.37642045,15.45596591],
			"type": 1
		},
		"yax": {
			"titlepos": [3.126420455,91.98934659,26.92329545,163.5340909],
			"minpos": [52.984375,303.3870739,13.96022727,14.95738636],
			"maxpos": [25.5625,25.1796875,40.38494318,19.94318182],
			"type": 1
		}
	}
}
