{
	"data": {
		"imagename": "00450-10.1.1.110.1380-Figure-3",
		"difficult": 0,
		"curves": [
			{
				"name": "Position",
				"labelposition": [546.7270087,122.0905131,60.51306873,16.73765731],
				"symbolposition": [495.2265247,124.0217812,48.92545983,12.23136496],
				"x": [
					[87.72894482],
					[98.02904163],
					[106.3978703],
					[116.6979671],
					[125.0667957],
					[146.9545015],
					[156.6108422],
					[178.4985479],
					[197.1674734],
					[229.3552759],
					[235.1490803],
					[246.7366893],
					[257.0367861],
					[268.624395],
					[278.2807357],
					[287.9370765],
					[314.9748306],
					[340.0813166],
					[349.7376573],
					[378.0629235],
					[408.9632139],
					[439.8635044],
					[472.6950629],
					[483.6389158],
					[488.1452081],
					[497.8015489],
					[519.0454985],
					[552.5208132],
					[590.5024201],
					[611.7463698],
					[641.3591481]
				],
				"y": [
					[172.303485],
					[162.0033882],
					[160.07212],
					[152.3470474],
					[152.9908035],
					[143.9782188],
					[136.2531462],
					[130.4593417],
					[119.5154889],
					[111.7904163],
					[109.2153921],
					[107.92788],
					[101.4903195],
					[89.90271055],
					[91.8339787],
					[82.821394],
					[80.2463698],
					[74.45256534],
					[64.79622459],
					[59.00242014],
					[49.98983543],
					[49.34607938],
					[44.19603098],
					[44.19603098],
					[42.26476283],
					[41.62100678],
					[30.03339787],
					[29.38964182],
					[27.45837367],
					[23.59583737],
					[22.95208132]
				]
			},
			{
				"name": "Size",
				"labelposition": [547.3707648,141.4031946,34.11907067,17.38141336],
				"symbolposition": [493.9390126,145.2657309,50.85672798,10.94385286],
				"x": [
					[83.86640852],
					[108.3291384],
					[117.3417231],
					[126.3543078],
					[137.9419167],
					[145.6669894],
					[157.2545983],
					[164.9796709],
					[187.5111326],
					[206.8238141],
					[236.4365924],
					[247.3804453],
					[258.3242982],
					[267.9806389],
					[287.2933204],
					[311.1122943],
					[327.8499516],
					[356.8189739],
					[387.7192643],
					[399.3068732],
					[420.5508228],
					[439.2197483],
					[459.1761859],
					[483.6389158],
					[499.732817],
					[509.3891578],
					[537.714424],
					[559.6021297],
					[589.214908],
					[613.0338819],
					[625.2652469],
					[642.6466602]
				],
				"y": [
					[188.3973863],
					[182.6035818],
					[180.0285576],
					[180.6723136],
					[175.5222652],
					[175.5222652],
					[169.7284608],
					[169.7284608],
					[158.1408519],
					[151.7032914],
					[138.1844143],
					[133.678122],
					[133.678122],
					[126.5968054],
					[118.8717328],
					[103.4215876],
					[91.8339787],
					[84.75266215],
					[72.52129719],
					[67.37124879],
					[66.72749274],
					[60.93368829],
					[57.07115198],
					[53.20861568],
					[47.41481123],
					[43.55227493],
					[40.33349468],
					[39.68973863],
					[37.75847047],
					[31.96466602],
					[28.10212972],
					[26.17086157]
				]
			},
			{
				"name": "Color",
				"labelposition": [546.0832527,162.6471442,45.06292352,16.09390126],
				"symbolposition": [493.9390126,164.5784124,50.85672798,11.58760891],
				"x": [
					[94.16650532],
					[105.1103582],
					[119.9167473],
					[145.0232333],
					[166.267183],
					[195.2362052],
					[228.0677638],
					[253.1742498],
					[276.3494676],
					[291.1558567],
					[307.249758],
					[329.1374637],
					[351.6689255],
					[376.1316554],
					[397.375605],
					[417.9757986],
					[431.4946757],
					[446.9448209],
					[460.463698],
					[472.6950629],
					[491.3639884],
					[502.9515973],
					[522.2642788],
					[541.5769603],
					[560.8896418],
					[581.4898354],
					[594.3649564],
					[613.0338819],
					[625.2652469],
					[640.071636]
				],
				"y": [
					[171.6597289],
					[169.0847047],
					[158.7846079],
					[151.7032914],
					[145.9094869],
					[134.9656341],
					[124.6655373],
					[120.803001],
					[115.0091965],
					[107.2841239],
					[103.4215876],
					[100.2028074],
					[89.90271055],
					[80.89012585],
					[76.38383349],
					[73.16505324],
					[69.30251694],
					[66.72749274],
					[62.86495644],
					[59.00242014],
					[55.13988383],
					[51.27734753],
					[53.20861568],
					[51.27734753],
					[49.34607938],
					[43.55227493],
					[44.19603098],
					[40.33349468],
					[37.75847047],
					[37.75847047]
				]
			}
		],
		"plotpos": [80.00387222,12.65198451,565.8615682,183.4704743],
		"xax": {
			"titlepos": [203.6050339,240.5416263,319.303001,23.81897386],
			"minpos": [69.06001936,211.5726041,37.98160697,22.53146176],
			"maxpos": [620.1151985,211.5726041,41.84414327,24.46272991],
			"type": 1
		},
		"yax": {
			"titlepos": [0.1781219748,28.74588577,28.32526621,147.4201355],
			"minpos": [32.36592449,185.178606,36.05033882,24.46272991],
			"maxpos": [27.85963214,2.351887706,41.20038722,19.95643756],
			"type": 1
		}
	}
}
