{
	"data": {
		"imagename": "00468-10.1.1.332.8945-Figure-10",
		"difficult": 0,
		"curves": [
			{
				"name": "ground truth",
				"labelposition": [317.1775568,29.81463068,98.79261364,21.69744318],
				"symbolposition": [282.5539773,34.43110795,34.16193182,7.848011364],
				"x": [
					[63.73295455],
					[71.11931818],
					[84.04545455],
					[95.125],
					[107.5894886],
					[124.2088068],
					[138.5198864],
					[148.2144886],
					[158.3707386],
					[171.296875],
					[174.5284091],
					[183.2997159],
					[198.9957386],
					[214.6917614],
					[237.7741477],
					[244.6988636],
					[260.3948864],
					[287.6321023],
					[309.7911932],
					[322.7173295],
					[366.1122159],
					[376.2684659],
					[379.0383523],
					[380.4232955],
					[388.2713068],
					[393.3494318],
					[399.8125],
					[406.7372159],
					[415.5085227],
					[426.5880682]
				],
				"y": [
					[50.58877841],
					[65.36150568],
					[102.2933239],
					[128.6072443],
					[149.8430398],
					[165.5390625],
					[175.6953125],
					[186.774858],
					[187.2365057],
					[199.7009943],
					[201.5475852],
					[207.5490057],
					[214.0120739],
					[216.7819602],
					[221.3984375],
					[226.4765625],
					[227.8615057],
					[229.2464489],
					[230.631392],
					[232.477983],
					[230.631392],
					[225.0916193],
					[227.8615057],
					[225.0916193],
					[225.0916193],
					[226.4765625],
					[219.5518466],
					[224.1683239],
					[215.397017],
					[209.8572443]
				]
			},
			{
				"name": "estimate",
				"labelposition": [316.7159091,53.35866477,70.17045455,17.08096591],
				"symbolposition": [282.5539773,56.59019886,34.16193182,6.924715909],
				"x": [
					[64.19460227],
					[68.81107955],
					[77.12073864],
					[89.58522727],
					[102.0497159],
					[118.2073864],
					[125.1321023],
					[135.75],
					[138.5198864],
					[154.2159091],
					[162.0639205],
					[168.0653409],
					[173.1434659],
					[191.1477273],
					[194.8409091],
					[200.8423295],
					[211.4602273],
					[229.0028409],
					[241.9289773],
					[259.0099432],
					[266.8579545],
					[277.9375],
					[297.7883523],
					[308.8678977],
					[315.7926136],
					[326.8721591],
					[332.4119318],
					[344.8764205],
					[362.4190341],
					[367.9588068],
					[391.9644886],
					[415.046875],
					[426.5880682]
				],
				"y": [
					[23.81321023],
					[54.28196023],
					[85.67400568],
					[116.1427557],
					[138.7634943],
					[156.7677557],
					[168.7705966],
					[172.4637784],
					[178.9268466],
					[184.928267],
					[191.852983],
					[194.1612216],
					[199.7009943],
					[205.7024148],
					[207.5490057],
					[208.4723011],
					[214.4737216],
					[218.6285511],
					[222.7833807],
					[223.7066761],
					[229.2464489],
					[227.8615057],
					[233.8629261],
					[232.477983],
					[234.7862216],
					[233.4012784],
					[235.2478693],
					[235.2478693],
					[238.4794034],
					[237.0944602],
					[237.556108],
					[234.7862216],
					[235.2478693]
				]
			}
		],
		"plotpos": [57.73153409,12.27201705,369.3181818,271.4488636],
		"xax": {
			"titlepos": [223.9247159,304.9566761,37.85511364,18.46590909],
			"minpos": [41.57386364,288.337358,44.77982955,14.31107955],
			"maxpos": [378.1150568,285.5674716,42.93323864,19.38920455],
			"type": 1
		},
		"yax": {
			"titlepos": [2.795454545,64.89985795,20.3125,168.5014205],
			"minpos": [48.96022727,275.4112216,10.61789773,13.84943182],
			"maxpos": [24.49289773,49.20383523,34.16193182,16.61931818],
			"type": 1
		}
	}
}
