{
	"data": {
		"imagename": "00460-10.1.1.102.7644-Figure-7",
		"difficult": 0,
		"curves": [
			{
				"name": "CC",
				"labelposition": [468.3409091,122.8643466,31.80823864,22.72017045],
				"symbolposition": [391.7414773,126.1100852,72.05539773,14.28125],
				"x": [
					[154.8025568],
					[285.28125],
					[413.1633523]
				],
				"y": [
					[69.63423295],
					[76.12571023],
					[62.49360795]
				]
			},
			{
				"name": "DP",
				"labelposition": [470.2883523,148.181108,27.26420455,18.82528409],
				"symbolposition": [390.4431818,153.3742898,70.10795455,9.737215909],
				"x": [
					[156.1008523],
					[284.6321023],
					[411.8650568]
				],
				"y": [
					[71.58167614],
					[56.00213068],
					[81.31889205]
				]
			},
			{
				"name": "PP",
				"labelposition": [471.5866477,172.8487216,27.91335227,19.47443182],
				"symbolposition": [391.7414773,175.4453125,62.96732955,12.98295455],
				"x": [
					[155.4517045],
					[285.28125],
					[413.8125]
				],
				"y": [
					[165.7080966],
					[219.587358],
					[242.3075284]
				]
			},
			{
				"name": "OM",
				"labelposition": [470.2883523,194.2705966,30.50994318,22.07102273],
				"symbolposition": [394.3380682,202.709517,63.61647727,12.33380682],
				"x": [
					[155.4517045],
					[283.9829545],
					[413.8125]
				],
				"y": [
					[186.4808239],
					[294.8884943],
					[363.6981534]
				]
			}
		],
		"plotpos": [66.51846591,28.08877841,437.5255682,376.5056818],
		"xax": {
			"titlepos": [216.4715909,438.350142,152.5497159,17.52698864],
			"minpos": [113.2571023,413.6825284,96.72301136,18.82528409],
			"maxpos": [363.1789773,410.4367898,118.1448864,22.72017045],
			"type": 1
		},
		"yax": {
			"titlepos": [1.603693182,44.96661932,26.61505682,332.3636364],
			"minpos": [23.67471591,379.2776989,29.86079545,16.22869318],
			"maxpos": [24.97301136,37.82599432,30.50994318,16.87784091],
			"type": 1
		}
	}
}
