{
	"data": {
		"imagename": "00463-10.1.1.156.9425-Figure-6",
		"difficult": 0,
		"curves": [
			{
				"name": "G-ML",
				"labelposition": [417.953125,224.1399148,53.45170455,21.68323864],
				"symbolposition": [379.125,227.6697443,37.81960227,12.60653409],
				"x": [
					[100.7727273],
					[144.6434659],
					[185.9928977],
					[227.8465909],
					[270.7088068],
					[308.5284091],
					[349.3735795],
					[394.7571023],
					[433.5852273],
					[478.4644886]
				],
				"y": [
					[304.3174716],
					[277.087358],
					[238.7634943],
					[215.0632102],
					[185.3117898],
					[160.602983],
					[130.3473011],
					[107.1512784],
					[87.98934659],
					[62.27201705]
				]
			},
			{
				"name": "ITML",
				"labelposition": [416.4403409,248.8487216,48.91335227,20.67471591],
				"symbolposition": [379.125,249.352983,38.32386364,18.65767045],
				"x": [
					[99.25994318],
					[141.6178977],
					[185.4886364],
					[226.3338068],
					[269.1960227],
					[311.0497159],
					[352.3991477],
					[393.2443182],
					[439.1321023],
					[476.4474432]
				],
				"y": [
					[305.8302557],
					[287.1725852],
					[258.9339489],
					[232.2080966],
					[219.6015625],
					[208.5078125],
					[200.4396307],
					[198.4225852],
					[195.9012784],
					[192.8757102]
				]
			},
			{
				"name": "DK",
				"labelposition": [417.953125,273.5575284,28.23863636,18.65767045],
				"symbolposition": [380.6377841,274.0617898,36.30681818,17.64914773],
				"x": [
					[102.2855114],
					[141.6178977],
					[187.5056818],
					[228.8551136],
					[269.1960227],
					[310.0411932],
					[350.8863636],
					[393.2443182],
					[436.1065341],
					[478.96875]
				],
				"y": [
					[302.8046875],
					[277.087358],
					[247.3359375],
					[221.1143466],
					[214.0546875],
					[209.0120739],
					[205.4822443],
					[204.4737216],
					[203.4651989],
					[201.9524148]
				]
			}
		],
		"plotpos": [60.43181818,35.54616477,417.0241477,274.8224432],
		"xax": {
			"titlepos": [97.74715909,333.0603693,345.9232955,19.66619318],
			"minpos": [53.37215909,315.915483,13.61505682,18.65767045],
			"maxpos": [467.3707386,313.3941761,22.69176136,19.16193182],
			"type": 1
		},
		"yax": {
			"titlepos": [2.946022727,143.962358,20.17045455,60.00710227],
			"minpos": [43.79119318,302.3004261,12.10227273,17.14488636],
			"maxpos": [25.63778409,24.45241477,31.76846591,21.68323864],
			"type": 1
		}
	}
}
