{
	"data": {
		"imagename": "00475-10.1.1.363.3689-Figure-7",
		"difficult": 0,
		"curves": [
			{
				"name": "Tuned space",
				"labelposition": [391.4389205,290.7308239,60.98011364,11.50568182],
				"symbolposition": [355.7713068,293.0319602,35.66761364,6.328125],
				"x": [
					[45.69318182],
					[509.9474432]
				],
				"y": [
					[158.990767],
					[158.990767]
				]
			},
			{
				"name": "10%",
				"labelposition": [392.0142045,306.2634943,25.3125,13.23153409],
				"symbolposition": [355.7713068,306.2634943,35.66761364,12.08096591],
				"x": [
					[45.11789773],
					[95.74289773],
					[149.2443182],
					[200.4446023],
					[252.2201705],
					[303.4204545],
					[355.7713068],
					[458.171875],
					[510.5227273]
				],
				"y": [
					[210.7663352],
					[263.6924716],
					[264.8430398],
					[211.9169034],
					[264.8430398],
					[184.8785511],
					[184.303267],
					[132.5276989],
					[132.5276989]
				]
			},
			{
				"name": "25%",
				"labelposition": [390.2883523,321.7961648,24.16193182,13.23153409],
				"symbolposition": [356.921875,322.946733,33.36647727,11.50568182],
				"x": [
					[45.11789773],
					[96.31818182],
					[148.09375],
					[200.4446023],
					[251.6448864],
					[303.9957386],
					[355.7713068],
					[510.5227273]
				],
				"y": [
					[237.2294034],
					[185.4538352],
					[184.8785511],
					[211.9169034],
					[104.9140625],
					[130.8018466],
					[105.4893466],
					[106.0646307]
				]
			},
			{
				"name": "50%",
				"labelposition": [389.7130682,336.7535511,26.46306818,14.38210227],
				"symbolposition": [356.921875,337.9041193,31.640625,10.35511364],
				"x": [
					[44.54261364],
					[96.31818182],
					[148.09375],
					[199.2940341],
					[252.2201705],
					[355.7713068],
					[407.546875],
					[510.5227273]
				],
				"y": [
					[210.7663352],
					[158.415483],
					[131.3771307],
					[157.2649148],
					[157.2649148],
					[104.9140625],
					[132.5276989],
					[132.5276989]
				]
			}
		],
		"plotpos": [45.11789773,10.56747159,465.4048295,364.7301136],
		"xax": {
			"titlepos": [228.6335227,391.4055398,99.52414773,12.65625],
			"minpos": [39.36505682,380.475142,11.50568182,9.779829545],
			"maxpos": [501.3181818,379.899858,18.984375,9.779829545],
			"type": 1
		},
		"yax": {
			"titlepos": [5.998579545,144.6086648,13.80681818,94.34659091],
			"minpos": [20.38068182,371.8458807,21.86079545,9.779829545],
			"maxpos": [26.13352273,2.513494318,17.25852273,15.53267045],
			"type": 1
		}
	}
}
