{
	"data": {
		"imagename": "00473-10.1.1.207.6036-Figure-2",
		"difficult": 0,
		"curves": [
			{
				"name": "dog",
				"labelposition": [487.9622459,134.6093901,45.6321394,30.83252662],
				"symbolposition": [452.196515,136.4593417,35.76573088,16.64956438],
				"x": [
					[98.85575992],
					[135.2381413],
					[606.9757986]
				],
				"y": [
					[263.4893514],
					[24.22894482],
					[24.22894482]
				]
			},
			{
				"name": "turkey",
				"labelposition": [487.3455954,168.5251694,72.76476283,27.13262343],
				"symbolposition": [450.3465634,166.6752178,37.61568248,22.8160697],
				"x": [
					[101.9390126],
					[134.0048403],
					[203.6863504],
					[233.9022265],
					[271.517909],
					[301.1171346],
					[333.7996128],
					[371.4152953],
					[406.5643756],
					[441.0968054],
					[471.3126815],
					[505.8451113],
					[540.9941917],
					[569.9767667],
					[607.5924492]
				],
				"y": [
					[258.5561471],
					[220.3238141],
					[182.7081317],
					[179.0082285],
					[165.4419167],
					[145.7090997],
					[146.3257502],
					[138.3092933],
					[129.6761859],
					[120.4264279],
					[97.61035818],
					[72.94433688],
					[56.29477251],
					[42.72846079],
					[23.61229429]
				]
			},
			{
				"name": "predator",
				"labelposition": [489.8121975,202.4409487,95.58083253,30.83252662],
				"symbolposition": [452.196515,203.0575992,35.76573088,21.58276864],
				"x": [
					[101.9390126],
					[134.0048403],
					[202.4530494],
					[233.9022265],
					[267.8180058],
					[304.2003872],
					[336.2662149],
					[402.2478219],
					[439.8635044],
					[507.6950629],
					[539.7608906],
					[573.0600194],
					[608.2090997]
				],
				"y": [
					[263.4893514],
					[261.6393998],
					[214.7739593],
					[214.7739593],
					[190.7245886],
					[189.4912875],
					[164.2086157],
					[120.4264279],
					[66.16118103],
					[49.51161665],
					[44.57841239],
					[35.94530494],
					[23.61229429]
				]
			},
			{
				"name": "focal",
				"labelposition": [487.9622459,235.7400774,52.41529526,25.89932236],
				"symbolposition": [450.9632139,235.7400774,36.99903195,24.04937076],
				"x": [
					[99.47241045],
					[304.2003872],
					[335.0329138],
					[371.4152953],
					[437.3969022],
					[471.3126815],
					[505.8451113],
					[540.9941917],
					[574.2933204],
					[606.3591481]
				],
				"y": [
					[259.7894482],
					[259.7894482],
					[209.2241045],
					[202.4409487],
					[132.7594385],
					[127.2095837],
					[90.21055179],
					[73.56098742],
					[59.37802517],
					[23.61229429]
				]
			}
		],
		"plotpos": [99.47241045,23.61229429,507.5033882,238.0271055],
		"xax": {
			"titlepos": [321.4666021,311.5880929,62.89835431,29.59922556],
			"minpos": [90.839303,283.838819,16.03291384,25.89932236],
			"maxpos": [592.1761859,283.838819,30.83252662,28.98257502],
			"type": 1
		},
		"yax": {
			"titlepos": [17.45788964,43.34511133,28.36592449,196.0948693],
			"minpos": [63.70667957,250.5396902,18.49951597,25.89932236],
			"maxpos": [62.47337851,13.74588577,21.58276864,28.36592449],
			"type": 1
		}
	}
}
