{
	"data": {
		"imagename": "00487-10.1.1.382.6905-Figure-1",
		"difficult": 0,
		"curves": [
			{
				"name": "our method",
				"labelposition": [429.4573864,19.67684659,57.81676136,10.87642045],
				"symbolposition": [391.6761364,19.10440341,37.78125,9.159090909],
				"x": [
					[55.07954545],
					[59.65909091],
					[118.0482955],
					[135.2215909],
					[200.4801136],
					[270.890625],
					[335.0042614],
					[389.9588068],
					[412.2840909],
					[427.1676136],
					[443.1960227],
					[460.9417614]
				],
				"y": [
					[50.58877841],
					[47.7265625],
					[49.44389205],
					[51.73366477],
					[81.50071023],
					[118.1370739],
					[164.5049716],
					[201.1413352],
					[220.6044034],
					[240.0674716],
					[263.537642],
					[291.0149148]
				]
			},
			{
				"name": "Sargin et al.",
				"labelposition": [429.4573864,32.27059659,57.24431818,14.31107955],
				"symbolposition": [391.6761364,33.41548295,37.78125,10.87642045],
				"x": [
					[147.2428977],
					[199.9076705],
					[222.8053977],
					[257.1519886],
					[289.78125],
					[298.9403409],
					[307.5269886],
					[326.4176136],
					[349.8877841],
					[359.046875]
				],
				"y": [
					[132.4481534],
					[145.6143466],
					[155.9183239],
					[165.0774148],
					[173.0916193],
					[178.243608],
					[178.8160511],
					[185.6853693],
					[192.5546875],
					[198.2791193]
				]
			},
			{
				"name": "Stein et al.",
				"labelposition": [429.4573864,46.58167614,54.95454545,12.59375],
				"symbolposition": [392.8210227,47.7265625,36.63636364,9.159090909],
				"x": [
					[40.76846591],
					[43.05823864],
					[45.92045455],
					[51.07244318],
					[59.65909091],
					[61.37642045],
					[73.39772727],
					[79.69460227],
					[87.13636364],
					[88.85369318],
					[95.72301136],
					[99.15767045],
					[104.3096591],
					[114.0411932],
					[136.9389205],
					[142.0909091],
					[159.2642045],
					[164.9886364],
					[170.140625],
					[178.7272727],
					[193.0383523],
					[206.2045455],
					[210.7840909],
					[221.6605114],
					[226.8125],
					[231.9644886],
					[254.2897727],
					[268.6008523],
					[276.6150568],
					[292.0710227],
					[305.2372159],
					[308.671875],
					[324.1278409],
					[340.15625],
					[348.7428977],
					[358.4744318],
					[371.0681818],
					[377.9375],
					[389.3863636],
					[399.6903409],
					[411.7116477],
					[416.8636364],
					[422.015625],
					[438.0440341],
					[447.7755682],
					[458.6519886],
					[471.8181818],
					[483.8394886],
					[494.1434659],
					[497.0056818]
				],
				"y": [
					[107.8330966],
					[171.3742898],
					[144.4694602],
					[142.7521307],
					[133.5930398],
					[126.7237216],
					[131.8757102],
					[126.7237216],
					[132.4481534],
					[142.7521307],
					[140.462358],
					[145.6143466],
					[143.897017],
					[151.3387784],
					[150.7663352],
					[154.2009943],
					[158.2080966],
					[164.5049716],
					[163.3600852],
					[169.6569602],
					[178.8160511],
					[178.243608],
					[186.2578125],
					[189.1200284],
					[193.6995739],
					[192.5546875],
					[209.1555398],
					[210.3004261],
					[215.4524148],
					[218.3146307],
					[224.0390625],
					[229.7634943],
					[232.053267],
					[240.0674716],
					[240.6399148],
					[245.7919034],
					[247.509233],
					[252.6612216],
					[252.6612216],
					[265.8274148],
					[278.993608],
					[278.993608],
					[284.1455966],
					[291.587358],
					[300.7464489],
					[307.0433239],
					[315.0575284],
					[320.7819602],
					[329.368608],
					[335.0930398]
				]
			},
			{
				"name": "He et al.",
				"labelposition": [429.4573864,60.89275568,44.65056818,10.30397727],
				"symbolposition": [391.6761364,61.46519886,37.78125,8.586647727],
				"x": [
					[44.77556818],
					[45.34801136],
					[48.21022727],
					[48.78267045],
					[51.64488636],
					[56.796875],
					[62.52130682],
					[71.68039773],
					[78.54971591],
					[90.57102273],
					[93.43323864],
					[112.3238636],
					[147.2428977],
					[174.7201705],
					[198.7627841],
					[213.6463068],
					[223.9502841],
					[231.3920455],
					[260.5866477],
					[300.6576705],
					[333.2869318],
					[353.8948864],
					[372.7855114],
					[389.9588068],
					[409.9943182],
					[427.7400568],
					[434.609375],
					[443.1960227],
					[450.6377841],
					[462.0866477],
					[475.8252841],
					[492.9985795]
				],
				"y": [
					[13.37997159],
					[62.03764205],
					[68.33451705],
					[83.21803977],
					[86.08025568],
					[87.79758523],
					[96.38423295],
					[104.9708807],
					[108.4055398],
					[113.5575284],
					[119.8544034],
					[133.5930398],
					[154.2009943],
					[170.2294034],
					[183.3955966],
					[192.5546875],
					[193.6995739],
					[201.1413352],
					[210.8728693],
					[227.4737216],
					[242.9296875],
					[250.943892],
					[260.102983],
					[270.4069602],
					[284.1455966],
					[298.4566761],
					[302.4637784],
					[309.9055398],
					[319.6370739],
					[329.368608],
					[334.5205966],
					[341.3899148]
				]
			}
		],
		"plotpos": [40.76846591,11.09019886,457.3821023,362.3565341],
		"xax": {
			"titlepos": [250.8551136,389.475142,37.78125,12.59375],
			"minpos": [35.61647727,376.3089489,6.869318182,13.73863636],
			"maxpos": [493.5710227,378.0262784,8.586647727,11.44886364],
			"type": 1
		},
		"yax": {
			"titlepos": [0.6974431818,166.2223011,18.890625,54.38210227],
			"minpos": [27.02982955,368.8671875,11.44886364,10.87642045],
			"maxpos": [27.60227273,5.365767045,10.87642045,13.16619318],
			"type": 1
		}
	}
}
