{
	"data": {
		"imagename": "00489-10.1.1.142.1945-Figure-5",
		"difficult": 0,
		"curves": [
			{
				"name": "local broadcast",
				"labelposition": [483.4034091,315.7535511,116.6335227,17.15198864],
				"symbolposition": [453.9019886,319.8700284,29.50142045,8.919034091],
				"x": [
					[101.9431818],
					[120.4673295],
					[138.9914773],
					[157.515625],
					[176.0397727],
					[197.9943182],
					[235.0426136],
					[250.8224432],
					[270.71875],
					[289.2428977],
					[345.5014205],
					[380.4914773],
					[416.8536932],
					[454.5880682],
					[513.5909091],
					[530.0568182],
					[565.7329545],
					[586.3153409],
					[606.2116477]
				],
				"y": [
					[389.850142],
					[309.5788352],
					[203.9225852],
					[153.8387784],
					[114.0461648],
					[97.58025568],
					[73.56747159],
					[68.76491477],
					[67.39275568],
					[63.96235795],
					[56.41548295],
					[56.41548295],
					[50.24076705],
					[47.49644886],
					[48.18252841],
					[45.43821023],
					[46.81036932],
					[46.12428977],
					[44.75213068]
				]
			},
			{
				"name": "ttl 5",
				"labelposition": [481.3451705,337.022017,34.99005682,17.15198864],
				"symbolposition": [454.5880682,340.4524148,28.81534091,10.29119318],
				"x": [
					[101.9431818],
					[140.3636364],
					[158.8877841],
					[179.4701705],
					[197.3082386],
					[215.1463068],
					[251.5085227],
					[289.9289773],
					[307.7670455],
					[364.0255682],
					[400.3877841],
					[437.4360795],
					[456.6463068],
					[511.5326705],
					[530.7428977],
					[550.6392045],
					[569.8494318],
					[586.3153409],
					[606.2116477]
				],
				"y": [
					[390.5362216],
					[374.756392],
					[353.4879261],
					[324.6725852],
					[293.7990057],
					[268.4140625],
					[225.1910511],
					[185.3984375],
					[164.1299716],
					[116.790483],
					[87.97514205],
					[72.88139205],
					[60.53196023],
					[41.32173295],
					[37.89133523],
					[32.40269886],
					[30.34446023],
					[19.3671875],
					[20.05326705]
				]
			},
			{
				"name": "ttl 10",
				"labelposition": [482.7173295,358.9765625,41.85085227,15.77982955],
				"symbolposition": [455.9602273,361.0348011,26.75710227,9.605113636],
				"x": [
					[101.2571023],
					[122.5255682],
					[141.0497159],
					[158.8877841],
					[177.4119318],
					[195.25],
					[213.7741477],
					[233.6704545],
					[252.8806818],
					[270.0326705],
					[306.3948864],
					[345.5014205],
					[364.0255682],
					[382.5497159],
					[404.5042614],
					[439.4943182],
					[458.0184659],
					[476.5426136],
					[495.7528409],
					[510.1605114],
					[530.7428977],
					[550.6392045],
					[570.5355114],
					[606.2116477]
				],
				"y": [
					[389.850142],
					[389.1640625],
					[375.4424716],
					[349.3714489],
					[321.928267],
					[293.7990057],
					[264.2975852],
					[238.912642],
					[214.2137784],
					[185.3984375],
					[151.7805398],
					[120.9069602],
					[111.9879261],
					[100.3245739],
					[97.58025568],
					[85.23082386],
					[80.42826705],
					[78.37002841],
					[72.88139205],
					[70.82315341],
					[69.45099432],
					[67.39275568],
					[68.76491477],
					[63.27627841]
				]
			},
			{
				"name": "ttl 15",
				"labelposition": [483.4034091,376.8146307,43.22301136,16.46590909],
				"symbolposition": [456.6463068,381.6171875,26.75710227,8.232954545],
				"x": [
					[101.2571023],
					[120.4673295],
					[141.0497159],
					[157.515625],
					[176.0397727],
					[195.25],
					[213.7741477],
					[232.984375],
					[268.6605114],
					[307.0809659],
					[344.8153409],
					[363.3394886],
					[380.4914773],
					[420.9701705],
					[438.1221591],
					[453.9019886],
					[473.1122159],
					[513.5909091],
					[532.1150568],
					[569.1633523],
					[604.1534091]
				],
				"y": [
					[391.9083807],
					[391.9083807],
					[380.2450284],
					[356.9183239],
					[324.6725852],
					[293.7990057],
					[259.4950284],
					[223.1328125],
					[180.5958807],
					[139.431108],
					[113.3600852],
					[101.0106534],
					[91.40553977],
					[81.80042614],
					[80.42826705],
					[76.31178977],
					[70.13707386],
					[69.45099432],
					[68.76491477],
					[63.27627841],
					[64.6484375]
				]
			}
		],
		"plotpos": [64.20880682,15.25071023,557.7826705,420.5667614],
		"xax": {
			"titlepos": [305.0227273,457.0859375,81.64346591,19.21022727],
			"minpos": [58.72017045,443.3643466,16.46590909,19.89630682],
			"maxpos": [614.4446023,441.9921875,16.46590909,17.15198864],
			"type": 1
		},
		"yax": {
			"titlepos": [1.775568182,166.1882102,27.44318182,117.3196023],
			"minpos": [25.78835227,429.6427557,36.36221591,15.77982955],
			"maxpos": [36.07954545,4.959517045,28.81534091,20.58238636],
			"type": 1
		}
	}
}
