{
	"data": {
		"imagename": "00491-10.1.1.165.553-Figure-5",
		"difficult": 0,
		"curves": [
			{
				"name": "Manual",
				"labelposition": [118.0610795,399.5745739,79.734375,23.35653409],
				"symbolposition": [75.375,401.990767,43.49147727,15.30255682],
				"x": [
					[75.375],
					[89.87215909],
					[123.6988636],
					[157.5255682],
					[168.8011364],
					[189.7414773],
					[203.4332386],
					[219.5411932],
					[233.2329545],
					[257.3948864],
					[281.5568182],
					[297.6647727],
					[326.6590909],
					[349.2102273],
					[372.5667614],
					[392.7017045],
					[416.8636364],
					[436.1931818],
					[467.6036932],
					[499.0142045],
					[530.4247159],
					[569.8892045]
				],
				"y": [
					[31.5078125],
					[41.97798295],
					[28.28622159],
					[27.48082386],
					[45.19957386],
					[66.9453125],
					[84.6640625],
					[97.55042614],
					[101.5774148],
					[132.1825284],
					[159.5660511],
					[175.6740057],
					[192.587358],
					[202.2521307],
					[219.9708807],
					[240.9112216],
					[270.7109375],
					[290.8458807],
					[309.3700284],
					[324.6725852],
					[333.5319602],
					[344.8075284]
				]
			},
			{
				"name": "Words",
				"labelposition": [118.8664773,426.9580966,69.26420455,25.77272727],
				"symbolposition": [75.375,431.790483,42.68607955,15.30255682],
				"x": [
					[75.375],
					[92.28835227],
					[116.4502841],
					[140.6122159],
					[160.7471591],
					[196.9900568],
					[228.4005682],
					[263.0326705],
					[289.6107955],
					[312.9673295],
					[324.2428977],
					[346.7940341],
					[378.2045455],
					[394.3125],
					[416.8636364],
					[433.7769886],
					[457.9389205],
					[482.1008523],
					[501.4303977],
					[513.5113636],
					[529.6193182],
					[540.0894886],
					[550.5596591],
					[564.2514205]
				],
				"y": [
					[79.83167614],
					[64.52911932],
					[58.0859375],
					[62.91832386],
					[68.55610795],
					[74.99928977],
					[77.41548295],
					[90.30184659],
					[91.91264205],
					[98.35582386],
					[108.0205966],
					[112.852983],
					[122.5177557],
					[134.5987216],
					[145.068892],
					[158.7606534],
					[175.6740057],
					[195.8089489],
					[209.5007102],
					[224.803267],
					[245.743608],
					[266.6839489],
					[297.2890625],
					[332.7265625]
				]
			},
			{
				"name": "Templates",
				"labelposition": [118.0610795,455.147017,111.1448864,25.77272727],
				"symbolposition": [79.40198864,459.9794034,41.07528409,15.30255682],
				"x": [
					[75.375],
					[87.45596591],
					[108.3963068],
					[128.53125],
					[147.0553977],
					[161.5525568],
					[181.6875],
					[196.9900568],
					[209.0710227],
					[235.6491477],
					[267.0596591],
					[292.8323864],
					[316.1889205],
					[336.3238636],
					[354.0426136],
					[367.734375],
					[385.453125],
					[401.5610795],
					[426.5284091],
					[449.8849432],
					[482.1008523],
					[513.5113636],
					[534.4517045],
					[566.6676136]
				],
				"y": [
					[29.89701705],
					[41.97798295],
					[35.53480114],
					[29.89701705],
					[33.11860795],
					[43.58877841],
					[53.25355114],
					[66.13991477],
					[76.61008523],
					[82.24786932],
					[90.30184659],
					[101.5774148],
					[110.4367898],
					[116.0745739],
					[131.3771307],
					[158.7606534],
					[185.3387784],
					[211.9169034],
					[229.6356534],
					[251.381392],
					[268.2947443],
					[293.2620739],
					[316.618608],
					[341.5859375]
				]
			},
			{
				"name": "Words + Templates",
				"labelposition": [120.4772727,482.5305398,204.5710227,25.77272727],
				"symbolposition": [77.79119318,487.3629261,42.68607955,15.30255682],
				"x": [
					[75.375],
					[87.45596591],
					[97.12073864],
					[106.7855114],
					[143.0284091],
					[170.4119318],
					[188.1306818],
					[225.1789773],
					[252.5625],
					[278.3352273],
					[300.0809659],
					[322.6321023],
					[335.5184659],
					[356.4588068],
					[375.7883523],
					[401.5610795],
					[424.1122159],
					[450.6903409],
					[474.8522727],
					[505.4573864],
					[515.1221591],
					[525.5923295],
					[536.8678977],
					[552.9758523],
					[561.0298295],
					[567.4730114]
				],
				"y": [
					[44.39417614],
					[35.53480114],
					[35.53480114],
					[29.89701705],
					[36.34019886],
					[45.19957386],
					[47.61576705],
					[64.52911932],
					[68.55610795],
					[78.22088068],
					[90.30184659],
					[100.772017],
					[114.4637784],
					[126.5447443],
					[131.3771307],
					[133.7933239],
					[139.431108],
					[150.7066761],
					[166.009233],
					[192.587358],
					[214.3330966],
					[236.884233],
					[262.6569602],
					[295.678267],
					[323.0617898],
					[335.9481534]
				]
			}
		],
		"plotpos": [68.12642045,17.81605114,501.7627841,496.9303977],
		"xax": {
			"titlepos": [284.7784091,540.5191761,70.875,24.96732955],
			"minpos": [63.29403409,522.8004261,12.08096591,20.94034091],
			"maxpos": [560.2244318,522.8004261,13.69176136,16.91335227],
			"type": 1
		},
		"yax": {
			"titlepos": [3.694602273,216.7492898,24.16193182,96.64772727],
			"minpos": [51.21306818,504.2762784,16.10795455,20.94034091],
			"maxpos": [51.21306818,4.9296875,16.10795455,24.96732955],
			"type": 1
		}
	}
}
