{
	"data": {
		"imagename": "00494-10.1.1.164.1875-Figure-5",
		"difficult": 0,
		"curves": [
			{
				"name": "exact VLAD 64",
				"labelposition": [213.7585227,315.4765625,127.40625,18.01704545],
				"symbolposition": [348.2428977,318.0504261,56.625,13.51278409],
				"x": [
					[109.5170455],
					[227.2713068],
					[352.7471591]
				],
				"y": [
					[61.30752841],
					[105.0632102],
					[146.2450284]
				]
			},
			{
				"name": "VLAD k=64, ADC 16x8",
				"labelposition": [150.0553977,333.493608,192.3963068,18.66051136],
				"symbolposition": [348.2428977,337.9978693,58.55539773,12.22585227],
				"x": [
					[110.8039773],
					[226.6278409],
					[263.3053977],
					[351.4602273],
					[391.3551136],
					[484.0142045],
					[520.6917614],
					[614.6377841]
				],
				"y": [
					[108.2805398],
					[155.897017],
					[171.9836648],
					[208.6612216],
					[235.6867898],
					[272.3643466],
					[288.4509943],
					[317.4069602]
				]
			},
			{
				"name": "VLAD k=64, IVFADC 16x8",
				"labelposition": [121.0994318,352.7975852,220.7088068,18.01704545],
				"symbolposition": [346.9559659,354.084517,58.55539773,15.44318182],
				"x": [
					[110.8039773],
					[228.5582386],
					[263.3053977],
					[350.8167614],
					[390.0681818],
					[484.6576705],
					[523.265625],
					[614.6377841]
				],
				"y": [
					[116.0021307],
					[155.897017],
					[161.6882102],
					[190.6441761],
					[211.8785511],
					[244.0518466],
					[254.990767],
					[285.2336648]
				]
			},
			{
				"name": "BOF, k=200k",
				"labelposition": [230.4886364,370.8146307,113.25,20.59090909],
				"symbolposition": [347.5994318,374.6754261,55.98153409,12.86931818],
				"x": [
					[110.8039773],
					[227.2713068],
					[352.7471591],
					[482.7272727]
				],
				"y": [
					[47.15127841],
					[106.993608],
					[162.3316761],
					[196.4353693]
				]
			}
		],
		"plotpos": [86.99573864,14.97798295,532.1463068,381.5752841],
		"xax": {
			"titlepos": [292.9048295,431.943892,124.1889205,19.94744318],
			"minpos": [65.76136364,405.5617898,49.546875,21.87784091],
			"maxpos": [594.046875,406.2052557,39.89488636,20.59090909],
			"type": 2
		},
		"yax": {
			"titlepos": [2.058238636,180.9921875,23.16477273,48.25994318],
			"minpos": [64.47443182,389.475142,14.15625,16.73011364],
			"maxpos": [49.67471591,4.0390625,30.88636364,21.87784091],
			"type": 1
		}
	}
}
