{
	"data": {
		"imagename": "00490-10.1.1.18.7410-Figure-1",
		"difficult": 0,
		"curves": [
			{
				"name": "multi-view algorithm",
				"labelposition": [180.9715909,212.8089489,173.8096591,22.06392045],
				"symbolposition": [361.0852273,215.5106534,57.63636364,15.75994318],
				"x": [
					[69.30113636],
					[160.2585227],
					[253.4673295],
					[344.875],
					[436.2826705]
				],
				"y": [
					[254.6853693],
					[201.5518466],
					[109.243608],
					[46.20383523],
					[13.78338068]
				]
			},
			{
				"name": "single-view algorithm",
				"labelposition": [178.2698864,233.071733,177.8622159,19.36221591],
				"symbolposition": [361.0852273,233.522017,60.33806818,18.01136364],
				"x": [
					[68.40056818],
					[161.609375],
					[254.8181818],
					[344.875],
					[438.984375]
				],
				"y": [
					[216.8615057],
					[167.7805398],
					[125.4538352],
					[83.57741477],
					[69.16832386]
				]
			}
		],
		"plotpos": [67.95028409,6.128551136,368.3323864,252.1590909],
		"xax": {
			"titlepos": [60.74573864,295.2109375,384.0923295,21.16335227],
			"minpos": [60.29545455,269.9950284,14.40909091,17.56107955],
			"maxpos": [422.7741477,267.2933239,25.66619318,19.36221591],
			"type": 1
		},
		"yax": {
			"titlepos": [3.559659091,75.02201705,24.31534091,116.6235795],
			"minpos": [44.08522727,250.6328125,13.50852273,19.36221591],
			"maxpos": [33.72869318,22.7890625,27.46732955,20.71306818],
			"type": 1
		}
	}
}
