{
	"data": {
		"imagename": "00505-10.1.1.157.5563-Figure-5",
		"difficult": 0,
		"curves": [
			{
				"name": "initialization (PCA)",
				"labelposition": [334.984375,26.4453125,182.578125,21.140625],
				"symbolposition": [524.609375,29.6484375,67.265625,15.375],
				"x": [
					[152.40625],
					[188.921875],
					[275.40625],
					[359.96875],
					[438.765625],
					[524.609375],
					[605.96875]
				],
				"y": [
					[18.1171875],
					[61.6796875],
					[127.0234375],
					[155.8515625],
					[175.0703125],
					[185.9609375],
					[193.6484375]
				]
			},
			{
				"name": "LDPP",
				"labelposition": [457.984375,45.6640625,64.0625,23.703125],
				"symbolposition": [526.53125,49.5078125,68.546875,18.578125],
				"x": [
					[104.359375],
					[188.28125],
					[272.84375],
					[356.765625],
					[440.6875],
					[523.96875],
					[607.25]
				],
				"y": [
					[138.5546875],
					[243.6171875],
					[291.0234375],
					[318.5703125],
					[324.3359375],
					[328.1796875],
					[329.4609375]
				]
			}
		],
		"plotpos": [90.265625,16.8359375,523.390625,367.71875],
		"xax": {
			"titlepos": [294.625,427.4765625,115.953125,22.421875],
			"minpos": [123.578125,395.4453125,28.828125,24.34375],
			"maxpos": [393.28125,395.4453125,40.359375,24.34375],
			"type": 2
		},
		"yax": {
			"titlepos": [3.140625,157.1328125,31.390625,95.453125],
			"minpos": [61.4375,373.0234375,19.859375,26.90625],
			"maxpos": [49.265625,4.6640625,30.75,22.421875],
			"type": 1
		}
	}
}
