{
	"data": {
		"imagename": "00503-10.1.1.139.2575-Figure-5",
		"difficult": 0,
		"curves": [
			{
				"name": "pan-str 1.5",
				"labelposition": [527.2449177,161.000484,61.05517909,15.5517909],
				"symbolposition": [504.2052275,163.304453,21.88770571,9.791868345],
				"x": [
					[149.3939981],
					[379.7909003]
				],
				"y": [
					[182.3121975],
					[109.7371733]
				]
			},
			{
				"name": "str-pan 1.5",
				"labelposition": [525.5169409,179.4322362,63.35914811,12.67182962],
				"symbolposition": [504.7812197,181.7362052,20.7357212,8.639883833],
				"x": [
					[147.6660213],
					[378.0629235]
				],
				"y": [
					[173.0963214],
					[215.1437561]
				]
			},
			{
				"name": "pan-str",
				"labelposition": [525.5169409,197.2879961,55.29525653,13.82381413],
				"symbolposition": [504.2052275,197.8639884,20.7357212,10.3678606],
				"x": [
					[149.3939981],
					[379.7909003]
				],
				"y": [
					[169.6403679],
					[91.3054211]
				]
			},
			{
				"name": "str-pan 2",
				"labelposition": [525.5169409,213.4157793,55.87124879,14.39980639],
				"symbolposition": [503.053243,216.2957406,21.31171346,7.487899322],
				"x": [
					[148.8180058],
					[379.7909003]
				],
				"y": [
					[154.088577],
					[200.7439497]
				]
			}
		],
		"plotpos": [34.19554695,42.92207164,460.7938045,301.8199419],
		"xax": {
			"titlepos": [245.5847047,376.9975799,38.59148112,14.97579864],
			"minpos": [140.178122,355.1098742,16.12778316,16.12778316],
			"maxpos": [371.1510165,352.8059051,15.5517909,20.15972894],
			"type": 1
		},
		"yax": {
			"titlepos": [4.243949661,161.5764763,13.82381413,50.68731849],
			"minpos": [18.64375605,337.2541142,12.09583737,13.82381413],
			"maxpos": [19.79574056,34.85818006,10.3678606,14.39980639],
			"type": 1
		}
	}
}
