{
	"data": {
		"imagename": "00506-10.1.1.368.1487-Figure-2",
		"difficult": 0,
		"curves": [
			{
				"name": "Observed",
				"labelposition": [335.3735795,34.28622159,113.7357955,30.10653409],
				"symbolposition": [297.2386364,43.65269886,36.12784091,15.38778409],
				"x": [
					[78.46448864],
					[113.2542614],
					[135.3323864],
					[153.3963068],
					[171.4602273],
					[191.53125],
					[213.609375],
					[237.6946023],
					[247.0610795],
					[270.4772727],
					[286.5340909],
					[302.5909091],
					[326.0071023],
					[347.4161932],
					[356.7826705],
					[370.1633523],
					[384.8821023],
					[394.2485795],
					[402.2769886],
					[412.9815341],
					[427.03125],
					[441.0809659],
					[452.4545455],
					[462.4900568],
					[475.2017045],
					[497.2798295],
					[522.703125],
					[535.4147727],
					[552.8096591],
					[563.5142045],
					[579.5710227],
					[594.9588068],
					[607.0014205],
					[619.0440341],
					[634.4318182]
				],
				"y": [
					[311.9353693],
					[212.2492898],
					[168.7620739],
					[156.0504261],
					[154.0433239],
					[158.7265625],
					[172.1072443],
					[194.1853693],
					[204.2208807],
					[230.9822443],
					[253.0603693],
					[268.4481534],
					[277.8146307],
					[282.4978693],
					[287.850142],
					[296.5475852],
					[309.928267],
					[318.6257102],
					[323.977983],
					[325.9850852],
					[320.6328125],
					[303.9069602],
					[291.1953125],
					[278.4836648],
					[267.7791193],
					[250.384233],
					[224.2919034],
					[200.2066761],
					[170.100142],
					[146.6839489],
					[127.9509943],
					[128.6200284],
					[135.9794034],
					[148.022017],
					[158.7265625]
				]
			},
			{
				"name": "Predicted",
				"labelposition": [334.7045455,66.39985795,113.7357955,24.08522727],
				"symbolposition": [299.9147727,72.42116477,32.11363636,10.70454545],
				"x": [
					[79.80255682],
					[95.859375],
					[115.2613636],
					[135.3323864],
					[152.7272727],
					[171.4602273],
					[184.8409091],
					[196.2144886],
					[211.6022727],
					[224.9829545],
					[239.7017045],
					[252.4133523],
					[264.4559659],
					[277.8366477],
					[288.5411932],
					[307.2741477],
					[317.3096591],
					[333.3664773],
					[345.4090909],
					[360.1278409],
					[370.8323864],
					[384.2130682],
					[402.2769886],
					[414.9886364],
					[432.3835227],
					[455.1306818],
					[468.5113636],
					[487.2443182],
					[503.3011364],
					[520.6960227],
					[536.7528409],
					[550.8025568],
					[560.1690341],
					[571.5426136],
					[583.5852273],
					[588.2684659],
					[597.6349432],
					[604.9943182],
					[615.0298295],
					[623.0582386],
					[633.09375]
				],
				"y": [
					[334.0134943],
					[293.8714489],
					[237.6725852],
					[188.1640625],
					[148.6910511],
					[116.5774148],
					[103.196733],
					[99.18252841],
					[106.5419034],
					[121.2606534],
					[139.993608],
					[164.7478693],
					[186.8259943],
					[215.5944602],
					[243.693892],
					[276.4765625],
					[297.2166193],
					[319.9637784],
					[338.696733],
					[352.7464489],
					[360.774858],
					[366.1271307],
					[370.8103693],
					[366.7961648],
					[353.415483],
					[328.6612216],
					[305.9140625],
					[267.7791193],
					[222.9538352],
					[184.149858],
					[146.0149148],
					[109.8870739],
					[89.81605114],
					[75.76633523],
					[73.09019886],
					[80.44957386],
					[95.83735795],
					[118.584517],
					[142.0007102],
					[166.0859375],
					[190.1711648]
				]
			}
		],
		"plotpos": [79.80255682,15.55326705,557.3053977,391.3849432],
		"xax": {
			"titlepos": [202.9048295,447.7492898,307.7556818,22.078125],
			"minpos": [73.78125,418.9808239,13.38068182,22.078125],
			"maxpos": [621.0511364,420.318892,24.08522727,19.40198864],
			"type": 1
		},
		"yax": {
			"titlepos": [5.539772727,109.8870739,20.07102273,206.7315341],
			"minpos": [51.03409091,393.5575284,18.06392045,25.42329545],
			"maxpos": [30.96306818,2.841619318,40.14204545,22.74715909],
			"type": 1
		}
	}
}
