{
	"data": {
		"imagename": "00512-10.1.1.214.1095-Figure-6",
		"difficult": 0,
		"curves": [
			{
				"name": "PCA",
				"labelposition": [385.1889205,120.3700284,25.50426136,10.76846591],
				"symbolposition": [362.5184659,122.0703125,22.10369318,10.76846591],
				"x": [
					[49.66619318],
					[58.734375],
					[59.30113636],
					[70.06960227],
					[76.30397727],
					[85.37215909],
					[96.70738636],
					[112.5767045],
					[122.7784091],
					[132.4133523],
					[140.9147727],
					[161.8849432],
					[168.6860795],
					[187.9559659],
					[196.4573864],
					[203.8252841],
					[221.3948864],
					[229.8963068],
					[242.9318182],
					[268.4360795],
					[279.7713068],
					[313.7769886],
					[329.0795455],
					[357.4176136],
					[411.8267045],
					[422.0284091],
					[463.96875],
					[490.6065341]
				],
				"y": [
					[366.3444602],
					[314.2024148],
					[303.4339489],
					[277.9296875],
					[240.5234375],
					[235.4225852],
					[214.4524148],
					[191.7819602],
					[150.975142],
					[143.040483],
					[134.5390625],
					[122.6370739],
					[111.868608],
					[100.5333807],
					[100.5333807],
					[90.8984375],
					[86.36434659],
					[83.53053977],
					[77.86292614],
					[78.99644886],
					[76.16264205],
					[76.72940341],
					[71.62855114],
					[71.62855114],
					[63.69389205],
					[67.66122159],
					[64.26065341],
					[63.12713068]
				]
			},
			{
				"name": "LDA",
				"labelposition": [384.6221591,132.8387784,26.07102273,11.33522727],
				"symbolposition": [361.3849432,134.5390625,23.80397727,8.501420455],
				"x": [
					[51.36647727],
					[60.43465909],
					[68.36931818],
					[80.27130682],
					[87.07244318],
					[93.87357955],
					[98.97443182],
					[110.3096591],
					[122.2116477],
					[131.2798295],
					[150.5497159],
					[166.4190341],
					[190.2230114],
					[213.4602273],
					[229.3295455],
					[236.6974432]
				],
				"y": [
					[259.7933239],
					[221.8203125],
					[196.3160511],
					[176.4794034],
					[166.2776989],
					[144.1740057],
					[132.8387784],
					[128.8714489],
					[126.037642],
					[127.7379261],
					[108.4680398],
					[96.56605114],
					[87.49786932],
					[84.09730114],
					[84.09730114],
					[83.53053977]
				]
			},
			{
				"name": "MODA",
				"labelposition": [386.3224432,144.1740057,34.57244318,11.90198864],
				"symbolposition": [361.3849432,145.8742898,22.10369318,8.501420455],
				"x": [
					[51.93323864],
					[69.50284091],
					[81.97159091],
					[95.57386364],
					[110.8764205],
					[147.1491477],
					[159.6178977],
					[176.0539773],
					[196.4573864],
					[204.9588068],
					[218.5610795],
					[242.3650568],
					[262.2017045],
					[300.1747159],
					[332.4801136],
					[368.1860795],
					[405.5923295],
					[422.5951705],
					[461.7017045],
					[488.3394886]
				],
				"y": [
					[238.256392],
					[177.0461648],
					[159.4765625],
					[132.8387784],
					[122.0703125],
					[102.2336648],
					[99.96661932],
					[76.72940341],
					[66.52769886],
					[60.29332386],
					[61.42684659],
					[54.62571023],
					[54.62571023],
					[52.92542614],
					[48.95809659],
					[46.12428977],
					[41.0234375],
					[44.99076705],
					[42.15696023],
					[41.0234375]
				]
			}
		],
		"plotpos": [41.16477273,12.68536932,451.1420455,354.2258523],
		"xax": {
			"titlepos": [207.7926136,382.2137784,117.3196023,14.73579545],
			"minpos": [36.63068182,371.4453125,9.068181818,10.76846591],
			"maxpos": [482.671875,369.7450284,17.56960227,12.46875],
			"type": 1
		},
		"yax": {
			"titlepos": [3.191761364,146.4410511,19.26988636,86.14772727],
			"minpos": [31.52982955,361.243608,7.367897727,11.33522727],
			"maxpos": [23.02840909,4.750710227,17.00284091,13.03551136],
			"type": 1
		}
	}
}
