{
	"data": {
		"imagename": "00513-10.1.1.409.8584-Figure-2",
		"difficult": 0,
		"curves": [
			{
				"name": "E. coli",
				"labelposition": [371.140625,17.70099432,42.37926136,11.96590909],
				"symbolposition": [414.5170455,20.69247159,45.37073864,6.481534091],
				"x": [
					[75.98153409],
					[135.8110795],
					[171.7088068],
					[195.640625],
					[213.5894886],
					[245],
					[253.4758523],
					[267.4360795],
					[275.9119318],
					[282.3934659],
					[291.8664773],
					[304.8295455],
					[307.8210227],
					[315.2997159],
					[321.2826705],
					[339.7301136],
					[345.7130682],
					[351.1974432],
					[352.6931818],
					[356.1832386],
					[360.6704545],
					[444.9303977]
				],
				"y": [
					[59.58167614],
					[90.49360795],
					[118.4140625],
					[137.3600852],
					[158.7990057],
					[170.7649148],
					[182.7308239],
					[183.727983],
					[183.2294034],
					[192.2038352],
					[192.7024148],
					[201.6768466],
					[221.1214489],
					[222.118608],
					[228.600142],
					[228.600142],
					[256.5205966],
					[258.0163352],
					[274.9680398],
					[274.4694602],
					[303.8856534],
					[303.8856534]
				]
			},
			{
				"name": "PD(p=0.2)",
				"labelposition": [350.2002841,30.6640625,62.82102273,15.45596591],
				"symbolposition": [417.0099432,32.65838068,40.38494318,9.971590909],
				"x": [
					[76.48011364],
					[135.8110795],
					[170.2130682],
					[196.1392045],
					[215.0852273],
					[257.4644886],
					[274.4161932],
					[296.3536932],
					[315.7982955],
					[329.2599432],
					[342.7215909],
					[346.7102273],
					[357.6789773],
					[365.1576705],
					[376.625],
					[389.0894886],
					[393.078125],
					[437.4517045]
				],
				"y": [
					[59.08309659],
					[85.5078125],
					[106.4481534],
					[123.8984375],
					[137.8586648],
					[173.756392],
					[188.7137784],
					[204.1697443],
					[214.6399148],
					[227.1044034],
					[234.5830966],
					[243.0589489],
					[256.022017],
					[273.4723011],
					[284.4410511],
					[298.899858],
					[303.3870739],
					[303.3870739]
				]
			},
			{
				"name": "PA",
				"labelposition": [390.5852273,44.12571023,22.93465909,14.45880682],
				"symbolposition": [416.0127841,47.61576705,45.37073864,8.974431818],
				"x": [
					[76.97869318],
					[135.8110795],
					[170.7116477],
					[195.1420455],
					[215.0852273],
					[244.5014205],
					[264.9431818],
					[284.3877841],
					[297.8494318],
					[308.3196023],
					[315.7982955],
					[318.7897727],
					[329.2599432]
				],
				"y": [
					[59.08309659],
					[67.55894886],
					[101.462358],
					[129.881392],
					[152.3174716],
					[185.7223011],
					[210.1526989],
					[232.5887784],
					[251.0362216],
					[266.990767],
					[275.9651989],
					[284.4410511],
					[298.899858]
				]
			}
		],
		"plotpos": [75.98153409,12.21661932,397.8664773,292.1676136],
		"xax": {
			"titlepos": [250.9829545,329.8117898,48.36221591,19.44460227],
			"minpos": [72.49147727,311.8629261,13.96022727,13.96022727],
			"maxpos": [462.3806818,307.8742898,24.43039773,16.453125],
			"type": 2
		},
		"yax": {
			"titlepos": [3.188920455,82.51633523,26.92329545,150.0724432],
			"minpos": [57.03551136,295.9083807,11.46732955,15.45596591],
			"maxpos": [38.58806818,6.233664773,33.40482955,13.96022727],
			"type": 2
		}
	}
}
