{
	"data": {
		"imagename": "00529-10.1.1.232.2627-Figure-1",
		"difficult": 0,
		"curves": [
			{
				"name": "Discrete",
				"labelposition": [127.2173295,71.8671875,60.55397727,17.91903409],
				"symbolposition": [106.8267045,72.48508523,17.91903409,15.44744318],
				"x": [
					[69.75284091],
					[80.875],
					[97.55823864],
					[115.4772727],
					[134.6321023],
					[156.2585227],
					[164.9090909],
					[168.6164773],
					[176.03125],
					[179.1207386],
					[186.5355114],
					[195.1860795],
					[210.015625],
					[230.40625],
					[252.0326705],
					[281.0738636],
					[294.6676136],
					[315.0582386],
					[323.7088068],
					[335.4488636],
					[353.3678977],
					[368.1974432],
					[383.6448864],
					[399.7102273],
					[420.71875],
					[437.4019886],
					[449.1420455],
					[455.9389205],
					[459.6463068],
					[460.2642045],
					[463.3536932],
					[463.9715909]
				],
				"y": [
					[355.4822443],
					[357.9538352],
					[359.1896307],
					[361.0433239],
					[362.897017],
					[366.6044034],
					[363.5149148],
					[369.0759943],
					[367.2223011],
					[372.165483],
					[364.7507102],
					[374.0191761],
					[372.165483],
					[375.8728693],
					[377.7265625],
					[378.3444602],
					[378.3444602],
					[370.3117898],
					[370.9296875],
					[366.6044034],
					[359.1896307],
					[356.100142],
					[343.7421875],
					[338.7990057],
					[323.9694602],
					[301.725142],
					[272.6839489],
					[239.3174716],
					[197.9183239],
					[157.1370739],
					[90.40411932],
					[24.90696023]
				]
			},
			{
				"name": "Normal",
				"labelposition": [126.5994318,89.78622159,56.84659091,16.06534091],
				"symbolposition": [106.8267045,92.87571023,16.68323864,9.886363636],
				"x": [
					[70.98863636],
					[462.1178977]
				],
				"y": [
					[378.3444602],
					[380.1981534]
				]
			}
		],
		"plotpos": [49.36221591,6.987926136,431.9105114,390.5113636],
		"xax": {
			"titlepos": [200.1292614,417.272017,99.48153409,15.44744318],
			"minpos": [135.8678977,404.9140625,19.77272727,15.44744318],
			"maxpos": [450.9957386,404.9140625,24.09801136,15.44744318],
			"type": 1
		},
		"yax": {
			"titlepos": [4.255681818,142.3075284,19.15482955,148.2954545],
			"minpos": [18.46732955,338.7990057,22.24431818,16.06534091],
			"maxpos": [18.46732955,21.81747159,25.33380682,16.06534091],
			"type": 1
		}
	}
}
