{
	"data": {
		"imagename": "00523-10.1.1.216.7488-Figure-7",
		"difficult": 0,
		"curves": [
			{
				"name": "error on unlabelled data",
				"labelposition": [135.3484995,35.87076476,164.7831559,14.25459826],
				"symbolposition": [99.99709584,34.7303969,35.35140368,15.96515005],
				"x": [
					[60.65440465],
					[163.2875121],
					[265.3504356],
					[370.8344627],
					[475.178122],
					[578.3814134]
				],
				"y": [
					[287.321878],
					[122.5387222],
					[169.8639884],
					[141.3547919],
					[56.96757018],
					[109.9946757]
				]
			},
			{
				"name": "error on test data",
				"labelposition": [137.6292352,54.11665053,120.8789932,14.25459826],
				"symbolposition": [101.7076476,53.5464666,35.35140368,13.68441433],
				"x": [
					[61.79477251],
					[164.9980639],
					[267.0609874],
					[369.1239109],
					[475.178122],
					[577.8112294]
				],
				"y": [
					[230.8736689],
					[193.8117135],
					[234.2947725],
					[111.7052275],
					[54.68683446],
					[159.6006776]
				]
			}
		],
		"plotpos": [61.22458858,14.77395934,516.5866409,297.6360116],
		"xax": {
			"titlepos": [309.2545983,325.5242014,20.52662149,18.24588577],
			"minpos": [50.3910939,316.9714424,22.23717328,13.68441433],
			"maxpos": [565.267183,315.2608906,22.23717328,17.67570184],
			"type": 1
		},
		"yax": {
			"titlepos": [3.065827686,129.3809293,17.10551791,78.11519845],
			"minpos": [20.1713456,304.9975799,38.77250726,13.68441433],
			"maxpos": [17.89060987,5.651016457,41.05324298,19.38625363],
			"type": 1
		}
	}
}
