{
	"data": {
		"imagename": "00524-10.1.1.231.837-Figure-8",
		"difficult": 0,
		"curves": [
			{
				"name": "16K",
				"labelposition": [572.0638916,134.5338819,28.2981607,14.14908035],
				"symbolposition": [556.7357212,139.839787,12.3804453,5.895450145],
				"x": [
					[122.8305905],
					[122.8305905],
					[127.5469506],
					[144.054211],
					[159.9719264],
					[193.5759923],
					[247.2245886],
					[309.1268151],
					[378.1035818],
					[451.7967086],
					[542.5866409]
				],
				"y": [
					[159.8843175],
					[130.9966118],
					[122.1534366],
					[118.6161665],
					[115.0788964],
					[111.5416263],
					[108.5939013],
					[108.0043562],
					[106.8252662],
					[106.2357212],
					[104.4670862]
				]
			},
			{
				"name": "22K",
				"labelposition": [572.0638916,152.2202323,29.47725073,16.50726041],
				"symbolposition": [556.7357212,155.7575024,15.91771539,10.02226525],
				"x": [
					[122.8305905],
					[122.8305905],
					[124.5992256],
					[133.4424008],
					[152.8973863],
					[185.9119071],
					[230.7173282],
					[272.5750242],
					[323.8654405],
					[379.2826718],
					[430.5730881],
					[477.1471442],
					[541.9970958]
				],
				"y": [
					[228.2715392],
					[184.6452081],
					[172.8543078],
					[165.7797677],
					[157.5261375],
					[151.6306873],
					[149.2725073],
					[146.3247822],
					[144.5561471],
					[143.3770571],
					[142.1979671],
					[142.1979671],
					[139.839787]
				]
			}
		],
		"plotpos": [122.2410455,12.49806389,419.7560503,231.1016457],
		"xax": {
			"titlepos": [257.2468538,295.4796709,68.38722168,20.04453049],
			"minpos": [114.5769603,252.4428848,13.55953533,12.3804453],
			"maxpos": [530.2061955,252.4428848,14.14908035,37.14133591],
			"type": 1
		},
		"yax": {
			"titlepos": [1.973862536,78.52710552,17.09680542,134.4162633],
			"minpos": [29.68247822,236.5251694,83.12584705,15.91771539],
			"maxpos": [39.70474347,1.88625363,76.05130687,18.86544046],
			"type": 1
		}
	}
}
