{
	"data": {
		"imagename": "00539-10.1.1.144.7894-Figure-6",
		"difficult": 0,
		"curves": [
			{
				"name": "keyword",
				"labelposition": [119.7521781,13.84365924,66.14520813,23.53242982],
				"symbolposition": [72.68731849,17.65972894,46.42884802,17.17231365],
				"x": [
					[118.4801549],
					[356.3484995],
					[472.7386254],
					[596.124879]
				],
				"y": [
					[185.5667957],
					[83.80493708],
					[158.8543078],
					[110.517425]
				]
			},
			{
				"name": "without user ontology",
				"labelposition": [254.5866409,15.75169409,170.4511133,20.35237173],
				"symbolposition": [208.7938045,15.11568248,45.7928364,20.35237173],
				"x": [
					[118.4801549],
					[233.5982575],
					[354.4404647],
					[472.7386254],
					[591.0367861]
				],
				"y": [
					[135.9578896],
					[107.9733785],
					[58.36447241],
					[134.6858664],
					[108.6093901]
				]
			},
			{
				"name": "with user ontology",
				"labelposition": [489.2749274,15.11568248,145.0106486,22.8964182],
				"symbolposition": [446.0261375,17.02371733,43.24878993,19.71636012],
				"x": [
					[118.4801549],
					[234.8702807],
					[353.804453],
					[474.0106486],
					[590.4007744]
				],
				"y": [
					[109.8814134],
					[109.8814134],
					[62.18054211],
					[109.8814134],
					[85.71297193]
				]
			}
		],
		"plotpos": [61.23910939,49.46030978,588.946757,210.5198451],
		"xax": {
			"titlepos": [276.2110358,260.6161665,45.15682478,20.35237173],
			"minpos": [108.9399806,268.2483059,15.90029042,12.72023233],
			"maxpos": [581.4966118,268.8843175,17.80832527,12.08422072],
			"type": 1
		},
		"yax": {
			"titlepos": [5.270087125,107.9733785,19.0803485,78.22942885],
			"minpos": [22.44240077,252.3480155,27.98451113,17.17231365],
			"maxpos": [20.53436592,26.56389158,32.43659245,17.17231365],
			"type": 1
		}
	}
}
