{
	"data": {
		"imagename": "00532-10.1.1.33.228-Figure-8",
		"difficult": 0,
		"curves": [
			{
				"name": "Appearance Model",
				"labelposition": [404.078125,13.8984375,94.609375,13.125],
				"symbolposition": [503.0625,16.6328125,10.390625,8.203125],
				"x": 93.453125,
				"y": 137.4921875
			},
			{
				"name": "Recoding",
				"labelposition": [449.46875,24.8359375,48.671875,14.21875],
				"symbolposition": [500.328125,28.1171875,24.609375,8.203125],
				"x": [
					[152.515625],
					[270.09375],
					[326.96875],
					[445.09375],
					[503.609375]
				],
				"y": [
					[167.5703125],
					[284.6015625],
					[226.0859375],
					[224.9921875],
					[167.5703125]
				]
			},
			{
				"name": "Non-recoding",
				"labelposition": [429.78125,36.3203125,66.71875,13.125],
				"symbolposition": [499.234375,37.9609375,21.875,9.84375],
				"x": [
					[151.96875],
					[212.125],
					[268.453125],
					[328.0625],
					[384.390625],
					[504.703125]
				],
				"y": [
					[137.4921875],
					[107.9609375],
					[108.5078125],
					[47.8046875],
					[77.8828125],
					[78.9765625]
				]
			}
		],
		"plotpos": [63.375,5.1484375,468.671875,353.28125],
		"xax": {
			"titlepos": [256.421875,372.1015625,82.03125,12.578125],
			"minpos": [86.34375,362.2578125,10.390625,12.578125],
			"maxpos": [499.78125,361.1640625,6.015625,12.578125],
			"type": 1
		},
		"yax": {
			"titlepos": [3.21875,132.5703125,16.953125,105],
			"minpos": [44.234375,308.1171875,14.765625,13.671875],
			"maxpos": [42.046875,41.7890625,18.046875,16.953125],
			"type": 1
		}
	}
}
