{
	"data": {
		"imagename": "00530-10.1.1.221.9768-Figure-1",
		"difficult": 0,
		"curves": [
			{
				"name": "LBFGS",
				"labelposition": [358.1036932,20.15269886,107.9431818,15.25284091],
				"symbolposition": [314.1051136,23.0859375,42.23863636,9.973011364],
				"x": [
					[53.046875],
					[66.53977273],
					[79.44602273],
					[96.45880682],
					[110.5383523],
					[148.0838068],
					[183.2826705],
					[222.5880682],
					[274.2130682],
					[326.4247159],
					[380.9829545],
					[415.5951705]
				],
				"y": [
					[147.4552557],
					[282.384233],
					[310.5433239],
					[324.6228693],
					[332.8359375],
					[342.8089489],
					[349.8487216],
					[353.9552557],
					[357.475142],
					[360.4083807],
					[362.7549716],
					[363.928267]
				]
			},
			{
				"name": "LBFGS large minibatch",
				"labelposition": [359.2769886,35.9921875,139.0355114,17.01278409],
				"symbolposition": [312.3451705,38.33877841,43.99857955,11.14630682],
				"x": [
					[75.92613636],
					[153.9502841],
					[228.4545455],
					[308.8252841],
					[405.6221591],
					[480.1264205],
					[504.1789773]
				],
				"y": [
					[144.522017],
					[291.1839489],
					[319.9296875],
					[332.2492898],
					[339.8757102],
					[342.8089489],
					[344.568892]
				]
			},
			{
				"name": "CG minibatch",
				"labelposition": [359.8636364,54.17826705,82.13068182,13.49289773],
				"symbolposition": [312.3451705,55.93821023,42.23863636,8.213068182],
				"x": [
					[48.94034091],
					[51.87357955],
					[54.80681818],
					[58.32670455],
					[63.01988636],
					[68.88636364],
					[79.44602273],
					[91.17897727],
					[111.125],
					[135.7642045],
					[165.0965909],
					[194.4289773],
					[220.2414773],
					[239.0142045]
				],
				"y": [
					[111.6697443],
					[248.3586648],
					[284.7308239],
					[302.9169034],
					[315.2365057],
					[329.9026989],
					[341.0490057],
					[348.0887784],
					[355.1285511],
					[360.9950284],
					[365.1015625],
					[366.274858],
					[367.4481534],
					[368.0348011]
				]
			},
			{
				"name": "CG large minibatch",
				"labelposition": [358.1036932,68.2578125,117.9161932,16.42613636],
				"symbolposition": [314.1051136,71.77769886,42.23863636,10.55965909],
				"x": [
					[54.80681818],
					[77.09943182],
					[98.21875],
					[122.8579545],
					[143.9772727],
					[168.0298295],
					[210.2684659],
					[252.5071023],
					[286.5326705],
					[329.9446023],
					[395.0625]
				],
				"y": [
					[143.9353693],
					[273.584517],
					[302.3302557],
					[318.756392],
					[326.3828125],
					[334.009233],
					[341.0490057],
					[346.915483],
					[348.6754261],
					[351.6086648],
					[355.1285511]
				]
			},
			{
				"name": "SGD 1",
				"labelposition": [357.5170455,84.68394886,43.99857955,16.42613636],
				"symbolposition": [314.1051136,88.20383523,42.23863636,10.55965909],
				"x": [
					[72.99289773],
					[79.44602273],
					[89.41903409],
					[98.80539773],
					[109.3650568],
					[126.9644886],
					[146.3238636],
					[159.2301136],
					[168.0298295],
					[195.6022727],
					[226.6946023],
					[243.1207386],
					[251.3338068],
					[263.0667614],
					[303.5454545],
					[354.5838068],
					[378.6363636],
					[409.1420455],
					[443.7542614],
					[455.4872159],
					[503.5923295]
				],
				"y": [
					[12.52627841],
					[57.69815341],
					[94.65696023],
					[117.5362216],
					[142.7620739],
					[172.0944602],
					[194.3870739],
					[199.6669034],
					[210.8132102],
					[227.8259943],
					[243.0788352],
					[246.5987216],
					[252.4651989],
					[253.6384943],
					[266.5447443],
					[275.3444602],
					[279.4509943],
					[285.9041193],
					[288.2507102],
					[291.1839489],
					[294.7038352]
				]
			},
			{
				"name": "SGD 2",
				"labelposition": [359.8636364,102.8700284,42.23863636,12.90625],
				"symbolposition": [312.3451705,103.4566761,45.171875,12.31960227],
				"x": [
					[65.953125],
					[70.05965909],
					[79.44602273],
					[88.24573864],
					[98.80539773],
					[105.8451705],
					[116.4048295],
					[135.7642045],
					[146.3238636],
					[151.6036932],
					[158.6434659],
					[165.6832386],
					[176.2428977],
					[185.0426136],
					[195.015625],
					[206.1619318],
					[214.375],
					[225.5213068],
					[234.9076705],
					[246.0539773],
					[252.5071023],
					[280.0795455],
					[297.6789773],
					[308.2386364],
					[315.8650568],
					[325.8380682],
					[342.2642045],
					[352.8238636],
					[359.8636364],
					[372.1832386],
					[396.8224432],
					[407.3821023],
					[442.5809659],
					[453.7272727],
					[471.9133523],
					[492.4460227],
					[504.1789773]
				],
				"y": [
					[14.28622159],
					[48.8984375],
					[97.59019886],
					[140.415483],
					[159.774858],
					[177.3742898],
					[198.493608],
					[210.2265625],
					[229.5859375],
					[231.9325284],
					[234.865767],
					[242.4921875],
					[245.4254261],
					[251.8785511],
					[253.0518466],
					[263.6115057],
					[263.6115057],
					[268.8913352],
					[270.6512784],
					[275.3444602],
					[275.3444602],
					[287.6640625],
					[285.9041193],
					[292.943892],
					[292.943892],
					[294.7038352],
					[294.7038352],
					[298.2237216],
					[298.2237216],
					[300.5703125],
					[302.3302557],
					[301.1569602],
					[310.5433239],
					[307.6100852],
					[311.7166193],
					[311.7166193],
					[316.9964489]
				]
			}
		],
		"plotpos": [46.59375,11.35298295,461.1051136,362.5482955],
		"xax": {
			"titlepos": [229.6278409,394.4339489,93.27698864,17.59943182],
			"minpos": [41.31392045,379.181108,10.55965909,12.31960227],
			"maxpos": [483.6463068,378.0078125,46.93181818,15.25284091],
			"type": 1
		},
		"yax": {
			"titlepos": [3.768465909,169.1612216,18.77272727,48.69176136],
			"minpos": [34.86079545,369.2080966,10.55965909,10.55965909],
			"maxpos": [30.75426136,4.899857955,14.07954545,14.66619318],
			"type": 1
		}
	}
}
