{
	"data": {
		"imagename": "00542-10.1.1.306.7826-Figure-4",
		"difficult": 0,
		"curves": [
			{
				"name": "Affinity-Preserving KM",
				"labelposition": [246.2272727,398.1598011,168.09375,18.75426136],
				"symbolposition": [217.0539773,402.3274148,29.86789773,11.80823864],
				"x": [
					[36.45738636],
					[38.54119318],
					[42.01420455],
					[48.96022727],
					[59.37926136],
					[71.88210227],
					[86.46875],
					[105.2230114],
					[122.5880682],
					[145.5099432],
					[178.15625],
					[210.8025568],
					[246.2272727],
					[291.3764205],
					[343.4715909],
					[387.2315341],
					[419.8778409]
				],
				"y": [
					[439.1413352],
					[378.7109375],
					[326.615767],
					[281.4666193],
					[231.4552557],
					[196.0305398],
					[166.162642],
					[143.9353693],
					[124.4865057],
					[111.2890625],
					[96.70241477],
					[84.19957386],
					[76.55894886],
					[68.91832386],
					[62.66690341],
					[58.49928977],
					[56.41548295]
				]
			},
			{
				"name": "Naive Two-step",
				"labelposition": [246.2272727,416.2194602,123.6392045,20.14346591],
				"symbolposition": [217.0539773,422.4708807,29.17329545,7.640625],
				"x": [
					[38.54119318],
					[40.625],
					[46.87642045],
					[54.51704545],
					[63.546875],
					[76.04971591],
					[91.33096591],
					[117.7258523],
					[146.2045455],
					[193.4375],
					[249.7002841],
					[307.3522727],
					[376.8125],
					[418.4886364]
				],
				"y": [
					[439.8359375],
					[396.0759943],
					[362.7350852],
					[325.9211648],
					[289.8018466],
					[258.5447443],
					[231.4552557],
					[199.5035511],
					[178.665483],
					[151.5759943],
					[130.7379261],
					[116.1512784],
					[105.037642],
					[99.48082386]
				]
			}
		],
		"plotpos": [30.20596591,34.8828125,390.3664773,404.953125],
		"xax": {
			"titlepos": [89.94176136,468.3146307,263.9488636,19.44886364],
			"minpos": [26.03835227,445.3927557,12.50284091,17.36505682],
			"maxpos": [395.5667614,444.6981534,47.92755682,15.97585227],
			"type": 1
		},
		"yax": {
			"titlepos": [5.200284091,206.4495739,22.921875,50.70596591],
			"minpos": [5.200284091,432.8899148,25.00568182,15.97585227],
			"maxpos": [15.61931818,23.76917614,12.50284091,17.36505682],
			"type": 1
		}
	}
}
