{
	"data": {
		"imagename": "00547-10.1.1.366.5862-Figure-4",
		"difficult": 0,
		"curves": [
			{
				"name": "LW Estimation",
				"labelposition": [391.7045455,50.79190341,95.22727273,17.25994318],
				"symbolposition": [361.3508523,54.95809659,30.94886364,7.737215909],
				"x": [
					[85.19176136],
					[182.7997159],
					[193.5127841],
					[198.2741477],
					[201.8451705],
					[204.8210227],
					[210.7727273],
					[215.5340909],
					[219.1051136],
					[222.0809659],
					[227.4375],
					[231.6036932],
					[238.1505682],
					[242.9119318],
					[244.6974432],
					[252.4346591],
					[257.1960227],
					[261.9573864],
					[267.9090909],
					[278.0269886],
					[288.7400568],
					[291.1207386],
					[294.0965909],
					[297.0724432],
					[304.2144886],
					[311.3565341],
					[319.6889205],
					[331.5923295],
					[351.2329545],
					[372.6590909],
					[379.8011364],
					[385.1576705],
					[388.1335227],
					[388.7286932],
					[392.2997159],
					[403.0127841],
					[408.3693182],
					[411.9403409],
					[417.296875],
					[424.4389205],
					[429.2002841],
					[454.7926136],
					[500.6207386]
				],
				"y": [
					[350.162642],
					[349.5674716],
					[345.9964489],
					[318.618608],
					[283.5035511],
					[228.1526989],
					[160.303267],
					[100.1910511],
					[67.45667614],
					[105.5475852],
					[167.4453125],
					[231.1285511],
					[286.4794034],
					[306.7151989],
					[316.2379261],
					[297.1924716],
					[273.9808239],
					[254.3401989],
					[268.6242898],
					[243.0319602],
					[257.9112216],
					[272.790483],
					[290.0504261],
					[304.334517],
					[315.6427557],
					[335.8785511],
					[348.3771307],
					[350.162642],
					[350.162642],
					[349.5674716],
					[334.6882102],
					[306.1200284],
					[277.5518466],
					[244.8174716],
					[235.2947443],
					[255.5305398],
					[274.5759943],
					[297.1924716],
					[325.7606534],
					[341.2350852],
					[349.5674716],
					[351.352983],
					[350.162642]
				]
			},
			{
				"name": "HEPIS Estimation",
				"labelposition": [392.2997159,74.00355114,116.0582386,16.66477273],
				"symbolposition": [360.1605114,76.38423295,24.99715909,8.332386364],
				"x": [
					[84.00142045],
					[194.1079545],
					[200.0596591],
					[204.2258523],
					[207.2017045],
					[211.9630682],
					[216.7244318],
					[219.1051136],
					[222.6761364],
					[226.8423295],
					[231.6036932],
					[234.5795455],
					[238.1505682],
					[242.3167614],
					[248.2684659],
					[254.8153409],
					[262.5525568],
					[268.5042614],
					[276.8366477],
					[282.1931818],
					[283.9786932],
					[286.9545455],
					[295.2869318],
					[298.8579545],
					[306],
					[310.1661932],
					[320.8792614],
					[332.7826705],
					[370.2784091],
					[380.9914773],
					[383.3721591],
					[389.9190341],
					[394.0852273],
					[397.0610795],
					[402.4176136],
					[406.5838068],
					[411.9403409],
					[415.5113636],
					[422.0582386],
					[422.6534091],
					[442.2940341],
					[461.9346591],
					[544.6633523]
				],
				"y": [
					[351.352983],
					[349.5674716],
					[303.1441761],
					[260.2919034],
					[213.2734375],
					[155.5419034],
					[109.118608],
					[88.8828125],
					[122.8075284],
					[169.2308239],
					[225.772017],
					[271.0049716],
					[298.977983],
					[313.8572443],
					[300.7634943],
					[272.1953125],
					[243.6271307],
					[222.2009943],
					[225.1768466],
					[232.9140625],
					[247.7933239],
					[263.2677557],
					[277.5518466],
					[295.4069602],
					[327.5461648],
					[341.8302557],
					[347.7819602],
					[350.162642],
					[351.352983],
					[335.8785511],
					[317.428267],
					[288.2649148],
					[262.6725852],
					[247.1981534],
					[249.5788352],
					[267.4339489],
					[294.2166193],
					[320.9992898],
					[340.0447443],
					[350.162642],
					[349.5674716],
					[350.162642],
					[351.352983]
				]
			},
			{
				"name": "Exact Posterior",
				"labelposition": [393.4900568,95.4296875,101.7741477,16.66477273],
				"symbolposition": [361.9460227,99.00071023,30.35369318,8.332386364],
				"x": [
					[87.57244318],
					[184.5852273],
					[192.9176136],
					[198.2741477],
					[204.2258523],
					[207.796875],
					[211.9630682],
					[215.5340909],
					[218.5099432],
					[220.890625],
					[224.4616477],
					[225.6519886],
					[230.4133523],
					[232.7940341],
					[233.984375],
					[238.1505682],
					[243.5071023],
					[250.0539773],
					[258.9815341],
					[263.1477273],
					[268.5042614],
					[274.4559659],
					[279.2173295],
					[284.5738636],
					[289.3352273],
					[297.0724432],
					[304.2144886],
					[310.7613636],
					[318.4985795],
					[330.4019886],
					[345.28125],
					[373.8494318],
					[379.8011364],
					[385.1576705],
					[390.5142045],
					[395.2755682],
					[398.8465909],
					[399.4417614],
					[404.203125],
					[406.5838068],
					[408.3693182],
					[411.9403409],
					[413.1306818],
					[417.296875],
					[420.8678977],
					[425.6292614],
					[436.9375],
					[541.0923295]
				],
				"y": [
					[349.5674716],
					[351.352983],
					[345.9964489],
					[313.8572443],
					[264.4580966],
					[202.5603693],
					[140.662642],
					[91.85866477],
					[81.74076705],
					[94.83451705],
					[122.8075284],
					[167.4453125],
					[209.1072443],
					[253.149858],
					[288.8600852],
					[306.1200284],
					[320.4041193],
					[307.9055398],
					[279.9325284],
					[251.3643466],
					[229.9382102],
					[225.772017],
					[228.7478693],
					[244.2223011],
					[270.4098011],
					[298.977983],
					[323.3799716],
					[341.2350852],
					[348.3771307],
					[350.162642],
					[351.352983],
					[350.162642],
					[335.2833807],
					[310.2862216],
					[275.7663352],
					[244.2223011],
					[229.3430398],
					[223.9865057],
					[234.6995739],
					[249.5788352],
					[264.4580966],
					[283.5035511],
					[304.334517],
					[325.165483],
					[337.068892],
					[347.7819602],
					[349.5674716],
					[350.162642]
				]
			},
			{
				"name": "Normal Approximation",
				"labelposition": [392.2997159,116.2606534,142.2457386,17.25994318],
				"symbolposition": [360.1605114,119.2365057,32.13920455,10.71306818],
				"x": [
					[73.28835227],
					[97.09517045],
					[125.0681818],
					[150.6605114],
					[173.8721591],
					[197.0838068],
					[220.2954545],
					[242.9119318],
					[260.171875],
					[275.6463068],
					[290.5255682],
					[304.8096591],
					[317.3082386],
					[335.7585227],
					[361.3508523],
					[377.4204545],
					[404.203125],
					[426.2244318],
					[449.4360795],
					[499.4303977],
					[551.8053977]
				],
				"y": [
					[350.162642],
					[348.3771307],
					[344.2109375],
					[335.8785511],
					[322.7848011],
					[307.9055398],
					[291.8359375],
					[277.5518466],
					[272.1953125],
					[268.6242898],
					[269.2194602],
					[273.9808239],
					[281.1228693],
					[291.8359375],
					[309.0958807],
					[320.4041193],
					[332.9026989],
					[344.2109375],
					[346.5916193],
					[351.352983],
					[351.352983]
				]
			}
		],
		"plotpos": [69.12215909,19.24786932,530.8920455,330.9147727],
		"xax": {
			"titlepos": [210.7727273,384.6825284,246.9957386,20.23579545],
			"minpos": [106.6178977,362.0660511,38.68607955,19.640625],
			"maxpos": [516.0951705,363.256392,35.71022727,16.06960227],
			"type": 1
		},
		"yax": {
			"titlepos": [13.77130682,147.8046875,25.59232955,78.5625],
			"minpos": [47.10085227,344.2109375,13.09375,14.28409091],
			"maxpos": [38.17329545,10.3203125,22.02130682,14.87926136],
			"type": 1
		}
	}
}
