{
	"data": {
		"imagename": "00558-10.1.1.322.5682-Figure-3",
		"difficult": 0,
		"curves": [
			{
				"name": "No Feature Selection",
				"labelposition": [126.7627841,19.06321023,172.4176136,17.61931818],
				"symbolposition": [87.11931818,22.83877841,35.86789773,8.809659091],
				"x": [
					[95.92897727],
					[141.8650568],
					[183.3963068],
					[231.2201705],
					[277.15625],
					[288.4829545],
					[296.0340909],
					[341.9701705],
					[374.6917614],
					[401.1207386],
					[442.6519886],
					[480.4076705],
					[517.5340909],
					[560.953125]
				],
				"y": [
					[207.8416193],
					[210.9879261],
					[218.5390625],
					[226.0901989],
					[231.1242898],
					[231.1242898],
					[233.0120739],
					[233.6413352],
					[233.0120739],
					[232.3828125],
					[220.4268466],
					[205.9538352],
					[188.9637784],
					[163.7933239]
				]
			},
			{
				"name": "L1",
				"labelposition": [124.875,37.31178977,24.54119318,15.73153409],
				"symbolposition": [88.37784091,39.82883523,32.72159091,9.438920455],
				"x": [
					[92.78267045],
					[122.3579545],
					[156.9673295],
					[208.5667614],
					[260.7954545],
					[297.2926136],
					[344.4872159],
					[387.90625],
					[432.5838068],
					[470.3394886],
					[508.7244318],
					[559.6946023]
				],
				"y": [
					[206.5830966],
					[209.7294034],
					[217.2805398],
					[224.2024148],
					[229.2365057],
					[228.6072443],
					[227.977983],
					[224.2024148],
					[207.8416193],
					[192.1100852],
					[173.2322443],
					[137.3643466]
				]
			},
			{
				"name": "Grafting",
				"labelposition": [128.6505682,55.56036932,70.47727273,18.87784091],
				"symbolposition": [88.37784091,61.22372159,32.72159091,7.551136364],
				"x": [
					[92.78267045],
					[180.25],
					[208.5667614],
					[270.8636364],
					[292.8877841],
					[325.609375],
					[358.9602273],
					[396.7159091],
					[430.6960227],
					[461.5298295],
					[484.1832386],
					[509.9829545],
					[536.4119318],
					[560.3238636]
				],
				"y": [
					[199.6612216],
					[202.178267],
					[206.5830966],
					[205.9538352],
					[205.9538352],
					[200.290483],
					[192.1100852],
					[177.6370739],
					[154.9836648],
					[137.3643466],
					[115.3401989],
					[90.16974432],
					[53.04332386],
					[15.28764205]
				]
			}
		],
		"plotpos": [58.17329545,7.736505682,512.21875,395.8053977],
		"xax": {
			"titlepos": [285.3366477,421.1612216,57.26278409,20.13636364],
			"minpos": [51.25142045,407.3174716,17.61931818,15.73153409],
			"maxpos": [563.4701705,409.2052557,15.73153409,12.58522727],
			"type": 1
		},
		"yax": {
			"titlepos": [2.798295455,154.3544034,22.02414773,104.4573864],
			"minpos": [22.30539773,397.2492898,32.72159091,13.84375],
			"maxpos": [17.90056818,64.37002841,39.64346591,18.24857955],
			"type": 1
		}
	}
}
