{
	"data": {
		"imagename": "00557-10.1.1.146.1395-Figure-2",
		"difficult": 0,
		"curves": [
			{
				"name": "With Prefix",
				"labelposition": [342.015625,316.3316761,70.11647727,12.91619318],
				"symbolposition": [310.0326705,320.022017,26.44744318,6.150568182],
				"x": [
					[81.23153409],
					[90.45738636],
					[111.3693182],
					[150.7329545],
					[198.0923295],
					[246.0667614],
					[266.3636364],
					[297.7315341],
					[313.7230114],
					[330.9446023],
					[343.2457386],
					[389.9900568],
					[435.5042614]
				],
				"y": [
					[354.4651989],
					[184.709517],
					[98.6015625],
					[71.5390625],
					[61.69815341],
					[53.70241477],
					[53.70241477],
					[44.4765625],
					[37.09588068],
					[30.33025568],
					[29.71519886],
					[19.25923295],
					[18.64417614]
				]
			},
			{
				"name": "Without Prefix",
				"labelposition": [343.8607955,329.8629261,82.41761364,15.99147727],
				"symbolposition": [310.0326705,334.7833807,29.52272727,6.765625],
				"x": [
					[99.68323864],
					[108.2940341],
					[121.2102273],
					[140.8920455],
					[165.4943182],
					[204.8579545],
					[242.3764205],
					[303.2670455],
					[361.6974432],
					[408.4417614],
					[433.6590909]
				],
				"y": [
					[368.6115057],
					[334.1683239],
					[307.7208807],
					[279.428267],
					[254.8259943],
					[228.3785511],
					[208.0816761],
					[187.7848011],
					[174.868608],
					[166.2578125],
					[163.7975852]
				]
			}
		],
		"plotpos": [66.47017045,5.112926136,379.4900568,365.34375],
		"xax": {
			"titlepos": [175.9502841,414.740767,162.375,16.60653409],
			"minpos": [64.625,387.678267,11.07102273,15.37642045],
			"maxpos": [423.8181818,386.4481534,18.45170455,14.76136364],
			"type": 1
		},
		"yax": {
			"titlepos": [4.349431818,144.115767,17.83664773,96.56392045],
			"minpos": [35.10227273,316.946733,15.99147727,36.90340909],
			"maxpos": [36.33238636,25.40980114,13.53125,33.21306818],
			"type": 1
		}
	}
}
