{
	"data": {
		"imagename": "00564-10.1.1.15.364-Figure-1",
		"difficult": 0,
		"curves": [
			{
				"name": "AP",
				"labelposition": [269.4829545,443.4140625,37.09801136,28.95454545],
				"symbolposition": [210.6690341,454.272017,53.38494318,12.66761364],
				"x": [
					[49.609375],
					[104.8039773],
					[160.9034091],
					[212.4786932],
					[269.4829545],
					[321.0582386]
				],
				"y": [
					[374.647017],
					[249.7805398],
					[164.7265625],
					[122.1995739],
					[59.76633523],
					[12.71519886]
				]
			},
			{
				"name": "Joint",
				"labelposition": [264.0539773,472.368608,58.81392045,25.33522727],
				"symbolposition": [209.7642045,478.7024148,54.28977273,14.47727273],
				"x": [
					[49.609375],
					[107.5184659],
					[159.9985795],
					[212.4786932],
					[271.2926136],
					[326.4872159]
				],
				"y": [
					[406.3160511],
					[265.162642],
					[179.2038352],
					[153.868608],
					[86.91122159],
					[18.14417614]
				]
			},
			{
				"name": "M4",
				"labelposition": [266.7684659,498.6086648,40.71732955,27.14488636],
				"symbolposition": [208.859375,509.4666193,52.48011364,9.048295455],
				"x": [
					[50.51420455],
					[106.6136364],
					[160.9034091],
					[215.1931818],
					[269.4829545],
					[323.7727273]
				],
				"y": [
					[570.0901989],
					[448.8430398],
					[296.8316761],
					[227.1598011],
					[158.3927557],
					[109.5319602]
				]
			},
			{
				"name": "Syn",
				"labelposition": [266.7684659,526.6583807,42.52698864,30.76420455],
				"symbolposition": [206.1448864,537.5163352,57.90909091,10.85795455],
				"x": [
					[49.609375],
					[102.9943182],
					[156.3792614],
					[217.0028409],
					[271.2926136],
					[322.8678977]
				],
				"y": [
					[557.4225852],
					[476.8927557],
					[384.600142],
					[341.1683239],
					[276.9254261],
					[222.6356534]
				]
			}
		],
		"plotpos": [46.89488636,1.857244318,301.3082386,566.4232955],
		"xax": {
			"titlepos": [98.47017045,609.9026989,224.3977273,26.24005682],
			"minpos": [29.703125,579.1384943,45.24147727,28.04971591],
			"maxpos": [296.6278409,578.2336648,54.28977273,24.43039773],
			"type": 2
		},
		"yax": {
			"titlepos": [58.65767045,24.47798295,72.38636364,26.24005682],
			"minpos": [4.367897727,556.5177557,36.19318182,23.52556818],
			"maxpos": [1.653409091,57.95667614,37.09801136,27.14488636],
			"type": 1
		}
	}
}
