{
	"data": {
		"imagename": "00569-10.1.1.385.2356-Figure-2",
		"difficult": 0,
		"curves": [
			{
				"name": "Lecture 4",
				"labelposition": [520.8276864,89.94530494,64.04937076,15.86544046],
				"symbolposition": [484.3959342,89.35769603,35.84414327,14.10261375],
				"x": [
					[129.4801549],
					[166.499516],
					[203.5188771],
					[239.9506292],
					[273.4443369],
					[312.8141336],
					[350.4211036],
					[418.5837367],
					[454.42788]
				],
				"y": [
					[92.88334947],
					[71.72942885],
					[52.92594385],
					[44.11181026],
					[36.47289448],
					[30.59680542],
					[30.00919652],
					[30.59680542],
					[31.18441433]
				]
			},
			{
				"name": "Lecture 2",
				"labelposition": [520.8276864,121.088577,61.69893514,15.86544046],
				"symbolposition": [483.8083253,118.1505324,37.01936108,17.62826718],
				"x": [
					[129.4801549],
					[166.499516],
					[204.106486],
					[240.5382381],
					[278.1452081],
					[311.6389158],
					[346.3078412],
					[381.5643756],
					[418.5837367],
					[450.9022265]
				],
				"y": [
					[200.4157793],
					[168.0972894],
					[151.0566312],
					[138.1292352],
					[129.9027106],
					[124.6142304],
					[121.6761859],
					[119.3257502],
					[117.5629235],
					[112.2744434]
				]
			},
			{
				"name": "Lecture 1",
				"labelposition": [520.8276864,151.0566312,61.69893514,17.62826718],
				"symbolposition": [482.6331075,152.231849,38.7821878,13.51500484],
				"x": [
					[127.7173282],
					[168.2623427],
					[203.5188771],
					[238.7754114],
					[275.7947725],
					[311.0513069],
					[346.8954501],
					[381.5643756],
					[417.4085189],
					[450.9022265]
				],
				"y": [
					[169.2725073],
					[155.7575024],
					[145.1805421],
					[132.2531462],
					[122.8514037],
					[116.3877057],
					[108.7487899],
					[105.2231365],
					[103.4603098],
					[101.6974831]
				]
			},
			{
				"name": "Lecture 3",
				"labelposition": [520.2400774,183.375121,62.87415295,17.04065828],
				"symbolposition": [484.3959342,183.375121,35.25653437,15.27783156],
				"x": [
					[130.6553727],
					[166.499516],
					[201.1684414],
					[235.249758],
					[273.4443369],
					[310.463698],
					[381.5643756],
					[452.0774443]
				],
				"y": [
					[158.695547],
					[135.1911907],
					[122.8514037],
					[116.3877057],
					[114.0372701],
					[112.2744434],
					[111.0992256],
					[112.2744434]
				]
			}
		],
		"plotpos": [95.39883833,16.49419167,360.7918683,199.1994192],
		"xax": {
			"titlepos": [206.4569216,252.125363,135.1500484,19.97870281],
			"minpos": [87.75992256,228.0333979,15.86544046,17.62826718],
			"maxpos": [442.0880929,228.0333979,21.15392062,17.04065828],
			"type": 1
		},
		"yax": {
			"titlepos": [26.06098742,70.55421104,27.03000968,91.07938045],
			"minpos": [50.74056147,207.4670862,32.31848984,20.56631171],
			"maxpos": [48.97773475,7.092449177,33.49370765,18.803485],
			"type": 1
		}
	}
}
