{
	"data": {
		"imagename": "00579-10.1.1.176.6918-Figure-4",
		"difficult": 0,
		"curves": [
			{
				"name": "TurKontrol(1)",
				"labelposition": [529.8944821,22.76137464,104.21394,27.74927396],
				"symbolposition": [487.3455954,27.6945789,41.93223621,17.26621491],
				"x": [
					[156.2042594],
					[223.4191675],
					[270.9012585],
					[298.6505324],
					[327.0164569],
					[389.2981607],
					[428.7637948],
					[473.1626331],
					[500.9119071]
				],
				"y": [
					[117.1089061],
					[120.8088093],
					[123.2754114],
					[127.5919652],
					[134.375121],
					[157.1911907],
					[178.1573088],
					[201.590029],
					[215.1563408]
				]
			},
			{
				"name": "TurKontrol(2)",
				"labelposition": [531.7444337,57.91045499,102.3639884,25.89932236],
				"symbolposition": [487.9622459,64.07696031,41.93223621,16.03291384],
				"x": [
					[155.5876089],
					[199.9864472],
					[249.3184898],
					[280.767667],
					[305.4336883],
					[328.8664085],
					[357.8489835],
					[391.7647628],
					[412.1142304],
					[439.8635044],
					[467.6127783],
					[497.2120039]
				],
				"y": [
					[87.50968054],
					[87.50968054],
					[87.50968054],
					[89.35963214],
					[91.20958374],
					[98.60939013],
					[112.1757018],
					[128.2086157],
					[143.624879],
					[161.5077444],
					[180.0072604],
					[201.590029]
				]
			},
			{
				"name": "TurKontrol(3)",
				"labelposition": [531.7444337,93.05953533,101.7473379,26.51597289],
				"symbolposition": [489.8121975,98.60939013,41.31558567,17.26621491],
				"x": [
					[155.5876089],
					[188.8867377],
					[229.5856728],
					[259.8015489],
					[290.6340755],
					[312.8334947],
					[328.8664085],
					[351.0658277],
					[373.2652469],
					[404.0977735],
					[436.1636012],
					[455.8964182],
					[479.945789],
					[500.9119071]
				],
				"y": [
					[43.11084221],
					[43.11084221],
					[43.72749274],
					[43.72749274],
					[48.660697],
					[52.36060019],
					[62.22700871],
					[76.40997096],
					[93.05953533],
					[115.2589545],
					[144.2415295],
					[165.8242982],
					[188.6403679],
					[207.1398838]
				]
			},
			{
				"name": "TurKontrol(4)",
				"labelposition": [529.8944821,130.6752178,104.21394,23.43272023],
				"symbolposition": [487.9622459,129.4419167,41.31558567,20.9661181],
				"x": [
					[156.2042594],
					[226.5024201],
					[262.268151],
					[293.7173282],
					[314.0667957],
					[329.4830591],
					[351.0658277],
					[380.6650532],
					[412.1142304],
					[436.1636012],
					[461.446273],
					[484.2623427],
					[499.0619555]
				],
				"y": [
					[38.79428848],
					[41.87754114],
					[43.11084221],
					[48.660697],
					[56.06050339],
					[60.37705712],
					[77.02662149],
					[98.60939013],
					[122.6587609],
					[147.3247822],
					[170.1408519],
					[192.3402711],
					[203.4399806]
				]
			}
		],
		"plotpos": [76.03969022,12.27831559,512.4365924,226.9273959],
		"xax": {
			"titlepos": [258.5682478,254.6219748,144.2962246,21.58276864],
			"minpos": [58.15682478,254.0053243,35.76573088,20.34946757],
			"maxpos": [568.1268151,254.0053243,38.84898354,19.11616651],
			"type": 2
		},
		"yax": {
			"titlepos": [2.041626331,72.71006776,24.6660213,98.04743466],
			"minpos": [31.02420136,231.1892546,33.29912875,19.11616651],
			"maxpos": [24.85769603,0.5619554695,42.54888674,19.11616651],
			"type": 1
		}
	}
}
