{
	"data": {
		"imagename": "00570-10.1.1.408.1603-Figure-4",
		"difficult": 0,
		"curves": [
			{
				"name": "stdv error",
				"labelposition": [285.9389205,37.00355114,77.96875,17.01136364],
				"symbolposition": [241.9928977,40.54758523,42.52840909,7.088068182],
				"x": [
					[54.86789773],
					[191.6676136],
					[298.6974432],
					[426.2826705],
					[506.3778409],
					[618.3693182]
				],
				"y": [
					[456.6171875],
					[358.0930398],
					[280.1242898],
					[178.7649148],
					[126.3132102],
					[43.3828125]
				]
			},
			{
				"name": "stdv error (refined)",
				"labelposition": [285.9389205,56.14133523,148.140625,22.68181818],
				"symbolposition": [241.9928977,62.52059659,43.94602273,9.214488636],
				"x": [
					[55.57670455],
					[164.0241477],
					[275.3068182],
					[370.2869318],
					[443.2940341],
					[496.4545455],
					[563.7911932],
					[619.078125]
				],
				"y": [
					[455.9083807],
					[377.9396307],
					[301.3884943],
					[229.7990057],
					[178.056108],
					[140.4893466],
					[94.41690341],
					[55.43252841]
				]
			}
		],
		"plotpos": [53.45028409,13.61292614,565.6278409,443.0042614],
		"xax": {
			"titlepos": [289.4829545,475.0461648,99.94176136,23.390625],
			"minpos": [49.19744318,462.287642,11.34090909,14.17613636],
			"maxpos": [614.8252841,460.8700284,12.04971591,15.59375],
			"type": 1
		},
		"yax": {
			"titlepos": [5.251420455,141.9069602,24.09943182,188.5426136],
			"minpos": [40.69176136,450.946733,9.214488636,13.46732955],
			"maxpos": [32.18607955,1.563210227,19.13778409,17.72017045],
			"type": 1
		}
	}
}
