{
	"data": {
		"imagename": "00584-10.1.1.324.3156-Figure-6",
		"difficult": 0,
		"curves": [
			{
				"name": "Ground truth semantic distance",
				"labelposition": [298.8494318,15.98650568,212.3863636,17.06676136],
				"symbolposition": [513.1321023,21.67542614,42.98295455,10.74573864],
				"x": [
					[73.18892045],
					[79.50994318],
					[97.84090909],
					[115.5397727],
					[128.8139205],
					[147.7769886],
					[161.0511364],
					[180.0142045],
					[197.7130682],
					[240.6960227],
					[249.5454545],
					[264.0838068],
					[299.4815341],
					[316.5482955],
					[438.5440341]
				],
				"y": [
					[230.9012784],
					[92.47088068],
					[84.25355114],
					[89.31036932],
					[98.79190341],
					[100.056108],
					[93.10298295],
					[89.31036932],
					[91.83877841],
					[88.67826705],
					[88.67826705],
					[88.67826705],
					[88.04616477],
					[92.47088068],
					[206.881392]
				]
			},
			{
				"name": "Visual distance",
				"labelposition": [400.6178977,31.7890625,106.8252841,18.96306818],
				"symbolposition": [511.2357955,35.58167614,46.77556818,13.90625],
				"x": [
					[233.7428977],
					[270.4048295],
					[298.2173295],
					[330.4545455],
					[357.0028409],
					[388.6079545],
					[413.8920455],
					[432.2230114]
				],
				"y": [
					[103.2166193],
					[113.3302557],
					[123.443892],
					[140.5106534],
					[151.256392],
					[164.5305398],
					[177.8046875],
					[193.6072443]
				]
			},
			{
				"name": "Semantic distance",
				"labelposition": [381.6548295,49.48792614,128.3167614,17.06676136],
				"symbolposition": [511.2357955,53.28053977,42.35085227,12.00994318],
				"x": [
					[72.55681818],
					[80.14204545],
					[100.3693182],
					[134.5028409],
					[159.1548295],
					[180.0142045],
					[196.4488636],
					[224.2613636],
					[243.2244318],
					[267.8764205],
					[295.6889205],
					[313.3877841],
					[332.3508523],
					[347.5213068],
					[360.1633523],
					[389.2400568],
					[440.4403409]
				],
				"y": [
					[391.4552557],
					[118.3870739],
					[131.0291193],
					[132.9254261],
					[137.9822443],
					[149.3600852],
					[155.0490057],
					[155.0490057],
					[157.5774148],
					[160.7379261],
					[166.4268466],
					[167.0589489],
					[172.7478693],
					[174.0120739],
					[177.8046875],
					[189.1825284],
					[206.881392]
				]
			},
			{
				"name": "Initial segmentation",
				"labelposition": [374.0696023,67.81889205,135.9019886,17.06676136],
				"symbolposition": [509.9715909,69.08309659,47.40767045,16.43465909],
				"x": 441.7045455,
				"y": 232.165483
			}
		],
		"plotpos": [71.29261364,14.09019886,496.8323864,380.5255682],
		"xax": {
			"titlepos": [295.0568182,424.3245739,50.56818182,18.96306818],
			"minpos": [68.76420455,402.2009943,10.74573864,17.06676136],
			"maxpos": [563.7002841,399.040483,10.11363636,19.59517045],
			"type": 1
		},
		"yax": {
			"titlepos": [1.761363636,168.9552557,17.69886364,71.42755682],
			"minpos": [52.32954545,385.134233,13.27414773,15.17045455],
			"maxpos": [49.16903409,2.712357955,20.22727273,20.22727273],
			"type": 1
		}
	}
}
