{
	"data": {
		"imagename": "00589-10.1.1.172.7415-Figure-3",
		"difficult": 0,
		"curves": [
			{
				"name": "Prob. of a0",
				"labelposition": [445.7045455,29.24928977,54.70738636,11.16477273],
				"symbolposition": [501.5284091,29.80752841,24.5625,8.373579545],
				"x": [
					[66.66051136],
					[235.8068182],
					[272.6505682],
					[290.5142045],
					[310.6107955],
					[328.4744318],
					[348.0127841],
					[366.4346591],
					[385.4147727],
					[517.1590909]
				],
				"y": [
					[248.0788352],
					[250.8700284],
					[251.9865057],
					[260.9183239],
					[277.1072443],
					[275.4325284],
					[320.649858],
					[354.1441761],
					[362.5177557],
					[364.1924716]
				]
			},
			{
				"name": "Prob. of a1",
				"labelposition": [445.1463068,38.73934659,54.14914773,12.83948864],
				"symbolposition": [502.6448864,41.53053977,24.00426136,8.373579545],
				"x": [
					[66.66051136],
					[196.7301136],
					[234.6903409],
					[253.1122159],
					[273.7670455],
					[293.3053977],
					[309.4943182],
					[329.5909091],
					[366.9928977],
					[382.0653409],
					[405.5113636],
					[423.9332386],
					[442.3551136],
					[459.6605114],
					[479.1988636],
					[517.1590909]
				],
				"y": [
					[246.962358],
					[250.3117898],
					[252.5447443],
					[258.6853693],
					[263.709517],
					[265.9424716],
					[275.4325284],
					[302.7862216],
					[320.649858],
					[326.2322443],
					[334.6058239],
					[290.5049716],
					[190.5802557],
					[55.48650568],
					[20.31747159],
					[19.75923295]
				]
			},
			{
				"name": "Prob. of a2",
				"labelposition": [445.7045455,50.46235795,55.265625,11.72301136],
				"symbolposition": [503.203125,53.25355114,23.44602273,7.257102273],
				"x": [
					[65.54403409],
					[178.8664773],
					[214.59375],
					[236.3650568],
					[275.4417614],
					[292.7471591],
					[326.2414773],
					[349.6875],
					[365.3181818],
					[386.53125],
					[405.5113636],
					[422.2585227],
					[442.3551136],
					[461.8934659],
					[479.1988636],
					[498.1789773],
					[518.8338068]
				],
				"y": [
					[248.6370739],
					[246.4041193],
					[244.7294034],
					[241.3799716],
					[229.6569602],
					[216.259233],
					[168.8089489],
					[110.193892],
					[70.00071023],
					[53.25355114],
					[49.34588068],
					[91.77201705],
					[191.696733],
					[328.4651989],
					[360.8430398],
					[363.0759943],
					[364.1924716]
				]
			}
		],
		"plotpos": [64.42755682,18.64275568,471.7116477,344.4332386],
		"xax": {
			"titlepos": [241.3892045,379.8231534,117.2301136,12.28125],
			"minpos": [59.96164773,367.5419034,10.04829545,14.51420455],
			"maxpos": [520.5085227,366.9836648,30.14488636,12.83948864],
			"type": 1
		},
		"yax": {
			"titlepos": [6.928977273,152.0617898,11.72301136,83.73579545],
			"minpos": [47.68039773,355.818892,13.39772727,12.83948864],
			"maxpos": [48.796875,11.38565341,12.83948864,13.95596591],
			"type": 1
		}
	}
}
