{
	"data": {
		"imagename": "00587-10.1.1.20.777-Figure-2",
		"difficult": 0,
		"curves": [
			{
				"name": "Sextant",
				"labelposition": [516.1690341,326.3487216,53.72869318,15.17045455],
				"symbolposition": [478.875,326.3487216,36.02982955,12.64204545],
				"x": [
					[47.78125],
					[50.30965909],
					[57.26278409],
					[74.96164773],
					[102.1420455],
					[141.3323864],
					[200.75],
					[272.1775568],
					[376.4744318],
					[465.6008523],
					[556.6235795]
				],
				"y": [
					[291.5830966],
					[204.9850852],
					[181.5973011],
					[159.4737216],
					[145.5674716],
					[132.2933239],
					[121.5475852],
					[112.0660511],
					[104.4808239],
					[98.15980114],
					[94.3671875]
				]
			},
			{
				"name": "Minipar",
				"labelposition": [516.8011364,341.5191761,54.99289773,19.59517045],
				"symbolposition": [477.6107955,346.5759943,37.92613636,10.74573864],
				"x": [
					[47.14914773],
					[50.30965909],
					[55.99857955],
					[69.27272727],
					[86.33948864],
					[120.4730114],
					[156.5028409],
					[211.4957386],
					[271.5454545],
					[345.5014205],
					[416.9289773],
					[470.0255682],
					[554.0951705]
				],
				"y": [
					[292.8473011],
					[200.5603693],
					[175.9083807],
					[155.0490057],
					[141.774858],
					[128.5007102],
					[119.0191761],
					[110.1697443],
					[101.9524148],
					[95.63139205],
					[91.83877841],
					[88.67826705],
					[83.62144886]
				]
			},
			{
				"name": "W(L1R1)",
				"labelposition": [518.0653409,361.1143466,60.04971591,21.49147727],
				"symbolposition": [483.2997159,366.1711648,30.97301136,14.53835227],
				"x": [
					[47.14914773],
					[50.30965909],
					[60.42329545],
					[75.59375],
					[104.6704545],
					[142.5965909],
					[193.1647727],
					[243.1008523],
					[312],
					[367.625],
					[421.9857955],
					[471.921875],
					[555.359375]
				],
				"y": [
					[292.8473011],
					[209.4098011],
					[183.493608],
					[170.2194602],
					[155.681108],
					[146.1995739],
					[136.7180398],
					[131.0291193],
					[123.443892],
					[120.915483],
					[117.1228693],
					[115.2265625],
					[112.0660511]
				]
			}
		],
		"plotpos": [45.25284091,14.09019886,559.4105114,393.1676136],
		"xax": {
			"titlepos": [234.8835227,428.1171875,183.9417614,14.53835227],
			"minpos": [38.93181818,409.1541193,14.53835227,17.06676136],
			"maxpos": [590.125,408.522017,32.23721591,19.59517045],
			"type": 1
		},
		"yax": {
			"titlepos": [5.430397727,120.915483,18.33096591,179.5170455],
			"minpos": [30.08238636,397.7762784,10.74573864,16.43465909],
			"maxpos": [22.49715909,5.240767045,18.33096591,17.06676136],
			"type": 1
		}
	}
}
