{
	"data": {
		"imagename": "00593-10.1.1.296.3965-Figure-3",
		"difficult": 0,
		"curves": [
			{
				"name": "m-AOBB",
				"labelposition": [515.0909971,141.3818974,51.31655373,11.97386254],
				"symbolposition": [471.1868345,139.1011617,41.05324298,14.82478219],
				"x": [
					[65.21587609],
					[193.5072604],
					[321.7986447],
					[445.5285576],
					[569.8286544]
				],
				"y": [
					[153.3557599],
					[131.1185866],
					[134.5396902],
					[114.5832527],
					[108.8814134]
				]
			},
			{
				"name": "m-AOBF",
				"labelposition": [520.7928364,156.2066796,41.62342691,10.83349468],
				"symbolposition": [471.7570184,155.0663117,41.05324298,13.1142304],
				"x": [
					[66.92642788],
					[194.6476283],
					[320.0880929],
					[445.5285576],
					[572.1093901]
				],
				"y": [
					[170.4612778],
					[147.6539206],
					[153.9259439],
					[136.250242],
					[124.2763795]
				]
			},
			{
				"name": "m-BB",
				"labelposition": [520.2226525,169.8910939,29.64956438,9.693126815],
				"symbolposition": [473.4675702,169.32091,38.77250726,10.83349468],
				"x": [
					[67.49661181],
					[194.6476283],
					[318.3775411],
					[447.2391094],
					[570.9690223]
				],
				"y": [
					[124.8465634],
					[91.20571152],
					[64.4070668],
					[49.01210068],
					[37.03823814]
				]
			},
			{
				"name": "m-BF",
				"labelposition": [520.2226525,181.8649564,26.79864472,10.26331075],
				"symbolposition": [473.4675702,181.8649564,38.20232333,11.97386254],
				"x": [
					[65.21587609],
					[194.0774443],
					[320.6582769],
					[446.0987415],
					[573.249758]
				],
				"y": [
					[135.6800581],
					[92.91626331],
					[75.8107454],
					[63.83688287],
					[58.70522749]
				]
			}
		],
		"plotpos": [46.39980639,30.19603098,538.8238141,166.4937076],
		"xax": {
			"titlepos": [289.8683446,223.4883833,53.59728945,13.68441433],
			"minpos": [57.23330106,211.5145208,19.38625363,13.1142304],
			"maxpos": [564.1268151,210.374153,16.53533398,14.25459826],
			"type": 1
		},
		"yax": {
			"titlepos": [5.916747338,34.75750242,12.54404647,158.5111326],
			"minpos": [21.31171346,192.1282672,10.26331075,10.26331075],
			"maxpos": [16.75024201,25.63455954,13.68441433,11.40367861],
			"type": 1
		}
	}
}
