{
	"data": {
		"imagename": "00591-10.1.1.35.861-Figure-3",
		"difficult": 0,
		"curves": [
			{
				"name": "random",
				"labelposition": [439.7855114,327.8558239,36.09090909,11.84232955],
				"symbolposition": [414.9730114,327.8558239,20.86505682,10.71448864],
				"x": [
					[38.27414773],
					[65.34232955],
					[84.515625],
					[109.8920455],
					[136.9602273],
					[176.4346591],
					[210.8338068],
					[246.9247159],
					[284.7073864],
					[320.234375],
					[364.2201705],
					[404.8224432],
					[491.1022727]
				],
				"y": [
					[370.149858],
					[306.990767],
					[265.2606534],
					[215.6356534],
					[173.9055398],
					[123.1526989],
					[84.80610795],
					[58.30184659],
					[36.30894886],
					[23.33877841],
					[18.82741477],
					[16.57173295],
					[13.75213068]
				]
			},
			{
				"name": "control",
				"labelposition": [439.7855114,339.6981534,33.83522727,10.15056818],
				"symbolposition": [414.4090909,341.3899148,23.12073864,9.022727273],
				"x": [
					[40.52982955],
					[54.62784091],
					[72.67329545],
					[92.97443182],
					[111.5838068],
					[129.6292614],
					[155.0056818],
					[182.0738636],
					[207.4502841],
					[234.5184659],
					[286.9630682],
					[330.3849432],
					[370.4232955],
					[426.2514205],
					[467.4176136],
					[491.6661932],
					[489.4105114]
				],
				"y": [
					[366.7663352],
					[319.9609375],
					[265.2606534],
					[219.5830966],
					[179.5447443],
					[151.912642],
					[120.3330966],
					[93.82883523],
					[81.42258523],
					[69.01633523],
					[57.17400568],
					[49.27911932],
					[46.45951705],
					[41.38423295],
					[39.12855114],
					[37.43678977],
					[37.43678977]
				]
			},
			{
				"name": "algorithm",
				"labelposition": [438.6576705,350.412642,45.11363636,11.27840909],
				"symbolposition": [414.9730114,352.6683239,21.99289773,8.458806818],
				"x": [
					[39.40198864],
					[47.86079545],
					[55.75568182],
					[74.36505682],
					[84.515625],
					[99.74147727],
					[128.5014205],
					[155.5696023],
					[186.5852273],
					[211.9616477],
					[248.0525568],
					[285.2713068],
					[321.3622159],
					[365.9119318],
					[409.8977273],
					[453.3196023],
					[493.3579545]
				],
				"y": [
					[366.2024148],
					[346.4651989],
					[318.8330966],
					[268.0802557],
					[246.087358],
					[210.5603693],
					[168.8302557],
					[130.4836648],
					[104.5433239],
					[80.85866477],
					[59.4296875],
					[41.94815341],
					[28.4140625],
					[18.26349432],
					[16.0078125],
					[15.44389205],
					[12.62428977]
				]
			}
		],
		"plotpos": [37.71022727,11.49644886,455.6477273,356.9616477],
		"xax": {
			"titlepos": [193.9161932,384.8117898,141.5440341,11.84232955],
			"minpos": [33.76278409,372.9694602,7.894886364,9.022727273],
			"maxpos": [486.5909091,370.7137784,11.27840909,12.97017045],
			"type": 1
		},
		"yax": {
			"titlepos": [2.747159091,135.5589489,15.78977273,106.5809659],
			"minpos": [26.43181818,362.818892,9.022727273,10.71448864],
			"maxpos": [16.28125,3.6015625,19.73721591,13.53409091],
			"type": 1
		}
	}
}
