{
	"data": {
		"imagename": "00608-10.1.1.314.9616-Figure-4",
		"difficult": 0,
		"curves": [
			{
				"name": "CHILL+handbuilt",
				"labelposition": [327.7483059,244.4361084,103.7366893,14.33204259],
				"symbolposition": [437.6272991,246.4835431,40.94869313,11.60212972],
				"x": [
					[62.2642788],
					[124.3697967],
					[251.3107454],
					[374.839303],
					[502.4627299],
					[628.0387222]
				],
				"y": [
					[432.1176186],
					[262.1805421],
					[161.1737657],
					[70.40416263],
					[48.56485963],
					[44.46999032]
				]
			},
			{
				"name": "CHILL-testlex",
				"labelposition": [347.5401742,258.768151,83.94482091,14.33204259],
				"symbolposition": [435.5798645,259.4506292,45.04356244,12.28460794],
				"x": [
					[61.58180058],
					[125.0522749],
					[251.3107454],
					[376.2042594],
					[502.4627299],
					[628.7212004]
				],
				"y": [
					[431.4351404],
					[277.1950629],
					[161.1737657],
					[76.5464666],
					[56.75459826],
					[47.88238141]
				]
			},
			{
				"name": "CHILL+WOLFIE",
				"labelposition": [331.160697,271.7352372,102.3717328,15.01452081],
				"symbolposition": [437.6272991,274.46515,40.94869313,10.23717328],
				"x": [
					[62.2642788],
					[125.7347531],
					[251.3107454],
					[374.839303],
					[502.4627299],
					[629.4036786]
				],
				"y": [
					[431.4351404],
					[296.9869313],
					[191.8852856],
					[97.02081317],
					[84.73620523],
					[60.16698935]
				]
			},
			{
				"name": "CHILL+Siskind",
				"labelposition": [339.3504356,287.4322362,93.49951597,12.28460794],
				"symbolposition": [435.5798645,288.1147144,44.36108422,9.554695063],
				"x": [
					[61.58180058],
					[125.0522749],
					[250.6282672],
					[377.5692159],
					[505.1926428],
					[628.0387222]
				],
				"y": [
					[432.8000968],
					[361.1398838],
					[253.9908035],
					[148.8891578],
					[120.9075508],
					[71.08664085]
				]
			}
		],
		"plotpos": [61.58180058,11.71103582,629.2449177,420.4065828],
		"xax": {
			"titlepos": [315.463698,459.4167473,119.4336883,17.06195547],
			"minpos": [53.39206196,440.3073572,17.06195547,16.37947725],
			"maxpos": [671.7173282,438.2599226,31.39399806,17.06195547],
			"type": 1
		},
		"yax": {
			"titlepos": [3.571151985,189.1553727,16.37947725,66.88286544],
			"minpos": [42.47241045,424.6103582,12.28460794,15.69699903],
			"maxpos": [32.23523717,2.156340755,24.56921588,16.37947725],
			"type": 1
		}
	}
}
