{
	"data": {
		"imagename": "00615-10.1.1.136.6850-Figure-1",
		"difficult": 0,
		"curves": [
			{
				"name": "SVD",
				"labelposition": [169.8565341,50.70241477,32.83380682,18.08238636],
				"symbolposition": [108.9474432,49.27485795,60.43323864,18.08238636],
				"x": [
					[56.60369318],
					[158.9119318],
					[260.7443182],
					[360.6732955],
					[459.6505682]
				],
				"y": [
					[259.1257102],
					[219.1541193],
					[166.8103693],
					[164.431108],
					[151.1072443]
				]
			},
			{
				"name": "Proposed Method",
				"labelposition": [292.1505682,52.12997159,123.7215909,18.55823864],
				"symbolposition": [237.4275568,51.17826705,54.72301136,15.703125],
				"x": [
					[56.12784091],
					[158.9119318],
					[259.7926136],
					[361.625],
					[461.078125]
				],
				"y": [
					[171.568892],
					[145.8728693],
					[117.321733],
					[115.4183239],
					[97.3359375]
				]
			}
		],
		"plotpos": [56.60369318,16.44105114,403.9985795,260.2911932],
		"xax": {
			"titlepos": [167.4772727,316.7038352,181.7755682,17.60653409],
			"minpos": [51.36931818,291.0078125,10.94460227,15.703125],
			"maxpos": [450.1335227,290.056108,19.03409091,18.08238636],
			"type": 1
		},
		"yax": {
			"titlepos": [3.308238636,116.8458807,16.17897727,59.00568182],
			"minpos": [35.19034091,270.0703125,13.79971591,13.79971591],
			"maxpos": [35.19034091,4.544744318,14.27556818,20.9375],
			"type": 1
		}
	}
}
