{
	"data": {
		"imagename": "00618-10.1.1.383.1043-Figure-4",
		"difficult": 0,
		"curves": [
			{
				"name": "Propositional VE\/C-FOVE for MEU",
				"labelposition": [228.42788,221.4215876,230.4888674,18.15972894],
				"symbolposition": [194.4365924,221.8872217,32.59438529,13.50338819],
				"x": [
					[148.804453],
					[155.3233301],
					[162.7734753],
					[169.2923524],
					[175.8112294],
					[183.2613746],
					[196.2991288],
					[209.8025169],
					[227.0309777],
					[256.3659245],
					[272.1974831]
				],
				"y": [
					[201.8649564],
					[213.0401742],
					[199.5367861],
					[198.1398838],
					[191.1553727],
					[199.071152],
					[188.8272023],
					[167.4080348],
					[136.6761859],
					[89.64714424],
					[58.44966118]
				]
			},
			{
				"name": "LDWMC",
				"labelposition": [228.42788,240.0469506,56.34172314,15.83155857],
				"symbolposition": [192.1084221,242.8407551,35.85382381,10.70958374],
				"x": [
					[152.0638916],
					[156.7202323],
					[179.536302],
					[209.8025169],
					[243.7938045],
					[291.2884802],
					[342.9738625],
					[391.8654405],
					[440.7570184],
					[469.160697]
				],
				"y": [
					[154.3702807],
					[139.4699903],
					[128.2947725],
					[115.7226525],
					[103.1505324],
					[92.44094869],
					[80.33446273],
					[73.3499516],
					[65.89980639],
					[62.64036786]
				]
			}
		],
		"plotpos": [143.2168441,15.61132623,326.875121,256.5643756],
		"xax": {
			"titlepos": [242.3969022,291.732333,128.5150048,16.76282672],
			"minpos": [137.6292352,275.4351404,14.43465634,18.62536302],
			"maxpos": [459.3823814,276.3664085,18.62536302,15.36592449],
			"type": 1
		},
		"yax": {
			"titlepos": [95.25653437,103.1505324,15.83155857,85.21103582],
			"minpos": [113.8818974,261.4661181,29.33494676,16.76282672],
			"maxpos": [113.8818974,3.970474347,25.14424008,17.69409487],
			"type": 2
		}
	}
}
