{
	"data": {
		"imagename": "00636-10.1.1.421.8886-Figure-6",
		"difficult": 0,
		"curves": [
			{
				"name": "Train",
				"labelposition": [165.447241,12.50677638,45.23233301,18.69603098],
				"symbolposition": [217.3136496,16.72846079,51.86640852,10.85575992],
				"x": [
					[141.3233301],
					[158.2100678],
					[179.9215876],
					[202.839303],
					[225.1539206],
					[249.2778316],
					[267.3707648],
					[290.8915779],
					[313.2061955],
					[334.3146176],
					[377.7376573],
					[421.160697],
					[486.2952565],
					[552.6360116],
					[573.7444337],
					[614.7550823]
				],
				"y": [
					[198.2608906],
					[134.9356244],
					[94.52807357],
					[68.59486931],
					[52.31122943],
					[42.05856728],
					[32.4090029],
					[25.7749274],
					[22.75943853],
					[19.74394966],
					[14.91916747],
					[14.3160697],
					[11.90367861],
					[11.30058083],
					[7.681994192],
					[7.078896418]
				]
			},
			{
				"name": "Test",
				"labelposition": [170.2720232,29.99661181,41.0106486,20.5053243],
				"symbolposition": [215.5043562,36.02758955,32.56727977,7.237173282],
				"x": [
					[141.9264279],
					[160.0193611],
					[181.7308809],
					[199.8238141],
					[226.3601162],
					[248.071636],
					[269.7831559],
					[288.4791868],
					[330.0929332],
					[375.928364],
					[415.732817],
					[462.7744434],
					[507.4036786],
					[552.6360116],
					[596.6621491],
					[613.5488867]
				],
				"y": [
					[200.0701839],
					[137.9511133],
					[99.95595353],
					[74.02274927],
					[56.53291384],
					[45.07405615],
					[37.83688287],
					[31.20280736],
					[25.17182962],
					[20.95014521],
					[19.74394966],
					[19.14085189],
					[17.33155857],
					[16.72846079],
					[17.33155857],
					[16.12536302]
				]
			}
		],
		"plotpos": [141.9264279,7.681994192,474.03485,192.9912875],
		"xax": {
			"titlepos": [290.8915779,230.8281704,173.089061,23.52081317],
			"minpos": [214.9012585,207.910455,25.93320426,20.5053243],
			"maxpos": [553.2391094,207.910455,42.81994192,20.5053243],
			"type": 1
		},
		"yax": {
			"titlepos": [5.023233301,74.62584705,21.71151985,63.32526621],
			"minpos": [47.24007744,143.3789932,89.25847047,28.34559535],
			"maxpos": [44.22458858,2.857212004,94.08325266,25.33010649],
			"type": 1
		}
	}
}
