{
	"data": {
		"imagename": "00634-10.1.1.230.9995-Figure-11",
		"difficult": 0,
		"curves": [
			{
				"name": "Unsupervised learning",
				"labelposition": [328.0793804,95.10116167,71.67763795,30.18005808],
				"symbolposition": [296.2226525,94.68199419,30.59922556,11.31752178],
				"x": [
					[82.44724105],
					[100.0522749],
					[118.9148112],
					[139.4540174],
					[159.1548887],
					[177.5982575],
					[196.0416263],
					[214.4849952],
					[235.8625363],
					[253.8867377],
					[273.5876089]
				],
				"y": [
					[152.107938],
					[127.7962246],
					[118.5745402],
					[113.5445305],
					[109.7720232],
					[108.9336883],
					[108.9336883],
					[108.9336883],
					[107.2570184],
					[107.2570184],
					[105.999516]
				]
			},
			{
				"name": "Base Run",
				"labelposition": [328.0793804,147.4970958,48.20425944,13.83252662],
				"symbolposition": [297.4801549,147.9162633,29.34172314,10.89835431],
				"x": [
					[80.35140368],
					[272.749274]
				],
				"y": [
					[152.5271055],
					[152.107938]
				]
			}
		],
		"plotpos": [71.96805421,46.47773475,209.1645692,183.5953533],
		"xax": {
			"titlepos": [147.8373669,258.1573088,101.0193611,15.50919652],
			"minpos": [75.321394,241.8097773,9.640851888,14.25169409],
			"maxpos": [263.946757,241.8097773,16.34753146,14.67086157],
			"type": 1
		},
		"yax": {
			"titlepos": [17.47628267,71.62778316,20.12003872,135.8102614],
			"minpos": [50.1713456,221.2705712,11.31752178,15.50919652],
			"maxpos": [49.75217812,38.09438529,13.41335915,13.83252662],
			"type": 1
		}
	}
}
