{
	"data": {
		"imagename": "00637-10.1.1.363.6024-Figure-6",
		"difficult": 0,
		"curves": [
			{
				"name": "Utility Difference (50 Targets)",
				"labelposition": [476.0609874,85.07889642,148.7076476,51.59244918],
				"symbolposition": [450.5682478,86.89980639,25.49273959,18.8160697],
				"x": [
					[93.66989351],
					[127.660213],
					[162.8644724],
					[201.7105518],
					[233.8799613],
					[267.8702807],
					[305.5024201],
					[340.7066796],
					[375.910939],
					[409.2942885]
				],
				"y": [
					[143.3480155],
					[67.4767667],
					[54.12342691],
					[37.12826718],
					[85.68586641],
					[96.00435624],
					[91.14859632],
					[114.8204259],
					[156.7013553],
					[276.8814134]
				]
			},
			{
				"name": "Utility Difference (75 Targets)",
				"labelposition": [476.6679574,166.4128751,149.3146176,49.77153921],
				"symbolposition": [452.3891578,166.4128751,24.27879961,15.78121975],
				"x": [
					[94.88383349],
					[131.3020329],
					[164.0784124],
					[202.9244918],
					[233.2729913],
					[269.6911907],
					[303.6815102],
					[338.2787996],
					[412.3291384]
				],
				"y": [
					[219.2192643],
					[189.4777348],
					[170.6616651],
					[143.9549855],
					[134.2434656],
					[130.6016457],
					[146.9898354],
					[201.6171346],
					[202.2241045]
				]
			}
		],
		"plotpos": [59.07260407,11.0285576,353.2565344,273.7434656],
		"xax": {
			"titlepos": [196.8547919,323.6181026,78.29912875,21.24394966],
			"minpos": [54.21684414,296.304453,11.53242982,24.27879961],
			"maxpos": [400.1897386,297.518393,17.60212972,20.63697967],
			"type": 1
		},
		"yax": {
			"titlepos": [3.231364956,136.0643756,25.49273959,64.94578896],
			"minpos": [30.54501452,278.0953533,17.60212972,16.99515973],
			"maxpos": [28.72410455,4.351887706,18.8160697,18.8160697],
			"type": 1
		}
	}
}
