{
	"data": {
		"imagename": "00632-10.1.1.422.527-Figure-4",
		"difficult": 0,
		"curves": [
			{
				"name": "Martin",
				"labelposition": [536.5838068,42.8671875,47.61931818,16.80681818],
				"symbolposition": [484.0625,45.66832386,52.52130682,9.803977273],
				"x": [
					[69.49431818],
					[81.39914773],
					[87.00142045],
					[95.40482955],
					[105.2088068],
					[109.4105114],
					[117.1136364],
					[121.3153409],
					[128.3181818],
					[132.5198864],
					[136.7215909],
					[145.125],
					[153.5284091],
					[157.7301136],
					[161.9318182],
					[169.6349432],
					[175.9375],
					[182.2400568],
					[185.0411932],
					[190.6434659],
					[204.6491477],
					[210.2514205],
					[218.6548295],
					[222.15625],
					[227.7585227],
					[234.7613636],
					[241.0639205],
					[245.9659091],
					[252.96875],
					[256.4701705],
					[267.6747159],
					[276.078125],
					[281.6803977],
					[287.2826705],
					[295.6860795],
					[305.4900568],
					[312.4928977],
					[315.2940341],
					[324.3977273],
					[327.8991477],
					[346.8068182],
					[351.0085227],
					[365.7144886],
					[371.3167614],
					[374.8181818],
					[383.2215909],
					[391.625],
					[400.0284091],
					[406.3309659],
					[410.5326705],
					[414.0340909],
					[416.8352273],
					[433.6420455],
					[442.0454545],
					[445.546875],
					[449.7485795],
					[456.7514205],
					[463.0539773],
					[469.3565341],
					[475.6590909],
					[481.2613636],
					[486.1633523],
					[491.765625],
					[500.1690341],
					[502.9701705],
					[509.2727273],
					[515.5752841],
					[523.2784091],
					[527.4801136],
					[533.7826705],
					[538.6846591],
					[547.0880682],
					[551.2897727],
					[564.5951705],
					[569.4971591],
					[575.0994318],
					[584.203125],
					[588.4048295],
					[594.7073864],
					[599.609375],
					[605.9119318],
					[610.8139205],
					[617.1164773],
					[624.1193182],
					[627.6207386],
					[633.9232955]
				],
				"y": [
					[178.022017],
					[336.9865057],
					[370.600142],
					[363.5973011],
					[392.3089489],
					[378.303267],
					[403.5134943],
					[392.3089489],
					[409.115767],
					[377.602983],
					[411.9169034],
					[374.8018466],
					[411.2166193],
					[374.1015625],
					[413.3174716],
					[390.9083807],
					[402.1129261],
					[375.5021307],
					[404.9140625],
					[390.9083807],
					[394.4098011],
					[403.5134943],
					[388.8075284],
					[411.9169034],
					[384.6058239],
					[402.1129261],
					[376.9026989],
					[400.712358],
					[385.306108],
					[383.2052557],
					[413.3174716],
					[382.5049716],
					[392.3089489],
					[353.7933239],
					[384.6058239],
					[391.6086648],
					[394.4098011],
					[403.5134943],
					[382.5049716],
					[400.712358],
					[374.1015625],
					[409.115767],
					[409.115767],
					[383.2052557],
					[399.3117898],
					[383.9055398],
					[398.6115057],
					[379.7038352],
					[383.2052557],
					[421.7208807],
					[407.0149148],
					[374.8018466],
					[399.3117898],
					[388.8075284],
					[390.9083807],
					[374.8018466],
					[401.412642],
					[374.1015625],
					[400.0120739],
					[375.5021307],
					[411.2166193],
					[376.2024148],
					[390.2080966],
					[374.1015625],
					[390.2080966],
					[374.1015625],
					[391.6086648],
					[386.7066761],
					[400.712358],
					[372.0007102],
					[389.5078125],
					[374.8018466],
					[381.1044034],
					[382.5049716],
					[364.9978693],
					[369.1995739],
					[364.2975852],
					[383.2052557],
					[393.709517],
					[392.3089489],
					[373.4012784],
					[382.5049716],
					[374.8018466],
					[373.4012784],
					[381.8046875],
					[382.5049716]
				]
			},
			{
				"name": "Max SV kernel",
				"labelposition": [536.5838068,61.77485795,105.0426136,18.90767045],
				"symbolposition": [481.9616477,61.07457386,53.921875,17.50710227],
				"x": [
					[68.79403409],
					[75.09659091],
					[82.79971591],
					[87.70170455],
					[92.60369318],
					[103.1079545],
					[113.6122159],
					[115.0127841],
					[122.015625],
					[132.5198864],
					[140.9232955],
					[145.125],
					[151.4275568],
					[154.9289773],
					[168.234375],
					[173.8366477],
					[178.7386364],
					[186.4417614],
					[193.4446023],
					[196.2457386],
					[205.3494318],
					[213.0525568],
					[220.0553977],
					[223.5568182],
					[229.1590909],
					[231.9602273],
					[239.6633523],
					[245.9659091],
					[252.96875],
					[255.7698864],
					[260.671875],
					[267.6747159],
					[278.1789773],
					[280.2798295],
					[287.9829545],
					[295.6860795],
					[301.9886364],
					[307.5909091],
					[313.1931818],
					[318.0951705],
					[331.4005682],
					[335.6022727],
					[339.8039773],
					[355.9105114],
					[359.4119318],
					[363.6136364],
					[368.515625],
					[373.4176136],
					[380.4204545],
					[385.3224432],
					[391.625],
					[397.2272727],
					[404.2301136],
					[406.3309659],
					[416.8352273],
					[421.0369318],
					[430.8409091],
					[433.6420455],
					[439.9446023],
					[443.4460227],
					[450.4488636],
					[456.0511364],
					[464.4545455],
					[469.3565341],
					[477.0596591],
					[481.2613636],
					[486.1633523],
					[494.5667614],
					[504.3707386],
					[511.3735795],
					[515.5752841],
					[532.3821023],
					[540.0852273],
					[547.0880682],
					[550.5894886],
					[556.1917614],
					[563.1946023],
					[568.0965909],
					[588.4048295],
					[591.2059659],
					[595.4076705],
					[596.1079545],
					[605.9119318],
					[610.8139205],
					[615.7159091],
					[621.3181818],
					[638.125]
				],
				"y": [
					[121.9992898],
					[227.0419034],
					[280.9637784],
					[320.1796875],
					[339.087358],
					[360.0958807],
					[383.9055398],
					[405.6143466],
					[379.7038352],
					[423.821733],
					[372.7009943],
					[405.6143466],
					[395.1100852],
					[413.3174716],
					[379.0035511],
					[404.9140625],
					[393.009233],
					[413.3174716],
					[381.8046875],
					[421.7208807],
					[435.7265625],
					[416.118608],
					[381.1044034],
					[404.9140625],
					[390.9083807],
					[415.4183239],
					[395.8103693],
					[407.0149148],
					[394.4098011],
					[402.8132102],
					[394.4098011],
					[403.5134943],
					[395.1100852],
					[435.0262784],
					[384.6058239],
					[435.0262784],
					[381.8046875],
					[414.0177557],
					[404.9140625],
					[415.4183239],
					[415.4183239],
					[405.6143466],
					[417.5191761],
					[417.5191761],
					[403.5134943],
					[415.4183239],
					[422.4211648],
					[437.1271307],
					[417.5191761],
					[425.9225852],
					[403.5134943],
					[444.1299716],
					[420.3203125],
					[432.9254261],
					[402.8132102],
					[435.0262784],
					[414.0177557],
					[437.1271307],
					[404.9140625],
					[436.4268466],
					[423.821733],
					[423.821733],
					[404.9140625],
					[446.2308239],
					[413.3174716],
					[426.6228693],
					[425.9225852],
					[446.931108],
					[424.522017],
					[423.821733],
					[434.3259943],
					[434.3259943],
					[444.1299716],
					[437.1271307],
					[427.3231534],
					[436.4268466],
					[436.4268466],
					[425.9225852],
					[425.9225852],
					[434.3259943],
					[425.9225852],
					[435.0262784],
					[424.522017],
					[432.225142],
					[424.522017],
					[445.5305398],
					[446.931108]
				]
			},
			{
				"name": "Temp Means",
				"labelposition": [534.4829545,80.68252841,100.140625,18.90767045],
				"symbolposition": [484.0625,82.78338068,49.72017045,12.60511364],