{
	"data": {
		"imagename": "00649-10.1.1.408.9944-Figure-5",
		"difficult": 0,
		"curves": [
			{
				"name": "SC --> H",
				"labelposition": [445.0326705,302.8600852,74.25284091,20.765625],
				"symbolposition": [526.2073864,308.5234375,53.48721591,13.84375],
				"x": [
					[105.8607955],
					[123.4801136],
					[163.1235795],
					[198.9914773],
					[232.9715909],
					[272.6150568],
					[308.4829545],
					[344.3508523],
					[380.8480114],
					[455.1008523],
					[526.8366477],
					[598.5724432]
				],
				"y": [
					[229.2365057],
					[214.7634943],
					[187.0759943],
					[166.3103693],
					[160.0177557],
					[143.6569602],
					[135.4765625],
					[126.037642],
					[121.0035511],
					[105.9012784],
					[98.97940341],
					[93.9453125]
				]
			},
			{
				"name": "T --> H",
				"labelposition": [458.8764205,324.2549716,63.55539773,18.87784091],
				"symbolposition": [528.0951705,329.2890625,56.63352273,8.809659091],
				"x": [
					[105.8607955],
					[122.2215909],
					[161.8650568],
					[198.3622159],
					[235.4886364],
					[271.3565341],
					[305.9659091],
					[341.8338068],
					[382.7357955],
					[455.1008523],
					[527.4659091],
					[598.5724432]
				],
				"y": [
					[289.6455966],
					[261.3288352],
					[226.0901989],
					[206.5830966],
					[188.334517],
					[175.1200284],
					[169.4566761],
					[161.9055398],
					[150.5788352],
					[147.4325284],
					[134.2180398],
					[108.4183239]
				]
			},
			{
				"name": "SC --> T",
				"labelposition": [445.6619318,341.8742898,74.25284091,18.24857955],
				"symbolposition": [526.8366477,345.649858,52.85795455,10.69744318],
				"x": [
					[94.53409091],
					[100.1974432],
					[115.9289773],
					[127.8849432],
					[144.2457386],
					[158.0894886],
					[173.1917614],
					[190.1818182],
					[203.3963068],
					[233.6008523],
					[265.0639205],
					[289.6051136],
					[375.1846591],
					[456.359375],
					[543.1974432],
					[599.2017045]
				],
				"y": [
					[321.7379261],
					[312.2990057],
					[279.5774148],
					[256.9240057],
					[232.3828125],
					[224.8316761],
					[196.5149148],
					[194.6271307],
					[183.3004261],
					[173.2322443],
					[160.0177557],
					[150.5788352],
					[137.993608],
					[126.037642],
					[117.8572443],
					[106.5305398]
				]
			},
			{
				"name": "H --> T",
				"labelposition": [458.8764205,361.381392,61.66761364,16.36079545],
				"symbolposition": [524.3196023,364.5276989,57.26278409,10.69744318],
				"x": [
					[95.16335227],
					[101.4559659],
					[115.9289773],
					[131.03125],
					[144.875],
					[159.3480114],
					[176.9673295],
					[190.8110795],
					[205.9133523],
					[234.2301136],
					[260.6590909],
					[292.7514205],
					[375.8139205],
					[458.2471591],
					[545.0852273],
					[600.4602273]
				],
				"y": [
					[329.2890625],
					[295.9382102],
					[269.509233],
					[245.5973011],
					[228.6072443],
					[200.290483],
					[190.2223011],
					[183.3004261],
					[178.8955966],
					[169.4566761],
					[154.3544034],
					[146.803267],
					[139.2521307],
					[128.5546875],
					[122.2620739],
					[107.7890625]
				]
			}
		],
		"plotpos": [87.61221591,42.34588068,512.21875,341.0596591],
		"xax": {
			"titlepos": [288.9758523,419.9026989,109.4914773,21.39488636],
			"minpos": [80.06107955,393.4737216,18.87784091,17.61931818],
			"maxpos": [584.7286932,391.5859375,33.35085227,19.50710227],
			"type": 1
		},
		"yax": {
			"titlepos": [3.291193182,168.1981534,21.39488636,91.87215909],
			"minpos": [57.40767045,373.337358,19.50710227,25.17045455],
			"maxpos": [44.19318182,27.87286932,34.609375,25.79971591],
			"type": 1
		}
	}
}
