{
	"data": {
		"imagename": "00648-10.1.1.380.3514-Figure-3",
		"difficult": 0,
		"curves": [
			{
				"name": "L1 (District)",
				"labelposition": [348.4588068,156.306108,64.98579545,15.44744318],
				"symbolposition": [327.6846591,160.0348011,20.77414773,9.055397727],
				"x": [
					[68.80681818],
					[81.05823864],
					[95.44034091],
					[111.4204545],
					[127.9332386],
					[145.5113636],
					[168.9488636],
					[183.3309659],
					[210.4971591],
					[233.4019886],
					[260.5681818],
					[286.6690341],
					[318.0965909],
					[334.609375]
				],
				"y": [
					[333.1526989],
					[324.6299716],
					[297.9964489],
					[253.7848011],
					[203.181108],
					[162.6981534],
					[121.149858],
					[94.51633523],
					[65.75213068],
					[43.91264205],
					[28.99786932],
					[21.0078125],
					[14.08309659],
					[14.08309659]
				]
			},
			{
				"name": "L1 (Non-distinct)",
				"labelposition": [350.0568182,177.0802557,86.29261364,14.38210227],
				"symbolposition": [329.2826705,177.6129261,21.30681818,12.25142045],
				"x": [
					[65.61079545],
					[71.47017045],
					[78.39488636],
					[84.78693182],
					[89.58096591],
					[98.63636364],
					[109.8224432],
					[123.1392045],
					[144.4460227],
					[165.2201705],
					[180.6676136],
					[198.7784091],
					[224.3465909],
					[251.5127841],
					[277.0809659],
					[302.6491477]
				],
				"y": [
					[331.5546875],
					[280.4183239],
					[237.272017],
					[202.115767],
					[177.6129261],
					[149.9140625],
					[124.8785511],
					[99.31036932],
					[73.20951705],
					[52.96803977],
					[40.71661932],
					[31.12855114],
					[21.0078125],
					[16.21377841],
					[13.55042614],
					[13.01775568]
				]
			},
			{
				"name": "L2 (Distinct)",
				"labelposition": [350.0568182,196.256392,61.25710227,13.84943182],
				"symbolposition": [329.2826705,199.4524148,19.70880682,6.924715909],
				"x": [
					[72.00284091],
					[85.85227273],
					[94.375],
					[111.953125],
					[133.2599432],
					[153.5014205],
					[168.4161932],
					[188.6576705],
					[210.4971591],
					[232.3366477],
					[253.1107955],
					[276.5482955],
					[300.5184659],
					[329.8153409],
					[356.4488636]
				],
				"y": [
					[332.087358],
					[320.9012784],
					[303.3231534],
					[258.0461648],
					[203.7137784],
					[161.100142],
					[129.1399148],
					[98.24502841],
					[72.14417614],
					[48.70667614],
					[36.98792614],
					[25.80184659],
					[18.34446023],
					[14.08309659],
					[14.08309659]
				]
			},
			{
				"name": "L2 (Non-distinct)",
				"labelposition": [348.9914773,215.9651989,88.42329545,12.78409091],
				"symbolposition": [328.2173295,218.6285511,20.77414773,7.457386364],
				"x": [
					[69.87215909],
					[81.59090909],
					[92.24431818],
					[103.4303977],
					[115.1491477],
					[132.7272727],
					[150.3053977],
					[170.546875],
					[189.1903409],
					[211.5625],
					[225.9446023],
					[244.0553977],
					[266.4275568],
					[286.6690341],
					[310.6392045],
					[336.2073864],
					[356.9815341]
				],
				"y": [
					[331.022017],
					[323.0319602],
					[304.9211648],
					[279.352983],
					[248.4580966],
					[203.181108],
					[164.8288352],
					[127.5419034],
					[97.71235795],
					[71.07883523],
					[55.09872159],
					[39.65127841],
					[30.59588068],
					[22.07315341],
					[16.21377841],
					[13.55042614],
					[12.48508523]
				]
			},
			{
				"name": "PCA (Distinct)",
				"labelposition": [350.5894886,234.6086648,71.91051136,13.84943182],
				"symbolposition": [327.6846591,237.272017,21.30681818,9.588068182],
				"x": [
					[67.20880682],
					[79.99289773],
					[94.375],
					[106.6264205],
					[126.3352273],
					[148.1747159],
					[170.546875],
					[188.125],
					[214.2258523],
					[236.5980114],
					[258.9701705],
					[278.6789773],
					[305.8451705],
					[333.0113636],
					[353.7855114]
				],
				"y": [
					[332.6200284],
					[328.3586648],
					[317.7052557],
					[293.2024148],
					[254.850142],
					[207.975142],
					[157.9041193],
					[118.4865057],
					[78.00355114],
					[52.43536932],
					[34.32457386],
					[26.33451705],
					[17.27911932],
					[12.48508523],
					[13.01775568]
				]
			},
			{
				"name": "PCA (Non-distinct)",
				"labelposition": [350.5894886,254.850142,93.75,12.78409091],
				"symbolposition": [329.2826705,258.0461648,20.77414773,7.990056818],
				"x": [
					[65.078125],
					[70.40482955],
					[79.46022727],
					[89.58096591],
					[98.63636364],
					[109.8224432],
					[130.5965909],
					[152.4360795],
					[181.7329545],
					[208.3664773],
					[229.140625],
					[255.2414773],
					[275.4829545],
					[303.7144886],
					[341.0014205],
					[390.0071023],
					[464.0482955]
				],
				"y": [
					[332.087358],
					[297.4637784],
					[246.8600852],
					[201.5830966],
					[174.9495739],
					[145.1200284],
					[115.290483],
					[82.79758523],
					[56.1640625],
					[36.45525568],
					[24.20383523],
					[17.81178977],
					[15.1484375],
					[12.48508523],
					[12.48508523],
					[11.95241477],
					[12.48508523]
				]
			}
		],
		"plotpos": [58.15340909,8.223721591,406.4275568,325.9943182],
		"xax": {
			"titlepos": [162.5568182,357.1228693,181.1079545,15.98011364],
			"minpos": [57.08806818,344.3387784,16.51278409,12.78409091],
			"maxpos": [456.0582386,344.3387784,10.12073864,11.71875],
			"type": 1
		},
		"yax": {
			"titlepos": [2.755681818,19.40980114,24.50284091,313.7428977],
			"minpos": [32.05255682,326.227983,20.24147727,14.38210227],
			"maxpos": [21.39914773,4.495028409,31.96022727,12.25142045],
			"type": 1
		}
	}
}
