{
	"data": {
		"imagename": "00654-10.1.1.387.6310-Figure-4",
		"difficult": 0,
		"curves": [
			{
				"name": "Timing",
				"labelposition": [162.6704545,224.8643466,67.09517045,19.50994318],
				"symbolposition": [233.5724432,224.8643466,59.95738636,18.55823864],
				"x": [
					[116.5127841],
					[148.3948864],
					[178.3735795],
					[207.4005682],
					[237.3792614],
					[266.40625],
					[294.0056818],
					[324.9360795],
					[352.5355114],
					[384.8934659],
					[443.8991477]
				],
				"y": [
					[26.90980114],
					[26.90980114],
					[26.90980114],
					[38.80610795],
					[58.79190341],
					[68.78480114],
					[90.19815341],
					[79.72940341],
					[121.1285511],
					[259.1257102],
					[259.6015625]
				]
			},
			{
				"name": "Room Entry",
				"labelposition": [119.3678977,243.4225852,106.1150568,18.08238636],
				"symbolposition": [233.0965909,245.3259943,60.90909091,15.703125],
				"x": [
					[117.9403409],
					[145.5397727],
					[177.8977273],
					[206.9247159],
					[236.4275568],
					[265.4545455],
					[294.9573864],
					[323.984375],
					[354.9147727],
					[383.9417614],
					[415.3480114],
					[446.2784091]
				],
				"y": [
					[25.00639205],
					[27.86150568],
					[28.33735795],
					[38.80610795],
					[66.88139205],
					[101.618608],
					[122.556108],
					[137.3075284],
					[160.6242898],
					[202.4992898],
					[258.649858],
					[258.649858]
				]
			}
		],
		"plotpos": [95.09943182,7.399857955,368.7855114,263.6221591],
		"xax": {
			"titlepos": [228.8139205,308.1384943,102.3082386,24.26846591],
			"minpos": [116.0369318,281.0149148,36.640625,22.36505682],
			"maxpos": [413.9204545,279.587358,39.49573864,25.69602273],
			"type": 1
		},
		"yax": {
			"titlepos": [3.735795455,31.66832386,26.171875,217.9403409],
			"minpos": [72.25852273,244.3742898,14.27556818,32.35795455],
			"maxpos": [47.03835227,6.448153409,43.77840909,29.50284091],
			"type": 1
		}
	}
}
