{
	"data": {
		"imagename": "00653-10.1.1.357.3703-Figure-3",
		"difficult": 0,
		"curves": [
			{
				"name": "Uniform",
				"labelposition": [388.4857955,266.0276989,76.51278409,22.10369318],
				"symbolposition": [340.8778409,267.727983,47.04119318,15.30255682],
				"x": [
					[158.3806818],
					[199.1875],
					[233.7599432],
					[271.7329545],
					[309.1392045],
					[344.2784091],
					[382.8181818],
					[420.2244318],
					[457.0639205]
				],
				"y": [
					[283.0305398],
					[222.9538352],
					[166.8444602],
					[133.9723011],
					[99.96661932],
					[77.86292614],
					[54.05894886],
					[30.82173295],
					[17.21946023]
				]
			},
			{
				"name": "KG (Random)",
				"labelposition": [388.4857955,288.131392,132.6221591,25.50426136],
				"symbolposition": [342.578125,292.665483,45.90767045,13.03551136],
				"x": [
					[160.0809659],
					[199.1875],
					[234.3267045],
					[271.1661932],
					[307.4389205],
					[345.9786932],
					[383.3849432],
					[455.3636364]
				],
				"y": [
					[221.2535511],
					[145.8742898],
					[104.5007102],
					[76.72940341],
					[50.65838068],
					[29.68821023],
					[16.65269886],
					[16.65269886]
				]
			},
			{
				"name": "Opt-KG",
				"labelposition": [390.1860795,313.6356534,80.48011364,22.67045455],
				"symbolposition": [340.8778409,317.602983,49.30823864,12.46875],
				"x": [
					[158.3806818],
					[195.7869318],
					[234.3267045],
					[270.5994318],
					[307.4389205],
					[345.9786932],
					[381.6846591],
					[420.7911932],
					[458.1974432]
				],
				"y": [
					[199.149858],
					[97.1328125],
					[67.09446023],
					[31.95525568],
					[20.62002841],
					[15.51917614],
					[17.78622159],
					[16.0859375],
					[17.21946023]
				]
			}
		],
		"plotpos": [85.26846591,12.11860795,445.4744318,330.9886364],
		"xax": {
			"titlepos": [241.6946023,368.6115057,136.5894886,27.20454545],
			"minpos": [78.46732955,349.9083807,11.90198864,22.67045455],
			"maxpos": [517.7073864,349.3416193,27.77130682,22.67045455],
			"type": 1
		},
		"yax": {
			"titlepos": [4.221590909,119.2365057,32.30539773,117.3196023],
			"minpos": [38.79403409,335.1725852,41.94034091,17.00284091],
			"maxpos": [37.09375,1.350142045,44.20738636,22.67045455],
			"type": 1
		}
	}
}
