{
	"data": {
		"imagename": "00652-10.1.1.164.1174-Figure-5",
		"difficult": 0,
		"curves": [
			{
				"name": "forest decoding",
				"labelposition": [298.9005682,41.12144886,184.2826705,31.04403409],
				"symbolposition": [495.0724432,45.08451705,89.82954545,13.87073864],
				"x": [
					[110.6548295],
					[111.9758523],
					[113.9573864],
					[117.9204545],
					[119.9019886],
					[135.7542614],
					[139.7173295],
					[145.6619318],
					[154.9090909],
					[162.8352273],
					[167.4588068],
					[174.7244318],
					[177.3664773],
					[183.3110795],
					[185.2926136],
					[198.5028409],
					[204.4474432],
					[207.0894886],
					[213.6946023],
					[222.9417614],
					[226.2443182],
					[233.5099432],
					[244.7386364],
					[258.609375],
					[264.5539773],
					[281.0667614],
					[286.3508523],
					[289.6534091],
					[302.203125],
					[316.734375],
					[325.9815341],
					[349.0994318],
					[356.3650568],
					[362.3096591],
					[364.9517045],
					[395.9957386],
					[407.8849432],
					[421.7556818],
					[429.6818182],
					[439.5894886],
					[473.2755682],
					[483.1832386],
					[488.4673295],
					[499.0355114],
					[500.3565341],
					[508.9431818],
					[589.5255682],
					[604.7173295],
					[614.625]
				],
				"y": [
					[46.40553977],
					[117.0802557],
					[203.6072443],
					[258.4296875],
					[298.7208807],
					[350.240767],
					[345.6171875],
					[355.524858],
					[351.5617898],
					[360.1484375],
					[360.8089489],
					[365.4325284],
					[354.2038352],
					[358.8274148],
					[353.5433239],
					[366.7535511],
					[362.790483],
					[364.1115057],
					[360.1484375],
					[368.0745739],
					[361.4694602],
					[363.4509943],
					[368.7350852],
					[365.4325284],
					[367.4140625],
					[366.7535511],
					[366.7535511],
					[364.772017],
					[367.4140625],
					[364.1115057],
					[367.4140625],
					[368.7350852],
					[366.0930398],
					[365.4325284],
					[371.3771307],
					[368.0745739],
					[365.4325284],
					[370.056108],
					[368.0745739],
					[370.056108],
					[368.7350852],
					[366.0930398],
					[368.7350852],
					[368.7350852],
					[368.0745739],
					[368.7350852],
					[368.0745739],
					[366.7535511],
					[370.056108]
				]
			},
			{
				"name": "30-best trees",
				"labelposition": [321.3579545,82.73366477,159.84375,35.00710227],
				"symbolposition": [489.1278409,89.33877841,95.77414773,17.83380682],
				"x": [
					[109.9943182],
					[111.9758523],
					[113.9573864],
					[115.9389205],
					[119.2414773],
					[125.1860795],
					[129.8096591],
					[139.7173295],
					[147.6434659],
					[155.5696023],
					[159.5326705],
					[169.4403409],
					[171.421875],
					[180.6690341],
					[188.5951705],
					[195.2002841],
					[195.2002841],
					[199.8238636],
					[205.7684659],
					[213.0340909],
					[216.3366477],
					[222.9417614],
					[232.1889205],
					[237.4730114],
					[245.3991477],
					[251.34375],
					[260.5909091]
				],
				"y": [
					[20.64559659],
					[64.89985795],
					[130.290483],
					[197.662642],
					[254.4666193],
					[289.4737216],
					[325.8018466],
					[321.8387784],
					[334.3884943],
					[337.6910511],
					[349.5802557],
					[341.6541193],
					[347.5987216],
					[340.3330966],
					[343.6356534],
					[343.6356534],
					[346.9382102],
					[347.5987216],
					[352.2223011],
					[342.3146307],
					[352.2223011],
					[350.240767],
					[357.506392],
					[343.6356534],
					[358.8274148],
					[359.4879261],
					[350.240767]
				]
			}
		],
		"plotpos": [104.7102273,17.34303977,513.2173295,353.3735795],
		"xax": {
			"titlepos": [79.61079545,425.5390625,565.3977273,35.66761364],
			"minpos": [98.765625,385.9083807,23.11789773,31.04403409],
			"maxpos": [596.1306818,385.9083807,48.87784091,27.74147727],
			"type": 1
		},
		"yax": {
			"titlepos": [1.009943182,22.62713068,41.61221591,361.2997159],
			"minpos": [70.36363636,356.1853693,23.77840909,29.72301136],
			"maxpos": [53.85085227,2.811789773,38.30965909,28.40198864],
			"type": 1
		}
	}
}
