{
	"data": {
		"imagename": "00660-10.1.1.48.9993-Figure-2",
		"difficult": 0,
		"curves": [
			{
				"name": "LOOM 1.3",
				"labelposition": [158.6747159,452.4140625,125.75,33.58096591],
				"symbolposition": [66.50568182,452.4140625,85.73863636,29.29403409],
				"x": [
					[147.9573864],
					[260.1321023],
					[365.1619318],
					[472.3352273],
					[578.7940341]
				],
				"y": [
					[115.8899148],
					[275.2208807],
					[271.6484375],
					[274.506392],
					[270.9339489]
				]
			},
			{
				"name": "LOOM 1.4.1",
				"labelposition": [420.8920455,454.5575284,145.7556818,31.4375],
				"symbolposition": [321.578125,453.1285511,92.88352273,27.15056818],
				"x": [
					[152.2443182],
					[260.1321023],
					[368.734375],
					[474.4786932],
					[580.2230114]
				],
				"y": [
					[49.44247159],
					[226.6356534],
					[250.928267],
					[252.3572443],
					[251.6427557]
				]
			}
		],
		"plotpos": [100.0866477,17.29048295,480.1363636,326.5213068],
		"xax": {
			"titlepos": [259.4176136,400.256392,172.1917614,35.00994318],
			"minpos": [141.5269886,363.102983,22.86363636,20.72017045],
			"maxpos": [570.9346591,358.8160511,18.57670455,26.43607955],
			"type": 1
		},
		"yax": {
			"titlepos": [2.201704545,132.3231534,30.00852273,123.6065341],
			"minpos": [67.93465909,329.522017,19.29119318,23.578125],
			"maxpos": [50.07244318,3.000710227,35.72443182,25.72159091],
			"type": 1
		}
	}
}
