{
	"data": {
		"imagename": "00665-10.1.1.332.5544-Figure-6",
		"difficult": 0,
		"curves": {
			"name": "Scale ratio r",
			"labelposition": [272.7940341,7.950994318,84.82670455,17.95880682],
			"symbolposition": [232.6732955,12.15411932,38.97443182,8.40625],
			"x": [
				[62.25568182],
				[68.36931818],
				[70.66193182],
				[70.66193182],
				[72.95454545],
				[74.86505682],
				[76.39346591],
				[77.15767045],
				[82.125],
				[83.27130682],
				[85.18181818],
				[86.71022727],
				[87.85653409],
				[90.91335227],
				[90.14914773],
				[92.44176136],
				[93.58806818],
				[95.88068182],
				[97.02698864],
				[103.9048295],
				[103.9048295],
				[107.34375],
				[108.4900568],
				[109.6363636],
				[111.546875],
				[114.6036932],
				[115.75],
				[117.2784091],
				[120.3352273],
				[123.7741477],
				[124.9204545],
				[129.1235795],
				[136.3835227],
				[138.6761364],
				[140.96875],
				[145.171875],
				[149.375],
				[148.9928977],
				[152.4318182],
				[154.3423295],
				[156.2528409],
				[157.78125],
				[158.9275568],
				[160.4559659],
				[161.6022727],
				[163.1306818],
				[165.4232955],
				[165.4232955],
				[168.8622159],
				[171.1548295],
				[171.1548295],
				[173.8295455],
				[176.5042614],
				[177.6505682],
				[179.5610795],
				[181.4715909],
				[183.7642045],
				[185.6747159],
				[185.6747159],
				[188.7315341],
				[191.40625],
				[193.3167614],
				[195.9914773],
				[197.5198864],
				[198.2840909],
				[201.3409091],
				[203.2514205],
				[204.015625],
				[206.6903409],
				[208.6008523],
				[208.6008523],
				[213.1860795],
				[215.4786932],
				[218.9176136],
				[221.2102273],
				[223.5028409],
				[226.5596591],
				[226.9417614],
				[226.9417614],
				[229.234375],
				[232.6732955],
				[236.1122159],
				[238.0227273],
				[239.5511364],
				[240.6974432],
				[246.046875],
				[247.1931818],
				[246.4289773],
				[248.7215909],
				[248.7215909],
				[262.0951705],
				[262.4772727],
				[262.4772727],
				[264.7698864],
				[267.0625],
				[267.0625],
				[268.9730114],
				[271.6477273],
				[271.6477273],
				[271.6477273],
				[275.0866477],
				[275.0866477],
				[278.1434659],
				[278.5255682],
				[279.671875],
				[286.5497159],
				[287.3139205],
				[287.6960227],
				[289.9886364],
				[291.1349432],
				[292.28125],
				[296.8664773],
				[299.1590909],
				[300.3053977],
				[303.7443182],
				[305.6548295],
				[306.0369318],
				[306.4190341],
				[307.5653409],
				[309.8579545],
				[310.2400568],
				[312.9147727],
				[314.8252841],
				[316.7357955],
				[317.5],
				[321.703125],
				[324.7599432],
				[325.90625],
				[325.5241477],
				[327.8167614],
				[329.7272727],
				[332.0198864],
				[333.9303977],
				[335.0767045],
				[335.4588068],
				[337.3693182],
				[338.1335227],
				[339.6619318],
				[341.1903409],
				[343.1008523],
				[343.4829545],
				[345.0113636],
				[346.1576705],
				[348.8323864]
			],
			"y": [
				[117.2322443],
				[12.91832386],
				[12.15411932],
				[22.47088068],
				[12.15411932],
				[22.47088068],
				[12.53622159],
				[43.86860795],
				[44.25071023],
				[37.37286932],
				[75.58309659],
				[46.16122159],
				[74.43678977],
				[54.18536932],
				[64.50213068],
				[44.6328125],
				[31.64133523],
				[20.56036932],
				[11.0078125],
				[12.91832386],
				[23.6171875],
				[36.99076705],
				[53.80326705],
				[34.31605114],
				[24.76349432],
				[13.68252841],
				[23.23508523],
				[14.44673295],
				[24.38139205],
				[12.53622159],
				[43.10440341],
				[13.68252841],
				[12.53622159],
				[42.72230114],
				[46.16122159],
				[108.8259943],
				[111.118608],
				[119.1427557],
				[89.72088068],
				[120.6711648],
				[139.0120739],
				[143.9794034],
				[162.7024148],
				[191.3600852],
				[179.5149148],
				[141.3046875],
				[159.6455966],
				[152.3856534],
				[173.0191761],
				[164.9950284],
				[153.5319602],
				[142.8330966],
				[123.3458807],
				[162.3203125],
				[171.1086648],
				[180.6612216],
				[202.8231534],
				[195.5632102],
				[204.3515625],
				[195.5632102],
				[174.165483],
				[181.8075284],
				[205.115767],
				[194.7990057],
				[184.100142],
				[193.2705966],
				[177.2223011],
				[202.0589489],
				[185.2464489],
				[193.6526989],
				[205.4978693],
				[205.4978693],
				[173.0191761],
				[109.9723011],
				[57.62428977],
				[35.08025568],
				[26.67400568],
				[31.64133523],
				[25.14559659],
				[49.21803977],
				[112.2649148],
				[152.0035511],
				[192.1242898],
				[174.165483],
				[205.115767],
				[204.3515625],
				[194.7990057],
				[202.4410511],
				[196.709517],
				[203.9694602],
				[203.9694602],
				[195.5632102],
				[204.3515625],
				[195.5632102],
				[182.9538352],
				[193.2705966],
				[204.3515625],
				[204.7336648],
				[195.5632102],
				[203.2052557],
				[203.9694602],
				[194.4169034],
				[199.384233],
				[194.4169034],
				[205.115767],
				[203.9694602],
				[194.4169034],
				[172.6370739],
				[163.4666193],
				[189.8316761],
				[204.7336648],
				[204.7336648],
				[184.4822443],
				[193.6526989],
				[142.068892],
				[131.7521307],
				[140.9225852],
				[149.7109375],
				[142.8330966],
				[160.0276989],
				[173.0191761],
				[194.4169034],
				[182.9538352],
				[182.9538352],
				[194.4169034],
				[140.540483],
				[139.7762784],
				[129.459517],
				[140.1583807],
				[141.6867898],
				[155.0603693],
				[190.2137784],
				[195.5632102],
				[206.2620739],
				[194.7990057],
				[159.6455966],
				[142.068892],
				[172.6370739],
				[151.6214489],
				[141.3046875],
				[149.7109375],
				[160.0276989],
				[174.9296875],
				[203.9694602]
			]
		},
		"plotpos": [61.109375,9.097301136,288.8693182,215.8877841],
		"xax": {
			"titlepos": [162.7485795,251.350142,82.53409091,16.43039773],
			"minpos": [56.90625,230.334517,8.788352273,14.51988636],
			"maxpos": [334.3125,228.4240057,27.12926136,16.43039773],
			"type": 1
		},
		"yax": {
			"titlepos": [1.119318182,68.70525568,25.60085227,94.37926136],
			"minpos": [37.80113636,218.4893466,18.34090909,12.99147727],
			"maxpos": [34.74431818,3.747869318,23.30823864,16.43039773],
			"type": 1
		}
	}
}
