{
	"data": {
		"imagename": "00676-10.1.1.187.7482-Figure-5",
		"difficult": 0,
		"curves": [
			{
				"name": "Singer-Specific Training",
				"labelposition": [116.484375,338.181108,187.8409091,21.00852273],
				"symbolposition": [76.32102273,342.506392,40.16335227,11.12215909],
				"x": [
					[87.44318182],
					[140.5823864],
					[301.2357955],
					[353.7571023],
					[408.1321023],
					[460.0355114],
					[513.7926136],
					[568.7855114]
				],
				"y": [
					[270.212358],
					[181.852983],
					[123.7705966],
					[75.57457386],
					[77.42826705],
					[93.49360795],
					[173.8203125],
					[137.3643466]
				]
			},
			{
				"name": "Non-Singer-Specific Training",
				"labelposition": [346.9602273,337.5632102,226.7684659,21.62642045],
				"symbolposition": [306.796875,344.3600852,41.39914773,8.032670455],
				"x": [
					[86.82528409],
					[139.9644886],
					[194.3394886],
					[247.4786932],
					[308.6505682],
					[336.4559659],
					[354.375],
					[444.5880682],
					[460.0355114],
					[510.703125],
					[557.6633523]
				],
				"y": [
					[277.6271307],
					[278.8629261],
					[248.5859375],
					[264.6512784],
					[235.6100852],
					[215.2194602],
					[198.5362216],
					[197.9183239],
					[194.8288352],
					[258.4723011],
					[268.9765625]
				]
			}
		],
		"plotpos": [59.63778409,37.8828125,532.6278409,338.6079545],
		"xax": {
			"titlepos": [196.8110795,404.9140625,258.8991477,27.80539773],
			"minpos": [70.75994318,384.5234375,34.60227273,17.30113636],
			"maxpos": [553.9559659,385.1413352,24.71590909,18.53693182],
			"type": 1
		},
		"yax": {
			"titlepos": [5.262784091,70.63139205,20.390625,266.3139205],
			"minpos": [40.48295455,368.4580966,14.82954545,14.21164773],
			"maxpos": [20.71022727,27.99644886,32.13068182,17.91903409],
			"type": 1
		}
	}
}
