{
	"data": {
		"imagename": "00683-10.1.1.149.6285-Figure-1",
		"difficult": 0,
		"curves": [
			{
				"name": "10 Examples",
				"labelposition": [442.6363636,337.4041193,124.0639205,26.74431818],
				"symbolposition": [372.0610795,342.6044034,71.31818182,13.37215909],
				"x": [
					[74.15909091],
					[79.359375],
					[88.27414773],
					[100.9034091],
					[121.7045455],
					[152.90625],
					[202.6803977],
					[265.0838068],
					[372.0610795],
					[474.5809659],
					[579.3295455]
				],
				"y": [
					[466.6683239],
					[312.8884943],
					[253.4566761],
					[211.1115057],
					[180.6526989],
					[157.6228693],
					[136.0788352],
					[120.477983],
					[107.1058239],
					[99.67684659],
					[91.50497159]
				]
			},
			{
				"name": "20 Examples",
				"labelposition": [440.4076705,366.3771307,126.2926136,26.00142045],
				"symbolposition": [369.8323864,369.3487216,68.34659091,16.34375],
				"x": [
					[74.90198864],
					[79.359375],
					[89.75994318],
					[109.8181818],
					[141.7627841],
					[190.7940341],
					[275.484375],
					[378.0042614],
					[478.2954545],
					[571.9005682]
				],
				"y": [
					[470.3828125],
					[350.7762784],
					[305.459517],
					[272.0291193],
					[247.5134943],
					[229.6839489],
					[213.3401989],
					[200.7109375],
					[193.2819602],
					[188.8245739]
				]
			},
			{
				"name": "30 Examples",
				"labelposition": [442.6363636,396.0930398,123.3210227,23.77272727],
				"symbolposition": [367.6036932,399.8075284,73.546875,13.37215909],
				"x": [
					[78.61647727],
					[79.359375],
					[85.30255682],
					[98.67471591],
					[127.6477273],
					[167.0213068],
					[221.9957386],
					[302.2286932],
					[409.9488636],
					[496.8678977],
					[577.1008523]
				],
				"y": [
					[464.4396307],
					[381.2350852],
					[349.290483],
					[316.602983],
					[294.3160511],
					[279.4580966],
					[266.0859375],
					[255.6853693],
					[246.7705966],
					[240.8274148],
					[236.3700284]
				]
			},
			{
				"name": "40 Examples",
				"labelposition": [443.3792614,422.837358,121.8352273,25.25852273],
				"symbolposition": [371.3181818,430.2663352,71.31818182,12.62926136],
				"x": [
					[77.13068182],
					[79.359375],
					[87.53125],
					[108.3323864],
					[150.6775568],
					[242.0539773],
					[337.1448864],
					[430.0071023],
					[503.5539773],
					[577.1008523]
				],
				"y": [
					[464.4396307],
					[386.4353693],
					[357.462358],
					[327.0035511],
					[308.431108],
					[289.8586648],
					[280.943892],
					[274.2578125],
					[269.8004261],
					[267.571733]
				]
			}
		],
		"plotpos": [76.38778409,39.50213068,502.9417614,430.8806818],
		"xax": {
			"titlepos": [226.453125,500.8416193,202.8110795,21.54403409],
			"minpos": [68.21590909,478.5546875,17.08664773,23.02982955],
			"maxpos": [556.2997159,476.3259943,41.60227273,22.28693182],
			"type": 1
		},
		"yax": {
			"titlepos": [2.098011364,75.16122159,25.25852273,370.7059659],
			"minpos": [45.18607955,458.4964489,25.25852273,23.77272727],
			"maxpos": [31.07102273,25.38707386,39.37357955,26.74431818],
			"type": 1
		}
	}
}
