{
	"data": {
		"imagename": "00685-10.1.1.308.144-Figure-4",
		"difficult": 0,
		"curves": [
			{
				"name": "100",
				"labelposition": [539.3678606,54.69748306,33.77347531,18.0929332],
				"symbolposition": [482.6766699,58.91916747,54.88189739,10.85575992],
				"x": [
					[147.3543078],
					[153.9883833],
					[170.875121],
					[190.7773475],
					[219.1229429],
					[225.1539206],
					[231.7879961],
					[242.0406583],
					[265.5614714],
					[283.0513069],
					[305.3659245],
					[365.0726041]
				],
				"y": [
					[285.6839303],
					[259.1476283],
					[225.374153],
					[190.3944821],
					[166.8736689],
					[145.1621491],
					[118.625847],
					[96.31122943],
					[72.18731849],
					[43.84172314],
					[31.17666989],
					[11.87754114]
				]
			},
			{
				"name": "200",
				"labelposition": [538.1616651,76.4090029,33.17037754,18.69603098],
				"symbolposition": [486.2952565,80.02758955,51.26331075,12.66505324],
				"x": [
					[163.6379477],
					[179.9215876],
					[199.8238141],
					[220.9322362],
					[234.803485],
					[251.0871249],
					[263.1490803],
					[283.6544046],
					[295.7163601],
					[306.57212],
					[323.4588577],
					[332.5053243]
				],
				"y": [
					[285.6839303],
					[254.9259439],
					[230.1989351],
					[206.678122],
					[186.1727977],
					[151.1931268],
					[127.0692159],
					[103.5484027],
					[75.20280736],
					[51.07889642],
					[22.13020329],
					[11.87754114]
				]
			},
			{
				"name": "300",
				"labelposition": [538.7647628,98.12052275,31.96418199,16.88673766],
				"symbolposition": [484.4859632,102.3422072,54.27879961,10.25266215],
				"x": [
					[138.3078412],
					[154.5914811],
					[165.447241],
					[175.6999032],
					[188.3649564],
					[200.4269119],
					[215.5043562],
					[229.375605],
					[244.4530494],
					[255.3088093],
					[272.7986447],
					[293.303969],
					[318.6340755]
				],
				"y": [
					[284.4777348],
					[267.5909971],
					[251.3073572],
					[229.5958374],
					[205.4719264],
					[186.1727977],
					[166.2705712],
					[145.1621491],
					[112.5948693],
					[91.48644724],
					[69.7749274],
					[41.42933204],
					[13.68683446]
				]
			},
			{
				"name": "400",
				"labelposition": [539.9709584,119.8320426,30.75798645,16.88673766],
				"symbolposition": [487.5014521,123.4506292,50.0571152,10.85575992],
				"x": [
					[183.5401742],
					[200.4269119],
					[222.7415295],
					[239.6282672],
					[262.5459826],
					[277.6234269],
					[295.7163601],
					[322.8557599],
					[328.8867377],
					[345.1703775],
					[369.8973863],
					[406.0832527],
					[417.5421104]
				],
				"y": [
					[286.2870281],
					[256.7352372],
					[228.3896418],
					[200.0440465],
					[167.4767667],
					[134.9094869],
					[104.1515005],
					[71.58422072],
					[46.25411423],
					[36.60454985],
					[26.95498548],
					[15.49612778],
					[10.6713456]
				]
			},
			{
				"name": "500",
				"labelposition": [539.3678606,140.3373669,33.17037754,19.29912875],
				"symbolposition": [489.9138432,145.1621491,48.85091965,11.4588577],
				"x": [
					[143.7357212],
					[161.8286544],
					[168.4627299],
					[179.9215876],
					[188.9680542],
					[210.6795741],
					[228.1694095],
					[242.0406583],
					[257.7212004],
					[274.0048403],
					[294.5101646],
					[306.57212],
					[321.0464666],
					[347.5827686]
				],
				"y": [
					[285.0808325],
					[262.1631171],
					[248.2918683],
					[226.5803485],
					[215.7245886],
					[189.7913843],
					[165.6674734],
					[134.3063892],
					[108.9762827],
					[80.63068732],
					[49.2696031],
					[37.20764763],
					[27.55808325],
					[11.87754114]
				]
			},
			{
				"name": "600",
				"labelposition": [538.1616651,160.8426912,32.56727977,19.90222652],
				"symbolposition": [487.5014521,166.2705712,49.45401742,9.649564376],
				"x": [
					[198.6176186],
					[219.7260407],
					[239.0251694],
					[257.7212004],
					[277.6234269],
					[296.3194579],
					[313.8092933],
					[331.9022265],
					[351.804453],
					[364.4695063],
					[380.7531462]
				],
				"y": [
					[285.6839303],
					[260.3538238],
					[233.214424],
					[200.6471442],
					[163.8581801],
					[130.6878025],
					[104.1515005],
					[71.58422072],
					[43.84172314],
					[29.36737657],
					[11.87754114]
				]
			},
			{
				"name": "700",
				"labelposition": [538.7647628,183.7604066,30.75798645,17.48983543],
				"symbolposition": [486.2952565,187.982091,51.86640852,10.85575992],
				"x": [
					[293.9070668],
					[312],
					[328.8867377],
					[338.536302],
					[352.4075508],
					[366.2787996],
					[382.5624395],
					[399.4491772],
					[417.5421104],
					[435.6350436],
					[451.3155857],
					[471.2178122],
					[480.8673766]
				],
				"y": [
					[285.0808325],
					[266.3848015],
					[246.482575],
					[228.3896418],
					[207.8843175],
					[184.3635044],
					[152.3993224],
					[121.6413359],
					[96.9143272],
					[65.55324298],
					[40.82623427],
					[20.92400774],
					[11.27444337]
				]
			},
			{
				"name": "800",
				"labelposition": [537.5585673,203.0595353,34.97967086,19.90222652],
				"symbolposition": [484.4859632,209.0905131,51.86640852,10.85575992],
				"x": [
					[278.8296225],
					[300.5411423],
					[316.8247822],
					[330.696031],
					[341.5517909],
					[359.6447241],
					[378.9438529],
					[395.8305905],
					[415.732817],
					[429.6040658],
					[444.6815102],
					[473.6302033],
					[506.8005808],
					[538.1616651]
				],
				"y": [
					[285.0808325],
					[266.3848015],
					[247.6887706],
					[221.7555663],
					[197.6316554],
					[174.1108422],
					[143.9559535],
					[116.213456],
					[80.63068732],
					[62.53775411],
					[49.2696031],
					[33.58906099],
					[22.73330106],
					[11.27444337]
				]
			},
			{
				"name": "900",
				"labelposition": [539.9709584,225.374153,31.96418199,18.69603098],
				"symbolposition": [487.5014521,231.4051307,50.0571152,9.649564376],
				"x": [
					[152.17909],
					[170.2720232],
					[179.3184898],
					[196.2052275],
					[213.0919652],
					[224.5508228],
					[239.0251694],
					[256.5150048],
					[269.7831559],
					[279.4327202],
					[292.7008712],
					[304.7628267],
					[318.6340755],
					[360.8509197],
					[408.4956438]
				],
				"y": [
					[285.0808325],
					[262.1631171],
					[245.8794773],
					[230.1989351],
					[198.2347531],
					[180.1418199],
					[160.2395934],
					[136.1156825],
					[101.7391094],
					[86.05856728],
					[69.17182962],
					[51.68199419],
					[42.63552759],
					[27.55808325],
					[10.6713456]
				]
			},
			{
				"name": "1000",
				"labelposition": [537.5585673,246.482575,47.04162633,21.71151985],
				"symbolposition": [488.1045499,250.1011617,50.66021297,12.66505324],
				"x": [
					[215.5043562],
					[242.0406583],
					[266.1645692],
					[287.2729913],
					[302.9535334],
					[328.2836399],
					[365.0726041],
					[390.4027106],
					[408.4956438],
					[429.6040658],
					[442.8722168],
					[453.7279768],
					[480.2642788],
					[536.3523717],
					[586.4094869]
				],
				"y": [
					[284.4777348],
					[262.7662149],
					[240.4515973],
					[218.1369797],
					[195.8223621],
					[168.6829622],
					[136.7187803],
					[112.5948693],
					[96.31122943],
					[72.18731849],
					[53.49128751],
					[42.03242982],
					[34.19215876],
					[22.73330106],
					[11.87754114]
				]
			}
		],
		"plotpos": [75.5856728,10.06824782,540.9787028,275.6156825],
		"xax": {
			"titlepos": [229.375605,317.6481123,166.4549855,22.91771539],
			"minpos": [61.71442401,300.1582769,28.34559535,18.69603098],
			"maxpos": [605.7086157,296.5396902,15.07744434,22.91771539],
			"type": 1
		},
		"yax": {
			"titlepos": [3.213939981,18.51161665,24.72700871,271.9970958],
			"minpos": [36.9874153,276.0343659,26.53630203,21.71151985],
			"maxpos": [28.54404647,1.624878993,35.58276864,16.88673766],
			"type": 1
		}
	}
}
