{
	"data": {
		"imagename": "00693-10.1.1.127.8012-Figure-2",
		"difficult": 0,
		"curves": [
			{
				"name": "TREC 2003",
				"labelposition": [498.231365,19.31510165,58.55663117,10.05517909],
				"symbolposition": [559.7454017,19.31510165,30.16553727,9.463697967],
				"x": [
					[58.76089061],
					[117.3175218],
					[178.2400774],
					[241.5285576],
					[300.0851888],
					[358.0503388],
					[476.9380445],
					[599.374637]
				],
				"y": [
					[236.3886738],
					[168.9598258],
					[166.0024201],
					[160.67909],
					[158.9046467],
					[151.8068732],
					[150.6239109],
					[148.2579864]
				]
			},
			{
				"name": "TREC 2004",
				"labelposition": [498.231365,28.18731849,59.14811229,13.0125847],
				"symbolposition": [560.928364,31.1447241,29.57405615,10.64666021],
				"x": [
					[59.35237173],
					[119.6834463],
					[178.2400774],
					[237.9796709],
					[297.1277832],
					[420.1558567],
					[540.2265247],
					[599.9661181]
				],
				"y": [
					[184.3383349],
					[152.3983543],
					[146.4835431],
					[146.4835431],
					[146.4835431],
					[141.160213],
					[139.3857696],
					[141.160213]
				]
			},
			{
				"name": "TREC 2005",
				"labelposition": [499.4143272,42.38286544,57.96515005,11.23814134],
				"symbolposition": [559.1539206,43.56582769,31.34849952,9.463697967],
				"x": [
					[57.57792836],
					[117.9090029],
					[179.4230397],
					[239.1626331],
					[298.9022265],
					[358.0503388],
					[418.3814134],
					[478.1210068],
					[540.8180058],
					[598.7831559]
				],
				"y": [
					[263.0053243],
					[181.3809293],
					[169.5513069],
					[168.9598258],
					[166.0024201],
					[170.142788],
					[171.9172314],
					[167.7768635],
					[173.6916747],
					[169.5513069]
				]
			}
		],
		"plotpos": [57.57792836,13.40029042,542.3881897,321.7657309],
		"xax": {
			"titlepos": [274.6515005,357.642304,105.875121,13.60406583],
			"minpos": [51.07163601,339.3063892,15.96999032,12.42110358],
			"maxpos": [595.2342691,339.3063892,11.82962246,13.60406583],
			"type": 1
		},
		"yax": {
			"titlepos": [4.344627299,141.160213,12.42110358,71.56921588],
			"minpos": [26.22942885,306.1834463,29.57405615,17.74443369],
			"maxpos": [41.60793804,6.893998064,13.60406583,12.42110358],
			"type": 1
		}
	}
}
