{
	"data": {
		"imagename": "00691-10.1.1.414.5082-Figure-5",
		"difficult": 0,
		"curves": [
			{
				"name": "Our Approach",
				"labelposition": [315.2002841,29.33451705,95.12926136,17.74431818],
				"symbolposition": [278.7258523,31.79900568,36.96732955,10.84375],
				"x": [
					[120.0127841],
					[187.046875],
					[250.6306818],
					[315.2002841],
					[380.7556818]
				],
				"y": [
					[64.82315341],
					[44.61434659],
					[101.790483],
					[155.5163352],
					[225.5078125]
				]
			},
			{
				"name": "Cheng's Method",
				"labelposition": [313.7215909,45.60014205,105.9730114,17.74431818],
				"symbolposition": [278.7258523,49.05042614,34.99573864,10.35085227],
				"x": [
					[121.4914773],
					[185.5681818],
					[251.6164773],
					[314.2144886],
					[381.7414773]
				],
				"y": [
					[271.3473011],
					[239.3089489],
					[226.0007102],
					[210.227983],
					[210.7208807]
				]
			},
			{
				"name": "Sadilek's Method",
				"labelposition": [315.2002841,62.35866477,108.9303977,16.265625],
				"symbolposition": [276.7542614,65.80894886,35.98153409,11.33664773],
				"x": [
					[121.4914773],
					[188.5255682],
					[249.1519886],
					[316.6789773],
					[378.7840909]
				],
				"y": [
					[236.3515625],
					[210.227983],
					[199.384233],
					[182.6257102],
					[182.1328125]
				]
			}
		],
		"plotpos": [56.921875,11.09730114,385.9389205,284.4019886],
		"xax": {
			"titlepos": [237.8153409,326.5518466,21.6875,18.23721591],
			"minpos": [96.35369318,304.3714489,47.31818182,17.74431818],
			"maxpos": [361.0397727,304.3714489,34.99573864,20.20880682],
			"type": 1
		},
		"yax": {
			"titlepos": [0.7315340909,128.899858,26.12357955,70.484375],
			"minpos": [22.41903409,285.1484375,25.13778409,20.20880682],
			"maxpos": [24.88352273,2.225142045,23.65909091,16.265625],
			"type": 1
		}
	}
}
