{
	"data": {
		"imagename": "00708-10.1.1.378.1753-Figure-2",
		"difficult": 0,
		"curves": [
			{
				"name": "English Dataset: auto-connector model",
				"labelposition": [269.9264279,2.984027106,329.0561471,25.60019361],
				"symbolposition": [211.857696,8.603581801,58.69312682,11.86350436],
				"x": [
					[95.72023233],
					[105.7105518],
					[113.2032914],
					[113.2032914],
					[128.1887706],
					[143.1742498],
					[159.4085189],
					[169.3988383],
					[170.6476283],
					[187.5062924],
					[188.1306873],
					[205.6137464],
					[208.7357212],
					[223.7212004],
					[226.2187803],
					[262.4336883],
					[261.8092933],
					[298.0242014],
					[300.5217812],
					[335.4878993],
					[337.3610842],
					[354.8441433],
					[356.0929332],
					[430.3959342],
					[429.7715392],
					[447.2545983],
					[449.1277832],
					[464.1132623],
					[465.9864472]
				],
				"y": [
					[266.4787028],
					[211.5319458],
					[172.1950629],
					[185.9317522],
					[137.8533398],
					[97.89206196],
					[57.30638916],
					[47.94046467],
					[67.29670862],
					[40.44772507],
					[119.1214908],
					[102.2628267],
					[109.1311713],
					[92.89690223],
					[117.2483059],
					[89.15053243],
					[101.6384318],
					[81.03339787],
					[90.39932236],
					[71.66747338],
					[82.90658277],
					[72.91626331],
					[97.89206196],
					[68.54549855],
					[96.01887706],
					[89.15053243],
					[96.64327202],
					[91.02371733],
					[92.27250726]
				]
			},
			{
				"name": "English Dataset: all-unigram model",
				"labelposition": [271.1752178,34.20377541,288.4704743,22.47821878],
				"symbolposition": [214.9796709,39.19893514,54.32236205,9.990319458],
				"x": [
					[96.3446273],
					[103.2129719],
					[113.2032914],
					[113.2032914],
					[130.0619555],
					[131.9351404],
					[148.7938045],
					[150.0425944],
					[186.2575024],
					[189.3794773],
					[203.7405615],
					[205.6137464],
					[241.8286544],
					[244.9506292],
					[278.6679574],
					[279.9167473],
					[302.3949661],
					[317.3804453],
					[320.5024201],
					[330.4927396],
					[337.3610842],
					[391.0590513],
					[411.6640852],
					[445.3814134],
					[449.1277832],
					[464.1132623],
					[465.3620523],
					[482.8451113],
					[488.464666],
					[501.5769603],
					[524.0551791],
					[539.0406583],
					[542.1626331],
					[554.6505324],
					[559.0212972],
					[575.2555663]
				],
				"y": [
					[272.0982575],
					[254.6151985],
					[241.5029042],
					[245.8736689],
					[228.3906099],
					[230.8881897],
					[216.5271055],
					[238.3809293],
					[219.6490803],
					[222.7710552],
					[217.1515005],
					[233.3857696],
					[220.8978703],
					[232.1369797],
					[224.6442401],
					[226.517425],
					[223.3954501],
					[221.5222652],
					[224.0198451],
					[221.5222652],
					[226.517425],
					[220.8978703],
					[222.7710552],
					[219.0246854],
					[222.1466602],
					[221.5222652],
					[230.8881897],
					[229.6393998],
					[232.7613746],
					[230.8881897],
					[232.7613746],
					[232.1369797],
					[238.3809293],
					[238.3809293],
					[245.249274],
					[245.249274]
				]
			}
		],
		"plotpos": [95.09583737,17.34511133,528.8625363,256.0019361],
		"xax": {
			"titlepos": [324.2487899,330.1669894,70.55663117,26.84898354],
			"minpos": [85.10551791,292.7032914,17.48305905,30.59535334],
			"maxpos": [603.9777348,293.3276864,38.08809293,25.60019361],
			"type": 1
		},
		"yax": {
			"titlepos": [2.060987415,92.27250726,24.97579864,104.2739593],
			"minpos": [52.0125847,258.9859632,26.22458858,26.84898354],
			"maxpos": [32.65634076,1.110842207,44.33204259,30.59535334],
			"type": 1
		}
	}
}
