{
	"data": {
		"imagename": "00709-10.1.1.294.8908-Figure-5",
		"difficult": 0,
		"curves": [
			{
				"name": "ck-means (1) (AD)",
				"labelposition": [326.7347531,175.2744434,121.7395934,16.4143272],
				"symbolposition": [298.9215876,175.2744434,26.44530494,14.59051307],
				"x": [
					[52.25072604],
					[75.96030978],
					[100.5818006],
					[130.2187803],
					[153.928364],
					[173.0784124],
					[195.4201355],
					[208.642788],
					[224.6011617],
					[246.4869313],
					[261.9893514],
					[296.6418199],
					[316.7037754],
					[354.0919652],
					[378.713456],
					[408.3504356],
					[453.4898354],
					[432.5159729]
				],
				"y": [
					[252.3305905],
					[244.5793804],
					[230.9007744],
					[214.9424008],
					[200.8078412],
					[176.1863504],
					[156.124395],
					[145.1815102],
					[129.2231365],
					[112.3528558],
					[97.30638916],
					[73.59680542],
					[61.28606002],
					[49.88722168],
					[43.95982575],
					[40.76815102],
					[40.31219748],
					[40.76815102]
				]
			},
			{
				"name": "ck-means (2) (AD)",
				"labelposition": [326.7347531,193.0566312,122.6515005,15.95837367],
				"symbolposition": [297.553727,193.0566312,27.81316554,13.678606],
				"x": [
					[54.53049371],
					[99.21393998],
					[129.3068732],
					[152.5605034],
					[179.9177154],
					[204.9951597],
					[228.2487899],
					[254.2381413],
					[280.2274927],
					[306.2168441],
					[322.6311713],
					[342.6931268],
					[360.9312682],
					[380.0813166],
					[406.5266215],
					[426.588577]
				],
				"y": [
					[255.0663117],
					[234.5484027],
					[213.5745402],
					[193.9685382],
					[171.1708616],
					[153.3886738],
					[131.5029042],
					[107.3373669],
					[85.90755082],
					[67.66940949],
					[58.55033882],
					[51.71103582],
					[49.88722168],
					[44.41577928],
					[42.13601162],
					[41.22410455]
				]
			},
			{
				"name": "ck-means (3) (AD)",
				"labelposition": [326.7347531,210.3828654,122.195547,15.0464666],
				"symbolposition": [296.6418199,209.4709584,29.63697967,14.59051307],
				"x": [
					[52.25072604],
					[77.32817038],
					[100.5818006],
					[118.3639884],
					[133.410455],
					[145.7212004],
					[160.767667],
					[177.1819942],
					[190.4046467],
					[205.9070668],
					[220.0416263],
					[233.7202323],
					[247.8547919],
					[262.9012585],
					[276.1239109],
					[296.6418199],
					[316.7037754],
					[332.2061955],
					[354.0919652],
					[371.874153],
					[393.303969],
					[411.9980639]
				],
				"y": [
					[255.5222652],
					[246.8591481],
					[235.4603098],
					[227.2531462],
					[217.2221684],
					[203.999516],
					[194.8804453],
					[180.7458858],
					[167.5232333],
					[157.036302],
					[136.9743466],
					[123.7516941],
					[110.9849952],
					[97.30638916],
					[86.81945789],
					[73.14085189],
					[63.56582769],
					[55.81461762],
					[50.34317522],
					[46.23959342],
					[43.50387222],
					[40.31219748]
				]
			},
			{
				"name": "PQ (2) (AD)",
				"labelposition": [325.3668925,226.7971926,81.15972894,15.95837367],
				"symbolposition": [298.0096805,225.429332,27.357212,16.4143272],
				"x": [
					[53.16263311],
					[72.31268151],
					[100.125847],
					[123.8354308],
					[154.3843175],
					[183.1093901],
					[206.3630203],
					[226.4249758],
					[252.4143272],
					[274.7560503],
					[298.0096805],
					[308.9525653],
					[339.9574056],
					[371.874153],
					[398.7754114],
					[422.9409487],
					[439.8112294],
					[453.0338819]
				],
				"y": [
					[261.9056147],
					[256.4341723],
					[249.5948693],
					[241.8436592],
					[228.1650532],
					[213.5745402],
					[198.07212],
					[182.5696999],
					[158.8601162],
					[134.6945789],
					[115.088577],
					[104.1456922],
					[82.25992256],
					[63.10987415],
					[49.88722168],
					[45.78363988],
					[43.50387222],
					[41.22410455]
				]
			},
			{
				"name": "PQ (1) (AD)",
				"labelposition": [326.7347531,244.5793804,77.96805421,15.95837367],
				"symbolposition": [298.0096805,242.7555663,28.7250726,15.95837367],
				"x": [
					[53.16263311],
					[99.21393998],
					[150.7366893],
					[181.285576],
					[204.5392062],
					[233.2642788],
					[255.6060019],
					[277.4917715],
					[305.7608906],
					[325.3668925],
					[354.0919652],
					[376.8896418],
					[406.070668],
					[427.0445305],
					[451.2100678]
				],
				"y": [
					[269.6568248],
					[265.553243],
					[252.3305905],
					[246.8591481],
					[237.2841239],
					[219.9578896],
					[203.999516],
					[184.393514],
					[161.1398838],
					[139.7100678],
					[112.3528558],
					[90.46708616],
					[70.40513069],
					[59.91819942],
					[46.69554695]
				]
			},
			{
				"name": "PQ (3) (AD)",
				"labelposition": [326.7347531,261.4496612,78.42400774,15.0464666],
				"symbolposition": [296.1858664,260.9937076,30.54888674,15.50242014],
				"x": [
					[52.70667957],
					[77.32817038],
					[101.4937076],
					[130.6747338],
					[152.5605034],
					[181.7415295],
					[206.3630203],
					[232.8083253],
					[258.3417231],
					[278.4036786],
					[293.9060987],
					[322.6311713],
					[355.4598258],
					[383.2729913],
					[393.7599226],
					[406.982575],
					[424.3088093],
					[452.5779284]
				],
				"y": [
					[272.392546],
					[271.0246854],
					[268.7449177],
					[265.553243],
					[260.9937076],
					[253.6984511],
					[247.3151016],
					[235.9162633],
					[224.0614714],
					[208.1030978],
					[195.3363988],
					[166.6113262],
					[136.9743466],
					[112.8088093],
					[106.8814134],
					[89.09922556],
					[73.14085189],
					[57.63843175]
				]
			}
		],
		"plotpos": [51.79477251,40.31219748,401.6950629,240.7434656],
		"xax": {
			"titlepos": [242.3833495,299.2938045,18.69409487,19.60600194],
			"minpos": [48.14714424,286.5271055,6.383349468,14.59051307],
			"maxpos": [439.8112294,284.2473379,30.0929332,20.06195547],
			"type": 2
		},
		"yax": {
			"titlepos": [2.5517909,115.088577,24.16553727,93.01452081],
			"minpos": [39.48402711,276.4961278,10.03097773,13.22265247],
			"maxpos": [40.39593417,31.64908035,9.575024201,17.7821878],
			"type": 1
		}
	}
}
