{
	"data": {
		"imagename": "00704-10.1.1.21.7950-Figure-6",
		"difficult": 0,
		"curves": [
			{
				"name": "PrTFIDF",
				"labelposition": [458.7102273,307.5546875,43.98579545,11.84232955],
				"symbolposition": [506.0795455,310.3742898,23.68465909,8.458806818],
				"x": [
					[65.09375],
					[116.9744318],
					[234.8338068],
					[534.8394886]
				],
				"y": [
					[145.1455966],
					[133.8671875],
					[109.618608],
					[101.7237216]
				]
			},
			{
				"name": "BAYES",
				"labelposition": [464.3494318,318.8330966,36.65482955,10.71448864],
				"symbolposition": [505.515625,322.2166193,20.86505682,6.203125],
				"x": [
					[63.96590909],
					[116.9744318],
					[234.8338068],
					[536.53125]
				],
				"y": [
					[181.8004261],
					[167.1384943],
					[123.7166193],
					[106.2350852]
				]
			},
			{
				"name": "TFIDF",
				"labelposition": [468.8607955,331.2393466,34.39914773,9.022727273],
				"symbolposition": [505.515625,332.931108,23.12073864,8.458806818],
				"x": [
					[64.52982955],
					[114.71875],
					[234.2698864],
					[535.4034091]
				],
				"y": [
					[168.8302557],
					[155.8600852],
					[109.618608],
					[100.5958807]
				]
			}
		],
		"plotpos": [64.52982955,21.64701705,470.8735795,342.8636364],
		"xax": {
			"titlepos": [249.4957386,378.6086648,101.5056818,16.91761364],
			"minpos": [56.63494318,370.149858,17.48153409,11.84232955],
			"maxpos": [519.0497159,368.4580966,31.015625,13.53409091],
			"type": 2
		},
		"yax": {
			"titlepos": [1.934659091,146.837358,19.17329545,95.30255682],
			"minpos": [43.66477273,357.1796875,15.22585227,14.09801136],
			"maxpos": [34.64204545,15.44389205,26.50426136,11.84232955],
			"type": 1
		}
	}
}
