{
	"data": {
		"imagename": "00715-10.1.1.148.5910-Figure-4",
		"difficult": 0,
		"curves": [
			{
				"name": "NIW (v=0)",
				"labelposition": [307.7528409,19.42258523,69.76278409,18.23863636],
				"symbolposition": [279.0269886,21.70241477,26.44602273,11.85511364],
				"x": [
					[75.21022727],
					[92.99289773],
					[110.3196023],
					[127.1903409],
					[187.8338068],
					[214.7357955],
					[282.21875],
					[332.8309659],
					[405.3295455]
				],
				"y": [
					[54.53196023],
					[124.2947443],
					[157.5802557],
					[168.0674716],
					[167.1555398],
					[177.6427557],
					[174.9069602],
					[173.5390625],
					[175.818892]
				]
			},
			{
				"name": "PDIW (v=1)",
				"labelposition": [309.1207386,39.94105114,74.77840909,16.41477273],
				"symbolposition": [279.4829545,43.58877841,28.72585227,8.207386364],
				"x": [
					[74.75426136],
					[107.5838068],
					[126.734375],
					[149.0767045],
					[217.4715909],
					[233.8863636],
					[322.7997159],
					[407.609375]
				],
				"y": [
					[10.75923295],
					[191.7776989],
					[207.2805398],
					[231.9026989],
					[255.6129261],
					[254.2450284],
					[277.4992898],
					[282.9708807]
				]
			},
			{
				"name": "APDIW+IWCV",
				"labelposition": [308.2088068,58.63565341,92.56107955,15.046875],
				"symbolposition": [280.8508523,60.45951705,26.90198864,8.663352273],
				"x": [
					[73.84232955],
					[110.7755682],
					[143.6051136],
					[162.2997159],
					[178.7144886],
					[196.953125],
					[216.1036932],
					[232.0625],
					[321.8877841],
					[408.9772727]
				],
				"y": [
					[79.15411932],
					[201.8089489],
					[231.9026989],
					[234.1825284],
					[241.022017],
					[242.3899148],
					[255.1569602],
					[253.3330966],
					[273.3955966],
					[285.2507102]
				]
			}
		],
		"plotpos": [57.42755682,11.67116477,354.2855114,277.6832386],
		"xax": {
			"titlepos": [159.1079545,306.225142,150.46875,13.67897727],
			"minpos": [50.13210227,293.4580966,13.67897727,12.76704545],
			"maxpos": [396.2102273,292.5461648,25.99005682,15.50284091],
			"type": 1
		},
		"yax": {
			"titlepos": [3.167613636,109.2478693,16.87073864,87.54545455],
			"minpos": [27.33380682,277.4992898,27.35795455,13.22301136],
			"maxpos": [27.78977273,3.919744318,26.90198864,14.59090909],
			"type": 1
		}
	}
}
