{
	"data": {
		"imagename": "00727-10.1.1.190.5577-Figure-11",
		"difficult": 0,
		"curves": [
			{
				"name": "RVM",
				"labelposition": [89.35795455,38.51207386,31.85369318,14.015625],
				"symbolposition": [58.35369318,39.78622159,31.00426136,8.919034091],
				"x": [
					[36.69318182],
					[71.51988636],
					[108.4701705],
					[140.3238636],
					[208.2784091],
					[242.6803977],
					[276.6576705],
					[308.9360795],
					[342.0639205]
				],
				"y": [
					[231.7578125],
					[191.834517],
					[165.5021307],
					[137.8955966],
					[94.14985795],
					[90.32741477],
					[58.47372159],
					[44.8828125],
					[53.37713068]
				]
			},
			{
				"name": "RB-RVM",
				"labelposition": [89.35795455,58.47372159,53.51420455,15.71448864],
				"symbolposition": [58.35369318,60.17258523,30.57954545,11.04261364],
				"x": [
					[38.81676136],
					[107.1960227],
					[139.0497159],
					[173.8764205],
					[205.7301136],
					[240.9815341],
					[275.8082386],
					[309.7855114],
					[342.4886364]
				],
				"y": [
					[262.7620739],
					[259.3643466],
					[258.5149148],
					[252.568892],
					[248.7464489],
					[247.0475852],
					[216.4680398],
					[202.4524148],
					[109.4396307]
				]
			}
		],
		"plotpos": [38.81676136,26.62002841,304.0965909,240.3892045],
		"xax": {
			"titlepos": [143.7215909,283.9978693,93.86221591,13.59090909],
			"minpos": [59.62784091,269.1328125,24.20880682,15.71448864],
			"maxpos": [339.515625,270.4069602,6.370738636,13.16619318],
			"type": 1
		},
		"yax": {
			"titlepos": [2.291193182,78.01065341,16.56392045,141.8551136],
			"minpos": [26.92471591,260.2137784,9.768465909,14.86505682],
			"maxpos": [20.97869318,20.67400568,14.44034091,13.59090909],
			"type": 1
		}
	}
}
