{
	"data": {
		"imagename": "00729-10.1.1.329.1124-Figure-5",
		"difficult": 0,
		"curves": [
			{
				"name": "image",
				"labelposition": [72.98063892,16.99661181,35.48305905,14.27976767],
				"symbolposition": [53.94094869,17.42933204,18.17424976,11.25072604],
				"x": [
					[47.45014521],
					[146.1103582],
					[241.7415295],
					[339.9690223],
					[434.7347531]
				],
				"y": [
					[201.3354308],
					[140.321878],
					[90.99177154],
					[115.6568248],
					[103.107938]
				]
			},
			{
				"name": "text",
				"labelposition": [72.98063892,33.00726041,25.09777348,14.7124879],
				"symbolposition": [54.80638916,33.00726041,17.74152953,12.11616651],
				"x": [
					[47.88286544],
					[146.5430784],
					[242.60697],
					[338.6708616],
					[435.6001936]
				],
				"y": [
					[189.2192643],
					[93.58809293],
					[72.38480155],
					[98.78073572],
					[96.18441433]
				]
			},
			{
				"name": "text+image",
				"labelposition": [74.71151985,50.74878993,59.71539206,12.54888674],
				"symbolposition": [53.94094869,48.58518877,20.33785092,13.84704743],
				"x": [
					[47.45014521],
					[144.8121975],
					[243.0396902],
					[338.2381413],
					[434.7347531]
				],
				"y": [
					[179.6994192],
					[92.28993224],
					[58.53775411],
					[58.97047435],
					[79.7410455]
				]
			},
			{
				"name": "baseline",
				"labelposition": [74.27879961,65.0285576,43.27202323,12.11616651],
				"symbolposition": [53.07550823,66.75943853,20.33785092,9.087124879],
				"x": [
					[49.18102614],
					[434.7347531]
				],
				"y": [
					[232.0585673],
					[231.625847]
				]
			}
		],
		"plotpos": [47.01742498,12.23668925,388.5827686,243.6214908],
		"xax": {
			"titlepos": [191.5459826,269.7052275,101.6892546,16.0106486],
			"minpos": [41.82478219,260.1853824,13.4143272,11.25072604],
			"maxpos": [428.2439497,258.8872217,13.84704743,13.84704743],
			"type": 1
		},
		"yax": {
			"titlepos": [5.043562439,112.1950629,16.87608906,48.89738625],
			"minpos": [21.48693127,249.8000968,25.09777348,11.68344627],
			"maxpos": [19.32333011,4.447725073,27.69409487,15.14520813],
			"type": 1
		}
	}
}
