{
	"data": {
		"imagename": "00720-10.1.1.329.7070-Figure-9",
		"difficult": 0,
		"curves": [
			{
				"name": "sampling-1",
				"labelposition": [486.8224432,32.75071023,93.5625,21.26420455],
				"symbolposition": [443.5852273,36.29474432,41.11079545,16.30255682],
				"x": [
					[51.61505682],
					[111.8636364],
					[162.8977273],
					[220.3110795],
					[277.015625],
					[337.9730114],
					[393.2599432],
					[452.7997159],
					[510.2130682],
					[568.3352273],
					[622.9133523]
				],
				"y": [
					[15.03053977],
					[16.44815341],
					[21.40980114],
					[29.91548295],
					[47.63565341],
					[87.32883523],
					[156.7919034],
					[241.8487216],
					[339.6640625],
					[412.6711648],
					[450.2379261]
				]
			},
			{
				"name": "sampling-10",
				"labelposition": [488.9488636,54.01491477,103.4857955,21.26420455],
				"symbolposition": [440.0411932,56.85014205,44.65482955,17.72017045],
				"x": [
					[52.32386364],
					[111.8636364],
					[162.8977273],
					[218.8934659],
					[279.1420455],
					[333.0113636],
					[392.5511364],
					[452.7997159],
					[510.2130682],
					[567.6264205],
					[620.078125]
				],
				"y": [
					[15.73934659],
					[19.28338068],
					[23.53622159],
					[42.67400568],
					[76.69673295],
					[138.3629261],
					[221.2933239],
					[326.196733],
					[389.9893466],
					[437.4794034],
					[452.3643466]
				]
			},
			{
				"name": "sampling-20",
				"labelposition": [488.2400568,79.53196023,107.7386364,18.42897727],
				"symbolposition": [442.1676136,80.24076705,42.52840909,14.88494318],
				"x": [
					[50.19744318],
					[105.484375],
					[165.0241477],
					[221.0198864],
					[276.3068182],
					[335.8465909],
					[394.6775568],
					[452.0909091],
					[509.5042614],
					[566.2088068],
					[620.7869318]
				],
				"y": [
					[15.73934659],
					[19.9921875],
					[29.91548295],
					[56.85014205],
					[105.7578125],
					[176.6384943],
					[259.568892],
					[355.9666193],
					[412.6711648],
					[447.4026989],
					[455.9083807]
				]
			},
			{
				"name": "sampling-50",
				"labelposition": [488.2400568,100.087358,103.4857955,20.55539773],
				"symbolposition": [441.4588068,101.5049716,45.36363636,17.72017045],
				"x": [
					[48.77982955],
					[107.6107955],
					[162.8977273],
					[220.3110795],
					[279.1420455],
					[336.5553977],
					[394.6775568],
					[450.6732955],
					[507.3778409],
					[565.5],
					[618.6605114]
				],
				"y": [
					[27.7890625],
					[41.96519886],
					[68.89985795],
					[116.3899148],
					[186.5617898],
					[256.024858],
					[341.0816761],
					[398.4950284],
					[438.897017],
					[453.0731534],
					[460.1612216]
				]
			},
			{
				"name": "sampling-100",
				"labelposition": [488.2400568,122.0603693,113.4090909,21.97301136],
				"symbolposition": [442.1676136,126.3132102,42.52840909,13.46732955],
				"x": [
					[49.48863636],
					[105.484375],
					[162.8977273],
					[222.4375],
					[278.4332386],
					[336.5553977],
					[393.2599432],
					[454.2173295],
					[510.2130682],
					[566.2088068],
					[615.8252841]
				],
				"y": [
					[40.54758523],
					[54.72372159],
					[92.29048295],
					[170.259233],
					[263.1129261],
					[332.5759943],
					[402.0390625],
					[411.962358],
					[438.897017],
					[451.6555398],
					[458.0348011]
				]
			},
			{
				"name": "MER",
				"labelposition": [488.2400568,144.0333807,38.984375,19.13778409],
				"symbolposition": [440.0411932,148.2862216,44.65482955,12.75852273],
				"x": [
					[48.77982955],
					[107.6107955],
					[164.3153409],
					[218.8934659],
					[277.015625]
				],
				"y": [
					[74.5703125],
					[208.5348011],
					[386.4453125],
					[458.0348011],
					[460.1612216]
				]
			}
		],
		"plotpos": [48.77982955,13.61292614,575.5511364,448.6747159],
		"xax": {
			"titlepos": [298.2798295,480.7166193,75.84232955,14.17613636],
			"minpos": [90.59943182,465.1228693,36.14914773,14.88494318],
			"maxpos": [545.6534091,464.4140625,48.19886364,15.59375],
			"type": 1
		},
		"yax": {
			"titlepos": [1.998579545,128.4396307,19.84659091,214.7684659],
			"minpos": [18.30113636,453.7819602,26.93465909,16.30255682],
			"maxpos": [17.59232955,7.233664773,27.64346591,15.59375],
			"type": 1
		}
	}
}
