{
	"data": {
		"imagename": "00734-10.1.1.34.1849-Figure-2",
		"difficult": 0,
		"curves": [
			{
				"name": "Terms T1-T12+L1-L4",
				"labelposition": [455.2071636,56.6268151,300.1452081,30.78412391],
				"symbolposition": [335.9186834,56.6268151,98.76573088,29.50145208],
				"x": [
					[133.2565344],
					[156.3446273],
					[157.6272991],
					[253.8276864],
					[382.0948693],
					[596.3010649],
					[745.0909971],
					[949.035818],
					[1115.783156]
				],
				"y": [
					[370.8814134],
					[309.3131655],
					[297.7691191],
					[251.5929332],
					[243.8969022],
					[222.0914811],
					[216.9607938],
					[206.6994192],
					[201.5687318]
				]
			},
			{
				"name": "Terms T1-T12",
				"labelposition": [453.9244918,93.82429816,193.6834463,29.50145208],
				"symbolposition": [328.2226525,100.2376573,103.8964182,17.95740561],
				"x": [
					[135.821878],
					[142.2352372],
					[192.2594385],
					[752.7870281],
					[1119.631171]
				],
				"y": [
					[369.5987415],
					[337.5319458],
					[309.3131655],
					[297.7691191],
					[287.5077444]
				]
			},
			{
				"name": "Terms L1-L4",
				"labelposition": [453.9244918,128.4564376,174.4433688,34.6321394],
				"symbolposition": [323.0919652,132.304453,100.0484027,23.08809293],
				"x": [
					[134.5392062],
					[157.6272991],
					[265.3717328],
					[447.5111326],
					[692.5014521],
					[899.0116167],
					[1111.93514]
				],
				"y": [
					[376.0121007],
					[352.9240077],
					[345.2279768],
					[331.1185866],
					[318.2918683],
					[319.5745402],
					[320.857212]
				]
			},
			{
				"name": "Terms B1-B16",
				"labelposition": [452.6418199,166.9365924,200.0968054,28.21878025],
				"symbolposition": [324.374637,168.2192643,102.6137464,25.65343659],
				"x": [
					[155.0619555],
					[266.6544046],
					[728.4162633],
					[1123.479187]
				],
				"y": [
					[599.196999],
					[554.303485],
					[544.0421104],
					[531.2153921]
				]
			}
		],
		"plotpos": [124.2778316,120.7604066,1000.484027,501.5246854],
		"xax": {
			"titlepos": [722.0029042,672.3092933,409.1723136,26.93610842],
			"minpos": [105.0377541,629.9811229,43.61084221,34.6321394],
			"maxpos": [1086.281704,633.8291384,83.37366893,30.78412391],
			"type": 1
		},
		"yax": {
			"titlepos": [-0.1413359148,114.3470474,44.89351404,439.9564376],
			"minpos": [48.60019361,605.6103582,62.85091965,29.50145208],
			"maxpos": [35.77347531,104.0856728,75.67763795,37.19748306],
			"type": 1
		}
	}
}
