{
	"data": {
		"imagename": "00739-10.1.1.221.6487-Figure-1",
		"difficult": 0,
		"curves": [
			{
				"name": "CU",
				"labelposition": [279.5852273,27.79900568,30.28125,26.15198864],
				"symbolposition": [210.7642045,31.01065341,67.90340909,19.26988636],
				"x": [
					[46.97017045],
					[77.25142045],
					[97.89772727],
					[111.203125],
					[121.7556818],
					[141.0255682],
					[156.1661932],
					[179.5653409],
					[212.5994318],
					[307.5724432],
					[377.3110795]
				],
				"y": [
					[15.87002841],
					[145.712358],
					[184.2521307],
					[209.9453125],
					[220.9566761],
					[234.7208807],
					[244.8146307],
					[251.696733],
					[253.990767],
					[254.9083807],
					[253.990767]
				]
			},
			{
				"name": "LCU-1",
				"labelposition": [275.4559659,54.40980114,60.5625,22.94034091],
				"symbolposition": [215.8110795,63.5859375,58.72727273,9.176136364],
				"x": [
					[46.05255682],
					[78.62784091],
					[110.2855114],
					[131.390625],
					[153.8721591],
					[183.2357955],
					[227.7400568],
					[282.3380682],
					[352.9943182],
					[376.8522727]
				],
				"y": [
					[63.5859375],
					[168.193892],
					[215.9098011],
					[236.556108],
					[244.8146307],
					[252.6143466],
					[253.990767],
					[255.3671875],
					[254.9083807],
					[253.990767]
				]
			},
			{
				"name": "LCU-SWS",
				"labelposition": [275.9147727,81.02059659,90.84375,23.85795455],
				"symbolposition": [212.5994318,85.14985795,61.93892045,16.51704545],
				"x": [
					[46.97017045],
					[64.86363636],
					[78.62784091],
					[97.43892045],
					[116.7088068],
					[135.5198864],
					[156.625],
					[187.3650568],
					[217.6463068],
					[252.515625],
					[297.4786932],
					[346.1122159],
					[375.4758523]
				],
				"y": [
					[167.2762784],
					[182.8757102],
					[200.7691761],
					[209.0276989],
					[215.9098011],
					[229.2151989],
					[241.1441761],
					[248.0262784],
					[253.5319602],
					[254.9083807],
					[255.3671875],
					[254.4495739],
					[254.4495739]
				]
			},
			{
				"name": "LCU-WS",
				"labelposition": [277.2911932,107.631392,78.45596591,26.15198864],
				"symbolposition": [212.5994318,111.7606534,61.48011364,16.05823864],
				"x": [
					[49.72301136],
					[78.16903409],
					[102.0269886],
					[130.0142045],
					[160.7542614],
					[180.0241477],
					[195.6235795],
					[213.9758523],
					[231.8693182],
					[250.6803977],
					[282.796875],
					[333.7244318],
					[375.4758523]
				],
				"y": [
					[205.3572443],
					[214.0745739],
					[217.2862216],
					[219.5802557],
					[220.9566761],
					[226.462358],
					[236.0973011],
					[246.1910511],
					[253.990767],
					[255.8259943],
					[255.3671875],
					[255.8259943],
					[254.4495739]
				]
			},
			{
				"name": "LCU-ALL",
				"labelposition": [275.4559659,133.7833807,86.25568182,25.69318182],
				"symbolposition": [216.7286932,139.2890625,52.30397727,11.92897727],
				"x": [
					[52.47585227],
					[75.875],
					[98.81534091],
					[123.1321023],
					[150.2017045],
					[182.3181818],
					[207.5525568],
					[233.2457386],
					[260.7741477],
					[292.4318182],
					[329.1363636],
					[359.8764205],
					[376.3934659]
				],
				"y": [
					[211.321733],
					[216.8274148],
					[219.5802557],
					[219.5802557],
					[222.3330966],
					[222.7919034],
					[230.5916193],
					[239.3089489],
					[245.7322443],
					[250.7791193],
					[251.696733],
					[254.4495739],
					[253.990767]
				]
			}
		],
		"plotpos": [45.13494318,13.1171875,334.0113636,242.7088068],
		"xax": {
			"titlepos": [85.50994318,294.365767,251.8849432,26.15198864],
			"minpos": [29.99431818,264.5433239,30.28125,27.98721591],
			"maxpos": [360.3352273,263.1669034,32.11647727,31.19886364],
			"type": 2
		},
		"yax": {
			"titlepos": [2.465909091,24.12855114,22.48153409,223.8977273],
			"minpos": [28.15909091,245.7322443,13.76420455,19.72869318],
			"maxpos": [28.61789773,3.941051136,13.30539773,24.77556818],
			"type": 1
		}
	}
}
