{
	"data": {
		"imagename": "00736-10.1.1.149.6189-Figure-2",
		"difficult": 0,
		"curves": [
			{
				"name": "global-hashed",
				"labelposition": [543.0745402,143.5077444,102.7095837,17.22458858],
				"symbolposition": [515.642788,142.8697967,27.43175218,14.67279768],
				"x": [
					[136.0638916],
					[216.4453049],
					[300.0164569],
					[376.5701839],
					[458.8654405]
				],
				"y": [
					[54.83301065],
					[64.40222652],
					[71.4196515],
					[72.69554695],
					[72.69554695]
				]
			},
			{
				"name": "personalized",
				"labelposition": [543.7124879,172.2153921,95.05421104,17.22458858],
				"symbolposition": [514.3668925,172.8533398,29.98354308,9.569215876],
				"x": [
					[134.7879961],
					[215.8073572],
					[295.5508228],
					[375.9322362],
					[460.1413359]
				],
				"y": [
					[47.81558567],
					[108.4206196],
					[131.3867377],
					[137.7662149],
					[139.0421104]
				]
			},
			{
				"name": "baseline",
				"labelposition": [543.7124879,197.0953533,63.15682478,18.50048403],
				"symbolposition": [514.3668925,200.285092,29.34559535,10.84511133],
				"x": [
					[134.7879961],
					[456.9515973]
				],
				"y": [
					[72.05759923],
					[70.78170378]
				]
			}
		],
		"plotpos": [94.59728945,31.22894482,402.5450145,244.9719264],
		"xax": {
			"titlepos": [225.3765731,321.4951597,142.2623427,21.69022265],
			"minpos": [124.5808325,293.4254598,21.69022265,20.4143272],
			"maxpos": [444.8305905,292.1495644,27.43175218,22.9661181],
			"type": 1
		},
		"yax": {
			"titlepos": [18.68151016,29.95304937,25.517909,269.8518877],
			"minpos": [47.38915779,268.5454985,35.08712488,18.50048403],
			"maxpos": [46.75121007,23.57357212,34.44917715,17.22458858],
			"type": 1
		}
	}
}
