{
	"data": {
		"imagename": "00749-10.1.1.208.3744-Figure-5",
		"difficult": 0,
		"curves": [
			{
				"name": "SIFT",
				"labelposition": [492.6377841,323.0674716,41.14914773,20.92329545],
				"symbolposition": [435.4474432,325.1598011,55.09801136,16.73863636],
				"x": [
					[73.47443182],
					[76.26420455],
					[83.93607955],
					[102.0696023],
					[119.5056818],
					[144.6136364],
					[196.921875],
					[261.7840909],
					[291.0767045],
					[362.9133523],
					[450.7911932],
					[547.0383523],
					[600.7414773]
				],
				"y": [
					[436.053267],
					[363.5191761],
					[300.7492898],
					[241.4666193],
					[192.6455966],
					[164.7478693],
					[129.8757102],
					[100.5830966],
					[90.12144886],
					[75.47514205],
					[61.52627841],
					[51.76207386],
					[46.18252841]
				]
			},
			{
				"name": "SURF",
				"labelposition": [494.0326705,346.0830966,53.703125,16.73863636],
				"symbolposition": [436.1448864,348.1754261,54.40056818,11.85653409],
				"x": [
					[70.68465909],
					[77.65909091],
					[80.44886364],
					[90.21306818],
					[111.1363636],
					[152.2855114],
					[206.6860795],
					[251.3224432],
					[317.5795455],
					[385.9289773],
					[465.4375],
					[562.3821023],
					[600.0440341]
				],
				"y": [
					[435.3558239],
					[366.3089489],
					[309.118608],
					[256.1129261],
					[213.568892],
					[175.209517],
					[142.4296875],
					[118.0191761],
					[103.3728693],
					[85.93678977],
					[70.59303977],
					[58.0390625],
					[53.85440341]
				]
			},
			{
				"name": "MPEG-7",
				"labelposition": [490.5454545,364.9140625,80.20596591,20.92329545],
				"symbolposition": [431.9602273,367.006392,58.58522727,16.73863636],
				"x": [
					[217.1477273],
					[264.5738636],
					[329.4360795],
					[404.7599432],
					[496.8224432],
					[589.5823864],
					[604.9261364]
				],
				"y": [
					[436.7507102],
					[390.022017],
					[339.806108],
					[289.5901989],
					[244.256392],
					[194.040483],
					[188.4609375]
				]
			},
			{
				"name": "RIFF",
				"labelposition": [490.5454545,385.837358,41.14914773,20.22585227],
				"symbolposition": [434.0525568,388.6271307,55.79545455,16.73863636],
				"x": [
					[72.07954545],
					[77.65909091],
					[82.54119318],
					[95.79261364],
					[122.9928977],
					[157.1676136],
					[204.59375],
					[273.640625],
					[346.8721591],
					[419.40625],
					[498.2173295],
					[582.6079545],
					[602.1363636]
				],
				"y": [
					[433.9609375],
					[376.0731534],
					[313.303267],
					[267.9694602],
					[233.0973011],
					[196.8302557],
					[167.537642],
					[139.6399148],
					[118.7166193],
					[99.88565341],
					[83.84446023],
					[67.10582386],
					[62.92116477]
				]
			},
			{
				"name": "RIFF Approx",
				"labelposition": [492.6377841,407.4580966,98.33948864,20.92329545],
				"symbolposition": [434.0525568,411.6427557,56.49289773,13.25142045],
				"x": [
					[70.68465909],
					[76.26420455],
					[81.84375],
					[85.33096591],
					[94.39772727],
					[120.9005682],
					[159.2599432],
					[212.9630682],
					[272.9431818],
					[351.0568182],
					[434.0525568],
					[519.8380682],
					[601.4389205]
				],
				"y": [
					[438.1455966],
					[358.6370739],
					[329.3444602],
					[297.2620739],
					[276.3387784],
					[232.399858],
					[194.040483],
					[162.6555398],
					[137.5475852],
					[115.2294034],
					[97.09588068],
					[78.96235795],
					[64.31605114]
				]
			}
		],
		"plotpos": [68.59232955,17.58735795,534.2414773,419.8607955],
		"xax": {
			"titlepos": [229.0042614,467.4382102,219.6946023,20.22585227],
			"minpos": [62.31534091,445.8174716,11.15909091,22.31818182],
			"maxpos": [589.5823864,442.3302557,30.6875,25.10795455],
			"type": 1
		},
		"yax": {
			"titlepos": [3.730113636,117.321733,22.31818182,212.0227273],
			"minpos": [29.53551136,427.6839489,33.47727273,20.92329545],
			"maxpos": [49.76136364,6.428267045,14.64630682,21.62073864],
			"type": 1
		}
	}
}
