{
	"data": {
		"imagename": "00748-10.1.1.230.2455-Figure-3",
		"difficult": 0,
		"curves": [
			{
				"name": "Our method",
				"labelposition": [348.5625,27.9609375,126.609375,23.703125],
				"symbolposition": [303.46875,33.1640625,45.09375,10.984375],
				"x": [
					[71.640625],
					[79.15625],
					[101.703125],
					[136.390625],
					[188.421875],
					[245.65625],
					[339.890625],
					[434.703125],
					[500.609375]
				],
				"y": [
					[83.4609375],
					[89.8203125],
					[88.6640625],
					[99.0703125],
					[107.7421875],
					[119.3046875],
					[132.0234375],
					[145.3203125],
					[153.9921875]
				]
			},
			{
				"name": "Search engine",
				"labelposition": [351.453125,56.2890625,140.484375,26.015625],
				"symbolposition": [304.625,63.2265625,45.09375,8.09375],
				"x": [
					[70.484375],
					[75.109375],
					[85.515625],
					[127.71875],
					[195.359375],
					[306.9375],
					[378.046875],
					[449.15625],
					[501.1875]
				],
				"y": [
					[108.3203125],
					[106.0078125],
					[116.4140625],
					[133.1796875],
					[147.0546875],
					[160.9296875],
					[170.1796875],
					[175.3828125],
					[178.8515625]
				]
			}
		],
		"plotpos": [69.328125,16.3984375,433.59375,332.421875],
		"xax": {
			"titlepos": [193.046875,378.8828125,191.9375,26.015625],
			"minpos": [139.28125,354.6015625,31.21875,26.59375],
			"maxpos": [481.53125,354.6015625,39.3125,24.859375],
			"type": 1
		},
		"yax": {
			"titlepos": [1.6875,133.1796875,26.59375,100.59375],
			"minpos": [50.25,337.8359375,17.34375,22.546875],
			"maxpos": [49.09375,4.2578125,16.765625,27.75],
			"type": 1
		}
	}
}
