{
	"data": {
		"imagename": "00755-10.1.1.17.4647-Figure-3",
		"difficult": 0,
		"curves": [
			{
				"name": "Optimal schedule",
				"labelposition": [432.7286932,16.9453125,92.09375,13.15625],
				"symbolposition": [529.0085227,19.33735795,38.87073864,7.774147727],
				"x": [
					[61.36363636],
					[317.9105114],
					[370.5355114],
					[524.8224432],
					[574.4573864]
				],
				"y": [
					[180.8004261],
					[109.0390625],
					[131.165483],
					[150.3018466],
					[162.8600852]
				]
			},
			{
				"name": "Simultaneous",
				"labelposition": [451.2670455,28.90553977,74.15340909,13.15625],
				"symbolposition": [529.0085227,30.1015625,38.87073864,7.774147727],
				"x": [
					[60.16761364],
					[576.2514205]
				],
				"y": [
					[179.006392],
					[31.29758523]
				]
			}
		],
		"plotpos": [60.16761364,13.35724432,514.8877841,366.5809659],
		"xax": {
			"titlepos": [241.3650568,403.2606534,156.0809659,14.35227273],
			"minpos": [52.99147727,386.5163352,11.36221591,16.74431818],
			"maxpos": [572.0653409,386.5163352,7.774147727,13.75426136],
			"type": 1
		},
		"yax": {
			"titlepos": [2.758522727,159.272017,17.94034091,84.31960227],
			"minpos": [41.03125,372.7620739,13.15625,16.14630682],
			"maxpos": [23.68892045,3.7890625,30.49857955,15.54829545],
			"type": 1
		}
	}
}
