{
	"data": {
		"imagename": "00752-10.1.1.28.4784-Figure-2",
		"difficult": 0,
		"curves": [
			{
				"name": "Waterfall, 95%",
				"labelposition": [437.6448864,64.23934659,116.25,19.15482955],
				"symbolposition": [391.4090909,65.56036932,45.57528409,17.83380682],
				"x": [
					[96.16051136],
					[227.6022727],
					[345.1732955],
					[563.8025568]
				],
				"y": [
					[37.81889205],
					[199.6441761],
					[300.7024148],
					[356.1853693]
				]
			},
			{
				"name": "HUFS, 95%",
				"labelposition": [436.984375,104.5305398,91.15056818,20.47585227],
				"symbolposition": [393.390625,107.8330966,44.25426136,16.51278409],
				"x": [
					[94.17897727],
					[228.9232955],
					[343.8522727],
					[563.1420455]
				],
				"y": [
					[274.2819602],
					[318.5362216],
					[343.6356534],
					[366.7535511]
				]
			}
		],
		"plotpos": [67.75852273,14.70099432,568.7002841,371.2073864],
		"xax": {
			"titlepos": [288.3693182,439.4098011,123.515625,23.77840909],
			"minpos": [49.92471591,401.7606534,41.61221591,17.17329545],
			"maxpos": [614.0014205,400.4396307,37.64914773,20.47585227],
			"type": 1
		},
		"yax": {
			"titlepos": [1.707386364,122.3643466,25.75994318,151.2571023],
			"minpos": [41.99857955,376.6612216,13.21022727,15.19176136],
			"maxpos": [31.43039773,2.811789773,27.08096591,19.81534091],
			"type": 1
		}
	}
}
