{
	"data": {
		"imagename": "00765-10.1.1.306.7483-Figure-6",
		"difficult": 0,
		"curves": [
			{
				"name": "Direct Appearance LBP",
				"labelposition": [409.0965909,319.240767,135.3238636,14.59375],
				"symbolposition": [368.6321023,319.9041193,39.80113636,13.26704545],
				"x": [
					[86.04403409],
					[109.2613636],
					[137.7855114],
					[170.953125],
					[208.1008523],
					[261.8323864],
					[333.4744318],
					[434.9673295],
					[508.5994318],
					[532.4801136],
					[570.9545455],
					[578.9147727]
				],
				"y": [
					[428.693892],
					[387.5660511],
					[339.1413352],
					[297.350142],
					[259.5390625],
					[227.0348011],
					[184.5802557],
					[145.4424716],
					[118.2450284],
					[113.6015625],
					[104.3146307],
					[100.9978693]
				]
			},
			{
				"name": "Direct Appearance LE",
				"labelposition": [408.4332386,335.1612216,130.0170455,13.93039773],
				"symbolposition": [368.6321023,335.1612216,38.47443182,12.60369318],
				"x": [
					[61.5],
					[60.83664773],
					[71.45028409],
					[89.36079545],
					[101.9644886],
					[115.8948864],
					[141.765625],
					[172.2798295],
					[206.1107955],
					[239.9417614],
					[253.8721591],
					[327.5042614],
					[424.3536932],
					[509.9261364],
					[539.1136364],
					[570.9545455],
					[577.5880682]
				],
				"y": [
					[427.3671875],
					[414.100142],
					[369.6555398],
					[327.2009943],
					[300.0035511],
					[268.8259943],
					[231.0149148],
					[207.134233],
					[178.6100852],
					[165.3430398],
					[149.4225852],
					[123.5518466],
					[93.03764205],
					[74.46377841],
					[67.83025568],
					[64.51349432],
					[63.85014205]
				]
			},
			{
				"name": "Appearance Prediction LBP",
				"labelposition": [410.4232955,349.7549716,159.2045455,13.26704545],
				"symbolposition": [369.2954545,351.0816761,39.80113636,9.950284091],
				"x": [
					[62.82670455],
					[70.12357955],
					[83.390625],
					[88.03409091],
					[95.33096591],
					[109.9247159],
					[131.8153409],
					[151.0525568],
					[178.9133523],
					[208.7642045],
					[241.9318182],
					[292.3465909],
					[345.4147727],
					[427.0071023],
					[504.6193182],
					[575.5980114]
				],
				"y": [
					[429.3572443],
					[368.9921875],
					[315.2606534],
					[301.993608],
					[270.8160511],
					[239.6384943],
					[204.4808239],
					[170.649858],
					[147.4325284],
					[120.2350852],
					[100.334517],
					[79.77059659],
					[61.86008523],
					[45.27627841],
					[32.67258523],
					[28.69247159]
				]
			},
			{
				"name": "Appearance Prediction LE",
				"labelposition": [410.4232955,365.0120739,151.2443182,13.26704545],
				"symbolposition": [369.2954545,364.3487216,41.79119318,12.60369318],
				"x": [
					[49.55965909],
					[51.54971591],
					[56.19318182],
					[65.48011364],
					[75.43039773],
					[93.34090909],
					[105.9446023],
					[117.8849432],
					[135.7954545],
					[157.0227273],
					[188.2002841],
					[220.0411932],
					[268.4659091],
					[334.8011364],
					[418.3835227],
					[486.7088068],
					[547.0738636],
					[576.2613636]
				],
				"y": [
					[428.693892],
					[362.3586648],
					[309.290483],
					[264.8458807],
					[222.3913352],
					[180.600142],
					[156.7194602],
					[136.818892],
					[118.2450284],
					[105.6413352],
					[88.39417614],
					[73.80042614],
					[58.54332386],
					[45.27627841],
					[32.00923295],
					[27.36576705],
					[23.38565341],
					[24.71235795]
				]
			},
			{
				"name": "Likelihood Prediction LBP",
				"labelposition": [408.4332386,379.6058239,152.5710227,13.93039773],
				"symbolposition": [367.3053977,380.2691761,41.12784091,11.27698864],
				"x": [
					[54.86647727],
					[58.18323864],
					[68.13352273],
					[78.74715909],
					[87.37073864],
					[99.97443182],
					[125.1818182],
					[139.7755682],
					[157.6860795],
					[203.4573864],
					[252.5454545],
					[296.9900568],
					[357.3551136],
					[421.0369318],
					[476.7585227],
					[524.5198864],
					[575.5980114]
				],
				"y": [
					[430.6839489],
					[361.6953125],
					[290.7166193],
					[242.9552557],
					[204.4808239],
					[176.6200284],
					[154.7294034],
					[136.818892],
					[114.928267],
					[87.73082386],
					[73.13707386],
					[58.54332386],
					[43.94957386],
					[36.65269886],
					[27.36576705],
					[24.04900568],
					[20.73224432]
				]
			},
			{
				"name": "Likelihood Prediction LE",
				"labelposition": [409.0965909,396.1896307,145.2741477,11.27698864],
				"symbolposition": [368.6321023,392.209517,40.46448864,16.58380682],
				"x": [
					[45.57954545],
					[47.56960227],
					[50.22301136],
					[58.84659091],
					[68.796875],
					[90.02414773],
					[111.9147727],
					[135.7954545],
					[182.8934659],
					[207.4375],
					[250.5553977],
					[345.4147727],
					[434.9673295],
					[513.2428977],
					[578.9147727]
				],
				"y": [
					[427.3671875],
					[327.2009943],
					[253.568892],
					[198.5106534],
					[166.6697443],
					[124.8785511],
					[92.37428977],
					[70.48366477],
					[53.89985795],
					[42.62286932],
					[35.32599432],
					[24.04900568],
					[21.39559659],
					[18.07883523],
					[16.08877841]
				]
			},
			{
				"name": "Fusion (our best)",
				"labelposition": [409.0965909,409.4566761,106.1363636,14.59375],
				"symbolposition": [369.2954545,412.1100852,39.13778409,9.950284091],
				"x": [
					[44.91619318],
					[46.24289773],
					[48.23295455],
					[51.54971591],
					[54.86647727],
					[66.80681818],
					[90.02414773],
					[113.9048295],
					[149.7258523],
					[202.1306818],
					[265.1491477],
					[326.1775568],
					[403.1264205],
					[470.7883523],
					[535.796875],
					[577.5880682]
				],
				"y": [
					[426.7038352],
					[309.290483],
					[242.9552557],
					[212.4410511],
					[184.5802557],
					[140.7990057],
					[98.34446023],
					[71.14701705],
					[54.56321023],
					[43.28622159],
					[32.67258523],
					[25.37571023],
					[21.39559659],
					[20.06889205],
					[18.07883523],
					[16.75213068]
				]
			}
		],
		"plotpos": [44.91619318,12.10866477,531.3451705,419.2386364],
		"xax": {
			"titlepos": [257.8522727,449.9211648,104.8096591,13.26704545],
			"minpos": [40.93607955,435.990767,7.960227273,15.25710227],
			"maxpos": [564.984375,437.3174716,21.22727273,10.61363636],
			"type": 1
		},
		"yax": {
			"titlepos": [3.788352273,169.3231534,18.57386364,108.1264205],
			"minpos": [22.36221591,425.3771307,19.23721591,14.59375],
			"maxpos": [30.98579545,3.485085227,11.27698864,14.59375],
			"type": 1
		}
	}
}
