{
	"data": {
		"imagename": "00770-10.1.1.164.3167-Figure-2",
		"difficult": 0,
		"curves": [
			{
				"name": "BOW+ALP",
				"labelposition": [263.4840271,171.2405615,75.28073572,18.94482091],
				"symbolposition": [150.3136496,171.7391094,104.6950629,14.95643756],
				"x": [
					[102.4530494],
					[142.8354308],
					[195.1829622],
					[228.0871249],
					[270.9622459],
					[317.8257502],
					[336.2720232],
					[380.642788],
					[420.0280736],
					[457.4191675],
					[498.3000968]
				],
				"y": [
					[112.910455],
					[90.47579864],
					[82.00048403],
					[71.03242982],
					[64.55130687],
					[60.56292352],
					[60.56292352],
					[75.02081317],
					[93.46708616],
					[115.9017425],
					[126.8697967]
				]
			},
			{
				"name": "BOW+ALP+Onto",
				"labelposition": [265.9767667,206.6374637,106.1907067,16.45208132],
				"symbolposition": [151.8092933,207.1360116,113.6689255,11.96515005],
				"x": [
					[100.9574056],
					[145.8267183],
					[196.678606],
					[236.0638916],
					[279.9361084],
					[324.3068732],
					[369.1761859],
					[412.5498548],
					[457.4191675],
					[501.2913843]
				],
				"y": [
					[90.47579864],
					[76.017909],
					[59.06727977],
					[45.60648596],
					[39.12536302],
					[52.58615682],
					[77.01500484],
					[120.8872217],
					[144.8175218],
					[175.2289448]
				]
			}
		],
		"plotpos": [100.9574056,12.20377541,401.3310745,249.7725073],
		"xax": {
			"titlepos": [253.5130687,313.3267183,97.21684414,20.93901258],
			"minpos": [78.02420136,280.9211036,35.89545015,22.93320426],
			"maxpos": [484.839303,280.4225557,27.91868345,20.44046467],
			"type": 1
		},
		"yax": {
			"titlepos": [4.23910939,94.96272991,25.42594385,90.23717328],
			"minpos": [39.63601162,251.5067764,43.87221684,22.93320426],
			"maxpos": [41.13165537,3.728460794,41.87802517,22.43465634],
			"type": 1
		}
	}
}
