{
	"data": {
		"imagename": "00772-10.1.1.172.6955-Figure-2",
		"difficult": 0,
		"curves": [
			{
				"name": "Casanova",
				"labelposition": [148.0213068,35.26633523,65.77414773,15.66051136],
				"symbolposition": [220.0596591,38.3984375,46.98153409,10.02272727],
				"x": [
					[143.6363636],
					[203.1463068],
					[283.328125],
					[343.4644886],
					[402.3480114],
					[481.2769886],
					[542.6661932]
				],
				"y": [
					[241.9850852],
					[202.5205966],
					[167.4410511],
					[155.5390625],
					[144.2634943],
					[119.2066761],
					[106.678267]
				]
			},
			{
				"name": "CASS",
				"labelposition": [172.4517045,50.30042614,42.59659091,14.40767045],
				"symbolposition": [219.4332386,52.1796875,51.99289773,10.64914773],
				"x": [
					[190.6178977],
					[204.3991477],
					[205.0255682],
					[400.46875],
					[405.4801136],
					[511.9715909],
					[540.7869318]
				],
				"y": [
					[375.412642],
					[364.1370739],
					[355.3671875],
					[343.4651989],
					[305.8799716],
					[292.0987216],
					[292.0987216]
				]
			}
		],
		"plotpos": [82.87357955,13.96803977,517.4232955,380.2372159],
		"xax": {
			"titlepos": [201.8934659,420.5149148,281.2627841,18.79261364],
			"minpos": [132.9872159,396.7109375,20.671875,21.92471591],
			"maxpos": [527.6321023,400.4694602,36.95880682,20.671875],
			"type": 2
		},
		"yax": {
			"titlepos": [2.065340909,173.0788352,14.40767045,59.50994318],
			"minpos": [20.85795455,385.4353693,55.125,19.41903409],
			"maxpos": [22.73721591,2.692471591,55.125,21.92471591],
			"type": 1
		}
	}
}
