{
	"data": {
		"imagename": "00783-10.1.1.148.9260-Figure-5",
		"difficult": 0,
		"curves": [
			{
				"name": "SVR",
				"labelposition": [474.7521781,20.46418199,37.49757986,22.12971926],
				"symbolposition": [418.1984511,19.23475315,56.55372701,13.52371733],
				"x": [
					[92.39980639],
					[157.5595353],
					[219.6456922],
					[282.9612778],
					[348.1210068],
					[412.0513069],
					[475.3668925],
					[539.9119071],
					[601.9980639]
				],
				"y": [
					[262.0469506],
					[199.3460794],
					[121.892062],
					[92.3857696],
					[128.0392062],
					[203.6490803],
					[233.7700871],
					[257.7439497],
					[259.5880929]
				]
			},
			{
				"name": "Boosted SVR",
				"labelposition": [474.7521781,50.58518877,102.6573088,17.8267183],
				"symbolposition": [420.0425944,51.19990319,55.32429816,8.606001936],
				"x": [
					[91.78509197],
					[155.1006776],
					[218.4162633],
					[282.9612778],
					[347.5062924],
					[410.2071636],
					[473.5227493],
					[536.8383349],
					[602.6127783]
				],
				"y": [
					[256.5145208],
					[204.2637948],
					[74.55905131],
					[78.24733785],
					[155.7013553],
					[212.8697967],
					[252.8262343],
					[259.5880929],
					[263.8910939]
				]
			},
			{
				"name": "GPR",
				"labelposition": [474.7521781,77.63262343,41.80058083,18.44143272],
				"symbolposition": [421.2720232,76.40319458,53.48015489,14.13843175],
				"x": [
					[93.62923524],
					[155.1006776],
					[217.8015489],
					[282.3465634],
					[346.8915779],
					[410.2071636],
					[475.3668925],
					[538.6824782],
					[603.2274927]
				],
				"y": [
					[247.2938045],
					[123.7362052],
					[33.3731849],
					[120.6626331],
					[199.3460794],
					[252.2115198],
					[262.6616651],
					[263.2763795],
					[262.0469506]
				]
			}
		],
		"plotpos": [53.05808325,11.24346563,550.1694095,250.1887706],
		"xax": {
			"titlepos": [188.2952565,300.1592449,306.7424976,25.20329138],
			"minpos": [59.20522749,271.267667,61.4714424,23.97386254],
			"maxpos": [570.0329138,272.4970958,61.4714424,23.35914811],
			"type": 1
		},
		"yax": {
			"titlepos": [4.495643756,56.73233301,20.90029042,156.1374637],
			"minpos": [32.77250726,255.8998064,17.8267183,19.67086157],
			"maxpos": [21.70764763,3.866892546,27.04743466,17.21200387],
			"type": 1
		}
	}
}
