{
	"data": {
		"imagename": "00780-10.1.1.124.5204-Figure-5",
		"difficult": 0,
		"curves": [
			{
				"name": "Least Squares Conformal Maps",
				"labelposition": [376.6392045,352.0049716,156.8394886,14.76136364],
				"symbolposition": [353.2670455,354.4651989,19.68181818,9.225852273],
				"x": [
					[56.80965909],
					[144.1477273],
					[217.9545455],
					[313.9034091],
					[345.8863636],
					[428.3039773],
					[463.3622159],
					[523.0227273]
				],
				"y": [
					[17.4140625],
					[24.1796875],
					[25.40980114],
					[42.63139205],
					[46.32173295],
					[42.01633523],
					[64.15838068],
					[91.8359375]
				]
			},
			{
				"name": "Conformal Maps",
				"labelposition": [377.2542614,366.7663352,84.87784091,12.30113636],
				"symbolposition": [351.421875,366.7663352,22.14204545,11.07102273],
				"x": [
					[55.57954545],
					[147.2230114],
					[220.4147727],
					[314.5184659],
					[345.2713068],
					[428.9190341],
					[463.9772727],
					[527.328125]
				],
				"y": [
					[11.87855114],
					[14.95383523],
					[16.79900568],
					[32.79048295],
					[49.39701705],
					[72.15411932],
					[81.37997159],
					[102.9069602]
				]
			},
			{
				"name": "Harmonic Maps",
				"labelposition": [377.2542614,379.0674716,81.1875,11.68607955],
				"symbolposition": [351.421875,379.0674716,23.37215909,10.45596591],
				"x": [
					[56.19460227],
					[145.9928977],
					[218.5696023],
					[267.7741477],
					[312.0582386],
					[344.0411932],
					[430.7642045],
					[463.9772727],
					[527.328125]
				],
				"y": [
					[29.71519886],
					[44.4765625],
					[94.29616477],
					[101.0617898],
					[130.584517],
					[143.5007102],
					[158.2620739],
					[182.8643466],
					[197.6257102]
				]
			}
		],
		"plotpos": [51.88920455,12.49360795,490.8153409,383.7954545],
		"xax": {
			"titlepos": [200.7329545,415.3558239,196.8181818,16.60653409],
			"minpos": [50.65909091,401.209517,9.225852273,13.53125],
			"maxpos": [532.8636364,401.209517,18.45170455,14.14630682],
			"type": 1
		},
		"yax": {
			"titlepos": [2.684659091,73.99928977,19.68181818,257.7088068],
			"minpos": [32.82244318,390.7535511,18.45170455,14.14630682],
			"maxpos": [41.43323864,3.8828125,9.840909091,18.45170455],
			"type": 1
		}
	}
}
