{
	"data": {
		"imagename": "00786-10.1.1.353.6837-Figure-9",
		"difficult": 0,
		"curves": [
			{
				"name": "With closure potential",
				"labelposition": [83.74005682,240.787642,174.9644886,20.3125],
				"symbolposition": [56.50284091,245.865767,28.16051136,10.15625],
				"x": [
					[64.35085227],
					[124.8267045],
					[160.3735795],
					[242.0852273],
					[327.9517045],
					[381.0411932]
				],
				"y": [
					[29.81463068],
					[58.8984375],
					[68.13139205],
					[105.0632102],
					[166.9240057],
					[229.2464489]
				]
			},
			{
				"name": "Without closure potential",
				"labelposition": [84.66335227,261.100142,188.8139205,20.77414773],
				"symbolposition": [58.81107955,267.1015625,26.31392045,8.309659091],
				"x": [
					[108.6690341],
					[116.5170455],
					[139.1377841],
					[206.0767045],
					[272.5539773],
					[304.4076705],
					[337.1846591],
					[356.5738636],
					[374.1164773],
					[385.1960227]
				],
				"y": [
					[97.21519886],
					[98.13849432],
					[120.2975852],
					[154.459517],
					[174.772017],
					[186.774858],
					[201.5475852],
					[213.0887784],
					[226.4765625],
					[244.9424716]
				]
			}
		],
		"plotpos": [51.88636364,13.65696023,346.2357955,272.8338068],
		"xax": {
			"titlepos": [199.6136364,304.9566761,56.32102273,18.00426136],
			"minpos": [46.34659091,290.6455966,11.07954545,16.15767045],
			"maxpos": [382.4261364,289.2606534,28.62215909,18.00426136],
			"type": 1
		},
		"yax": {
			"titlepos": [2.028409091,110.602983,19.85085227,79.86505682],
			"minpos": [24.1875,278.181108,24.46732955,17.54261364],
			"maxpos": [37.57528409,3.500710227,11.07954545,18.00426136],
			"type": 1
		}
	}
}
