{
	"data": {
		"imagename": "00789-10.1.1.360.8064-Figure-4",
		"difficult": 0,
		"curves": [
			{
				"name": "Different Fisherface classifier in random subspace",
				"labelposition": [126.3323864,21.22088068,292.3025568,14.91903409],
				"symbolposition": [93.17897727,21.7734375,31.49573864,12.70880682],
				"x": [
					[56.71022727],
					[77.70738636],
					[101.4673295],
					[124.6747159],
					[148.9872159],
					[168.8792614],
					[193.7443182],
					[215.2940341],
					[236.84375],
					[259.4985795],
					[284.3636364],
					[304.2556818],
					[328.5681818],
					[350.6704545],
					[372.2201705],
					[393.7698864],
					[418.6349432],
					[442.3948864],
					[463.9446023],
					[485.4943182]
				],
				"y": [
					[134.4950284],
					[134.4950284],
					[155.4921875],
					[167.0958807],
					[162.6754261],
					[163.7805398],
					[153.834517],
					[140.5731534],
					[132.837358],
					[169.306108],
					[131.1796875],
					[177.0419034],
					[143.8884943],
					[137.2578125],
					[156.0447443],
					[165.4382102],
					[161.0177557],
					[142.2308239],
					[137.8103693],
					[164.3330966]
				]
			},
			{
				"name": "Standard Fisherface classifier using the first 100 eigenfaces",
				"labelposition": [127.9900568,36.69247159,342.5852273,15.47159091],
				"symbolposition": [94.83664773,40.0078125,24.86505682,9.393465909],
				"x": [
					[57.26278409],
					[486.5994318]
				],
				"y": [
					[162.6754261],
					[162.6754261]
				]
			},
			{
				"name": "Combine 20 Fisherface classifiers using majority voting",
				"labelposition": [126.3323864,52.71661932,317.1676136,16.02414773],
				"symbolposition": [96.49431818,56.58451705,25.97017045,9.393465909],
				"x": [
					[57.81534091],
					[486.5994318]
				],
				"y": [
					[112.3927557],
					[111.287642]
				]
			},
			{
				"name": "Combine 20 Fisherface classifiers using sum rule",
				"labelposition": [126.3323864,67.63565341,287.3295455,14.91903409],
				"symbolposition": [94.83664773,69.84588068,28.18039773,11.60369318],
				"x": [
					[57.26278409],
					[486.5994318]
				],
				"y": [
					[93.60582386],
					[94.15838068]
				]
			}
		],
		"plotpos": [56.71022727,11.27485795,429.8892045,338.7173295],
		"xax": {
			"titlepos": [208.6633523,369.3316761,123.7727273,18.234375],
			"minpos": [71.07670455,352.7549716,13.81392045,19.89204545],
			"maxpos": [477.2059659,352.7549716,17.12926136,18.234375],
			"type": 1
		},
		"yax": {
			"titlepos": [4.217329545,115.7080966,19.33948864,135.9289773],
			"minpos": [23.00426136,340.5987216,31.49573864,19.89204545],
			"maxpos": [43.44886364,1.881392045,9.393465909,15.47159091],
			"type": 1
		}
	}
}
