{
	"data": {
		"imagename": "00790-10.1.1.227.2641-Figure-4",
		"difficult": 0,
		"curves": [
			{
				"name": "GQR",
				"labelposition": [497.9322362,229.5067764,44.38528558,20.29041626],
				"symbolposition": [546.7560503,230.7749274,62.77347531,14.58373669],
				"x": [
					[94.66021297],
					[99.73281704],
					[107.9757986],
					[128.2662149],
					[135.875121],
					[154.8973863],
					[159.9699903],
					[230.3523717],
					[246.8383349],
					[284.8828654],
					[305.8073572],
					[319.7570184],
					[570.8509197]
				],
				"y": [
					[294.8165537],
					[208.5822846],
					[170.5377541],
					[133.7613746],
					[121.0798645],
					[115.3731849],
					[107.7642788],
					[96.35091965],
					[90.01016457],
					[86.20571152],
					[80.49903195],
					[72.89012585],
					[69.71974831]
				]
			},
			{
				"name": "GQR-no-tract",
				"labelposition": [389.5053243,249.7971926,151.5440465,19.02226525],
				"symbolposition": [546.1219748,252.9675702,64.67570184,13.31558567],
				"x": [
					[93.39206196],
					[96.5624395],
					[109.8780252],
					[120.6573088],
					[133.9728945],
					[139.6795741],
					[149.1907067],
					[162.5062924],
					[170.1151985],
					[196.1122943],
					[218.9390126],
					[232.2545983],
					[295.0280736],
					[301.3688287],
					[377.4578896],
					[435.1587609],
					[520.7589545],
					[537.8789932]
				],
				"y": [
					[296.7187803],
					[214.2889642],
					[193.9985479],
					[187.0237173],
					[164.196999],
					[164.8310745],
					[156.5880929],
					[156.5880929],
					[143.9065828],
					[139.4680542],
					[139.4680542],
					[131.8591481],
					[126.786544],
					[122.3480155],
					[112.8368829],
					[107.1302033],
					[103.9598258],
					[103.3257502]
				]
			},
			{
				"name": "Mistral",
				"labelposition": [446.57212,270.7216844,91.94094869,17.75411423],
				"symbolposition": [546.7560503,272.6239109,57.70087125,12.68151016],
				"x": [
					[109.2439497],
					[116.2187803],
					[129.5343659],
					[135.875121],
					[147.2884802],
					[147.2884802],
					[212.5982575],
					[252.5450145],
					[294.3939981],
					[349.5585673],
					[349.5585673],
					[390.7734753],
					[408.5275895],
					[459.8877057],
					[483.982575]
				],
				"y": [
					[294.8165537],
					[268.1853824],
					[265.0150048],
					[251.6994192],
					[242.1882865],
					[233.9453049],
					[221.8978703],
					[214.2889642],
					[210.4845111],
					[206.6800581],
					[201.607454],
					[197.803001],
					[192.7303969],
					[189.5600194],
					[187.0237173]
				]
			}
		],
		"plotpos": [94.02613746,22.16408519,535.7938045,274.5546951],
		"xax": {
			"titlepos": [248.106486,337.9336883,226.9990319,22.8267183],
			"minpos": [95.29428848,308.7662149,11.41335915,20.92449177],
			"maxpos": [611.4317522,307.4980639,43.11713456,20.92449177],
			"type": 1
		},
		"yax": {
			"titlepos": [5.255566312,3.141819942,20.29041626,318.3059051],
			"minpos": [69.29719264,289.7439497,16.48596321,17.12003872],
			"maxpos": [45.83639884,13.28702807,38.04453049,17.75411423],
			"type": 1
		}
	}
}
