{
	"data": {
		"imagename": "00796-10.1.1.163.6548-Figure-9",
		"difficult": 0,
		"curves": [
			{
				"name": "KRISPER-WASP",
				"labelposition": [411.9857955,344.3600852,113.6931818,17.30113636],
				"symbolposition": [528.1505682,345.5958807,56.84659091,19.15482955],
				"x": [
					[105.5085227],
					[343.3991477],
					[573.875]
				],
				"y": [
					[140.4538352],
					[31.70383523],
					[103.9978693]
				]
			},
			{
				"name": "KRISPER-WASP with superfluous comment removal",
				"labelposition": [194.4857955,363.5149148,332.4289773,20.390625],
				"symbolposition": [527.5326705,367.2223011,55.61079545,19.77272727],
				"x": [
					[107.3622159],
					[343.3991477],
					[573.875]
				],
				"y": [
					[348.0674716],
					[255.3828125],
					[146.0149148]
				]
			}
		],
		"plotpos": [83.26420455,11.93110795,512.8551136,376.9176136],
		"xax": {
			"titlepos": [250.7144886,414.1825284,181.0440341,18.53693182],
			"minpos": [98.71164773,395.6455966,19.15482955,16.68323864],
			"maxpos": [563.3707386,393.7919034,23.48011364,21.62642045],
			"type": 1
		},
		"yax": {
			"titlepos": [1.701704545,179.9992898,17.30113636,40.78125],
			"minpos": [40.01136364,380.1981534,39.54545455,19.15482955],
			"maxpos": [40.01136364,2.662642045,38.92755682,15.44744318],
			"type": 1
		}
	}
}
