{
	"data": {
		"imagename": "00800-10.1.1.362.5242-Figure-5",
		"difficult": 0,
		"curves": [
			{
				"name": "Active-Learning with CoP Classifier",
				"labelposition": [431.6176186,168.1321394,151.321394,10.68151016],
				"symbolposition": [410.8480155,170.5058083,20.7696031,5.934172314],
				"x": [
					[31.65440465],
					[58.35818006],
					[85.06195547],
					[113.5459826],
					[140.8431752],
					[196.0309777],
					[220.9545015],
					[250.0319458],
					[315.3078412],
					[350.3194579],
					[382.3639884],
					[447.6398838],
					[469.0029042],
					[495.7066796],
					[550.3010649],
					[604.3020329]
				],
				"y": [
					[239.9356244],
					[171.0992256],
					[141.428364],
					[123.0324298],
					[118.285092],
					[99.88915779],
					[96.92207164],
					[85.64714424],
					[83.86689255],
					[78.52613746],
					[73.18538238],
					[70.21829622],
					[69.62487899],
					[71.99854792],
					[66.06437561],
					[67.8446273]
				]
			},
			{
				"name": "Random sampling with CoP Classifier",
				"labelposition": [430.4307841,181.1873185,161.4094869,11.86834463],
				"symbolposition": [410.8480155,181.7807357,19.58276864,8.90125847],
				"x": [
					[32.84123911],
					[59.54501452],
					[85.6553727],
					[112.3591481],
					[140.8431752],
					[167.5469506],
					[193.6573088],
					[221.5479187],
					[251.2187803],
					[304.6263311],
					[333.1103582],
					[359.2207164],
					[412.6282672],
					[444.6727977],
					[498.0803485],
					[521.2236205],
					[549.7076476],
					[579.3785092],
					[605.4888674]
				],
				"y": [
					[239.9356244],
					[209.6713456],
					[187.1214908],
					[184.1544046],
					[180.000484],
					[184.7478219],
					[177.6268151],
					[180.000484],
					[174.0663117],
					[167.5387222],
					[161.6045499],
					[153.8901258],
					[150.9230397],
					[153.2967086],
					[147.9559535],
					[144.3954501],
					[145.5822846],
					[123.0324298],
					[119.4719264]
				]
			},
			{
				"name": "Active-Learning without CoP Classifier",
				"labelposition": [432.2110358,194.8359148,164.3765731,10.68151016],
				"symbolposition": [410.8480155,194.2424976,20.7696031,7.121006776],
				"x": [
					[35.21490803],
					[86.24878993],
					[112.9525653],
					[144.9970958],
					[169.9206196],
					[206.7124879],
					[245.8780252],
					[309.3736689],
					[328.3630203],
					[384.1442401],
					[458.9148112],
					[493.9264279],
					[552.6747338],
					[603.7086157]
				],
				"y": [
					[236.375121],
					[158.6374637],
					[147.9559535],
					[124.8126815],
					[110.570668],
					[105.2299129],
					[93.36156825],
					[92.76815102],
					[89.20764763],
					[89.20764763],
					[90.98789932],
					[89.20764763],
					[91.58131655],
					[91.58131655]
				]
			},
			{
				"name": "Random sampling without CoP Classifier",
				"labelposition": [430.4307841,206.1108422,172.6844143,11.2749274],
				"symbolposition": [410.8480155,208.4845111,19.58276864,7.121006776],
				"x": [
					[32.84123911],
					[61.32526621],
					[82.68828654],
					[116.5130687],
					[173.4811229],
					[194.8441433],
					[245.2846079],
					[304.0329138],
					[331.3301065],
					[382.3639884],
					[416.1887706],
					[442.2991288],
					[464.2555663],
					[495.7066796],
					[525.9709584],
					[550.3010649],
					[579.3785092],
					[603.7086157]
				],
				"y": [
					[240.5290416],
					[217.3857696],
					[198.9898354],
					[199.5832527],
					[185.3412391],
					[181.7807357],
					[182.374153],
					[175.2531462],
					[169.3189739],
					[162.7913843],
					[158.0440465],
					[158.6374637],
					[162.7913843],
					[152.1098742],
					[154.4835431],
					[153.2967086],
					[130.1534366],
					[125.4060987]
				]
			},
			{
				"name": "Forced ambiguity with CoP Classifier",
				"labelposition": [431.6176186,220.3528558,156.6621491,8.90125847],
				"symbolposition": [410.8480155,220.3528558,21.36302033,7.121006776],
				"x": [
					[31.65440465],
					[60.73184898],
					[85.06195547],
					[130.7550823],
					[166.3601162],
					[218.5808325],
					[245.8780252],
					[276.142304],
					[307.5934172],
					[333.1103582],
					[359.2207164],
					[469.5963214],
					[496.3000968],
					[536.6524685],
					[604.8954501]
				],
				"y": [
					[239.9356244],
					[194.8359148],
					[159.2308809],
					[128.3731849],
					[112.3509197],
					[103.4496612],
					[107.0101646],
					[105.2299129],
					[95.14181994],
					[100.482575],
					[92.76815102],
					[86.24056147],
					[78.52613746],
					[79.1195547],
					[80.30638916]
				]
			},
			{
				"name": "Forced ambiguity without CoP Classifier",
				"labelposition": [430.4307841,231.0343659,171.4975799,12.46176186],
				"symbolposition": [410.8480155,234.5948693,19.58276864,5.340755082],
				"x": [
					[31.65440465],
					[58.35818006],
					[83.28170378],
					[113.5459826],
					[193.0638916],
					[242.3175218],
					[274.9554695],
					[304.6263311],
					[344.9787028],
					[412.6282672],
					[490.3659245],
					[557.4220716],
					[601.3349468]
				],
				"y": [
					[238.1553727],
					[184.7478219],
					[146.7691191],
					[130.7468538],
					[126.5929332],
					[112.3509197],
					[112.3509197],
					[105.8233301],
					[108.7904163],
					[105.2299129],
					[102.2628267],
					[102.2628267],
					[101.6694095]
				]
			},
			{
				"name": "No ambiguity with CoP Classifier",
				"labelposition": [429.8373669,243.4961278,139.4530494,12.46176186],
				"symbolposition": [410.8480155,245.2763795,17.80251694,8.307841239],
				"x": [
					[33.43465634],
					[59.54501452],
					[85.6553727],
					[111.1723136],
					[143.2168441],
					[169.9206196],
					[195.4375605],
					[254.1858664],
					[277.3291384],
					[304.6263311],
					[330.143272],
					[361.0009681],
					[387.1113262],
					[469.5963214],
					[496.3000968],
					[551.4878993],
					[604.3020329]
				],
				"y": [
					[243.4961278],
					[201.3635044],
					[173.4728945],
					[170.5058083],
					[171.6926428],
					[166.9453049],
					[159.8242982],
					[159.8242982],
					[156.2637948],
					[159.2308809],
					[150.9230397],
					[153.8901258],
					[139.6481123],
					[140.2415295],
					[132.5271055],
					[135.4941917],
					[137.2744434]
				]
			},
			{
				"name": "No ambiguity without CoP Classifier",
				"labelposition": [430.4307841,256.5513069,152.5082285,10.68151016],
				"symbolposition": [410.8480155,258.9249758,19.58276864,6.527589545],
				"x": [
					[34.6214908],
					[85.6553727],
					[115.3262343],
					[140.8431752],
					[195.4375605],
					[219.767667],
					[304.6263311],
					[339.6379477],
					[376.4298161],
					[414.4085189],
					[437.5517909],
					[466.035818],
					[492.7395934],
					[524.1907067],
					[564.5430784],
					[603.7086157]
				],
				"y": [
					[238.7487899],
					[173.4728945],
					[168.7255566],
					[177.0333979],
					[164.571636],
					[168.1321394],
					[163.9782188],
					[166.3518877],
					[161.0111326],
					[153.2967086],
					[158.6374637],
					[146.1757018],
					[152.1098742],
					[150.3296225],
					[149.7362052],
					[150.3296225]
				]
			}
		],
		"plotpos": [31.06098742,11.46999032,573.8344627,268.8180058],
		"xax": {
			"titlepos": [299.285576,290.9695063,40.35237173,12.46176186],
			"minpos": [53.01742498,283.8484995,10.08809293,11.86834463],
			"maxpos": [594.8073572,283.8484995,15.42884802,10.08809293],
			"type": 1
		},
		"yax": {
			"titlepos": [2.57696031,98.1089061,14.24201355,96.72700871],
			"minpos": [17.41239109,274.947241,12.46176186,12.46176186],
			"maxpos": [13.85188771,5.535818006,17.20909971,12.46176186],
			"type": 1
		}
	}
}
