{
	"data": {
		"imagename": "00807-10.1.1.10.5399-Figure-3",
		"difficult": 0,
		"curves": [
			{
				"name": "multiscale",
				"labelposition": [408.3920455,53.94815341,98.86363636,20.390625],
				"symbolposition": [516.5241477,59.50923295,66.11505682,10.50426136],
				"x": [
					[140.8423295],
					[163.0866477],
					[191.5099432],
					[269.3650568],
					[389.8551136],
					[560.3948864],
					[604.265625]
				],
				"y": [
					[323.3515625],
					[328.2947443],
					[330.1484375],
					[332.0021307],
					[329.5305398],
					[332.6200284],
					[331.384233]
				]
			},
			{
				"name": "standard",
				"labelposition": [419.5142045,74.95667614,90.83096591,21.00852273],
				"symbolposition": [514.6704545,78.6640625,66.73295455,14.82954545],
				"x": [
					[140.8423295],
					[150.1107955],
					[153.8181818],
					[167.4119318],
					[177.9161932],
					[187.8025568],
					[247.1207386],
					[352.78125],
					[460.9133523],
					[601.1761364]
				],
				"y": [
					[59.50923295],
					[163.3160511],
					[205.9509943],
					[262.7975852],
					[289.9850852],
					[301.725142],
					[318.4083807],
					[326.4410511],
					[327.6768466],
					[328.912642]
				]
			}
		],
		"plotpos": [129.7201705,47.15127841,473.3096591,321.9247159],
		"xax": {
			"titlepos": [262.5681818,411.7109375,205.1420455,22.86221591],
			"minpos": [120.4517045,379.5802557,18.53693182,27.1875],
			"maxpos": [581.4034091,378.962358,40.16335227,24.09801136],
			"type": 1
		},
		"yax": {
			"titlepos": [4.904829545,168.259233,29.04119318,87.74147727],
			"minpos": [39.50710227,357.3359375,77.23721591,25.33380682],
			"maxpos": [39.50710227,34.17542614,77.85511364,24.71590909],
			"type": 1
		}
	}
}
