{
	"data": {
		"imagename": "00817-10.1.1.107.8456-Figure-3",
		"difficult": 0,
		"curves": [
			{
				"name": "Decreasing Gradient",
				"labelposition": [204.6065341,427.3671875,155.8877841,23.88068182],
				"symbolposition": [134.9545455,430.6839489,68.32528409,17.24715909],
				"x": [
					[132.3011364],
					[206.5965909],
					[283.5454545],
					[361.8210227],
					[439.4332386],
					[513.7286932],
					[589.3508523]
				],
				"y": [
					[38.64275568],
					[39.30610795],
					[79.77059659],
					[162.6896307],
					[233.0049716],
					[270.8160511],
					[297.350142]
				]
			},
			{
				"name": "Increasing Gradient",
				"labelposition": [436.1164773,428.693892,151.2443182,20.56392045],
				"symbolposition": [362.484375,430.6839489,73.63210227,15.25710227],
				"x": [
					[130.3110795],
					[210.5767045],
					[281.5553977],
					[360.4943182],
					[438.1065341],
					[511.7386364],
					[590.6775568]
				],
				"y": [
					[39.30610795],
					[47.26633523],
					[91.04758523],
					[191.2137784],
					[228.3615057],
					[290.053267],
					[315.2606534]
				]
			}
		],
		"plotpos": [98.47017045,16.75213068,528.6917614,315.0923295],
		"xax": {
			"titlepos": [253.6946023,378.9424716,217.5795455,24.54403409],
			"minpos": [109.7471591,345.1115057,48.42471591,28.52414773],
			"maxpos": [572.1036932,345.774858,44.44460227,25.20738636],
			"type": 3
		},
		"yax": {
			"titlepos": [24.17471591,49.91974432,27.19744318,269.984375],
			"minpos": [64.63920455,321.2308239,21.22727273,23.21732955],
			"maxpos": [65.30255682,27.36576705,17.91051136,22.55397727],
			"type": 1
		}
	}
}
