{
	"data": {
		"imagename": "00814-10.1.1.23.5877-Figure-1",
		"difficult": 0,
		"curves": [
			{
				"name": "Naive Bayes",
				"labelposition": [340.4573864,269.6583807,130.1207386,26.42045455],
				"symbolposition": [473.2201705,273.6214489,50.859375,18.49431818],
				"x": [
					[81.53693182],
					[100.03125],
					[129.7542614],
					[149.5696023],
					[174.6690341],
					[183.2556818],
					[196.4659091],
					[254.5909091],
					[345.0809659],
					[619.8536932]
				],
				"y": [
					[397.7975852],
					[235.9723011],
					[134.2535511],
					[107.8330966],
					[92.64133523],
					[84.71519886],
					[64.89985795],
					[50.36860795],
					[31.21377841],
					[16.68252841]
				]
			},
			{
				"name": "Nearest neighbor",
				"labelposition": [296.203125,292.7762784,173.0539773,27.74147727],
				"symbolposition": [473.2201705,298.7208807,49.53835227,17.83380682],
				"x": [
					[85.5],
					[96.06818182],
					[129.09375],
					[185.2372159],
					[230.1519886],
					[323.9446023],
					[383.390625],
					[456.7073864],
					[597.3963068],
					[624.4772727]
				],
				"y": [
					[392.5134943],
					[284.1896307],
					[209.5518466],
					[134.2535511],
					[106.5120739],
					[66.22088068],
					[47.06605114],
					[29.89275568],
					[16.02201705],
					[16.02201705]
				]
			},
			{
				"name": "Budds classifier",
				"labelposition": [310.0738636,321.8387784,157.2017045,25.09943182],
				"symbolposition": [472.5596591,323.8203125,46.23579545,20.47585227],
				"x": [
					[83.51846591],
					[83.51846591],
					[100.03125],
					[127.1122159],
					[150.890625],
					[188.5397727],
					[249.9673295],
					[286.9559659],
					[363.5752841],
					[421.7002841],
					[510.8693182],
					[627.7798295]
				],
				"y": [
					[393.834517],
					[288.1526989],
					[194.3600852],
					[146.1427557],
					[121.7038352],
					[105.1910511],
					[90.65980114],
					[82.07315341],
					[70.84446023],
					[57.63423295],
					[37.15838068],
					[18.6640625]
				]
			}
		],
		"plotpos": [83.51846591,18.00355114,539.6377841,378.4730114],
		"xax": {
			"titlepos": [444.8181818,436.1072443,177.0170455,27.74147727],
			"minpos": [72.95028409,406.384233,17.83380682,29.0625],
			"maxpos": [611.9275568,406.384233,19.15482955,27.74147727],
			"type": 1
		},
		"yax": {
			"titlepos": [2.936079545,16.68252841,31.70454545,188.90625],
			"minpos": [54.45596591,383.9268466,19.81534091,31.04403409],
			"maxpos": [55.11647727,4.1328125,17.83380682,26.42045455],
			"type": 1
		}
	}
}
