{
	"data": {
		"imagename": "00812-10.1.1.353.9627-Figure-1",
		"difficult": 0,
		"curves": [
			{
				"name": "Proposed Method (MKL on Manifold)",
				"labelposition": [293.5170455,26.03196023,337.4659091,24.421875],
				"symbolposition": [252.0738636,26.77201705,39.96306818,12.58096591],
				"x": [
					[79.640625],
					[105.5426136],
					[127.7443182],
					[138.8451705],
					[152.1661932],
					[172.1477273],
					[185.46875],
					[220.9914773],
					[243.1931818],
					[255.0340909],
					[265.3948864],
					[275.7556818],
					[289.0767045],
					[300.1775568],
					[322.3792614],
					[332],
					[354.2017045],
					[390.4644886],
					[411.9261364],
					[425.2471591],
					[436.3480114],
					[447.4488636],
					[457.0696023],
					[469.6505682],
					[479.2713068],
					[491.8522727],
					[505.9133523],
					[512.5738636]
				],
				"y": [
					[157.7620739],
					[168.8629261],
					[181.443892],
					[192.5447443],
					[212.5262784],
					[234.727983],
					[249.5291193],
					[262.1100852],
					[268.0305398],
					[275.431108],
					[286.5319602],
					[305.7734375],
					[310.9538352],
					[322.0546875],
					[336.8558239],
					[349.4367898],
					[370.1583807],
					[387.1796875],
					[406.4211648],
					[410.8615057],
					[416.7819602],
					[419.0021307],
					[428.6228693],
					[435.2833807],
					[434.5433239],
					[444.1640625],
					[455.2649148],
					[465.6257102]
				]
			},
			{
				"name": "MKL with Euclidean Kernel",
				"labelposition": [293.5170455,51.93394886,250.1392045,23.68181818],
				"symbolposition": [252.8139205,51.93394886,39.96306818,16.28125],
				"x": [
					[81.86079545],
					[116.6434659],
					[149.9460227],
					[163.2670455],
					[174.3678977],
					[182.5085227],
					[197.3096591],
					[218.03125],
					[230.6122159],
					[253.5539773],
					[299.4375],
					[312.0184659],
					[342.3607955],
					[367.5227273],
					[377.8835227],
					[399.3451705],
					[421.546875],
					[445.96875],
					[482.9715909],
					[491.8522727],
					[525.8948864],
					[538.4758523],
					[558.4573864]
				],
				"y": [
					[124.459517],
					[142.2208807],
					[152.5816761],
					[157.7620739],
					[166.6427557],
					[168.8629261],
					[179.2237216],
					[188.1044034],
					[201.4254261],
					[237.6882102],
					[259.8899148],
					[267.290483],
					[282.8316761],
					[301.3330966],
					[310.2137784],
					[344.9964489],
					[353.8771307],
					[381.259233],
					[401.9808239],
					[402.7208807],
					[430.8430398],
					[434.5433239],
					[462.665483]
				]
			},
			{
				"name": "LogitBoost on Manifold",
				"labelposition": [294.2571023,74.13565341,217.5767045,26.64204545],
				"symbolposition": [252.0738636,78.57599432,39.96306818,13.32102273],
				"x": [
					[84.82102273],
					[176.5880682],
					[222.4715909],
					[232.8323864],
					[246.8934659],
					[275.7556818],
					[296.4772727],
					[317.9389205],
					[338.6605114],
					[360.8622159],
					[381.5838068],
					[437.0880682],
					[454.8494318],
					[485.9318182],
					[505.9133523]
				],
				"y": [
					[140.740767],
					[199.9453125],
					[210.306108],
					[224.3671875],
					[239.9083807],
					[252.4893466],
					[268.7705966],
					[284.3117898],
					[304.2933239],
					[338.3359375],
					[347.2166193],
					[391.6200284],
					[416.0419034],
					[427.8828125],
					[458.9651989]
				]
			},
			{
				"name": "HOG Kernel SVM",
				"labelposition": [294.9971591,99.29758523,166.5127841,25.90198864],
				"symbolposition": [252.0738636,103.7379261,42.18323864,15.54119318],
				"x": [
					[84.08096591],
					[161.046875],
					[222.4715909],
					[291.296875],
					[360.1221591],
					[396.3849432],
					[434.8678977],
					[458.5497159],
					[485.1917614]
				],
				"y": [
					[92.63707386],
					[130.3799716],
					[164.4225852],
					[216.9666193],
					[271.7308239],
					[311.693892],
					[388.6598011],
					[427.8828125],
					[462.665483]
				]
			},
			{
				"name": "HOG Linear SVM",
				"labelposition": [294.9971591,127.4197443,165.7727273,19.24147727],
				"symbolposition": [255.7741477,130.3799716,37.74289773,11.10085227],
				"x": [
					[84.08096591],
					[187.6889205],
					[272.0553977],
					[331.2599432],
					[380.84375],
					[417.1065341],
					[447.4488636],
					[488.1519886],
					[528.1150568],
					[601.3806818]
				],
				"y": [
					[49.71377841],
					[111.1384943],
					[157.022017],
					[188.8444602],
					[224.3671875],
					[255.4495739],
					[293.1924716],
					[340.556108],
					[385.6995739],
					[464.8856534]
				]
			}
		],
		"plotpos": [75.94034091,14.93110795,563.9232955,449.9545455],
		"xax": {
			"titlepos": [187.6889205,493.7478693,342.6463068,25.16193182],
			"minpos": [65.57954545,470.806108,39.22301136,25.16193182],
			"maxpos": [619.1420455,467.8458807,40.703125,33.30255682],
			"type": 2
		},
		"yax": {
			"titlepos": [4.154829545,191.0646307,25.90198864,98.42755682],
			"minpos": [29.31676136,455.2649148,45.14346591,20.72159091],
			"maxpos": [43.37784091,3.090198864,32.5625,21.46164773],
			"type": 3
		}
	}
}
