{
	"data": {
		"imagename": "00822-10.1.1.110.9236-Figure-11",
		"difficult": 0,
		"curves": [
			{
				"name": "Curve I",
				"labelposition": [347.1306818,410.1441761,113.8991477,27.49289773],
				"symbolposition": [470.4559659,414.071733,84.04971591,21.20880682],
				"x": [
					[127.9730114],
					[468.0994318],
					[580.4275568]
				],
				"y": [
					[240.4737216],
					[14.24644886],
					[15.03196023]
				]
			},
			{
				"name": "Curve II",
				"labelposition": [329.8494318,440.7791193,131.1803977,21.20880682],
				"symbolposition": [469.6704545,442.350142,85.62073864,14.13920455],
				"x": [
					[124.8309659],
					[239.515625],
					[581.2130682]
				],
				"y": [
					[466.7009943],
					[14.24644886],
					[14.24644886]
				]
			}
		],
		"plotpos": [125.6164773,15.81747159,455.5965909,454.8110795],
		"xax": {
			"titlepos": [195.5269886,524.8288352,317.3465909,25.13636364],
			"minpos": [125.6164773,486.3387784,18.85227273,26.70738636],
			"maxpos": [582.7840909,483.196733,14.92471591,29.06392045],
			"type": 1
		},
		"yax": {
			"titlepos": [6.21875,94.36860795,26.70738636,297.7088068],
			"minpos": [90.26846591,456.4893466,23.56534091,34.5625],
			"maxpos": [85.55539773,3.249289773,27.49289773,28.27840909],
			"type": 1
		}
	}
}
