{
	"data": {
		"imagename": "00829-10.1.1.384.8537-Figure-2",
		"difficult": 0,
		"curves": [
			{
				"name": "Ml09",
				"labelposition": [518.5856728,128.7884802,24.68441433,12.05517909],
				"symbolposition": [545.5663117,130.5106486,32.14714424,8.610842207],
				"x": [
					[50.72991288],
					[103.5430784],
					[159.2265247],
					[210.8915779],
					[263.7047435],
					[318.8141336],
					[371.6272991],
					[426.7366893],
					[476.6795741],
					[532.3630203],
					[582.3059051]
				],
				"y": [
					[28.3286544],
					[164.9540174],
					[190.786544],
					[236.7110358],
					[239.0072604],
					[245.8959342],
					[263.1176186],
					[263.1176186],
					[297.5609874],
					[309.6161665],
					[313.0605034]
				]
			},
			{
				"name": "YA11",
				"labelposition": [515.7153921,139.695547,27.55469506,12.05517909],
				"symbolposition": [547.2884802,141.4177154,29.2768635,11.48112294],
				"x": [
					[50.72991288],
					[102.3949661],
					[155.7821878],
					[209.1694095],
					[263.1306873],
					[318.2400774],
					[372.7754114],
					[426.1626331],
					[532.9370765],
					[586.3242982]
				],
				"y": [
					[27.18054211],
					[111.5667957],
					[123.6219748],
					[155.1950629],
					[171.8426912],
					[199.3973863],
					[252.2105518],
					[255.6548887],
					[307.8939981],
					[311.9123911]
				]
			},
			{
				"name": "SU12",
				"labelposition": [517.4375605,152.8988383,25.83252662,10.33301065],
				"symbolposition": [547.2884802,152.8988383,27.55469506,10.33301065],
				"x": [
					[50.72991288],
					[102.3949661],
					[157.5043562],
					[213.1878025],
					[264.2787996],
					[316.517909],
					[373.3494676],
					[422.7182962],
					[479.5498548],
					[532.3630203],
					[586.8983543]
				],
				"y": [
					[27.18054211],
					[89.178606],
					[101.2337851],
					[134.5290416],
					[146.0101646],
					[151.1766699],
					[184.4719264],
					[189.6384318],
					[232.1185866],
					[250.4883833],
					[272.3025169]
				]
			},
			{
				"name": "N",
				"labelposition": [535.2333011,163.8059051,8.03678606,10.33301065],
				"symbolposition": [546.1403679,164.9540174,29.85091965,11.48112294],
				"x": [
					[51.30396902],
					[104.1171346],
					[155.7821878],
					[213.7618587],
					[264.8528558],
					[317.0919652],
					[371.6272991],
					[426.7366893],
					[532.3630203],
					[585.1761859]
				],
				"y": [
					[29.4767667],
					[132.8068732],
					[144.2879961],
					[147.732333],
					[155.1950629],
					[166.1021297],
					[222.3596321],
					[226.9520813],
					[272.8765731],
					[293.5425944]
				]
			},
			{
				"name": "F",
				"labelposition": [535.8073572,175.8610842,8.610842207,10.33301065],
				"symbolposition": [546.714424,176.4351404,28.70280736,10.9070668],
				"x": [
					[51.30396902],
					[104.1171346],
					[157.5043562],
					[212.6137464],
					[262.5566312],
					[317.0919652],
					[371.053243],
					[426.7366893],
					[479.5498548],
					[531.7889642],
					[584.6021297]
				],
				"y": [
					[27.75459826],
					[65.64230397],
					[81.14181994],
					[120.1776379],
					[121.8998064],
					[127.6403679],
					[168.9724105],
					[185.0459826],
					[215.4709584],
					[226.3780252],
					[264.2657309]
				]
			},
			{
				"name": "NF",
				"labelposition": [527.196515,188.4903195,16.07357212,9.184898354],
				"symbolposition": [546.1403679,189.6384318,30.99903195,8.610842207],
				"x": [
					[52.45208132],
					[102.9690223],
					[158.6524685],
					[211.4656341],
					[265.4269119],
					[317.6660213],
					[373.3494676],
					[426.1626331],
					[478.4017425],
					[532.9370765],
					[585.750242]
				],
				"y": [
					[26.03242982],
					[51.29090029],
					[68.5125847],
					[93.19699903],
					[99.51161665],
					[106.4002904],
					[156.3431752],
					[165.5280736],
					[201.1195547],
					[219.4893514],
					[257.9511133]
				]
			},
			{
				"name": "NFE",
				"labelposition": [520.3078412,198.249274,22.38818974,11.48112294],
				"symbolposition": [545.5663117,199.9714424,32.14714424,11.48112294],
				"x": [
					[52.45208132],
					[102.9690223],
					[155.7821878],
					[210.8915779],
					[264.8528558],
					[317.6660213],
					[373.3494676],
					[426.7366893],
					[481.2720232],
					[535.8073572],
					[585.1761859]
				],
				"y": [
					[28.90271055],
					[73.10503388],
					[87.45643756],
					[113.8630203],
					[115.0111326],
					[123.6219748],
					[157.4912875],
					[169.5464666],
					[198.8233301],
					[234.9888674],
					[259.0992256]
				]
			}
		],
		"plotpos": [49.58180058,26.03242982,536.7424976,287.0280736],
		"xax": {
			"titlepos": [300.4443369,334.3005808,35.01742498,13.20329138],
			"minpos": [44.41529526,318.8010649,9.758954501,12.62923524],
			"maxpos": [583.4540174,321.6713456,6.888673766,9.758954501],
			"type": 1
		},
		"yax": {
			"titlepos": [3.083252662,149.4545015,13.77734753,50.51694095],
			"minpos": [27.19361084,307.8939981,17.22168441,12.05517909],
			"maxpos": [35.2303969,19.7178122,10.9070668,14.35140368],
			"type": 1
		}
	}
}
