{
	"data": {
		"imagename": "00824-10.1.1.150.3866-Figure-11",
		"difficult": 0,
		"curves": [
			{
				"name": "Proposed",
				"labelposition": [487.6889205,347.1015625,80.265625,19.90056818],
				"symbolposition": [435.9474432,351.0816761,51.74147727,10.61363636],
				"x": [
					[65.796875],
					[69.11363636],
					[69.11363636],
					[79.06392045]
				],
				"y": [
					[403.4865057],
					[172.6399148],
					[58.54332386],
					[33.3359375]
				]
			},
			{
				"name": "FS",
				"labelposition": [487.6889205,368.9921875,25.87073864,20.56392045],
				"symbolposition": [433.2940341,371.6455966,53.73153409,13.93039773],
				"x": [
					[65.796875],
					[71.76704545],
					[68.45028409],
					[76.41051136],
					[104.9346591]
				],
				"y": [
					[410.1200284],
					[399.506392],
					[374.962358],
					[321.2308239],
					[244.2819602]
				]
			},
			{
				"name": "ISM",
				"labelposition": [487.6889205,389.556108,38.47443182,18.57386364],
				"symbolposition": [435.2840909,393.5362216,52.40482955,11.94034091],
				"x": [
					[65.796875],
					[80.390625],
					[79.06392045],
					[79.06392045],
					[96.31107955],
					[148.7159091]
				],
				"y": [
					[414.7634943],
					[411.446733],
					[395.5262784],
					[367.665483],
					[325.8742898],
					[283.4197443]
				]
			}
		],
		"plotpos": [64.47017045,14.09872159,512.1079545,404.6448864],
		"xax": {
			"titlepos": [258.8323864,445.2776989,127.3636364,19.90056818],
			"minpos": [58.5,426.7038352,11.27698864,16.58380682],
			"maxpos": [571.2713068,426.7038352,11.27698864,17.91051136],
			"type": 1
		},
		"yax": {
			"titlepos": [3.441761364,177.2833807,24.54403409,73.63210227],
			"minpos": [48.54971591,408.7933239,11.27698864,19.90056818],
			"maxpos": [47.22301136,5.475142045,12.60369318,17.91051136],
			"type": 1
		}
	}
}
