{
	"data": {
		"imagename": "00839-10.1.1.109.3914-Figure-3",
		"difficult": 0,
		"curves": [
			{
				"name": "ESPRESSO",
				"labelposition": [247.5369318,83.4765625,101.6363636,24.61505682],
				"symbolposition": [180.0440341,84.27059659,62.72869318,23.02698864],
				"x": [
					[106.9928977],
					[114.1392045],
					[126.0497159],
					[130.8139205],
					[137.9602273],
					[159.3991477],
					[176.8678977],
					[207.0411932],
					[244.3607955],
					[280.0923295],
					[298.3551136],
					[336.46875],
					[369.8181818],
					[424.6065341],
					[453.1917614],
					[522.2727273],
					[569.9147727]
				],
				"y": [
					[449.5262784],
					[372.5049716],
					[282.7791193],
					[255.7819602],
					[242.2833807],
					[237.5191761],
					[244.665483],
					[237.5191761],
					[237.5191761],
					[219.256392],
					[225.6086648],
					[230.3728693],
					[230.3728693],
					[232.7549716],
					[242.2833807],
					[232.7549716],
					[227.990767]
				]
			},
			{
				"name": "ESPR-LSA",
				"labelposition": [414.2840909,82.68252841,100.0482955,26.203125],
				"symbolposition": [348.3792614,85.85866477,64.31676136,15.88068182],
				"x": [
					[106.9928977],
					[114.1392045],
					[120.4914773],
					[126.0497159],
					[130.8139205],
					[152.2528409],
					[179.25],
					[202.2769886],
					[225.3039773],
					[268.1818182],
					[295.9730114],
					[351.5553977],
					[407.1377841],
					[429.3707386],
					[448.4275568],
					[479.3948864],
					[500.0397727],
					[515.1264205],
					[543.7116477],
					[567.5326705]
				],
				"y": [
					[449.5262784],
					[377.2691761],
					[316.9225852],
					[270.0745739],
					[232.7549716],
					[226.4026989],
					[223.2265625],
					[194.6413352],
					[197.8174716],
					[177.9666193],
					[192.259233],
					[213.6981534],
					[204.9637784],
					[201.787642],
					[194.6413352],
					[201.787642],
					[208.9339489],
					[201.787642],
					[223.2265625],
					[218.462358]
				]
			}
		],
		"plotpos": [104.6107955,139.0589489,489.125,316.0255682],
		"xax": {
			"titlepos": [307.8835227,494.7862216,78.609375,37.31960227],
			"minpos": [95.08238636,470.9651989,23.02698864,24.61505682],
			"maxpos": [584.2073864,468.5830966,17.46875,24.61505682],
			"type": 1
		},
		"yax": {
			"titlepos": [29.97159091,239.9012784,25.40909091,109.5767045],
			"minpos": [76.02556818,441.5859375,16.67471591,24.61505682],
			"maxpos": [53.79261364,127.9424716,42.87784091,23.02698864],
			"type": 1
		}
	}
}
