{
	"data": {
		"imagename": "00834-10.1.1.204.9500-Figure-3",
		"difficult": 0,
		"curves": [
			{
				"name": "k=2",
				"labelposition": [534.5951705,280.1754261,46.76846591,24.31960227],
				"symbolposition": [472.8607955,285.1640625,60.48721591,16.83664773],
				"x": [
					[185.390625],
					[349.3920455],
					[517.7585227]
				],
				"y": [
					[212.2052557],
					[129.2691761],
					[82.50071023]
				]
			},
			{
				"name": "k=5",
				"labelposition": [536.4659091,308.2365057,43.02698864,24.94318182],
				"symbolposition": [472.8607955,313.225142,62.98153409,18.08380682],
				"x": [
					[185.390625],
					[351.2627841],
					[519.6292614]
				],
				"y": [
					[288.9055398],
					[241.5134943],
					[179.1555398]
				]
			}
		],
		"plotpos": [101.8309659,15.77769886,497.6164773,334.2386364],
		"xax": {
			"titlepos": [248.9957386,404.8913352,203.2869318,32.42613636],
			"minpos": [166.6832386,366.852983,41.77982955,30.55539773],
			"maxpos": [493.4389205,366.2294034,50.50994318,31.17897727],
			"type": 1
		},
		"yax": {
			"titlepos": [2.681818182,116.7975852,30.55539773,146.5411932],
			"minpos": [59.42755682,338.1683239,26.19034091,28.06107955],
			"maxpos": [43.21448864,2.682528409,39.90909091,29.93181818],
			"type": 1
		}
	}
}
