{
	"data": {
		"imagename": "00830-10.1.1.143.1555-Figure-3",
		"difficult": 0,
		"curves": [
			{
				"name": "Baseline",
				"labelposition": [481.7897727,45.48934659,62.18039773,16.82528409],
				"symbolposition": [467.1590909,46.22088068,15.36221591,16.09375],
				"x": [
					[65.546875],
					[124.0696023],
					[185.5184659],
					[246.2357955],
					[311.3423295],
					[368.4019886],
					[427.65625],
					[490.5681818],
					[613.4659091]
				],
				"y": [
					[232.7620739],
					[235.6882102],
					[228.3728693],
					[229.8359375],
					[223.2521307],
					[217.399858],
					[218.8629261],
					[210.084517],
					[205.6953125]
				]
			},
			{
				"name": "Protagonist",
				"labelposition": [482.5213068,64.50923295,81.20028409,17.55681818],
				"symbolposition": [469.3536932,62.31463068,12.43607955,18.28835227],
				"x": [
					[64.08380682],
					[124.0696023],
					[186.25],
					[246.2357955],
					[305.4900568],
					[368.4019886],
					[426.9247159],
					[491.2997159],
					[612.734375]
				],
				"y": [
					[183.7492898],
					[227.6413352],
					[254.7080966],
					[267.1441761],
					[278.1171875],
					[286.1640625],
					[294.9424716],
					[298.600142],
					[302.9893466]
				]
			},
			{
				"name": "Typed Deps",
				"labelposition": [482.5213068,82.06605114,89.97869318,19.75142045],
				"symbolposition": [469.3536932,87.18678977,14.63068182,11.70454545],
				"x": [
					[67.00994318],
					[128.4588068],
					[188.4446023],
					[246.9673295],
					[309.1477273],
					[370.5965909],
					[427.65625],
					[612.0028409]
				],
				"y": [
					[57.92542614],
					[125.9580966],
					[166.9240057],
					[181.5546875],
					[183.7492898],
					[188.1384943],
					[193.259233],
					[194.7223011]
				]
			}
		],
		"plotpos": [63.35227273,35.97940341,548.6505682,432.3366477],
		"xax": {
			"titlepos": [229.4105114,493.1882102,217.265625,18.28835227],
			"minpos": [45.79545455,477.0944602,36.57670455,16.09375],
			"maxpos": [592.9829545,477.0944602,35.84517045,18.28835227],
			"type": 1
		},
		"yax": {
			"titlepos": [2.634943182,186.6754261,21.94602273,131.6761364],
			"minpos": [44.33238636,461.0007102,13.16761364,18.28835227],
			"maxpos": [25.3125,29.39559659,32.91903409,19.01988636],
			"type": 1
		}
	}
}
