{
	"data": {
		"imagename": "00843-10.1.1.5.3184-Figure-2",
		"difficult": 0,
		"curves": [
			{
				"name": "FMQ (c=1)",
				"labelposition": [407.0511364,45.68963068,56.28409091,13.52982955],
				"symbolposition": [465.5,47.85440341,36.25994318,9.200284091],
				"x": [
					[49.32244318],
					[532.6079545]
				],
				"y": [
					[21.87713068],
					[22.41832386]
				]
			},
			{
				"name": "baseline",
				"labelposition": [420.0397727,58.67826705,43.83664773,10.82386364],
				"symbolposition": [466.5823864,60.30184659,35.71875,7.576704545],
				"x": [
					[48.78125],
					[87.74715909],
					[122.3835227],
					[155.9375],
					[180.2911932],
					[219.2571023],
					[247.3991477],
					[270.1292614],
					[291.2357955],
					[317.2130682],
					[358.34375],
					[393.5213068],
					[424.3693182],
					[467.1235795],
					[506.0894886],
					[528.8196023]
				],
				"y": [
					[260.5433239],
					[244.3075284],
					[233.4836648],
					[227.5305398],
					[227.5305398],
					[233.4836648],
					[244.3075284],
					[250.8018466],
					[254.0490057],
					[251.3430398],
					[236.1896307],
					[226.9893466],
					[223.7421875],
					[225.365767],
					[230.7776989],
					[234.5660511]
				]
			}
		],
		"plotpos": [48.24005682,7.264914773,483.8267045,340.9517045],
		"xax": {
			"titlepos": [237.1164773,369.3231534,111.4857955,10.82386364],
			"minpos": [35.25142045,350.381392,27.60085227,14.61221591],
			"maxpos": [516.9133523,349.8401989,30.84801136,13.52982955],
			"type": 1
		},
		"yax": {
			"titlepos": [2.779829545,89.52627841,17.859375,182.3821023],
			"minpos": [30.38068182,326.0276989,15.69460227,12.98863636],
			"maxpos": [30.38068182,14.84161932,16.23579545,15.69460227],
			"type": 1
		}
	}
}
