{
	"data": {
		"imagename": "00845-10.1.1.25.9940-Figure-2",
		"difficult": 0,
		"curves": [
			{
				"name": "8 labeled data",
				"labelposition": [305.1150568,21.88849432,75.19744318,12.15767045],
				"symbolposition": [256.484375,23.23934659,38.72443182,8.555397727],
				"x": [
					[39.44744318],
					[108.7911932],
					[181.7372159],
					[250.6306818],
					[372.2073864]
				],
				"y": [
					[29.99360795],
					[217.3117898],
					[245.6796875],
					[258.7379261],
					[259.1882102]
				]
			},
			{
				"name": "12 labeled data",
				"labelposition": [305.1150568,34.94673295,77.89914773,12.60795455],
				"symbolposition": [256.484375,34.49644886,39.17471591,10.35653409],
				"x": [
					[38.99715909],
					[110.1420455],
					[181.2869318],
					[251.0809659],
					[370.40625]
				],
				"y": [
					[43.05184659],
					[210.5575284],
					[238.475142],
					[231.2705966],
					[251.9836648]
				]
			},
			{
				"name": "16 labeled data",
				"labelposition": [305.1150568,46.65411932,78.34943182,12.60795455],
				"symbolposition": [256.484375,47.10440341,37.37357955,9.90625],
				"x": [
					[39.44744318],
					[109.6917614],
					[180.3863636],
					[252.4318182],
					[372.2073864]
				],
				"y": [
					[79.07457386],
					[223.615767],
					[252.4339489],
					[267.2933239],
					[280.8018466]
				]
			},
			{
				"name": "20 labeled data",
				"labelposition": [303.7642045,58.81178977,78.79971591,12.60795455],
				"symbolposition": [256.484375,60.16264205,40.07528409,10.35653409],
				"x": [
					[38.99715909],
					[111.4928977],
					[180.3863636],
					[251.9815341],
					[371.3068182]
				],
				"y": [
					[175.4353693],
					[231.7208807],
					[265.9424716],
					[252.4339489],
					[279.9012784]
				]
			}
		],
		"plotpos": [39.44744318,9.280539773,353.0227273,278.7258523],
		"xax": {
			"titlepos": [124.1008523,300.6143466,185.0667614,15.30965909],
			"minpos": [33.59375,291.1583807,12.60795455,8.105113636],
			"maxpos": [384.3650568,289.8075284,16.21022727,11.25710227],
			"type": 1
		},
		"yax": {
			"titlepos": [1.173295455,111.0447443,19.8125,76.54829545],
			"minpos": [18.734375,282.1526989,19.8125,9.455965909],
			"maxpos": [17.83380682,2.526278409,19.8125,12.60795455],
			"type": 1
		}
	}
}
