{
	"data": {
		"imagename": "00844-10.1.1.169.8049-Figure-9",
		"difficult": 0,
		"curves": [
			{
				"name": "ID",
				"labelposition": [476.1490803,36.91529526,16.03000968,13.26621491],
				"symbolposition": [422.5314618,41.33736689,51.95934172,8.291384318],
				"x": [
					[78.16263311],
					[80.37366893],
					[83.1374637],
					[85.34849952],
					[94.74540174],
					[104.142304],
					[111.3281704],
					[134.5440465],
					[145.0464666],
					[154.9961278],
					[169.9206196],
					[171.0261375],
					[194.2420136],
					[219.6689255],
					[249.517909],
					[272.1810261],
					[290.9748306],
					[299.8189739],
					[313.6379477],
					[332.9845111],
					[372.7831559],
					[379.4162633],
					[387.7076476],
					[414.2400774],
					[441.8780252],
					[455.696999],
					[483.3349468],
					[496.6011617],
					[519.2642788]
				],
				"y": [
					[51.28702807],
					[96.06050339],
					[108.2212004],
					[121.4874153],
					[119.2763795],
					[124.803969],
					[123.6984511],
					[114.3015489],
					[116.5125847],
					[132.5425944],
					[133.6481123],
					[145.2560503],
					[140.2812197],
					[147.4670862],
					[147.4670862],
					[153.5474347],
					[165.7081317],
					[173.999516],
					[175.6577928],
					[173.446757],
					[170.6829622],
					[173.446757],
					[176.7633107],
					[136.4119071],
					[133.0953533],
					[120.9346563],
					[121.4874153],
					[123.6984511],
					[122.5929332]
				]
			},
			{
				"name": "BoFS",
				"labelposition": [474.4908035,53.49806389,32.06001936,14.37173282],
				"symbolposition": [423.6369797,54.6035818,49.74830591,9.949661181],
				"x": [
					[80.37366893],
					[79.82090997],
					[82.03194579],
					[85.34849952],
					[91.42884802],
					[93.08712488],
					[97.50919652],
					[98.61471442],
					[101.3785092],
					[100.2729913],
					[106.3533398],
					[108.5643756],
					[115.1974831],
					[116.303001],
					[118.5140368],
					[137.8606002],
					[148.3630203],
					[156.6544046],
					[171.5788964],
					[171.0261375],
					[174.8954501],
					[174.8954501],
					[187.0561471],
					[189.267183],
					[190.9254598],
					[195.3475315],
					[199.7696031],
					[203.6389158],
					[215.7996128],
					[248.96515],
					[293.1858664],
					[296.5024201],
					[372.2303969],
					[379.4162633],
					[392.1297193],
					[520.3697967]
				],
				"y": [
					[125.356728],
					[112.643272],
					[119.8291384],
					[110.9849952],
					[107.6684414],
					[112.643272],
					[118.7236205],
					[113.7487899],
					[117.0653437],
					[129.7787996],
					[124.803969],
					[126.4622459],
					[126.4622459],
					[122.0401742],
					[125.356728],
					[120.3818974],
					[122.0401742],
					[132.5425944],
					[132.5425944],
					[156.8639884],
					[154.6529526],
					[156.3112294],
					[157.4167473],
					[153.5474347],
					[156.3112294],
					[154.6529526],
					[155.2057115],
					[155.2057115],
					[163.4970958],
					[167.9191675],
					[167.3664085],
					[171.2357212],
					[170.6829622],
					[167.9191675],
					[171.7884802],
					[169.5774443]
				]
			}
		],
		"plotpos": [75.95159729,19.77976767,475.9254598,168.5914811],
		"xax": {
			"titlepos": [279.3668925,217.1147144,80.1500484,18.79380445],
			"minpos": [69.87124879,193.3460794,16.03000968,17.13552759],
			"maxpos": [531.9777348,192.2405615,37.03484995,16.58276864],
			"type": 1
		},
		"yax": {
			"titlepos": [4.645692159,67.86979671,29.29622459,82.91384318],
			"minpos": [52.7357212,167.9191675,21.00484027,29.29622459],
			"maxpos": [47.76089061,4.855275895,25.42691191,26.53242982],
			"type": 2
		}
	}
}
