{
	"data": {
		"imagename": "00855-10.1.1.408.1042-Figure-7",
		"difficult": 0,
		"curves": [
			{
				"name": "HOG",
				"labelposition": [390.9829545,28.12571023,35.88494318,14.24005682],
				"symbolposition": [344.8451705,30.40411932,46.13778409,9.683238636],
				"x": [
					[55.48721591],
					[143.2059659],
					[159.7244318],
					[271.9360795],
					[375.6036932],
					[446.234375]
				],
				"y": [
					[124.3884943],
					[161.9822443],
					[173.943892],
					[209.259233],
					[291.2819602],
					[358.4950284]
				]
			},
			{
				"name": "Vector COV",
				"labelposition": [392.1221591,42.93536932,76.32670455,17.65767045],
				"symbolposition": [344.8451705,46.35298295,46.13778409,9.683238636],
				"x": [
					[120.421875],
					[163.7116477],
					[229.7855114],
					[271.9360795],
					[298.7073864],
					[337.4403409],
					[373.8948864],
					[402.9446023]
				],
				"y": [
					[191.0319602],
					[202.993608],
					[231.4737216],
					[247.9921875],
					[278.181108],
					[292.4211648],
					[325.4580966],
					[357.9254261]
				]
			},
			{
				"name": "Vector S-LBP",
				"labelposition": [392.6917614,61.16264205,87.14914773,14.24005682],
				"symbolposition": [345.984375,62.87144886,46.13778409,9.113636364],
				"x": [
					[209.2798295],
					[212.6974432],
					[222.3806818],
					[233.7727273],
					[266.2400568],
					[317.5042614],
					[334.0227273],
					[363.6420455]
				],
				"y": [
					[208.1200284],
					[213.8160511],
					[215.524858],
					[231.4737216],
					[242.2961648],
					[302.6740057],
					[326.5973011],
					[356.7862216]
				]
			}
		],
		"plotpos": [53.20880682,18.44247159,432.8977273,341.1917614],
		"xax": {
			"titlepos": [165.4204545,381.8487216,215.3096591,18.22727273],
			"minpos": [144.3451705,364.1910511,34.74573864,19.93607955],
			"maxpos": [471.296875,364.1910511,31.328125,21.64488636],
			"type": 2
		},
		"yax": {
			"titlepos": [2.514204545,159.134233,19.36647727,63.22585227],
			"minpos": [20.171875,346.5333807,31.89772727,23.35369318],
			"maxpos": [22.45028409,5.341619318,25.63210227,22.78409091],
			"type": 2
		}
	}
}
