{
	"data": {
		"imagename": "00851-10.1.1.176.6840-Figure-1",
		"difficult": 0,
		"curves": [
			{
				"name": "HMWS SegType",
				"labelposition": [319.7947725,162.0779284,196.2904163,30.99322362],
				"symbolposition": [522.5421104,165.9520813,87.81413359,21.9535334],
				"x": [
					[109.2991288],
					[319.7947725],
					[425.0425944],
					[530.2904163],
					[635.5382381]
				],
				"y": [
					[187.2599226],
					[76.84656341],
					[67.16118103],
					[47.1447241],
					[42.62487899]
				]
			},
			{
				"name": "SA SegType",
				"labelposition": [368.8673766,191.1340755,147.2178122,29.05614714],
				"symbolposition": [523.8334947,196.9453049,85.87705712,15.49661181],
				"x": [
					[109.2991288],
					[322.3775411],
					[425.0425944],
					[530.2904163],
					[637.4753146]
				],
				"y": [
					[185.9685382],
					[127.2105518],
					[113.6510165],
					[100.7371733],
					[76.20087125]
				]
			},
			{
				"name": "HMWS PartOf",
				"labelposition": [341.7483059,218.2531462,176.9196515,27.11907067],
				"symbolposition": [522.5421104,222.1272991,82.00290416,21.30784124],
				"x": [
					[108.6534366],
					[214.5469506],
					[319.7947725],
					[425.0425944],
					[531.5818006],
					[635.5382381]
				],
				"y": [
					[214.3789932],
					[164.660697],
					[137.5416263],
					[94.28025169],
					[82.65779284],
					[41.33349468]
				]
			},
			{
				"name": "SA PartOf",
				"labelposition": [392.1122943,246.6636012,124.6185866,25.18199419],
				"symbolposition": [522.5421104,252.4748306,85.87705712,13.55953533],
				"x": [
					[109.9448209],
					[215.1926428],
					[323.0232333],
					[427.625363],
					[528.3533398],
					[634.892546]
				],
				"y": [
					[214.3789932],
					[187.2599226],
					[152.392546],
					[147.2270087],
					[115.5880929],
					[58.1214908]
				]
			}
		],
		"plotpos": [108.0077444,18.08857696,526.8848015,263.4424008],
		"xax": {
			"titlepos": [292.0300097,336.4148112,158.1945789,30.99322362],
			"minpos": [95.09390126,293.7991288,25.18199419,30.34753146],
			"maxpos": [600.6708616,289.9249758,65.21490803,37.45014521],
			"type": 1
		},
		"yax": {
			"titlepos": [1.468538238,96.21732817,34.22168441,115.5788964],
			"minpos": [53.7696031,266.0343659,38.74152953,30.99322362],
			"maxpos": [52.47821878,3.237657309,47.13552759,28.41045499],
			"type": 1
		}
	}
}
