{
	"data": {
		"imagename": "00861-10.1.1.152.6073-Figure-2",
		"difficult": 0,
		"curves": [
			{
				"name": "max GV only",
				"labelposition": [422.0145208,57.62197483,108.7967086,20.94482091],
				"symbolposition": [534.3020329,61.11277832,52.36205227,14.54501452],
				"x": [
					[102.0242014],
					[192.785092],
					[237.0019361],
					[371.3978703],
					[552.9196515]
				],
				"y": [
					[83.80300097],
					[101.2570184],
					[170.4912875],
					[249.0343659],
					[235.6529526]
				]
			},
			{
				"name": "agent slack only",
				"labelposition": [399.3242982,76.821394,132.0687318,19.19941917],
				"symbolposition": [533.7202323,79.14859632,52.36205227,13.38141336],
				"x": [
					[102.6060019],
					[193.3668925],
					[237.5837367],
					[372.5614714],
					[554.0832527]
				],
				"y": [
					[236.2347531],
					[193.1815102],
					[253.10697],
					[263.5793804],
					[242.052759]
				]
			},
			{
				"name": "max GV then target slack",
				"labelposition": [327.1810261,94.27541142,199.5575992,19.19941917],
				"symbolposition": [531.9748306,96.60261375,57.01645692,12.2178122],
				"x": [
					[103.7696031],
					[193.3668925],
					[237.5837367],
					[374.8886738],
					[552.3378509]
				],
				"y": [
					[273.4699903],
					[268.8155857],
					[276.9607938],
					[275.2153921],
					[256.0159729]
				]
			},
			{
				"name": "two-sided slack",
				"labelposition": [403.9787028,113.4748306,126.8325266,17.45401742],
				"symbolposition": [535.4656341,115.2202323,52.36205227,12.79961278],
				"x": [
					[103.1878025],
					[192.785092],
					[237.0019361],
					[373.143272],
					[553.5014521]
				],
				"y": [
					[287.4332043],
					[283.3606002],
					[283.9424008],
					[281.0333979],
					[273.4699903]
				]
			}
		],
		"plotpos": [56.64375605,41.91335915,539.910939,268.2100678],
		"xax": {
			"titlepos": [255.0377541,345.0314618,144.286544,18.03581801],
			"minpos": [95.04259439,317.6868345,19.19941917,19.19941917],
			"maxpos": [543.6108422,319.4322362,25.01742498,19.19941917],
			"type": 1
		},
		"yax": {
			"titlepos": [1.372700871,143.1466602,22.69022265,66.32526621],
			"minpos": [30.46272991,301.3964182,23.27202323,23.27202323],
			"maxpos": [22.31752178,31.44094869,30.2536302,21.52662149],
			"type": 1
		}
	}
}
