{
	"data": {
		"imagename": "00866-10.1.1.365.858-Figure-14",
		"difficult": 0,
		"curves": [
			{
				"name": "Inner Radius",
				"labelposition": [174.2670455,68.46377841,75.03693182,14.14630682],
				"symbolposition": [252.3792614,71.5390625,25.21732955,11.68607955],
				"x": [
					[84.46875],
					[92.46448864],
					[102.3053977],
					[110.9161932],
					[118.9119318],
					[127.5227273],
					[139.2088068],
					[147.8196023],
					[168.1164773],
					[185.3380682],
					[192.71875],
					[203.1747159],
					[213.015625],
					[221.0113636],
					[229.6221591],
					[241.9232955],
					[249.3039773],
					[256.6846591],
					[267.140625],
					[276.9815341],
					[284.9772727],
					[294.8181818],
					[306.5042614],
					[313.8849432],
					[323.1107955],
					[332.3366477],
					[339.7173295],
					[351.4034091],
					[359.3991477],
					[368.625],
					[387.0767045],
					[396.3025568],
					[406.7585227],
					[414.7542614],
					[423.9801136],
					[433.2059659],
					[442.4318182],
					[460.8835227],
					[471.3394886],
					[478.7201705],
					[497.7869318],
					[508.8579545],
					[517.46875],
					[534.6903409],
					[542.6860795],
					[543.9161932],
					[553.7571023],
					[572.8238636],
					[580.8196023]
				],
				"y": [
					[141.6555398],
					[121.3586648],
					[209.3117898],
					[208.696733],
					[299.725142],
					[299.725142],
					[256.056108],
					[319.4069602],
					[320.022017],
					[366.7663352],
					[344.009233],
					[344.6242898],
					[363.0759943],
					[323.712358],
					[299.725142],
					[298.4950284],
					[276.352983],
					[276.352983],
					[211.1569602],
					[254.2109375],
					[210.5419034],
					[209.3117898],
					[145.9609375],
					[204.3913352],
					[188.399858],
					[98.6015625],
					[99.21661932],
					[161.9524148],
					[141.6555398],
					[100.446733],
					[205.6214489],
					[96.75639205],
					[77.07457386],
					[209.3117898],
					[208.0816761],
					[141.6555398],
					[57.39275568],
					[204.3913352],
					[54.93252841],
					[53.70241477],
					[209.3117898],
					[94.29616477],
					[56.77769886],
					[161.9524148],
					[84.45525568],
					[56.77769886],
					[76.45951705],
					[164.412642],
					[55.54758523]
				]
			},
			{
				"name": "Inner Radius media",
				"labelposition": [137.3636364,84.45525568,113.7855114,17.22159091],
				"symbolposition": [252.3792614,90.60582386,28.90767045,9.225852273],
				"x": [
					[83.85369318],
					[93.69460227],
					[102.3053977],
					[111.53125],
					[128.1377841],
					[138.59375],
					[148.4346591],
					[157.0454545],
					[166.2713068],
					[189.0284091],
					[194.5639205],
					[203.1747159],
					[213.6306818],
					[222.2414773],
					[230.8522727],
					[251.1491477],
					[270.2159091],
					[276.3664773],
					[285.5923295],
					[296.6633523],
					[313.2698864],
					[324.9559659],
					[333.5667614],
					[350.7883523],
					[358.7840909],
					[368.0099432],
					[387.0767045],
					[394.4573864],
					[408.6036932],
					[415.984375],
					[423.3650568],
					[442.4318182],
					[452.8877841],
					[462.7286932],
					[479.3352273],
					[489.7911932],
					[495.9417614],
					[516.2386364],
					[526.0795455],
					[534.0752841],
					[550.6818182],
					[563.5980114],
					[581.4346591]
				],
				"y": [
					[178.5589489],
					[182.8643466],
					[197.6257102],
					[227.7634943],
					[273.2776989],
					[299.725142],
					[304.0305398],
					[312.6413352],
					[335.3984375],
					[343.3941761],
					[352.6200284],
					[347.084517],
					[334.1683239],
					[327.4026989],
					[310.7961648],
					[270.2024148],
					[244.9850852],
					[233.2990057],
					[206.8515625],
					[205.6214489],
					[171.178267],
					[147.1910511],
					[150.881392],
					[121.3586648],
					[134.274858],
					[155.1867898],
					[130.584517],
					[151.4964489],
					[160.1072443],
					[145.3458807],
					[138.5802557],
					[169.3330966],
					[139.8103693],
					[120.1285511],
					[145.3458807],
					[109.0575284],
					[107.8274148],
					[123.2038352],
					[94.91122159],
					[89.37571023],
					[114.5930398],
					[93.06605114],
					[102.9069602]
				]
			}
		],
		"plotpos": [64.78693182,32.79048295,552.9360795,354.2727273],
		"xax": {
			"titlepos": [320.0355114,414.740767,44.28409091,15.37642045],
			"minpos": [56.79119318,397.5191761,13.53125,12.91619318],
			"maxpos": [605.421875,395.6740057,20.91193182,19.06676136],
			"type": 1
		},
		"yax": {
			"titlepos": [2.666193182,5.727982955,46.12926136,15.37642045],
			"minpos": [43.875,379.0674716,16.60653409,16.60653409],
			"maxpos": [43.875,23.56463068,16.60653409,14.76136364],
			"type": 1
		}
	}
}
