{
	"data": {
		"imagename": "00878-10.1.1.53.8203-Figure-2",
		"difficult": 0,
		"curves": [
			{
				"name": "20-variable formulas",
				"labelposition": [687.3053977,43.37997159,262.2514205,31.07244318],
				"symbolposition": [953.2855114,45.86576705,62.14488636,24.85795455],
				"x": [
					[248.5625],
					[411.3821023],
					[483.4701705],
					[536.9147727],
					[611.4886364],
					[694.7627841],
					[769.3366477],
					[877.46875],
					[1030.34517]
				],
				"y": [
					[790.3615057],
					[786.6328125],
					[780.4183239],
					[774.2038352],
					[761.774858],
					[767.9893466],
					[771.7180398],
					[776.6896307],
					[780.4183239]
				]
			},
			{
				"name": "40 variable formulas",
				"labelposition": [686.0625,74.45241477,259.765625,31.07244318],
				"symbolposition": [955.7713068,75.6953125,54.6875,22.37215909],
				"x": [
					[249.8053977],
					[382.7954545],
					[432.5113636],
					[463.5838068],
					[482.2272727],
					[512.0568182],
					[531.9431818],
					[563.015625],
					[572.9588068],
					[589.1164773],
					[637.5894886],
					[664.9332386],
					[693.5198864],
					[719.6207386],
					[743.2357955],
					[771.8224432],
					[821.5383523],
					[902.3267045],
					[930.9133523],
					[950.7997159],
					[1004.244318],
					[1034.073864]
				],
				"y": [
					[792.8473011],
					[780.4183239],
					[772.9609375],
					[760.5319602],
					[723.2450284],
					[602.6839489],
					[593.9836648],
					[576.5830966],
					[519.4098011],
					[565.397017],
					[582.7975852],
					[593.9836648],
					[628.7848011],
					[659.8572443],
					[674.772017],
					[669.8004261],
					[694.6583807],
					[719.5163352],
					[714.5447443],
					[729.459517],
					[729.459517],
					[736.9169034]
				]
			},
			{
				"name": "50-variable formulas",
				"labelposition": [691.0340909,105.524858,257.2798295,31.07244318],
				"symbolposition": [949.5568182,104.2819602,55.93039773,26.10085227],
				"x": [
					[249.8053977],
					[356.6946023],
					[403.9247159],
					[434.9971591],
					[462.3409091],
					[489.6846591],
					[513.2997159],
					[539.4005682],
					[566.7443182],
					[579.1732955],
					[589.1164773],
					[597.8167614],
					[638.8323864],
					[667.4190341],
					[691.0340909],
					[717.1349432],
					[746.9644886],
					[769.3366477],
					[797.9232955],
					[821.5383523],
					[877.46875],
					[1030.34517]
				],
				"y": [
					[785.3899148],
					[781.6612216],
					[774.2038352],
					[751.8316761],
					[715.787642],
					[639.9708807],
					[480.8799716],
					[228.571733],
					[111.7393466],
					[57.05184659],
					[91.85298295],
					[100.553267],
					[224.8430398],
					[293.2024148],
					[397.6058239],
					[427.4353693],
					[489.5802557],
					[526.8671875],
					[556.696733],
					[586.5262784],
					[623.8132102],
					[693.415483]
				]
			}
		],
		"plotpos": [249.8053977,13.55042614,779.296875,779.296875],
		"xax": {
			"titlepos": [413.8678977,846.2919034,387.7840909,28.58664773],
			"minpos": [234.890625,810.2478693,22.37215909,28.58664773],
			"maxpos": [1016.673295,807.7620739,23.61505682,29.82954545],
			"type": 1
		},
		"yax": {
			"titlepos": [2.46875,342.9183239,111.8607955,126.7755682],
			"minpos": [212.5184659,772.9609375,24.85795455,38.52982955],
			"maxpos": [171.5028409,3.607244318,63.38778409,26.10085227],
			"type": 1
		}
	}
}
