{
	"data": {
		"imagename": "00889-10.1.1.365.858-Figure-12",
		"difficult": 0,
		"curves": [
			{
				"name": "Using circle",
				"labelposition": [523.9772727,106.7102273,92.125,23.60227273],
				"symbolposition": [617.625,114.3238636,37.30681818,11.42045455],
				"x": [
					[77.81818182],
					[155.4772727],
					[233.1363636],
					[310.0340909],
					[386.9318182],
					[549.8636364],
					[611.5340909],
					[693],
					[767.6136364]
				],
				"y": [
					[442.4715909],
					[445.5170455],
					[395.2670455],
					[386.8920455],
					[400.5965909],
					[338.9261364],
					[321.4147727],
					[280.3011364],
					[191.9829545]
				]
			},
			{
				"name": "No using circle",
				"labelposition": [499.6136364,131.8352273,115.7272727,20.55681818],
				"symbolposition": [618.3863636,136.4034091,31.97727273,9.136363636],
				"x": [
					[78.57954545],
					[156.2386364],
					[233.8977273],
					[310.7954545],
					[386.9318182],
					[463.0681818],
					[538.4431818],
					[615.3409091],
					[693],
					[769.1363636]
				],
				"y": [
					[442.4715909],
					[354.9147727],
					[319.1306818],
					[316.8465909],
					[300.0965909],
					[337.4034091],
					[308.4715909],
					[249.8465909],
					[68.64204545],
					[49.60795455]
				]
			}
		],
		"plotpos": [77.81818182,38.94886364,690.5568182,443.1136364],
		"xax": {
			"titlepos": [384.6477273,515.5625,77.65909091,18.27272727],
			"minpos": [65.63636364,494.2443182,22.84090909,19.79545455],
			"maxpos": [760,494.2443182,17.51136364,19.03409091],
			"type": 1
		},
		"yax": {
			"titlepos": [3.965909091,3.926136364,140.0909091,19.03409091],
			"minpos": [56.5,472.9261364,19.03409091,16.75],
			"maxpos": [48.88636364,26.76704545,25.125,17.51136364],
			"type": 1
		}
	}
}
