{
	"data": {
		"imagename": "00888-10.1.1.156.3899-Figure-9",
		"difficult": 0,
		"curves": [
			{
				"name": "Person 0",
				"labelposition": [122.9632139,33.15150048,64.2749274,17.04259439],
				"symbolposition": [74.75701839,35.58615682,45.77153921,12.1732817],
				"x": [
					[267.5818006],
					[276.3465634],
					[278.7812197],
					[286.0851888],
					[291.928364],
					[302.1539206],
					[307.5101646],
					[313.8402711],
					[314.8141336],
					[322.6050339],
					[327.9612778],
					[331.3697967],
					[335.2652469],
					[340.1345595],
					[343.0561471],
					[345.9777348],
					[351.82091],
					[356.2032914],
					[359.124879],
					[363.5072604],
					[367.8896418],
					[374.7066796],
					[382.4975799],
					[386.8799613],
					[389.8015489],
					[395.6447241],
					[401.4878993],
					[407.3310745],
					[408.3049371]
				],
				"y": [
					[169.4922556],
					[121.28606],
					[127.1292352],
					[107.6519845],
					[121.28606],
					[117.8775411],
					[125.1815102],
					[112.0343659],
					[104.2434656],
					[128.1030978],
					[118.3644724],
					[124.2076476],
					[156.8320426],
					[113.982091],
					[118.3644724],
					[117.3906099],
					[122.2599226],
					[112.0343659],
					[131.9985479],
					[135.8939981],
					[119.3383349],
					[120.3121975],
					[120.3121975],
					[112.0343659],
					[115.4428848],
					[112.0343659],
					[123.2337851],
					[148.0672798],
					[165.5968054]
				]
			},
			{
				"name": "Person 1",
				"labelposition": [122.9632139,56.03727009,63.30106486,17.52952565],
				"symbolposition": [75.73088093,58.9588577,46.25847047,9.251694095],
				"x": [
					[266.1210068],
					[271.964182],
					[275.8596321],
					[277.3204259],
					[282.6766699],
					[285.5982575],
					[290.4675702],
					[294.3630203],
					[300.6931268],
					[302.1539206],
					[306.536302],
					[312.3794773],
					[313.3533398],
					[321.1442401],
					[322.6050339],
					[328.4482091],
					[332.8305905],
					[335.7521781]
				],
				"y": [
					[169.9791868],
					[57.49806389],
					[63.82817038],
					[88.66166505],
					[86.71393998],
					[92.5571152],
					[69.18441433],
					[81.35769603],
					[69.18441433],
					[71.1321394],
					[89.14859632],
					[87.20087125],
					[93.04404647],
					[97.91335915],
					[76.48838335],
					[115.9298161],
					[110.0866409],
					[162.1882865]
				]
			},
			{
				"name": "Person 2",
				"labelposition": [121.9893514,77.94917715,67.68344627,15.09486931],
				"symbolposition": [77.678606,79.89690223,42.8499516,9.738625363],
				"x": [
					[335.2652469],
					[337.2129719],
					[341.5953533],
					[347.4385286],
					[351.82091],
					[356.2032914],
					[359.124879],
					[364.4811229],
					[367.4027106],
					[370.8112294],
					[376.1674734],
					[375.1936108],
					[382.4975799],
					[384.9322362],
					[386.8799613],
					[392.2362052],
					[397.1055179],
					[400.0271055],
					[405.8702807],
					[406.8441433],
					[408.3049371],
					[409.2787996]
				],
				"y": [
					[169.4922556],
					[141.250242],
					[108.625847],
					[102.2957406],
					[104.2434656],
					[90.60939013],
					[86.71393998],
					[88.17473379],
					[85.74007744],
					[88.66166505],
					[77.94917715],
					[69.6713456],
					[65.28896418],
					[68.21055179],
					[73.56679574],
					[66.26282672],
					[73.56679574],
					[95.96563408],
					[67.72362052],
					[96.45256534],
					[141.250242],
					[168.518393]
				]
			}
		],
		"plotpos": [53.33204259,13.18731849,444.0813166,157.7657309],
		"xax": {
			"titlepos": [218.8886738,188.9695063,110.5333979,17.04259439],
			"minpos": [48.46272991,175.3354308,11.19941917,12.66021297],
			"maxpos": [443.3639884,174.3615682,33.11132623,14.60793804],
			"type": 1
		},
		"yax": {
			"titlepos": [2.204259439,54.57647628,20.93804453,78.88286544],
			"minpos": [38.23717328,163.6490803,12.1732817,14.60793804],
			"maxpos": [24.11616651,4.909486931,25.80735721,15.58180058],
			"type": 1
		}
	}
}
