{
	"data": {
		"imagename": "00881-10.1.1.228.2503-Figure-4",
		"difficult": 0,
		"curves": [
			{
				"name": "OLS-SPARSEGD, 30 training samples",
				"labelposition": [115.1931818,56.47514205,268.9176136,18.36221591],
				"symbolposition": [387.6647727,59.43678977,51.53267045,10.66193182],
				"x": [
					[74.32244318],
					[246.0980114],
					[365.7485795],
					[415.5042614],
					[480.0681818],
					[533.9701705],
					[586.0951705]
				],
				"y": [
					[183.2336648],
					[154.209517],
					[160.1328125],
					[171.9794034],
					[166.6484375],
					[187.9723011],
					[238.3203125]
				]
			},
			{
				"name": "OLS-SPARSEGD, 15 training samples",
				"labelposition": [113.4161932,71.87571023,272.4715909,18.36221591],
				"symbolposition": [389.4417614,75.4296875,53.30965909,12.43892045],
				"x": [
					[72.54545455],
					[246.0980114],
					[364.5639205],
					[414.3196023],
					[481.8451705],
					[533.9701705],
					[583.7258523]
				],
				"y": [
					[296.368608],
					[299.9225852],
					[301.6995739],
					[299.3302557],
					[292.8146307],
					[317.6924716],
					[351.4552557]
				]
			},
			{
				"name": "OLS-CONV, 30 training samples",
				"labelposition": [155.4715909,87.86860795,230.4161932,17.76988636],
				"symbolposition": [390.6264205,90.83025568,48.57102273,10.66193182],
				"x": [
					[67.21448864],
					[590.8338068]
				],
				"y": [
					[36.3359375],
					[36.3359375]
				]
			},
			{
				"name": "OLS-CONV, 15 training samples",
				"labelposition": [154.2869318,104.4538352,231.0085227,21.32386364],
				"symbolposition": [390.6264205,105.6384943,49.75568182,11.25426136],
				"x": [
					[68.99147727],
					[590.2414773]
				],
				"y": [
					[193.303267],
					[193.8955966]
				]
			}
		],
		"plotpos": [67.80681818,14.41974432,523.6193182,351.2514205],
		"xax": {
			"titlepos": [298.2230114,390.5490057,58.640625,25.47017045],
			"minpos": [52.99857955,372.1867898,48.57102273,20.13920455],
			"maxpos": [567.7329545,369.225142,30.80113636,20.73153409],
			"type": 2
		},
		"yax": {
			"titlepos": [3.242897727,115.7080966,25.47017045,152.2286932],
			"minpos": [39.96732955,355.6015625,18.95454545,16.58522727],
			"maxpos": [35.22869318,4.350142045,24.87784091,17.17755682],
			"type": 1
		}
	}
}
