{
	"data": {
		"imagename": "00899-10.1.1.229.2186-Figure-3",
		"difficult": 0,
		"curves": [
			{
				"name": "All Full",
				"labelposition": [464.0106486,47.2589545,47.08518877,19.23910939],
				"symbolposition": [429.5827686,51.30929332,27.84607938,9.113262343],
				"x": [
					[82.77250726],
					[104.0367861],
					[132.8954501],
					[158.7163601],
					[185.5498548],
					[209.8518877],
					[228.5847047],
					[252.8867377],
					[290.8586641],
					[324.2739593],
					[351.6137464],
					[377.9409487],
					[400.2178122]
				],
				"y": [
					[50.29670862],
					[64.97918683],
					[82.19312682],
					[93.83785092],
					[100.4196515],
					[103.4574056],
					[102.9511133],
					[110.5454985],
					[124.7216844],
					[134.3412391],
					[140.9230397],
					[146.9985479],
					[149.5300097]
				]
			},
			{
				"name": "All Initial",
				"labelposition": [462.9980639,74.59874153,59.23620523,19.74540174],
				"symbolposition": [429.0764763,79.1553727,27.84607938,10.12584705],
				"x": [
					[81.2536302],
					[106.5682478],
					[130.8702807],
					[161.2478219],
					[197.1945789],
					[211.8770571],
					[227.57212],
					[242.7608906],
					[262],
					[291.8712488],
					[325.7928364],
					[355.1577928],
					[380.9787028],
					[395.661181]
				],
				"y": [
					[45.23378509],
					[55.86592449],
					[65.48547919],
					[72.57357212],
					[80.16795741],
					[78.64908035],
					[77.13020329],
					[80.16795741],
					[84.72458858],
					[92.82526621],
					[96.87560503],
					[105.9888674],
					[112.0643756],
					[117.6335915]
				]
			},
			{
				"name": "Doc",
				"labelposition": [461.4791868,104.4699903,32.9090029,15.18877057],
				"symbolposition": [430.089061,109.0266215,26.32720232,8.60696999],
				"x": [
					[79.73475315],
					[102.517909],
					[133.9080348],
					[161.7541142],
					[198.2071636],
					[222.5091965],
					[258.9622459],
					[292.8838335],
					[334.9060987],
					[361.2333011],
					[379.4598258],
					[400.2178122]
				],
				"y": [
					[43.71490803],
					[58.90367861],
					[71.05469506],
					[82.19312682],
					[92.31897386],
					[98.39448209],
					[102.9511133],
					[104.4699903],
					[108.0140368],
					[110.5454985],
					[112.0643756],
					[113.0769603]
				]
			},
			{
				"name": "None",
				"labelposition": [460.4666021,130.2909003,43.5411423,22.78315586],
				"symbolposition": [429.0764763,137.3789932,27.33978703,8.60696999],
				"x": [
					[80.74733785],
					[99.48015489],
					[123.7821878],
					[146.5653437],
					[178.9680542],
					[208.3330106],
					[246.3049371],
					[281.2391094],
					[318.7047435],
					[356.6766699],
					[386.5479187],
					[394.6485963]
				],
				"y": [
					[43.71490803],
					[54.34704743],
					[63.46030978],
					[71.05469506],
					[80.67424976],
					[88.26863504],
					[93.83785092],
					[95.86302033],
					[100.4196515],
					[102.9511133],
					[102.9511133],
					[102.9511133]
				]
			},
			{
				"name": "Null",
				"labelposition": [461.4791868,159.6558567,30.37754114,17.72023233],
				"symbolposition": [429.5827686,166.7439497,22.78315586,6.581800581],
				"x": [
					[77.70958374],
					[98.46757018],
					[121.7570184],
					[146.0590513],
					[183.5246854],
					[214.9148112],
					[248.3301065],
					[285.2894482],
					[321.2362052],
					[356.6766699],
					[379.4598258],
					[396.1674734]
				],
				"y": [
					[42.70232333],
					[51.81558567],
					[60.42255566],
					[68.01694095],
					[77.63649564],
					[83.20571152],
					[86.24346563],
					[89.7875121],
					[92.31897386],
					[93.83785092],
					[92.31897386],
					[90.80009681]
				]
			},
			{
				"name": "Term",
				"labelposition": [463.5043562,186.4893514,37.46563408,21.2642788],
				"symbolposition": [429.0764763,194.0837367,21.2642788,6.075508228],
				"x": [
					[77.20329138],
					[107.0745402],
					[138.9709584],
					[174.411423],
					[209.8518877],
					[257.4433688],
					[294.4027106],
					[336.4249758],
					[377.9409487],
					[394.6485963]
				],
				"y": [
					[45.23378509],
					[55.86592449],
					[66.49806389],
					[75.61132623],
					[81.68683446],
					[91.30638916],
					[96.87560503],
					[101.4322362],
					[104.4699903],
					[105.9888674]
				]
			}
		],
		"plotpos": [60.49564376,5.742981607,355.4172314,206.0609874],
		"xax": {
			"titlepos": [135.9332043,232.0556631,172.1393998,20.25169409],
			"minpos": [69.10261375,216.3606002,16.20135528,15.18877057],
			"maxpos": [371.8654405,215.3480155,25.31461762,18.22652469],
			"type": 1
		},
		"yax": {
			"titlepos": [2.778315586,94.34414327,19.74540174,48.09777348],
			"minpos": [24.04259439,178.8949661,30.37754114,16.20135528],
			"maxpos": [24.04259439,12.83107454,29.87124879,18.22652469],
			"type": 1
		}
	}
}
