{
	"data": {
		"imagename": "00894-10.1.1.366.5733-Figure-5",
		"difficult": 0,
		"curves": [
			{
				"name": "Viterbi ITG",
				"labelposition": [67.8125,366.0433239,139.7088068,27.49289773],
				"symbolposition": [22.92613636,364.3600852,25.80965909,23.56534091],
				"x": 260.2627841,
				"y": 67.54900568
			},
			{
				"name": "BT ITG",
				"labelposition": [273.7286932,368.287642,95.38352273,24.12642045],
				"symbolposition": [213.6931818,367.7265625,60.03551136,21.88210227],
				"x": [
					[118.3096591],
					[141.875],
					[172.1732955],
					[221.5482955],
					[236.1363636]
				],
				"y": [
					[64.18252841],
					[63.06036932],
					[59.69389205],
					[67.54900568],
					[133.1953125]
				]
			},
			{
				"name": "BP Relaxed",
				"labelposition": [433.0752841,367.7265625,143.0752841,25.24857955],
				"symbolposition": [373.0397727,366.0433239,60.03551136,22.44318182],
				"x": [
					[465.6178977],
					[491.4275568],
					[532.3863636],
					[566.0511364],
					[565.4900568]
				],
				"y": [
					[29.95667614],
					[29.39559659],
					[55.76633523],
					[220.162642],
					[242.0447443]
				]
			}
		],
		"plotpos": [96.98863636,14.80752841,474.6732955,228.9204545],
		"xax": {
			"titlepos": [126.1647727,306.568892,409.5880682,44.32528409],
			"minpos": [54.34659091,265.0490057,86.96732955,30.859375],
			"maxpos": [549.21875,263.9268466,24.6875,36.47017045],
			"type": 1
		},
		"yax": {
			"titlepos": [1.044034091,75.96519886,35.34801136,113.3380682],
			"minpos": [42.56392045,230.8231534,31.42045455,28.05397727],
			"maxpos": [40.88068182,4.708096591,34.22585227,27.49289773],
			"type": 1
		}
	}
}
