{
	"data": {
		"imagename": "00891-10.1.1.174.3004-Figure-3",
		"difficult": 0,
		"curves": [
			{
				"name": "WordNet",
				"labelposition": [440.5217812,225.0905131,76.57308809,22.4249758],
				"symbolposition": [414.8151016,226.731365,24.61277832,19.69022265],
				"x": [
					[87.73862536],
					[207.5208132],
					[324.5682478],
					[442.7095837],
					[558.6631171]
				],
				"y": [
					[157.8155857],
					[93.82236205],
					[64.28702807],
					[57.72362052],
					[54.44191675]
				]
			},
			{
				"name": "Simile",
				"labelposition": [440.5217812,254.0788964,54.14811229,18.59632139],
				"symbolposition": [416.4559535,252.9849952,22.97192643,14.22071636],
				"x": [
					[87.73862536],
					[207.5208132],
					[322.9273959],
					[442.1626331],
					[558.6631171]
				],
				"y": [
					[205.947241],
					[116.7942885],
					[77.41384318],
					[63.19312682],
					[61.0053243]
				]
			},
			{
				"name": "ConceptNet",
				"labelposition": [440.5217812,277.5977735,103.3736689,21.33107454],
				"symbolposition": [414.268151,273.7691191,25.15972894,18.04937076],
				"x": [
					[88.83252662],
					[205.8799613],
					[324.5682478],
					[440.5217812],
					[558.6631171]
				],
				"y": [
					[315.3373669],
					[198.2899322],
					[110.7778316],
					[80.14859632],
					[62.09922556]
				]
			}
		],
		"plotpos": [87.73862536,12.87366893,469.8305905,309.0271055],
		"xax": {
			"titlepos": [218.4598258,359.0934172,171.7424976,23.51887706],
			"minpos": [83.36302033,339.9501452,10.93901258,21.33107454],
			"maxpos": [545.536302,342.6848984,18.59632139,17.50242014],
			"type": 1
		},
		"yax": {
			"titlepos": [2.961277832,129.9211036,24.61277832,97.357212],
			"minpos": [34.1374637,313.1495644,35.5517909,18.59632139],
			"maxpos": [34.1374637,4.669409487,36.64569216,15.86156825],
			"type": 1
		}
	}
}
