{
	"data": {
		"imagename": "00904-10.1.1.167.5438-Figure-3",
		"difficult": 0,
		"curves": [
			{
				"name": "positive-subjective",
				"labelposition": [464.7102273,357.9453125,105.5284091,14.15625],
				"symbolposition": [573.4559659,360.5191761,43.75568182,7.721590909],
				"x": [
					[65.11789773],
					[68.33522727],
					[72.19602273],
					[75.41335227],
					[83.13494318],
					[88.28267045],
					[93.43039773],
					[108.2301136],
					[122.3863636],
					[134.6122159],
					[155.203125],
					[197.671875],
					[455.7017045],
					[628.1505682]
				],
				"y": [
					[403.631392],
					[395.2663352],
					[395.2663352],
					[376.6058239],
					[374.0319602],
					[361.806108],
					[340.571733],
					[298.102983],
					[292.3117898],
					[283.946733],
					[280.7294034],
					[229.2521307],
					[96.69815341],
					[13.04758523]
				]
			},
			{
				"name": "negative-subjective",
				"labelposition": [458.9190341,372.1015625,112.6065341,11.58238636],
				"symbolposition": [574.0994318,374.0319602,45.04261364,7.721590909],
				"x": [
					[72.19602273],
					[74.12642045],
					[77.34375],
					[84.421875],
					[84.421875],
					[99.22159091],
					[107.5866477],
					[115.3082386],
					[130.1079545],
					[165.4985795],
					[182.8721591],
					[207.3238636],
					[231.7755682],
					[261.375],
					[318],
					[337.3039773],
					[503.9616477],
					[621.0724432]
				],
				"y": [
					[410.0660511],
					[381.7535511],
					[347.006392],
					[327.7024148],
					[315.4765625],
					[300.6768466],
					[294.2421875],
					[264.6427557],
					[250.4865057],
					[236.9737216],
					[218.9566761],
					[213.8089489],
					[185.4964489],
					[184.852983],
					[130.8018466],
					[103.7762784],
					[50.36860795],
					[14.33451705]
				]
			},
			{
				"name": "extractive",
				"labelposition": [511.6832386,383.6839489,63.05965909,12.86931818],
				"symbolposition": [575.3863636,386.2578125,41.18181818,8.365056818],
				"x": [
					[67.04829545],
					[72.19602273],
					[77.34375],
					[81.20454545],
					[88.92613636],
					[95.36079545],
					[101.1519886],
					[110.1605114],
					[123.0298295],
					[128.8210227],
					[134.6122159],
					[148.125],
					[153.2727273],
					[161.6377841],
					[169.359375],
					[176.4375],
					[200.2457386],
					[215.0454545],
					[229.2017045],
					[266.5227273],
					[363.0426136],
					[457.6321023],
					[622.359375]
				],
				"y": [
					[408.7791193],
					[399.1271307],
					[386.2578125],
					[377.8927557],
					[361.806108],
					[357.3018466],
					[345.0759943],
					[333.493608],
					[307.7549716],
					[294.2421875],
					[291.024858],
					[261.4254261],
					[258.8515625],
					[240.1910511],
					[229.2521307],
					[217.6697443],
					[180.9921875],
					[169.4098011],
					[144.3146307],
					[103.7762784],
					[57.44673295],
					[42.00355114],
					[13.69105114]
				]
			},
			{
				"name": "random",
				"labelposition": [525.1960227,397.196733,45.68607955,12.86931818],
				"symbolposition": [572.8125,398.4836648,42.46875,7.721590909],
				"x": [
					[65.76136364],
					[626.2201705]
				],
				"y": [
					[411.352983],
					[11.76065341]
				]
			}
		],
		"plotpos": [63.1875,12.40411932,564.9630682,401.5227273],
		"xax": {
			"titlepos": [332.7997159,436.4481534,23.16477273,16.08664773],
			"minpos": [58.03977273,419.7180398,16.73011364,16.08664773],
			"maxpos": [625.5767045,420.3615057,9.008522727,13.51278409],
			"type": 1
		},
		"yax": {
			"titlepos": [1.414772727,202.2265625,18.01704545,28.95596591],
			"minpos": [45.17045455,406.2052557,14.15625,16.08664773],
			"maxpos": [45.17045455,4.0390625,14.15625,16.08664773],
			"type": 1
		}
	}
}
