{
	"data": {
		"imagename": "00908-10.1.1.146.4050-Figure-11",
		"difficult": 0,
		"curves": [
			{
				"name": "LGS",
				"labelposition": [503.3863636,365.368608,26.56960227,12.35795455],
				"symbolposition": [477.4346591,367.2223011,24.71590909,11.74005682],
				"x": [
					[53.55681818],
					[105.4602273],
					[161.0710227],
					[217.2997159],
					[271.0568182],
					[322.3423295],
					[376.0994318],
					[434.1818182],
					[485.4673295],
					[541.078125]
				],
				"y": [
					[304.8146307],
					[251.6754261],
					[177.5276989],
					[157.7549716],
					[146.0149148],
					[142.3075284],
					[122.5348011],
					[102.7620739],
					[86.07883523],
					[66.92400568]
				]
			},
			{
				"name": "SIFT",
				"labelposition": [504.6221591,377.7265625,26.56960227,12.97585227],
				"symbolposition": [478.6704545,379.5802557,23.48011364,10.50426136],
				"x": [
					[52.93892045],
					[107.3139205],
					[162.9247159],
					[216.6818182],
					[270.4389205],
					[324.8139205],
					[379.8068182],
					[486.703125],
					[539.8423295]
				],
				"y": [
					[361.0433239],
					[286.8955966],
					[267.740767],
					[232.5205966],
					[176.2919034],
					[168.259233],
					[159.6086648],
					[121.9169034],
					[117.5916193]
				]
			}
		],
		"plotpos": [52.32102273,12.54900568,486.9034091,384.9502841],
		"xax": {
			"titlepos": [288.9758523,421.5973011,14.21164773,12.97585227],
			"minpos": [50.46732955,401.2066761,8.650568182,14.21164773],
			"maxpos": [530.5738636,399.352983,19.15482955,14.21164773],
			"type": 1
		},
		"yax": {
			"titlepos": [3.507102273,118.209517,20.390625,177.3366477],
			"minpos": [31.93039773,390.7024148,19.77272727,12.35795455],
			"maxpos": [30.69460227,4.516335227,19.77272727,16.06534091],
			"type": 1
		}
	}
}
