{
	"data": {
		"imagename": "00918-10.1.1.300.468-Figure-6",
		"difficult": 0,
		"curves": [
			{
				"name": "10%",
				"labelposition": [125.7997159,25.19957386,38.09090909,18.45028409],
				"symbolposition": [68.66335227,26.38991477,56.54119318,14.87926136],
				"x": [
					[72.234375],
					[91.875],
					[154.3678977],
					[253.7613636],
					[452.5482955],
					[452.5482955]
				],
				"y": [
					[281.1228693],
					[283.5035511],
					[268.6242898],
					[224.5816761],
					[108.5234375],
					[108.5234375]
				]
			},
			{
				"name": "20%",
				"labelposition": [125.2045455,47.81605114,38.68607955,19.04545455],
				"symbolposition": [68.06818182,49.00639205,55.94602273,13.09375],
				"x": [
					[71.63920455],
					[91.875],
					[153.7727273],
					[251.9758523],
					[452.5482955]
				],
				"y": [
					[279.337358],
					[279.9325284],
					[264.4580966],
					[223.9865057],
					[112.0944602]
				]
			},
			{
				"name": "50%",
				"labelposition": [125.7997159,69.83735795,37.49573864,20.23579545],
				"symbolposition": [68.66335227,71.62286932,57.13636364,13.68892045],
				"x": [
					[72.234375],
					[93.66051136],
					[152.5823864],
					[253.7613636],
					[452.5482955]
				],
				"y": [
					[272.1953125],
					[272.1953125],
					[254.3401989],
					[209.7024148],
					[94.23934659]
				]
			},
			{
				"name": "75%",
				"labelposition": [125.7997159,91.85866477,38.68607955,19.04545455],
				"symbolposition": [69.85369318,93.04900568,55.35085227,13.09375],
				"x": [
					[70.44886364],
					[90.08948864],
					[153.1775568],
					[253.7613636],
					[452.5482955]
				],
				"y": [
					[262.0774148],
					[264.4580966],
					[244.8174716],
					[191.2521307],
					[66.26633523]
				]
			}
		],
		"plotpos": [51.99857955,12.10582386,439.8309659,360.6732955],
		"xax": {
			"titlepos": [154.9630682,398.9666193,230.3309659,19.04545455],
			"minpos": [47.83238636,378.1356534,13.68892045,18.45028409],
			"maxpos": [437.0738636,376.9453125,33.32954545,17.85511364],
			"type": 1
		},
		"yax": {
			"titlepos": [2.004261364,154.946733,27.37784091,80.34801136],
			"minpos": [34.73863636,364.446733,14.87926136,15.47443182],
			"maxpos": [28.19176136,1.987926136,22.02130682,20.23579545],
			"type": 1
		}
	}
}
