{
	"data": {
		"imagename": "00912-10.1.1.208.2318-Figure-3",
		"difficult": 0,
		"curves": [
			{
				"name": "SIFT GRID-16",
				"labelposition": [269.3963068,275.9495739,95.03977273,17.12926136],
				"symbolposition": [229.6122159,278.1598011,39.78409091,12.70880682],
				"x": [
					[98.65625],
					[105.2869318],
					[115.2329545],
					[129.5994318],
					[142.8607955],
					[156.6747159],
					[178.2244318],
					[204.1946023],
					[232.9275568],
					[264.4232955],
					[304.7599432],
					[352.8323864],
					[378.8025568]
				],
				"y": [
					[349.4396307],
					[300.2620739],
					[268.2137784],
					[226.772017],
					[205.774858],
					[188.0930398],
					[172.068892],
					[153.834517],
					[137.8103693],
					[122.3387784],
					[111.287642],
					[99.68394886],
					[94.7109375]
				]
			},
			{
				"name": "UHoG GRID-16",
				"labelposition": [268.84375,291.9737216,103.328125,17.68181818],
				"symbolposition": [229.0596591,294.7365057,39.78409091,13.81392045],
				"x": [
					[97.55113636],
					[104.734375],
					[113.5752841],
					[126.2840909],
					[140.0980114],
					[155.0170455],
					[171.59375],
					[205.8522727],
					[256.6875],
					[289.8409091],
					[334.5980114],
					[347.3068182],
					[377.1448864]
				],
				"y": [
					[348.334517],
					[300.2620739],
					[266.0035511],
					[238.3757102],
					[209.0901989],
					[190.303267],
					[165.4382102],
					[136.1526989],
					[107.4197443],
					[94.7109375],
					[82.00213068],
					[77.58167614],
					[73.16122159]
				]
			},
			{
				"name": "UHoG GLOH-9",
				"labelposition": [269.3963068,310.2080966,99.46022727,14.91903409],
				"symbolposition": [230.1647727,311.865767,39.23153409,12.70880682],
				"x": [
					[95.89346591],
					[106.9446023],
					[114.6803977],
					[125.1789773],
					[141.7556818],
					[153.359375],
					[174.3565341],
					[193.1434659],
					[210.8252841],
					[234.0326705],
					[284.8678977],
					[347.3068182],
					[378.8025568]
				],
				"y": [
					[349.9921875],
					[280.9225852],
					[242.7961648],
					[205.2223011],
					[180.9098011],
					[160.4651989],
					[137.2578125],
					[119.5759943],
					[105.7620739],
					[96.36860795],
					[78.68678977],
					[63.76775568],
					[58.79474432]
				]
			},
			{
				"name": "UHoG GLOH-7",
				"labelposition": [268.2911932,326.2322443,102.2230114,16.02414773],
				"symbolposition": [227.4019886,329.5475852,40.88920455,10.49857955],
				"x": [
					[103.6292614],
					[111.3650568],
					[121.3110795],
					[135.125],
					[154.4644886],
					[177.671875],
					[198.1164773],
					[222.4289773],
					[247.2940341],
					[274.3693182],
					[306.9701705],
					[336.2556818],
					[377.6974432]
				],
				"y": [
					[350.5447443],
					[317.3913352],
					[266.556108],
					[224.5617898],
					[193.0660511],
					[165.4382102],
					[143.8884943],
					[125.6541193],
					[110.7350852],
					[98.57883523],
					[88.08025568],
					[80.34446023],
					[73.71377841]
				]
			}
		],
		"plotpos": [58.87215909,30.61434659,319.9303977,319.9303977],
		"xax": {
			"titlepos": [127.9417614,369.884233,181.2386364,16.02414773],
			"minpos": [52.79403409,355.5177557,11.05113636,14.36647727],
			"maxpos": [367.7514205,353.8600852,21.54971591,14.91903409],
			"type": 1
		},
		"yax": {
			"titlepos": [4.721590909,102.446733,19.89204545,173.5028409],
			"minpos": [32.34943182,343.3615057,22.65482955,13.81392045],
			"maxpos": [46.16335227,21.7734375,8.288352273,16.57670455],
			"type": 1
		}
	}
}
