{
	"data": {
		"imagename": "00910-10.1.1.107.8456-Figure-7",
		"difficult": 0,
		"curves": [
			{
				"name": "Palmtop",
				"labelposition": [283.7769886,437.8757102,78.21306818,27.44318182],
				"symbolposition": [203.5056818,439.9339489,81.64346591,21.26846591],
				"x": [
					[145.1889205],
					[221.34375],
					[292.6960227],
					[370.2230114],
					[442.9474432],
					[517.0440341],
					[589.0823864]
				],
				"y": [
					[42.69389205],
					[55.72940341],
					[124.337358],
					[240.2848011],
					[281.4495739],
					[305.462358],
					[319.8700284]
				]
			},
			{
				"name": "Desktop",
				"labelposition": [449.1221591,436.5035511,79.58522727,30.1875],
				"symbolposition": [366.1065341,441.306108,82.32954545,17.15198864],
				"x": [
					[143.8167614],
					[221.34375],
					[293.3821023],
					[368.1647727],
					[442.9474432],
					[517.0440341],
					[591.140625]
				],
				"y": [
					[42.0078125],
					[49.5546875],
					[93.46377841],
					[188.8288352],
					[224.5049716],
					[286.9382102],
					[310.2649148]
				]
			}
		],
		"plotpos": [108.140625,29.65838068,520.0482955,296.3863636],
		"xax": {
			"titlepos": [242.6122159,378.8728693,251.7911932,30.87357955],
			"minpos": [116.3735795,337.022017,58.31676136,33.61789773],
			"maxpos": [565.7556818,343.196733,52.14204545,24.69886364],
			"type": 3
		},
		"yax": {
			"titlepos": [25.125,23.48366477,37.04829545,319.7130682],
			"minpos": [76.58096591,314.381392,21.26846591,22.640625],
			"maxpos": [77.26704545,29.65838068,18.52414773,23.32670455],
			"type": 1
		}
	}
}
