{
	"data": {
		"imagename": "00915-10.1.1.229.4014-Figure-4",
		"difficult": 0,
		"curves": [
			{
				"name": "r = 1",
				"labelposition": [560.9980639,65.10212972,47.4946757,18.87608906],
				"symbolposition": [492.8005808,68.75556631,68.19748306,10.96030978],
				"x": [
					[91.53146176],
					[106.7541142],
					[162.7734753],
					[209.6592449],
					[245.5847047],
					[269.3320426],
					[281.5101646],
					[310.7376573],
					[338.7473379],
					[406.9448209],
					[423.3852856],
					[452.0038722],
					[462.964182]
				],
				"y": [
					[225.2444337],
					[214.2841239],
					[202.714908],
					[200.2792836],
					[196.625847],
					[199.0614714],
					[196.0169409],
					[197.2347531],
					[192.9724105],
					[194.7991288],
					[191.1456922],
					[191.7545983],
					[194.1902227]
				]
			},
			{
				"name": "r = 2",
				"labelposition": [563.4336883,91.28509197,48.1035818,19.48499516],
				"symbolposition": [492.8005808,93.11181026,69.41529526,12.17812197],
				"x": [
					[89.70474347],
					[109.1897386],
					[132.3281704],
					[163.3823814],
					[195.6544046],
					[211.4859632],
					[227.3175218],
					[261.4162633],
					[286.9903195],
					[332.6582769],
					[366.7570184],
					[390.5043562],
					[406.3359148],
					[419.1229429],
					[441.6524685],
					[461.7463698]
				],
				"y": [
					[209.4128751],
					[176.5319458],
					[160.0914811],
					[144.2599226],
					[132.0818006],
					[129.0372701],
					[129.6461762],
					[124.1660213],
					[119.9036786],
					[123.5571152],
					[116.250242],
					[114.4235237],
					[115.0324298],
					[116.250242],
					[113.2057115],
					[116.250242]
				]
			},
			{
				"name": "r = 3",
				"labelposition": [563.4336883,114.4235237,44.45014521,23.13843175],
				"symbolposition": [490.9738625,118.0769603,71.24201355,14.61374637],
				"x": [
					[89.70474347],
					[110.4075508],
					[137.1994192],
					[167.035818],
					[210.8770571],
					[233.4065828],
					[273.5943853],
					[316.2178122],
					[344.2274927],
					[386.8509197],
					[419.731849],
					[457.4840271]
				],
				"y": [
					[199.6703775],
					[155.2202323],
					[125.3838335],
					[108.9433688],
					[96.15634076],
					[89.45837367],
					[85.80493708],
					[79.71587609],
					[79.71587609],
					[74.8446273],
					[74.2357212],
					[74.2357212]
				]
			},
			{
				"name": "r = 5",
				"labelposition": [561.60697,141.8242982,49.9303001,18.87608906],
				"symbolposition": [492.8005808,144.2599226,65.15295257,10.96030978],
				"x": [
					[90.92255566],
					[102.4917715],
					[118.9322362],
					[135.3727009],
					[157.2933204],
					[185.303001],
					[212.0948693],
					[235.2333011],
					[275.4211036],
					[321.089061],
					[366.1481123],
					[414.2516941],
					[461.7463698]
				],
				"y": [
					[197.2347531],
					[157.0469506],
					[127.2105518],
					[105.2899322],
					[87.63165537],
					[71.19119071],
					[65.10212972],
					[59.62197483],
					[54.14181994],
					[51.09728945],
					[47.44385286],
					[46.83494676],
					[46.22604066]
				]
			},
			{
				"name": "r = 20",
				"labelposition": [562.2158761,165.571636,55.41045499,20.09390126],
				"symbolposition": [490.9738625,166.7894482,71.24201355,15.83155857],
				"x": [
					[88.48693127],
					[109.1897386],
					[130.5014521],
					[151.8131655],
					[168.8625363],
					[188.3475315],
					[209.0503388],
					[224.8818974],
					[248.6292352],
					[285.1636012],
					[307.0842207],
					[348.4898354],
					[383.1974831],
					[405.1181026],
					[425.2120039],
					[443.4791868],
					[464.7909003]
				],
				"y": [
					[186.2744434],
					[129.6461762],
					[88.84946757],
					[77.88915779],
					[60.23088093],
					[54.14181994],
					[47.44385286],
					[43.18151016],
					[42.57260407],
					[37.70135528],
					[35.87463698],
					[33.43901258],
					[33.43901258],
					[35.26573088],
					[33.43901258],
					[33.43901258],
					[33.43901258]
				]
			}
		],
		"plotpos": [69.61084221,13.95401742,395.7889642,221.0329138],
		"xax": {
			"titlepos": [139.6350436,267.8678606,252.696031,23.74733785],
			"minpos": [61.08615682,243.5116167,17.65827686,21.31171346],
			"maxpos": [450.78606,242.2938045,26.79186834,21.31171346],
			"type": 1
		},
		"yax": {
			"titlepos": [1.413359148,5.429332043,28.61858664,234.428848],
			"minpos": [50.73475315,225.8533398,14.00484027,18.87608906],
			"maxpos": [50.73475315,4.211519845,15.22265247,20.09390126],
			"type": 1
		}
	}
}
