{
	"data": {
		"imagename": "00914-10.1.1.153.3026-Figure-19",
		"difficult": 0,
		"curves": [
			{
				"name": "predicted eval cross-entropy",
				"labelposition": [513.453125,24.6171875,329.765625,30.515625],
				"symbolposition": [848.140625,31.5078125,74.8125,17.71875],
				"x": [
					[90.171875],
					[225.03125],
					[374.65625],
					[516.40625],
					[663.078125],
					[796.953125],
					[949.53125]
				],
				"y": [
					[39.3828125],
					[80.7265625],
					[125.0234375],
					[157.5078125],
					[190.9765625],
					[223.4609375],
					[255.9453125]
				]
			},
			{
				"name": "actual eval cross-entropy",
				"labelposition": [556.765625,54.1484375,278.578125,24.609375],
				"symbolposition": [843.21875,54.1484375,81.703125,20.671875],
				"x": [
					[91.15625],
					[224.046875],
					[377.609375],
					[514.4375],
					[666.03125],
					[797.9375],
					[948.546875]
				],
				"y": [
					[45.2890625],
					[78.7578125],
					[124.0390625],
					[158.4921875],
					[196.8828125],
					[224.4453125],
					[256.9296875]
				]
			},
			{
				"name": "training cross-entropy",
				"labelposition": null,
				"symbolposition": null,
				"x": [
					[92.140625],
					[377.609375],
					[663.078125],
					[798.921875],
					[944.609375]
				],
				"y": [
					[568.9765625],
					[561.1015625],
					[552.2421875],
					[545.3515625],
					[536.4921875]
				]
			}
		],
		"plotpos": [88.203125,17.7265625,858.375,595.546875],
		"xax": {
			"titlepos": [375.640625,659.5390625,281.53125,33.46875],
			"minpos": [216.171875,623.1171875,83.671875,28.546875],
			"maxpos": [784.15625,619.1796875,87.609375,39.375],
			"type": 2
		},
		"yax": {
			"titlepos": [1.578125,282.5234375,29.53125,72.84375],
			"minpos": [54.734375,598.5078125,20.671875,26.578125],
			"maxpos": [55.71875,1.9765625,21.65625,31.5],
			"type": 1
		}
	}
}
