{
	"data": {
		"imagename": "00919-10.1.1.136.6850-Figure-2",
		"difficult": 0,
		"curves": [
			{
				"name": "SVD",
				"labelposition": [171.3153409,43.52485795,40.58948864,20.02414773],
				"symbolposition": [109.6193182,43.52485795,62.77840909,18.40056818],
				"x": [
					[60.91193182],
					[107.4545455],
					[155.0795455],
					[200.5397727],
					[245.4588068],
					[292.0014205],
					[339.0852273],
					[384.0042614],
					[431.0880682],
					[476.5482955]
				],
				"y": [
					[226.4481534],
					[233.4836648],
					[249.178267],
					[258.9197443],
					[265.9552557],
					[273.5319602],
					[278.4026989],
					[282.7322443],
					[285.9794034],
					[288.6853693]
				]
			},
			{
				"name": "LOW Only",
				"labelposition": [173.4801136,73.83167614,84.42613636,20.02414773],
				"symbolposition": [112.8664773,74.9140625,59.53125,14.07102273],
				"x": [
					[61.453125],
					[107.9957386],
					[152.9147727],
					[198.9161932],
					[242.2116477],
					[292.0014205],
					[337.4616477],
					[382.921875],
					[431.6292614],
					[475.4659091]
				],
				"y": [
					[144.727983],
					[160.9637784],
					[173.9524148],
					[182.6115057],
					[191.2705966],
					[198.306108],
					[203.7180398],
					[209.1299716],
					[214.0007102],
					[221.5774148]
				]
			},
			{
				"name": "LOW+OFF",
				"labelposition": [327.7201705,44.06605114,84.42613636,21.64772727],
				"symbolposition": [265.4829545,42.44247159,61.69602273,18.40056818],
				"x": [
					[60.91193182],
					[106.3721591],
					[153.9971591],
					[201.0809659],
					[244.9176136],
					[290.3778409],
					[335.8380682],
					[384.0042614],
					[432.7116477],
					[474.9247159]
				],
				"y": [
					[88.98508523],
					[110.6328125],
					[124.7038352],
					[134.4453125],
					[147.4339489],
					[155.5518466],
					[165.834517],
					[175.0348011],
					[183.693892],
					[190.7294034]
				]
			},
			{
				"name": "OFF Only",
				"labelposition": [326.0965909,72.74928977,71.4375,21.64772727],
				"symbolposition": [268.1889205,72.20809659,57.90767045,19.48295455],
				"x": [
					[59.82954545],
					[152.3735795],
					[198.9161932],
					[246],
					[293.625],
					[338.5440341],
					[386.1690341],
					[432.7116477],
					[473.8423295]
				],
				"y": [
					[185.8586648],
					[196.1413352],
					[205.3416193],
					[217.7890625],
					[231.8600852],
					[242.1427557],
					[250.8018466],
					[257.2961648],
					[260.5433239]
				]
			}
		],
		"plotpos": [59.82954545,15.3828125,415.6363636,302.5269886],
		"xax": {
			"titlepos": [246,360.6640625,44.37784091,18.40056818],
			"minpos": [49.00568182,331.4396307,22.18892045,18.94176136],
			"maxpos": [461.9360795,333.6044034,27.05965909,15.15340909],
			"type": 1
		},
		"yax": {
			"titlepos": [3.004261364,131.7393466,20.02414773,64.94318182],
			"minpos": [39.26420455,309.2507102,11.90625,16.77698864],
			"maxpos": [21.40482955,6.182528409,30.30681818,17.31818182],
			"type": 1
		}
	}
}
