{
	"data": {
		"imagename": "00920-10.1.1.160.3397-Figure-3",
		"difficult": 0,
		"curves": [
			{
				"name": "all 9 attributes",
				"labelposition": [297.0071023,323.2066761,177.7826705,30.4375],
				"symbolposition": [480.3238636,326.665483,94.07954545,25.59517045],
				"x": [
					[162.8053977],
					[260.34375],
					[295.6235795],
					[297.0071023],
					[602.765625]
				],
				"y": [
					[328.740767],
					[114.9865057],
					[114.9865057],
					[43.04332386],
					[43.04332386]
				]
			},
			{
				"name": "best 3 attributes",
				"labelposition": [270.0284091,351.568892,202.6860795,29.05397727],
				"symbolposition": [485.1661932,354.3359375,85.77840909,29.05397727],
				"x": [
					[115.0738636],
					[213.3039773],
					[212.6122159],
					[322.6022727],
					[430.5170455],
					[604.1491477]
				],
				"y": [
					[326.665483],
					[260.9481534],
					[186.9296875],
					[186.2379261],
					[114.9865057],
					[116.3700284]
				]
			}
		],
		"plotpos": [116.4573864,18.13991477,489.7670455,381.8522727],
		"xax": {
			"titlepos": [245.125,454.6413352,228.9730114,31.12926136],
			"minpos": [104.0056818,412.443892,20.75284091,29.05397727],
			"maxpos": [551.5752841,410.368608,57.41619318,34.58806818],
			"type": 1
		},
		"yax": {
			"titlepos": [2.316761364,103.2265625,36.66335227,222.0553977],
			"minpos": [78.41051136,386.1569602,24.21164773,26.97869318],
			"maxpos": [56.27414773,2.921164773,50.49857955,29.74573864],
			"type": 1
		}
	}
}
