{
	"data": {
		"imagename": "00928-10.1.1.34.2263-Figure-2",
		"difficult": 0,
		"curves": [
			{
				"name": "2500 unlabeled documents",
				"labelposition": [307.9375,22.1015625,168.4375,15.859375],
				"symbolposition": [478.5625,26.4765625,30.078125,7.65625],
				"x": [
					[107.78125],
					[175.59375],
					[262],
					[293.71875],
					[365.359375],
					[431.53125],
					[480.75],
					[496.0625],
					[513.015625]
				],
				"y": [
					[182.3359375],
					[147.8828125],
					[102.4921875],
					[102.4921875],
					[91.5546875],
					[87.1796875],
					[88.2734375],
					[86.6328125],
					[85.5390625]
				]
			},
			{
				"name": "No unlabeled documents",
				"labelposition": [321.609375,36.8671875,155.3125,14.765625],
				"symbolposition": [479.65625,40.6953125,28.984375,8.203125],
				"x": [
					[107.78125],
					[175.59375],
					[210.59375],
					[263.09375],
					[292.625],
					[326.53125],
					[365.90625],
					[429.890625],
					[460.515625],
					[496.609375],
					[514.65625]
				],
				"y": [
					[217.3359375],
					[183.4296875],
					[168.6640625],
					[145.6953125],
					[134.7578125],
					[116.1640625],
					[101.3984375],
					[80.0703125],
					[80.6171875],
					[73.5078125],
					[75.1484375]
				]
			}
		],
		"plotpos": [80.4375,12.2578125,437.5,337.96875],
		"xax": {
			"titlepos": [202.9375,369.3671875,196.875,15.3125],
			"minpos": [119.265625,351.8671875,21.328125,18.59375],
			"maxpos": [460.515625,355.1484375,38.828125,19.6875],
			"type": 2
		},
		"yax": {
			"titlepos": [1.6875,148.9765625,27.34375,67.265625],
			"minpos": [47.078125,340.9296875,27.890625,20.234375],
			"maxpos": [35.59375,2.4140625,39.375,18.59375],
			"type": 1
		}
	}
}
