{
	"data": {
		"imagename": "00936-10.1.1.387.4664-Figure-2",
		"difficult": 0,
		"curves": [
			{
				"name": "BoW+Usr",
				"labelposition": [123.0440341,30.01207386,119.5056818,25.50426136],
				"symbolposition": [246.921875,32.92684659,88.90056818,18.21732955],
				"x": [
					[149.2769886],
					[196.6420455],
					[244.7357955],
					[295.7443182],
					[339.4659091],
					[383.9161932],
					[433.4673295],
					[479.375],
					[520.1818182]
				],
				"y": [
					[304.0007102],
					[233.3174716],
					[167.7350852],
					[145.8742898],
					[118.1839489],
					[97.05184659],
					[88.30752841],
					[86.12144886],
					[70.09019886]
				]
			},
			{
				"name": "BoW",
				"labelposition": [178.4247159,53.33025568,63.39630682,29.87642045],
				"symbolposition": [251.2940341,62.80326705,85.98579545,15.30255682],
				"x": [
					[147.8196023],
					[246.1931818],
					[289.9147727],
					[339.4659091],
					[387.5596591],
					[438.5681818],
					[473.5454545],
					[519.453125]
				],
				"y": [
					[346.2649148],
					[172.1072443],
					[159.7194602],
					[131.3004261],
					[121.0987216],
					[99.23792614],
					[91.95099432],
					[94.13707386]
				]
			},
			{
				"name": "Usr",
				"labelposition": [194.4559659,83.93536932,50.27982955,24.046875],
				"symbolposition": [249.8366477,90.49360795,78.69886364,13.11647727],
				"x": [
					[150.0056818],
					[194.4559659],
					[289.1860795],
					[341.6519886],
					[389.7457386],
					[434.1960227],
					[477.9176136],
					[515.0809659]
				],
				"y": [
					[390.7151989],
					[392.1725852],
					[322.946733],
					[327.318892],
					[236.2322443],
					[209.9992898],
					[201.2549716],
					[202.712358]
				]
			}
		],
		"plotpos": [109.9275568,18.35298295,430.6576705,409.5255682],
		"xax": {
			"titlepos": [92.43892045,480.3444602,464.1775568,31.33380682],
			"minpos": [128.8735795,441.7237216,53.92329545,29.14772727],
			"maxpos": [493.2201705,440.9950284,77.24147727,29.87642045],
			"type": 2
		},
		"yax": {
			"titlepos": [3.538352273,164.0916193,35.70596591,122.4204545],
			"minpos": [64.01988636,388.5291193,34.97727273,29.14772727],
			"maxpos": [61.10511364,3.050426136,40.078125,31.33380682],
			"type": 1
		}
	}
}
