{
	"data": {
		"imagename": "00938-10.1.1.182.9583-Figure-7",
		"difficult": 0,
		"curves": [
			{
				"name": "NMF",
				"labelposition": [599.0735721,161.9491772,35.07647628,18.83736689],
				"symbolposition": [562.0484027,161.2996128,36.37560503,16.88867377],
				"x": [
					[166.463698],
					[317.1626331],
					[469.160697]
				],
				"y": [
					[283.4177154],
					[270.4264279],
					[141.8126815]
				]
			},
			{
				"name": "ONMF",
				"labelposition": [599.7231365,189.8804453,43.52081317,17.53823814],
				"symbolposition": [561.3988383,189.2308809,37.67473379,17.53823814],
				"x": [
					[166.463698],
					[319.7608906],
					[468.5111326]
				],
				"y": [
					[283.4177154],
					[245.7429816],
					[119.0779284]
				]
			},
			{
				"name": "LPNMF",
				"labelposition": [601.6718296,213.2647628,52.61471442,24.68344627],
				"symbolposition": [563.3475315,217.8117135,38.32429816,14.93998064],
				"x": [
					[165.8141336],
					[318.4617619],
					[467.2120039]
				],
				"y": [
					[250.9394966],
					[211.9656341],
					[134.6674734]
				]
			}
		],
		"plotpos": [91.76379477,21.64327202,450.7976767,327.3804453],
		"xax": {
			"titlepos": [275.5905131,354.2202323,82.4946757,18.83736689],
			"minpos": [154.7715392,36.58325266,26.6321394,20.78606002],
			"maxpos": [453.571152,35.28412391,30.52952565,19.48693127],
			"type": 1
		},
		"yax": {
			"titlepos": [20.31171346,150.2570184,27.93126815,72.10164569],
			"minpos": [52.14036786,337.3315586,29.87996128,25.33301065],
			"maxpos": [63.18296225,13.84849952,18.18780252,14.93998064],
			"type": 1
		}
	}
}
