{
	"data": {
		"imagename": "00942-10.1.1.324.2945-Figure-4",
		"difficult": 0,
		"curves": [
			{
				"name": "Mined",
				"labelposition": [563.6534091,422.9609375,52.94744318,19.38920455],
				"symbolposition": [500.265625,424.4524148,63.38778409,14.16903409],
				"x": [
					[84.14346591],
					[95.32954545],
					[108.7528409],
					[113.2272727],
					[119.1931818],
					[117.7017045],
					[123.6676136],
					[131.125],
					[146.0397727],
					[152.7514205],
					[170.6491477],
					[180.34375],
					[190.7840909],
					[194.5127841],
					[210.9190341],
					[222.1051136],
					[240.7485795],
					[245.96875],
					[262.375],
					[278.0355114],
					[298.1704545],
					[310.8480114],
					[312.3394886],
					[357.8295455],
					[361.5582386],
					[375.7272727],
					[411.5227273],
					[433.1491477],
					[485.3508523],
					[486.8423295],
					[493.5539773],
					[496.5369318],
					[518.9090909],
					[525.6207386],
					[540.5355114],
					[542.7727273],
					[561.4161932],
					[565.890625],
					[586.0255682],
					[592.7372159],
					[626.2954545],
					[625.5497159]
				],
				"y": [
					[279.7791193],
					[257.4069602],
					[254.4240057],
					[234.2890625],
					[236.5262784],
					[220.865767],
					[218.6285511],
					[205.2052557],
					[198.493608],
					[170.1555398],
					[169.4098011],
					[164.9353693],
					[160.4609375],
					[149.274858],
					[138.834517],
					[138.834517],
					[134.3600852],
					[124.665483],
					[120.9367898],
					[120.1910511],
					[114.225142],
					[109.7507102],
					[100.056108],
					[98.56463068],
					[86.6328125],
					[79.92116477],
					[79.17542614],
					[72.46377841],
					[71.71803977],
					[63.51491477],
					[62.0234375],
					[53.07457386],
					[53.07457386],
					[48.60014205],
					[48.60014205],
					[41.88849432],
					[42.63423295],
					[33.68536932],
					[33.68536932],
					[23.99076705],
					[24.73650568],
					[15.78764205]
				]
			},
			{
				"name": "Learned",
				"labelposition": [563.6534091,444.587358,70.09943182,18.64346591],
				"symbolposition": [498.7741477,449.0617898,64.87926136,10.44034091],
				"x": [
					[84.14346591],
					[87.12642045],
					[92.34659091],
					[99.80397727],
					[122.1761364],
					[128.8877841],
					[150.5142045],
					[150.5142045],
					[171.3948864],
					[171.3948864],
					[187.0553977],
					[191.5298295],
					[201.9701705],
					[223.5965909],
					[246.7144886],
					[269.8323864],
					[281.0184659],
					[333.2201705],
					[382.4389205],
					[427.1832386],
					[446.5724432],
					[484.6051136],
					[539.0440341],
					[563.6534091],
					[582.296875],
					[597.9573864],
					[625.5497159]
				],
				"y": [
					[235.0348011],
					[221.6115057],
					[187.3075284],
					[187.3075284],
					[164.9353693],
					[132.1228693],
					[132.868608],
					[117.2080966],
					[110.4964489],
					[101.5475852],
					[96.32741477],
					[95.58167614],
					[85.88707386],
					[80.66690341],
					[70.2265625],
					[70.97230114],
					[58.29474432],
					[56.05752841],
					[50.83735795],
					[47.85440341],
					[41.88849432],
					[39.65127841],
					[39.65127841],
					[27.71946023],
					[26.97372159],
					[15.78764205],
					[12.8046875]
				]
			}
		],
		"plotpos": [61.77130682,14.29616477,586.8963068,462.3579545],
		"xax": {
			"titlepos": [317.5596591,504.9921875,73.828125,17.89772727],
			"minpos": [52.82244318,484.1115057,17.89772727,23.11789773],
			"maxpos": [643.4474432,484.1115057,8.948863636,18.64346591],
			"type": 1
		},
		"yax": {
			"titlepos": [5.095170455,202.9680398,20.13494318,85.75994318],
			"minpos": [43.87357955,466.959517,14.16903409,19.38920455],
			"maxpos": [44.61931818,4.6015625,11.93181818,15.66051136],
			"type": 1
		}
	}
}
