{
	"data": {
		"imagename": "00947-10.1.1.322.4192-Figure-3",
		"difficult": 0,
		"curves": [
			{
				"name": "up-sampling factor = 2",
				"labelposition": [121.3011364,31.53622159,187.6122159,20.22585227],
				"symbolposition": [71.78267045,34.32599432,47.42613636,12.55397727],
				"x": [
					[82.24431818],
					[121.9985795],
					[150.59375],
					[184.0710227],
					[218.9431818],
					[250.328125],
					[304.7286932],
					[344.4829545],
					[394.6988636],
					[428.1761364],
					[450.4943182],
					[472.1150568]
				],
				"y": [
					[416.524858],
					[403.9708807],
					[387.2322443],
					[365.6115057],
					[334.2265625],
					[304.9339489],
					[254.7180398],
					[211.4765625],
					[158.4708807],
					[121.506392],
					[92.21377841],
					[67.80326705]
				]
			},
			{
				"name": "up-sampling factor = 3",
				"labelposition": [123.3934659,55.94673295,186.9147727,18.83096591],
				"symbolposition": [71.78267045,57.34161932,47.42613636,11.15909091],
				"x": [
					[81.546875],
					[134.5525568],
					[181.9786932],
					[227.3125],
					[268.4616477],
					[315.1903409],
					[358.4318182],
					[396.7911932],
					[433.7556818],
					[472.1150568]
				],
				"y": [
					[415.8274148],
					[401.181108],
					[382.350142],
					[352.3600852],
					[319.5802557],
					[273.5490057],
					[230.3075284],
					[185.6711648],
					[135.4552557],
					[85.93678977]
				]
			},
			{
				"name": "up-sampling factor = 4",
				"labelposition": [124.0909091,78.26491477,184.125,19.52840909],
				"symbolposition": [71.78267045,78.26491477,46.03125,13.25142045],
				"x": [
					[80.15198864],
					[115.0241477],
					[155.4758523],
					[195.2301136],
					[239.1690341],
					[277.5284091],
					[321.4673295],
					[359.1292614],
					[388.421875],
					[414.9247159],
					[442.125],
					[461.6534091],
					[474.2073864]
				],
				"y": [
					[409.5504261],
					[409.5504261],
					[398.3913352],
					[383.0475852],
					[362.1242898],
					[338.4112216],
					[299.3544034],
					[263.087358],
					[230.3075284],
					[191.9481534],
					[157.0759943],
					[122.9012784],
					[104.7677557]
				]
			}
		],
		"plotpos": [57.13636364,14.79758523,439.3892045,426.8352273],
		"xax": {
			"titlepos": [40.39772727,463.9509943,473.5639205,25.80539773],
			"minpos": [45.97727273,448.6072443,27.89772727,14.64630682],
			"maxpos": [481.1818182,445.1200284,32.08238636,18.83096591],
			"type": 1
		},
		"yax": {
			"titlepos": [4.130681818,17.58735795,24.41051136,424.7428977],
			"minpos": [27.14630682,433.2634943,29.99005682,16.04119318],
			"maxpos": [27.14630682,4.3359375,29.99005682,20.22585227],
			"type": 1
		}
	}
}
