{
	"data": {
		"imagename": "00977-10.1.1.3.7085-Figure-2",
		"difficult": 0,
		"curves": [
			{
				"name": "Active",
				"labelposition": [485.4460227,42.63139205,44.89914773,14.76136364],
				"symbolposition": [537.1107955,43.86150568,46.12926136,12.91619318],
				"x": [
					[97.96022727],
					[105.9559659],
					[112.7215909],
					[123.7926136],
					[160.6960227],
					[203.1349432],
					[259.1051136],
					[332.9119318],
					[383.9616477],
					[452.8480114],
					[451.0028409]
				],
				"y": [
					[310.7961648],
					[249.290483],
					[224.6882102],
					[193.3203125],
					[158.2620739],
					[127.509233],
					[112.1328125],
					[89.99076705],
					[81.37997159],
					[73.38423295],
					[74.61434659]
				]
			},
			{
				"name": "Carpenter",
				"labelposition": [465.7642045,58.62286932,67.65625,17.22159091],
				"symbolposition": [536.4957386,60.46803977,49.20454545,12.30113636],
				"x": [
					[97.96022727],
					[106.5710227],
					[110.8764205],
					[123.1775568],
					[162.5411932],
					[202.5198864],
					[259.1051136],
					[334.7571023],
					[383.9616477],
					[452.2329545],
					[519.8892045],
					[519.8892045]
				],
				"y": [
					[343.3941761],
					[296.0348011],
					[277.5830966],
					[246.2151989],
					[212.3870739],
					[185.9396307],
					[167.4879261],
					[145.3458807],
					[139.8103693],
					[130.584517],
					[119.5134943],
					[119.5134943]
				]
			},
			{
				"name": "EFD",
				"labelposition": [497.1321023,73.99928977,31.98295455,15.99147727],
				"symbolposition": [534.6505682,77.07457386,50.43465909,11.07102273],
				"x": [
					[99.19034091],
					[111.4914773],
					[125.0227273],
					[160.6960227],
					[203.75],
					[258.4900568],
					[276.9417614],
					[316.3053977],
					[334.7571023],
					[353.2088068],
					[382.1164773],
					[452.8480114],
					[520.5042614]
				],
				"y": [
					[344.009233],
					[294.1896307],
					[267.1271307],
					[231.4538352],
					[203.1612216],
					[186.5546875],
					[184.0944602],
					[166.2578125],
					[161.9524148],
					[160.1072443],
					[157.0319602],
					[145.9609375],
					[134.274858]
				]
			},
			{
				"name": "EFD-index",
				"labelposition": [454.078125,88.14559659,80.57244318,19.68181818],
				"symbolposition": [536.4957386,91.22088068,47.97443182,12.91619318],
				"x": [
					[99.19034091],
					[110.8764205],
					[125.6377841],
					[162.5411932],
					[203.75],
					[235.7329545],
					[257.2599432],
					[278.171875],
					[315.6903409],
					[332.9119318],
					[352.59375],
					[384.5767045],
					[451.0028409],
					[521.1193182]
				],
				"y": [
					[347.6995739],
					[301.5703125],
					[277.5830966],
					[246.2151989],
					[220.3828125],
					[209.3117898],
					[204.3913352],
					[200.7009943],
					[182.8643466],
					[180.4041193],
					[176.7137784],
					[171.7933239],
					[165.6427557],
					[150.881392]
				]
			}
		],
		"plotpos": [96.11505682,35.86576705,503.7315341,347.5071023],
		"xax": {
			"titlepos": [289.8579545,411.0504261,115.015625,20.296875],
			"minpos": [91.19460227,389.5234375,11.07102273,19.68181818],
			"maxpos": [575.2443182,390.7535511,47.359375,16.60653409],
			"type": 1
		},
		"yax": {
			"titlepos": [2.626420455,160.1072443,27.67755682,105.7897727],
			"minpos": [47.52556818,372.9169034,41.82386364,19.68181818],
			"maxpos": [33.37926136,26.63991477,58.43039773,22.75710227],
			"type": 2
		}
	}
}
