{
	"data": {
		"imagename": "00979-10.1.1.169.3772-Figure-4",
		"difficult": 0,
		"curves": [
			{
				"name": "All-Words-Lemmas",
				"labelposition": [107.9261364,285.4865057,153.0539773,20.81534091],
				"symbolposition": [65.68323864,287.9353693,35.50852273,14.08096591],
				"x": [
					[134.2514205],
					[146.4957386],
					[165.4744318],
					[185.6775568],
					[209.5539773],
					[235.8792614],
					[263.4289773],
					[301.3863636],
					[334.4460227],
					[369.9545455],
					[404.8508523],
					[446.4815341],
					[480.1534091],
					[513.2130682],
					[537.7017045]
				],
				"y": [
					[13.05042614],
					[30.19247159],
					[53.45667614],
					[75.49644886],
					[99.98508523],
					[121.412642],
					[144.6768466],
					[168.553267],
					[188.756392],
					[208.959517],
					[223.6526989],
					[242.0191761],
					[256.100142],
					[268.9566761],
					[276.303267]
				]
			},
			{
				"name": "+3gram-LM",
				"labelposition": [106.7017045,309.3629261,104.6889205,20.203125],
				"symbolposition": [68.13210227,311.8117898,32.44744318,11.63210227],
				"x": [
					[123.2315341],
					[136.0880682],
					[150.78125],
					[170.984375],
					[193.0241477],
					[221.7982955],
					[250.5724432],
					[281.1832386],
					[316.0795455],
					[349.7514205],
					[379.1377841],
					[421.3806818],
					[454.4403409],
					[489.3366477],
					[538.3139205]
				],
				"y": [
					[12.43821023],
					[35.09019886],
					[56.51775568],
					[85.29190341],
					[109.1683239],
					[136.1058239],
					[157.5333807],
					[179.5731534],
					[203.4495739],
					[221.2038352],
					[237.1214489],
					[253.6512784],
					[267.7322443],
					[279.9765625],
					[294.6697443]
				]
			},
			{
				"name": "+Syntactic-LM",
				"labelposition": [110.375,333.2393466,118.7698864,18.36647727],
				"symbolposition": [69.35653409,333.8515625,25.71306818,12.85653409],
				"x": [
					[124.4559659],
					[136.0880682],
					[156.2911932],
					[179.5553977],
					[213.8394886],
					[253.6335227],
					[292.8153409],
					[325.875],
					[357.0980114],
					[396.8920455],
					[434.2372159],
					[466.6846591],
					[504.0298295],
					[535.8650568]
				],
				"y": [
					[12.43821023],
					[35.70241477],
					[65.70099432],
					[96.31178977],
					[129.9836648],
					[161.2066761],
					[190.5930398],
					[213.2450284],
					[229.774858],
					[248.7535511],
					[264.0589489],
					[276.303267],
					[287.9353693],
					[300.1796875]
				]
			},
			{
				"name": "+Syntactic-LM+Tags",
				"labelposition": [106.7017045,354.6669034,170.1960227,20.81534091],
				"symbolposition": [69.96875,359.5646307,23.87642045,9.183238636],
				"x": [
					[117.7215909],
					[130.578125],
					[145.2713068],
					[163.6377841],
					[185.6775568],
					[206.4928977],
					[224.859375],
					[254.2457386],
					[284.2443182],
					[312.40625],
					[354.6491477],
					[393.8309659],
					[425.0539773],
					[461.7869318],
					[497.9076705],
					[518.1107955],
					[538.3139205]
				],
				"y": [
					[13.66264205],
					[39.37571023],
					[66.31321023],
					[90.80184659],
					[111.0049716],
					[133.6569602],
					[152.0234375],
					[175.899858],
					[196.102983],
					[215.0816761],
					[237.7336648],
					[254.8757102],
					[270.7933239],
					[278.1399148],
					[290.9964489],
					[298.3430398],
					[302.6285511]
				]
			}
		],
		"plotpos": [54.66335227,12.43821023,482.4261364,374.0639205],
		"xax": {
			"titlepos": [261.5923295,401.8075284,72.85369318,28.16193182],
			"minpos": [51.60227273,389.5632102,7.346590909,15.30539773],
			"maxpos": [497.9076705,388.3387784,19.59090909,14.69318182],
			"type": 1
		},
		"yax": {
			"titlepos": [2.625,153.8600852,30.61079545,89.38352273],
			"minpos": [34.46022727,379.1555398,17.14204545,14.69318182],
			"maxpos": [34.46022727,2.642755682,17.75426136,18.36647727],
			"type": 1
		}
	}
}
