{
	"data": {
		"imagename": "00981-10.1.1.149.9543-Figure-3",
		"difficult": 0,
		"curves": [
			{
				"name": "random",
				"labelposition": [550.9886364,283.0603693,49.03693182,10.76420455],
				"symbolposition": [516.9019886,282.462358,34.68465909,13.15625],
				"x": [
					[101.8821023],
					[179.6235795],
					[256.7670455],
					[334.5085227],
					[413.4460227],
					[488.7954545],
					[568.3309659]
				],
				"y": [
					[268.7080966],
					[235.2194602],
					[145.5177557],
					[180.8004261],
					[118.009233],
					[128.7734375],
					[126.9794034]
				]
			},
			{
				"name": "all",
				"labelposition": [550.9886364,300.4026989,17.94034091,13.15625],
				"symbolposition": [519.2940341,300.4026989,32.29261364,11.96022727],
				"x": [
					[103.078125],
					[568.9289773]
				],
				"y": [
					[93.49076705],
					[92.89275568]
				]
			},
			{
				"name": "LMU",
				"labelposition": [550.9886364,314.7549716,35.28267045,15.54829545],
				"symbolposition": [515.1079545,313.5589489,36.47869318,15.54829545],
				"x": [
					[101.8821023],
					[179.6235795],
					[335.1065341],
					[413.4460227],
					[491.7855114],
					[567.7329545]
				],
				"y": [
					[277.0802557],
					[110.2350852],
					[94.08877841],
					[82.7265625],
					[125.1853693],
					[83.32457386]
				]
			}
		],
		"plotpos": [63.609375,17.54332386,542.9943182,337.2784091],
		"xax": {
			"titlepos": [220.8863636,386.5163352,230.234375,20.93039773],
			"minpos": [90.51988636,364.3899148,23.32244318,20.33238636],
			"maxpos": [559.9588068,363.7919034,14.95028409,17.94034091],
			"type": 1
		},
		"yax": {
			"titlepos": [15.17045455,137.743608,19.734375,96.87784091],
			"minpos": [33.11079545,345.8515625,21.52840909,16.74431818],
			"maxpos": [36.10085227,9.171164773,20.33238636,16.14630682],
			"type": 1
		}
	}
}
