{
	"data": {
		"imagename": "00980-10.1.1.43.7008-Figure-14",
		"difficult": 0,
		"curves": [
			{
				"name": "DKM",
				"labelposition": [235.53125,291.0234375,51.890625,21.78125],
				"symbolposition": [188.125,298.7109375,46.125,13.453125],
				"x": [
					[45.265625],
					[84.984375],
					[103.5625],
					[120.859375],
					[141.359375],
					[193.890625],
					[439.25]
				],
				"y": [
					[406.3359375],
					[210.3046875],
					[153.9296875],
					[126.3828125],
					[103.9609375],
					[62.9609375],
					[10.4296875]
				]
			},
			{
				"name": "ENT",
				"labelposition": [234.25,316.0078125,46.125,17.9375],
				"symbolposition": [183.640625,318.5703125,49.328125,12.8125],
				"x": [
					[45.265625],
					[125.984375],
					[167.625],
					[210.546875],
					[257.953125],
					[438.609375]
				],
				"y": [
					[405.0546875],
					[116.1328125],
					[89.8671875],
					[71.2890625],
					[52.0703125],
					[11.7109375]
				]
			},
			{
				"name": "GINI",
				"labelposition": [237.453125,333.3046875,42.921875,20.5],
				"symbolposition": [186.84375,335.2265625,46.125,17.9375],
				"x": [
					[47.1875],
					[152.890625],
					[186.203125],
					[204.78125],
					[439.25]
				],
				"y": [
					[405.6953125],
					[121.2578125],
					[92.4296875],
					[86.0234375],
					[10.4296875]
				]
			},
			{
				"name": "ACC",
				"labelposition": [235.53125,357.6484375,49.96875,21.140625],
				"symbolposition": [185.5625,364.0546875,44.84375,14.09375],
				"x": [
					[45.265625],
					[110.609375],
					[124.0625],
					[158.65625],
					[184.921875],
					[437.96875],
					[437.96875]
				],
				"y": [
					[405.0546875],
					[216.7109375],
					[176.9921875],
					[134.0703125],
					[102.6796875],
					[11.7109375],
					[11.0703125]
				]
			}
		],
		"plotpos": [44.625,11.0703125,393.984375,393.984375],
		"xax": {
			"titlepos": [164.421875,430.0390625,148.625,19.859375],
			"minpos": [37.578125,410.8203125,15.375,10.25],
			"maxpos": [433.484375,408.2578125,9.609375,12.8125],
			"type": 1
		},
		"yax": {
			"titlepos": [2.34375,135.9921875,21.140625,156.953125],
			"minpos": [31.8125,400.5703125,10.890625,10.25],
			"maxpos": [31.8125,4.0234375,10.890625,14.734375],
			"type": 1
		}
	}
}
