{
	"data": {
		"imagename": "00984-10.1.1.207.7250-Figure-3",
		"difficult": 0,
		"curves": [
			{
				"name": "PCA",
				"labelposition": [481.6633523,15.49928977,25.71306818,9.795454545],
				"symbolposition": [459.0113636,16.11150568,22.03977273,7.958806818],
				"x": [
					[84.33522727],
					[109.4360795],
					[133.9247159],
					[158.4133523],
					[182.9019886],
					[208.6150568],
					[233.7159091],
					[256.3678977],
					[280.8565341],
					[306.5696023],
					[331.0582386],
					[354.9346591],
					[376.3622159],
					[406.3607955],
					[432.0738636],
					[453.5014205],
					[476.765625]
				],
				"y": [
					[59.57883523],
					[110.3927557],
					[156.3089489],
					[197.9396307],
					[241.4069602],
					[276.303267],
					[307.5262784],
					[330.790483],
					[347.3203125],
					[362.0134943],
					[372.4211648],
					[380.3799716],
					[384.665483],
					[392.0120739],
					[394.4609375],
					[395.6853693],
					[395.6853693]
				]
			},
			{
				"name": "LDA",
				"labelposition": [481.6633523,25.90696023,23.87642045,11.63210227],
				"symbolposition": [457.7869318,25.90696023,23.87642045,9.795454545],
				"x": [
					[85.55965909],
					[133.9247159]
				],
				"y": [
					[118.9637784],
					[194.2663352]
				]
			},
			{
				"name": "MODA",
				"labelposition": [481.0511364,36.31463068,27.54971591,12.24431818],
				"symbolposition": [457.7869318,39.98792614,23.87642045,6.122159091],
				"x": [
					[84.33522727],
					[110.0482955],
					[133.9247159],
					[157.8011364],
					[184.7386364],
					[255.1434659],
					[282.0809659],
					[331.0582386],
					[402.6875],
					[454.1136364],
					[501.8664773]
				],
				"y": [
					[242.0191761],
					[271.4055398],
					[287.3231534],
					[302.0163352],
					[318.5461648],
					[351.6058239],
					[357.727983],
					[371.196733],
					[382.8288352],
					[393.8487216],
					[387.1143466]
				]
			},
			{
				"name": "PARDA",
				"labelposition": [482.2755682,47.33451705,36.73295455,12.24431818],
				"symbolposition": [459.0113636,51.0078125,23.26420455,6.122159091],
				"x": [
					[83.72301136],
					[133.9247159],
					[159.6377841],
					[184.1264205],
					[230.0426136],
					[281.46875],
					[329.2215909],
					[376.9744318],
					[429.625],
					[478.6022727],
					[501.2542614]
				],
				"y": [
					[260.3856534],
					[313.0362216],
					[322.2194602],
					[337.524858],
					[357.727983],
					[371.196733],
					[384.053267],
					[390.1754261],
					[394.4609375],
					[397.522017],
					[397.522017]
				]
			}
		],
		"plotpos": [36.58238636,9.989346591,489.7727273,396.7159091],
		"xax": {
			"titlepos": [274.1221591,420.1740057,12.85653409,9.795454545],
			"minpos": [32.296875,409.7663352,6.734375,11.01988636],
			"maxpos": [517.7840909,408.5419034,15.91761364,12.85653409],
			"type": 1
		},
		"yax": {
			"titlepos": [5.971590909,193.0419034,12.85653409,33.671875],
			"minpos": [27.39914773,402.4197443,6.734375,10.40767045],
			"maxpos": [19.44034091,2.642755682,14.69318182,12.85653409],
			"type": 1
		}
	}
}
