{
	"data": {
		"imagename": "00983-10.1.1.19.9849-Figure-1",
		"difficult": 0,
		"curves": [
			{
				"name": "parser",
				"labelposition": [1144.940341,37.62713068,85.90198864,32.03125],
				"symbolposition": [1076.509943,40.5390625,61.15056818,20.38352273],
				"x": [
					[134.5],
					[230.59375],
					[274.2727273],
					[323.7755682],
					[371.8224432],
					[415.5014205],
					[463.5482955],
					[514.5071023],
					[555.2741477],
					[606.2329545],
					[654.2798295],
					[700.8707386],
					[748.9176136],
					[845.0113636],
					[891.6022727],
					[936.7372159],
					[987.6960227],
					[1032.830966],
					[1083.789773],
					[1182.795455],
					[1271.609375]
				],
				"y": [
					[931.5901989],
					[854.4240057],
					[836.9524148],
					[719.0191761],
					[784.537642],
					[682.6200284],
					[756.8742898],
					[646.2208807],
					[691.3558239],
					[585.0703125],
					[721.931108],
					[704.459517],
					[599.6299716],
					[633.1171875],
					[602.5419034],
					[593.806108],
					[612.7336648],
					[547.2151989],
					[427.8259943],
					[590.8941761],
					[567.5987216]
				]
			},
			{
				"name": "n-gram",
				"labelposition": [1146.396307,71.11434659,103.3735795,27.66335227],
				"symbolposition": [1075.053977,71.11434659,69.88636364,20.38352273],
				"x": [
					[133.0440341],
					[179.6349432],
					[227.6818182],
					[275.7286932],
					[319.4076705],
					[370.3664773],
					[418.4133523],
					[463.5482955],
					[507.2272727],
					[555.2741477],
					[604.7769886],
					[660.1036932],
					[696.5028409],
					[748.9176136],
					[796.9644886],
					[847.9232955],
					[893.0582386],
					[945.4730114],
					[984.7840909],
					[1032.830966],
					[1085.245739],
					[1179.883523],
					[1225.018466],
					[1271.609375]
				],
				"y": [
					[925.7663352],
					[806.3771307],
					[717.5632102],
					[739.4026989],
					[560.318892],
					[630.2052557],
					[528.287642],
					[554.4950284],
					[490.4325284],
					[509.3600852],
					[426.3700284],
					[602.5419034],
					[523.9197443],
					[471.5049716],
					[515.1839489],
					[465.681108],
					[448.209517],
					[487.5205966],
					[404.5305398],
					[452.5774148],
					[216.7109375],
					[452.5774148],
					[427.8259943],
					[427.8259943]
				]
			}
		],
		"plotpos": [82.08522727,17.24360795,1190.980114,936.1860795],
		"xax": {
			"titlepos": [566.921875,997.1086648,221.3068182,27.66335227],
			"minpos": [71.89346591,967.9893466,26.20738636,29.11931818],
			"maxpos": [1252.681818,967.9893466,40.76704545,27.66335227],
			"type": 1
		},
		"yax": {
			"titlepos": [0.5511363636,379.7791193,36.39914773,212.5710227],
			"minpos": [34.03835227,937.4140625,43.67897727,33.48721591],
			"maxpos": [23.84659091,2.683948864,52.41477273,30.57528409],
			"type": 1
		}
	}
}
