{
	"data": {
		"imagename": "01008-10.1.1.229.837-Figure-3",
		"difficult": 0,
		"curves": [
			{
				"name": "SEL3",
				"labelposition": [391.8011364,40.36150568,44.00710227,19.13352273],
				"symbolposition": [344.6051136,40.99928977,39.54261364,17.85795455],
				"x": 102.8849432,
				"y": 218.9410511
			},
			{
				"name": "SEL3 extrapolation",
				"labelposition": [390.5255682,63.95951705,139.0369318,20.40909091],
				"symbolposition": [347.7940341,66.51065341,35.078125,15.30681818],
				"x": [
					[106.7116477],
					[181.9701705],
					[201.7414773],
					[221.5127841],
					[248.2997159],
					[291.03125],
					[335.0383523],
					[380.3210227],
					[415.3991477],
					[438.359375],
					[459.40625],
					[474.7130682],
					[495.7599432],
					[507.2400568],
					[516.1690341],
					[518.0823864],
					[526.3735795]
				],
				"y": [
					[221.4921875],
					[219.5788352],
					[221.4921875],
					[225.9566761],
					[229.1455966],
					[235.5234375],
					[239.9879261],
					[249.5546875],
					[265.4992898],
					[283.3572443],
					[306.9552557],
					[324.8132102],
					[339.4822443],
					[358.615767],
					[380.3004261],
					[391.7805398],
					[410.2762784]
				]
			},
			{
				"name": "NET-VISA",
				"labelposition": [388.6122159,86.28196023,81.63636364,19.77130682],
				"symbolposition": [347.7940341,90.10866477,31.25142045,11.48011364],
				"x": [
					[91.40482955],
					[99.05823864],
					[110.5383523],
					[129.0340909],
					[148.8053977],
					[171.1278409],
					[180.0568182],
					[203.0170455],
					[211.3082386],
					[239.3707386],
					[257.8664773],
					[291.03125],
					[312.7159091],
					[335.0383523],
					[363.1008523],
					[384.1477273],
					[401.3678977],
					[414.7613636],
					[419.2258523],
					[430.7059659],
					[449.2017045],
					[462.5951705],
					[476.6264205],
					[478.5397727],
					[481.0909091],
					[486.1931818]
				],
				"y": [
					[102.8643466],
					[101.5887784],
					[106.053267],
					[107.9666193],
					[111.7933239],
					[114.9822443],
					[122.6356534],
					[127.7379261],
					[135.3913352],
					[143.6825284],
					[157.0759943],
					[170.4694602],
					[185.1384943],
					[199.1697443],
					[215.7521307],
					[232.9723011],
					[242.5390625],
					[256.5703125],
					[270.6015625],
					[283.3572443],
					[316.522017],
					[329.915483],
					[363.7180398],
					[382.8515625],
					[398.1583807],
					[410.2762784]
				]
			}
		],
		"plotpos": [43.57102273,30.15696023,496.1960227,382.6704545],
		"xax": {
			"titlepos": [261.6931818,431.9609375,59.95170455,14.03125],
			"minpos": [40.38210227,416.0163352,25.51136364,15.94460227],
			"maxpos": [531.4758523,414.740767,19.13352273,15.94460227],
			"type": 1
		},
		"yax": {
			"titlepos": [4.666193182,202.9964489,17.22017045,36.99147727],
			"minpos": [19.97301136,399.4339489,21.046875,16.58238636],
			"maxpos": [21.24857955,24.41690341,19.13352273,12.11789773],
			"type": 1
		}
	}
}
