{
	"data": {
		"imagename": "01016-10.1.1.51.1574-Figure-1",
		"difficult": 0,
		"curves": [
			{
				"name": "SI",
				"labelposition": [529.4318182,410.399858,24.796875,24.04545455],
				"symbolposition": [504.6349432,414.9083807,15.02840909,16.53125],
				"x": [
					[54.53409091],
					[77.07670455],
					[98.11647727],
					[119.9076705],
					[143.2017045],
					[187.5355114],
					[274.7002841],
					[364.8707386],
					[474.578125],
					[533.1889205]
				],
				"y": [
					[259.3643466],
					[269.884233],
					[282.6583807],
					[285.6640625],
					[279.6526989],
					[260.8671875],
					[286.415483],
					[292.4268466],
					[294.681108],
					[299.9410511]
				]
			},
			{
				"name": "MI",
				"labelposition": [533.9403409,436.6995739,25.54829545,24.04545455],
				"symbolposition": [502.3806818,441.2080966,18.03409091,17.28267045],
				"x": [
					[53.03125],
					[75.57386364],
					[95.86221591],
					[119.9076705],
					[142.4502841],
					[189.0383523],
					[277.7059659],
					[367.125],
					[475.3295455],
					[531.6860795]
				],
				"y": [
					[258.6129261],
					[145.899858],
					[145.899858],
					[168.4424716],
					[170.696733],
					[175.2052557],
					[188.7308239],
					[195.493608],
					[202.256392],
					[202.256392]
				]
			}
		],
		"plotpos": [53.03125,30.18110795,532.0056818,457.6150568],
		"xax": {
			"titlepos": [214.5866477,508.8359375,211.1491477,18.78551136],
			"minpos": [47.01988636,492.3046875,17.28267045,19.53693182],
			"maxpos": [574.5170455,490.0504261,24.04545455,18.78551136],
			"type": 1
		},
		"yax": {
			"titlepos": [1.934659091,236.821733,21.03977273,49.59375],
			"minpos": [28.98579545,480.2819602,20.28835227,15.02840909],
			"maxpos": [38.75426136,20.41264205,12.02272727,22.54261364],
			"type": 1
		}
	}
}
