{
	"data": {
		"imagename": "01014-10.1.1.170.1789-Figure-5",
		"difficult": 0,
		"curves": [
			{
				"name": "Singer-Specific Training",
				"labelposition": [117.7201705,335.709517,186.6051136,25.33380682],
				"symbolposition": [74.46732955,344.3600852,41.39914773,8.650568182],
				"x": [
					[88.67897727],
					[142.4360795],
					[303.0894886],
					[353.7571023],
					[406.2784091],
					[461.2713068],
					[515.6463068],
					[568.1676136]
				],
				"y": [
					[271.4481534],
					[181.852983],
					[123.7705966],
					[75.57457386],
					[78.6640625],
					[93.49360795],
					[172.584517],
					[139.2180398]
				]
			},
			{
				"name": "Non-Singer-Specific Training",
				"labelposition": null,
				"symbolposition": null,
				"x": [
					[86.82528409],
					[140.5823864],
					[194.3394886],
					[245.625],
					[301.2357955],
					[359.3181818],
					[443.3522727],
					[460.0355114],
					[511.9389205],
					[561.3707386]
				],
				"y": [
					[277.6271307],
					[278.8629261],
					[247.350142],
					[265.8870739],
					[241.7890625],
					[199.772017],
					[196.6825284],
					[196.0646307],
					[258.4723011],
					[268.9765625]
				]
			}
		],
		"plotpos": [60.25568182,37.8828125,532.0099432,337.9900568],
		"xax": {
			"titlepos": [202.9900568,403.0603693,262.6065341,29.65909091],
			"minpos": [70.75994318,385.759233,33.984375,19.15482955],
			"maxpos": [555.1917614,385.759233,22.86221591,17.30113636],
			"type": 1
		},
		"yax": {
			"titlepos": [4.026988636,71.8671875,20.390625,266.3139205],
			"minpos": [40.48295455,366.6044034,13.59375,16.06534091],
			"maxpos": [25.65340909,29.85014205,29.65909091,19.15482955],
			"type": 1
		}
	}
}
