{
	"data": {
		"imagename": "01023-10.1.1.414.1722-Figure-4",
		"difficult": 0,
		"curves": [
			{
				"name": "H0",
				"labelposition": [459.5142045,28.8359375,14.31107955,15.45596591],
				"symbolposition": [437.7613636,30.55326705,18.890625,9.731534091],
				"x": [
					[58.23153409],
					[163.5610795],
					[266.6008523],
					[365.0610795],
					[452.0724432]
				],
				"y": [
					[354.556108],
					[320.209517],
					[278.993608],
					[285.8629261],
					[90.08735795]
				]
			},
			{
				"name": "H1",
				"labelposition": [458.9417614,42.57457386,14.88352273,15.45596591],
				"symbolposition": [437.7613636,45.43678977,20.03551136,10.30397727],
				"x": [
					[57.65909091],
					[164.1335227],
					[266.6008523],
					[365.6335227],
					[453.2173295]
				],
				"y": [
					[370.584517],
					[368.2947443],
					[363.7151989],
					[353.9836648],
					[341.3899148]
				]
			}
		],
		"plotpos": [36.47869318,23.68394886,445.3607955,351.4801136],
		"xax": {
			"titlepos": [246.5653409,389.475142,25.1875,12.59375],
			"minpos": [19.30539773,379.1711648,32.62926136,10.87642045],
			"maxpos": [468.1008523,378.0262784,28.04971591,13.16619318],
			"type": 1
		},
		"yax": {
			"titlepos": [3.276988636,175.381392,14.31107955,46.94034091],
			"minpos": [24.45738636,368.8671875,9.159090909,11.44886364],
			"maxpos": [17.015625,16.81463068,18.890625,13.73863636],
			"type": 1
		}
	}
}
