{
	"data": {
		"imagename": "01020-10.1.1.112.6853-Figure-7",
		"difficult": 0,
		"curves": [
			{
				"name": "ScrollPoint",
				"labelposition": [541.8722168,17.86979671,99.32236205,33.97870281],
				"symbolposition": [450.3910939,19.17666989,73.83833495,35.28557599],
				"x": [
					[124.3262343],
					[400.7299129],
					[528.803485]
				],
				"y": [
					[160.3189739],
					[233.5038722],
					[257.6810261]
				]
			},
			{
				"name": "Accel W1",
				"labelposition": [536.6447241,74.06534366,94.09486931,24.83059051],
				"symbolposition": [452.3514037,74.06534366,71.87802517,22.87028074],
				"x": [
					[126.286544],
					[401.3833495],
					[528.803485]
				],
				"y": [
					[184.4961278],
					[242.6519845],
					[266.8291384]
				]
			},
			{
				"name": "Accel W3",
				"labelposition": [542.5256534,126.9937076,87.56050339,27.44433688],
				"symbolposition": [452.3514037,130.9143272,70.57115198,21.56340755],
				"x": [
					[127.5934172],
					[401.3833495],
					[528.803485]
				],
				"y": [
					[198.8717328],
					[277.9375605],
					[299.5009681]
				]
			},
			{
				"name": "Std Wheel",
				"labelposition": [536.6447241,176.6548887,101.9361084,28.09777348],
				"symbolposition": [450.3910939,181.8823814,67.95740561,18.29622459],
				"x": [
					[127.5934172],
					[401.3833495],
					[528.803485]
				],
				"y": [
					[136.7952565],
					[213.9007744],
					[245.2657309]
				]
			}
		],
		"plotpos": [81.19941917,80.59970958,574.3707648,268.5624395],
		"xax": {
			"titlepos": [198.8180058,383.1408519,277.0571152,33.32526621],
			"minpos": [77.27879961,362.2308809,11.10842207,24.17715392],
			"maxpos": [640.5411423,362.2308809,31.36495644,26.1374637],
			"type": 2
		},
		"yax": {
			"titlepos": [1.480154889,80.59970958,33.32526621,291.4327202],
			"minpos": [40.68635044,341.32091,30.71151985,20.90997096],
			"maxpos": [36.11229429,68.83785092,34.6321394,22.21684414],
			"type": 1
		}
	}
}
