{
	"data": {
		"imagename": "01022-10.1.1.420.8551-Figure-2",
		"difficult": 0,
		"curves": [
			{
				"name": "survival frame",
				"labelposition": [155.5498548,166.2579864,168.7231365,30.44240077],
				"symbolposition": [332.5285576,176.0614714,91.32720232,15.47918683],
				"x": [
					[108.5963214],
					[519.3107454]
				],
				"y": [
					[88.86205227],
					[80.60648596]
				]
			},
			{
				"name": "mortality frame",
				"labelposition": [139.5546951,200.3121975,185.2342691,30.95837367],
				"symbolposition": [330.9806389,207.535818,91.32720232,13.93126815],
				"x": [
					[108.5963214],
					[177.7366893],
					[260.8083253],
					[318.5972894],
					[366.5827686],
					[408.3765731],
					[435.7231365],
					[463.5856728],
					[488.3523717],
					[504.3475315],
					[519.3107454]
				],
				"y": [
					[88.86205227],
					[95.5696999],
					[107.4370765],
					[118.2725073],
					[129.107938],
					[144.5871249],
					[160.0663117],
					[178.6413359],
					[199.2802517],
					[219.9191675],
					[243.6539206]
				]
			}
		],
		"plotpos": [106.0164569,21.78557599,414.3262343,253.3426912],
		"xax": {
			"titlepos": [301.5701839,308.1505324,25.79864472,22.70280736],
			"minpos": [98.2768635,288.5435624,25.79864472,27.34656341],
			"maxpos": [514.1510165,288.5435624,16.51113262,29.41045499],
			"type": 1
		},
		"yax": {
			"titlepos": [3.853823814,23.84946757,32.50629235,250.7628267],
			"minpos": [46.67957406,256.0372701,54.17715392,30.95837367],
			"maxpos": [49.25943853,3.726524685,45.40561471,33.53823814],
			"type": 1
		}
	}
}
