{
	"data": {
		"imagename": "01048-10.1.1.24.1024-Figure-7",
		"difficult": 0,
		"curves": [
			{
				"name": "Joystick",
				"labelposition": [476.8886738,4.571636012,91.79961278,25.65827686],
				"symbolposition": [403.3349468,2.29090029,71.84317522,27.36882865],
				"x": [
					[141.0503388],
					[185.5246854],
					[235.1306873],
					[279.03485],
					[324.0793804],
					[369.1239109],
					[413.5982575],
					[458.0726041],
					[507.1084221],
					[551.0125847]
				],
				"y": [
					[75.27444337],
					[87.81848984],
					[96.37124879],
					[103.7836399],
					[106.0643756],
					[112.3363988],
					[116.3276864],
					[112.3363988],
					[115.7575024],
					[117.4680542]
				]
			},
			{
				"name": "Touchpad",
				"labelposition": [476.8886738,29.65972894,111.7560503,29.64956438],
				"symbolposition": [405.0454985,31.37028074,72.98354308,23.37754114],
				"x": [
					[143.9012585],
					[187.8054211],
					[233.4201355],
					[280.7454017],
					[324.0793804],
					[370.8344627],
					[413.5982575],
					[459.7831559],
					[504.8276864],
					[548.731849]
				],
				"y": [
					[147.1176186],
					[163.6529526],
					[168.7846079],
					[174.4864472],
					[177.3373669],
					[179.0479187],
					[180.7584705],
					[184.749758],
					[188.7410455],
					[185.3199419]
				]
			},
			{
				"name": "Trackball",
				"labelposition": [476.3184898,57.59874153,106.054211,25.08809293],
				"symbolposition": [402.7647628,58.16892546,72.41335915,24.517909],
				"x": [
					[142.7608906],
					[188.375605],
					[237.411423],
					[278.464666],
					[324.6495644],
					[369.1239109],
					[413.5982575],
					[459.2129719],
					[503.6873185],
					[548.731849]
				],
				"y": [
					[151.67909],
					[163.6529526],
					[174.4864472],
					[175.6268151],
					[176.196999],
					[180.7584705],
					[179.0479187],
					[185.3199419],
					[187.6006776],
					[186.4603098]
				]
			},
			{
				"name": "Mouse",
				"labelposition": [478.5992256,82.68683446,75.2642788,23.94772507],
				"symbolposition": [406.7560503,86.10793804,69.5624395,20.52662149],
				"x": [
					[142.7608906],
					[185.5246854],
					[235.1306873],
					[281.8857696],
					[324.6495644],
					[411.3175218],
					[458.0726041],
					[551.0125847]
				],
				"y": [
					[218.9607938],
					[225.803001],
					[226.3731849],
					[226.9433688],
					[231.5048403],
					[232.0750242],
					[230.3644724],
					[229.7942885]
				]
			}
		],
		"plotpos": [120.5237173,26.23862536,451.5856728,282.8112294],
		"xax": {
			"titlepos": [309.8247822,371.7700871,72.98354308,27.93901258],
			"minpos": [128.5062924,327.8659245,27.93901258,25.08809293],
			"maxpos": [536.7579864,330.1466602,26.79864472,23.37754114],
			"type": 1
		},
		"yax": {
			"titlepos": [1.925459826,30.80009681,33.64085189,277.6795741],
			"minpos": [80.61084221,294.7952565,27.36882865,27.93901258],
			"maxpos": [43.54888674,11.41384318,59.29912875,26.22846079],
			"type": 1
		}
	}
}
