{
	"data": {
		"imagename": "01054-10.1.1.225.6805-Figure-5",
		"difficult": 0,
		"curves": [
			{
				"name": "Ring",
				"labelposition": [556.1181026,44.01887706,53.59244918,27.11907067],
				"symbolposition": [464.4298161,51.1214908,90.39690223,14.20522749],
				"x": [
					[107.3620523],
					[121.5672798],
					[186.1364956],
					[287.5101646],
					[459.909971],
					[479.9264279],
					[501.2342691],
					[538.0387222],
					[647.160697]
				],
				"y": [
					[95.67424976],
					[109.2337851],
					[140.2270087],
					[189.2996128],
					[275.1766699],
					[280.3422072],
					[282.9249758],
					[284.2163601],
					[284.2163601]
				]
			},
			{
				"name": "Linear",
				"labelposition": [556.1181026,73.72071636,69.08906099,27.11907067],
				"symbolposition": [464.4298161,79.53194579,91.04259439,12.26815102],
				"x": [
					[106.7163601],
					[117.0474347],
					[190.6563408],
					[254.5798645],
					[363.0561471],
					[444.4133591],
					[495.4230397],
					[519.9593417],
					[555.4724105],
					[645.8693127]
				],
				"y": [
					[91.15440465],
					[104.71394],
					[139.5813166],
					[166.0546951],
					[214.481607],
					[251.9317522],
					[274.5309777],
					[280.3422072],
					[282.9249758],
					[284.2163601]
				]
			},
			{
				"name": "Tree",
				"labelposition": [558.0551791,102.7768635,48.42691191,23.89060987],
				"symbolposition": [461.8470474,107.2967086,94.91674734,16.78799613],
				"x": [
					[106.7163601],
					[113.8189739],
					[149.9777348],
					[244.2487899],
					[332.0629235],
					[431.499516],
					[528.3533398],
					[567.7405615],
					[645.8693127]
				],
				"y": [
					[96.96563408],
					[103.4225557],
					[120.2105518],
					[158.3063892],
					[193.1737657],
					[231.9152953],
					[270.6568248],
					[282.2792836],
					[284.8620523]
				]
			}
		],
		"plotpos": [103.4878993,26.58518877,543.0271055,264.0880929],
		"xax": {
			"titlepos": [316.5663117,323.6035818,108.4762827,28.41045499],
			"minpos": [90.57405615,294.5474347,25.18199419,31.63891578],
			"maxpos": [625.2071636,298.4215876,41.96999032,29.05614714],
			"type": 1
		},
		"yax": {
			"titlepos": [6.634075508,99.54840271,21.30784124,120.7444337],
			"minpos": [33.75314618,269.3654405,61.98644724,36.15876089],
			"maxpos": [38.27299129,2.694578896,42.61568248,36.80445305],
			"type": 1
		}
	}
}
