{
	"data": {
		"imagename": "01058-10.1.1.208.4085-Figure-5",
		"difficult": 0,
		"curves": [
			{
				"name": "Learning-1",
				"labelposition": [144.71875,239.5546875,104.0625,23.125],
				"symbolposition": [75.921875,239.5546875,63.59375,15.609375],
				"x": [
					[64.359375],
					[97.890625],
					[115.234375],
					[182.875],
					[253.40625],
					[325.09375],
					[365.5625],
					[421.0625],
					[470.78125],
					[520.5],
					[538.421875]
				],
				"y": [
					[162.6640625],
					[164.3984375],
					[164.3984375],
					[171.3359375],
					[174.8046875],
					[185.7890625],
					[195.0390625],
					[211.2265625],
					[225.1015625],
					[239.5546875],
					[244.1796875]
				]
			},
			{
				"name": "Learning-2",
				"labelposition": [144.71875,266.7265625,108.6875,24.28125],
				"symbolposition": [76.5,267.8828125,66.484375,13.875],
				"x": [
					[63.203125],
					[110.03125],
					[162.0625],
					[225.078125],
					[281.734375],
					[312.375],
					[363.828125],
					[440.140625],
					[486.390625],
					[540.15625]
				],
				"y": [
					[162.6640625],
					[178.2734375],
					[199.0859375],
					[219.8984375],
					[243.0234375],
					[247.6484375],
					[268.4609375],
					[296.2109375],
					[319.3359375],
					[343.0390625]
				]
			},
			{
				"name": "Relearning-1",
				"labelposition": [146.453125,292.1640625,121.40625,23.703125],
				"symbolposition": [75.34375,295.6328125,69.375,10.984375],
				"x": [
					[66.09375],
					[80.546875],
					[90.375],
					[110.03125],
					[167.265625],
					[247.046875],
					[321.625],
					[412.390625],
					[491.59375],
					[537.84375]
				],
				"y": [
					[162.6640625],
					[163.2421875],
					[157.4609375],
					[158.0390625],
					[147.6328125],
					[134.9140625],
					[119.8828125],
					[99.6484375],
					[84.0390625],
					[75.3671875]
				]
			},
			{
				"name": "Relearning-2",
				"labelposition": [146.453125,317.6015625,122.5625,25.4375],
				"symbolposition": [74.765625,320.4921875,69.953125,15.609375],
				"x": [
					[65.515625],
					[106.5625],
					[158.59375],
					[251.09375],
					[288.671875],
					[327.40625],
					[389.265625],
					[452.28125],
					[488.703125],
					[517.609375],
					[528.59375],
					[538.421875]
				],
				"y": [
					[160.9296875],
					[161.5078125],
					[161.5078125],
					[159.1953125],
					[153.9921875],
					[152.2578125],
					[134.9140625],
					[123.3515625],
					[114.6796875],
					[106.5859375],
					[106.5859375],
					[102.5390625]
				]
			}
		],
		"plotpos": [59.734375,37.2109375,480.421875,316.8125],
		"xax": {
			"titlepos": [258.03125,382.3515625,76.3125,23.703125],
			"minpos": [51.0625,362.1171875,15.609375,22.546875],
			"maxpos": [518.1875,358.6484375,40.46875,21.390625],
			"type": 1
		},
		"yax": {
			"titlepos": [1.34375,130.2890625,26.59375,136.4375],
			"minpos": [29.671875,343.0390625,27.75,19.078125],
			"maxpos": [37.1875,22.1796875,18.5,26.59375],
			"type": 1
		}
	}
}
