{
	"data": {
		"imagename": "01057-10.1.1.158.6513-Figure-2",
		"difficult": 0,
		"curves": [
			{
				"name": "BIR",
				"labelposition": [470.9928977,28.20951705,44.98721591,20.86363636],
				"symbolposition": [431.8735795,35.38139205,37.81534091,9.127840909],
				"x": [
					[79.14772727],
					[83.71164773],
					[89.57954545],
					[93.49147727],
					[97.40340909],
					[105.2272727],
					[130.6548295],
					[186.0738636],
					[186.7258523],
					[251.2727273],
					[330.1633523],
					[399.2741477],
					[477.5127841],
					[529.0198864],
					[573.3551136]
				],
				"y": [
					[150.131392],
					[207.506392],
					[232.9339489],
					[244.0177557],
					[258.3615057],
					[268.1413352],
					[292.2649148],
					[315.7365057],
					[321.6044034],
					[338.556108],
					[355.5078125],
					[371.1555398],
					[386.803267],
					[389.4112216],
					[396.5830966]
				]
			},
			{
				"name": "NNmean",
				"labelposition": [469.0369318,55.59303977,93.88636364,24.12357955],
				"symbolposition": [432.5255682,58.85298295,37.16335227,16.29971591],
				"x": [
					[77.84375],
					[83.05965909],
					[86.97159091],
					[93.49147727],
					[108.4872159],
					[134.5667614],
					[163.90625],
					[209.5454545],
					[278.65625],
					[337.9872159],
					[446.2173295],
					[519.8920455],
					[578.5710227]
				],
				"y": [
					[277.2691761],
					[323.5603693],
					[348.9879261],
					[356.8117898],
					[364.6356534],
					[373.7634943],
					[382.8913352],
					[387.4552557],
					[390.7151989],
					[394.6271307],
					[398.5390625],
					[397.2350852],
					[397.8870739]
				]
			},
			{
				"name": "NNall",
				"labelposition": null,
				"symbolposition": null,
				"x": [
					[79.79971591],
					[83.71164773],
					[89.57954545],
					[101.3153409],
					[116.3110795],
					[140.4346591],
					[154.1264205],
					[201.0696023],
					[268.2244318],
					[340.5951705],
					[416.8778409],
					[477.5127841],
					[575.9630682]
				],
				"y": [
					[131.2237216],
					[277.9211648],
					[323.5603693],
					[343.772017],
					[358.7677557],
					[370.5035511],
					[377.0234375],
					[382.8913352],
					[388.759233],
					[390.7151989],
					[393.3231534],
					[394.6271307],
					[397.2350852]
				]
			}
		],
		"plotpos": [69.36789773,16.47372159,508.5511364,391.1931818],
		"xax": {
			"titlepos": [288.4360795,433.7464489,67.80681818,23.47159091],
			"minpos": [71.97585227,409.6228693,15.64772727,29.99147727],
			"maxpos": [568.1392045,413.5348011,15.64772727,26.07954545],
			"type": 1
		},
		"yax": {
			"titlepos": [4.169034091,163.8231534,25.42755682,101.7102273],
			"minpos": [47.85227273,396.5830966,18.90767045,22.81960227],
			"maxpos": [49.15625,1.477982955,16.29971591,28.03551136],
			"type": 1
		}
	}
}
