{
	"data": {
		"imagename": "01053-10.1.1.132.396-Figure-4",
		"difficult": 0,
		"curves": [
			{
				"name": "Flat",
				"labelposition": [172.5159729,15.45450145,45.05905131,25.57405615],
				"symbolposition": [128.6747338,23.37028074,43.84123911,16.44046467],
				"x": [
					[168.2536302],
					[267.5053243],
					[370.410455],
					[470.8799613],
					[573.1761859]
				],
				"y": [
					[177.4235237],
					[190.2105518],
					[122.6219748],
					[137.2357212],
					[44.07308809]
				]
			},
			{
				"name": "Unseen-fc",
				"labelposition": [172.5159729,40.4196515,113.8654405,23.13843175],
				"symbolposition": [128.6747338,45.89980639,42.01452081,17.65827686],
				"x": [
					[168.2536302],
					[268.7231365],
					[370.410455],
					[470.2710552],
					[572.5672798]
				],
				"y": [
					[215.7846079],
					[221.2647628],
					[201.7797677],
					[232.2250726],
					[284.5909971]
				]
			},
			{
				"name": "Unseen",
				"labelposition": [336.9206196,19.10793804,84.63794773,22.52952565],
				"symbolposition": [288.2081317,21.54356244,48.7124879,17.65827686],
				"x": [
					[165.2090997],
					[268.1142304],
					[372.2371733],
					[472.0977735],
					[571.3494676]
				],
				"y": [
					[190.2105518],
					[215.7846079],
					[198.7352372],
					[211.5222652],
					[234.0517909]
				]
			},
			{
				"name": "Context",
				"labelposition": [336.9206196,39.2018393,91.94482091,24.96515005],
				"symbolposition": [293.0793804,44.07308809,42.62342691,18.26718296],
				"x": [
					[166.4269119],
					[268.1142304],
					[369.8015489],
					[472.7066796],
					[572.5672798]
				],
				"y": [
					[220.6558567],
					[226.7449177],
					[239.5319458],
					[266.9327202],
					[280.9375605]
				]
			}
		],
		"plotpos": [114.6698935,16.06340755,509.6544046,318.4578896],
		"xax": {
			"titlepos": [226.7086157,386.8872217,281.9235237,30.44530494],
			"minpos": [153.6398838,351.570668,25.57405615,26.79186834],
			"maxpos": [559.1713456,352.7884802,29.22749274,29.83639884],
			"type": 1
		},
		"yax": {
			"titlepos": [2.631171346,117.750726,26.18296225,119.9545015],
			"minpos": [24.5517909,318.6897386,82.81122943,34.09874153],
			"maxpos": [25.160697,3.276379477,78.54888674,31.66311713],
			"type": 1
		}
	}
}
