{
	"data": {
		"imagename": "01063-10.1.1.421.5324-Figure-1",
		"difficult": 0,
		"curves": [
			{
				"name": "AdaBoost",
				"labelposition": [211.303001,54.98789932,85.07744434,20.79670862],
				"symbolposition": [127.4859632,56.24830591,80.6660213,14.4946757],
				"x": [
					[105.428848],
					[138.8296225],
					[181.6834463],
					[234.6205227],
					[268.6515005],
					[304.5730881],
					[343.0154889],
					[378.9370765],
					[406.035818],
					[426.2023233],
					[450.7802517],
					[481.0300097],
					[510.0193611],
					[617.1539206]
				],
				"y": [
					[253.5019361],
					[247.1999032],
					[230.1844143],
					[205.606486],
					[181.6587609],
					[154.5600194],
					[121.1592449],
					[90.90948693],
					[70.74298161],
					[55.61810261],
					[48.05566312],
					[40.49322362],
					[36.71200387],
					[37.34220716]
				]
			},
			{
				"name": "LogitBoost",
				"labelposition": [206.8915779,79.56582769,96.42110358,22.68731849],
				"symbolposition": [128.7463698,81.45643756,76.88480155,11.97386254],
				"x": [
					[109.2100678],
					[145.7618587],
					[184.2042594],
					[229.5788964],
					[276.21394],
					[323.4791868],
					[361.9215876],
					[402.2545983],
					[437.5459826],
					[477.8789932],
					[515.6911907],
					[559.1752178],
					[595.0968054]
				],
				"y": [
					[254.7623427],
					[247.1999032],
					[233.9656341],
					[213.7991288],
					[182.9191675],
					[146.3673766],
					[113.5968054],
					[85.23765731],
					[63.8107454],
					[51.83688287],
					[43.01403679],
					[41.12342691],
					[37.34220716]
				]
			},
			{
				"name": "L2 Boost",
				"labelposition": [206.8915779,104.1437561,87.5982575,28.35914811],
				"symbolposition": [123.7047435,109.8155857,81.29622459,13.23426912],
				"x": [
					[107.3194579],
					[150.1732817],
					[201.2197483],
					[247.8547919],
					[293.2294288],
					[336.713456],
					[377.6766699],
					[418.6398838],
					[447.6292352],
					[481.0300097],
					[521.3630203],
					[544.0503388],
					[612.7424976]
				],
				"y": [
					[264.2153921],
					[258.5435624],
					[247.8301065],
					[232.7052275],
					[208.7575024],
					[174.7265247],
					[140.0653437],
					[104.1437561],
					[85.23765731],
					[66.33155857],
					[52.46708616],
					[39.86302033],
					[37.34220716]
				]
			}
		],
		"plotpos": [105.428848,37.34220716,512.3552759,237.5866409],
		"xax": {
			"titlepos": [213.1936108,308.3296225,296.8257502,29.6195547],
			"minpos": [151.4336883,279.3402711,66.80154889,25.83833495],
			"maxpos": [583.7531462,279.3402711,64.91093901,27.09874153],
			"type": 2
		},
		"yax": {
			"titlepos": [0.8151016457,5.832042594,32.77057115,321.4036786],
			"minpos": [61.94482091,262.3247822,38.44240077,28.35914811],
			"maxpos": [39.25750242,20.95692159,61.75992256,27.72894482],
			"type": 1
		}
	}
}
