{
	"data": {
		"imagename": "01065-10.1.1.187.9137-Figure-6",
		"difficult": 0,
		"curves": [
			{
				"name": "Component, Identity",
				"labelposition": [318.4446023,30.10582386,135.9048295,18.04545455],
				"symbolposition": [274.4588068,31.23366477,41.16619318,15.78977273],
				"x": [
					[82.16193182],
					[227.0894886],
					[352.84375],
					[497.7713068]
				],
				"y": [
					[54.91832386],
					[128.227983],
					[199.8458807],
					[277.102983]
				]
			},
			{
				"name": "Non-Component, Identity",
				"labelposition": [317.3167614,50.97088068,166.9204545,18.04545455],
				"symbolposition": [273.3309659,52.66264205,42.29403409,11.84232955],
				"x": [
					[83.28977273],
					[227.6534091],
					[352.84375],
					[497.2073864]
				],
				"y": [
					[123.1526989],
					[191.3870739],
					[250.0348011],
					[319.9609375]
				]
			},
			{
				"name": "Component, 10K VWs",
				"labelposition": [315.625,69.58025568,150.5667614,19.17329545],
				"symbolposition": [274.4588068,70.70809659,41.16619318,14.66193182],
				"x": [
					[83.85369318],
					[227.0894886],
					[352.84375],
					[496.6434659]
				],
				"y": [
					[180.6725852],
					[242.7038352],
					[290.6370739],
					[329.5475852]
				]
			},
			{
				"name": "Non-Component, 10 VWs",
				"labelposition": [317.3167614,90.4453125,169.7400568,16.91761364],
				"symbolposition": [273.8948864,88.75355114,42.85795455,16.35369318],
				"x": [
					[83.28977273],
					[228.78125],
					[352.84375],
					[497.2073864]
				],
				"y": [
					[237.0646307],
					[282.178267],
					[314.8856534],
					[344.7734375]
				]
			}
		],
		"plotpos": [62.98863636,14.31605114,451.1363636,341.171875],
		"xax": {
			"titlepos": [214.1193182,378.0447443,148.3110795,18.609375],
			"minpos": [61.296875,359.9992898,50.18892045,15.78977273],
			"maxpos": [465.6278409,358.8714489,64.28693182,16.91761364],
			"type": 2
		},
		"yax": {
			"titlepos": [0.3934659091,162.0632102,24.8125,50.18892045],
			"minpos": [33.10085227,346.4651989,27.63210227,18.609375],
			"maxpos": [34.79261364,5.293323864,26.50426136,19.17329545],
			"type": 1
		}
	}
}
