{
	"data": {
		"imagename": "01062-10.1.1.141.6884-Figure-9",
		"difficult": 0,
		"curves": [
			{
				"name": "sampling-1",
				"labelposition": [488.2400568,29.91548295,94.27130682,22.68181818],
				"symbolposition": [440.0411932,36.29474432,44.65482955,15.59375],
				"x": [
					[49.48863636],
					[107.6107955],
					[162.8977273],
					[223.1463068],
					[277.015625],
					[335.8465909],
					[393.2599432],
					[452.7997159],
					[509.5042614],
					[567.6264205],
					[624.3309659]
				],
				"y": [
					[13.61292614],
					[12.90411932],
					[21.40980114],
					[30.62428977],
					[49.76207386],
					[88.03764205],
					[155.3742898],
					[243.975142],
					[341.0816761],
					[414.0887784],
					[450.2379261]
				]
			},
			{
				"name": "sampling-10",
				"labelposition": [488.9488636,54.72372159,107.0298295,21.26420455],
				"symbolposition": [441.4588068,57.55894886,43.23721591,16.30255682],
				"x": [
					[55.15909091],
					[106.9019886],
					[165.0241477],
					[218.8934659],
					[278.4332386],
					[335.8465909],
					[393.2599432],
					[450.6732955],
					[508.0866477],
					[566.2088068],
					[621.4957386]
				],
				"y": [
					[15.03053977],
					[19.9921875],
					[23.53622159],
					[44.09161932],
					[76.69673295],
					[138.3629261],
					[220.584517],
					[322.6526989],
					[390.6981534],
					[437.4794034],
					[455.9083807]
				]
			},
			{
				"name": "sampling-20",
				"labelposition": [488.9488636,77.40553977,104.9034091,20.55539773],
				"symbolposition": [441.4588068,80.24076705,45.36363636,17.01136364],
				"x": [
					[48.07102273],
					[105.484375],
					[162.8977273],
					[221.0198864],
					[281.2684659],
					[337.2642045],
					[394.6775568],
					[450.6732955],
					[510.2130682],
					[566.9176136],
					[622.2045455]
				],
				"y": [
					[15.73934659],
					[20.70099432],
					[29.91548295],
					[56.85014205],
					[106.4666193],
					[178.056108],
					[260.9865057],
					[356.6754261],
					[411.962358],
					[446.693892],
					[458.0348011]
				]
			},
			{
				"name": "sampling-50",
				"labelposition": [488.9488636,100.087358,102.7769886,21.97301136],
				"symbolposition": [439.3323864,100.087358,45.36363636,21.26420455],
				"x": [
					[49.48863636],
					[106.9019886],
					[162.8977273],
					[221.7286932],
					[279.8508523],
					[334.4289773],
					[392.5511364],
					[450.6732955],
					[510.2130682],
					[567.6264205],
					[620.078125]
				],
				"y": [
					[27.08025568],
					[41.96519886],
					[71.02627841],
					[118.5163352],
					[182.3089489],
					[257.4424716],
					[338.9552557],
					[398.4950284],
					[438.1882102],
					[452.3643466],
					[460.1612216]
				]
			},
			{
				"name": "sampling-100",
				"labelposition": [486.8224432,122.7691761,117.6619318,21.26420455],
				"symbolposition": [443.5852273,125.6044034,40.40198864,16.30255682],
				"x": [
					[48.77982955],
					[104.7755682],
					[165.0241477],
					[221.0198864],
					[279.8508523],
					[336.5553977],
					[392.5511364],
					[450.6732955],
					[511.6306818],
					[566.9176136],
					[620.7869318]
				],
				"y": [
					[41.96519886],
					[54.72372159],
					[95.12571023],
					[171.6768466],
					[263.1129261],
					[331.1583807],
					[400.6214489],
					[412.6711648],
					[441.0234375],
					[453.7819602],
					[460.1612216]
				]
			},
			{
				"name": "MER",
				"labelposition": [486.8224432,144.0333807,41.81960227,21.26420455],
				"symbolposition": [442.1676136,146.868608,41.81960227,16.30255682],
				"x": [
					[48.07102273],
					[104.7755682],
					[160.7713068],
					[223.1463068],
					[270.6363636]
				],
				"y": [
					[75.27911932],
					[207.8259943],
					[389.2805398],
					[460.1612216],
					[462.287642]
				]
			}
		],
		"plotpos": [48.77982955,12.90411932,574.1335227,447.9659091],
		"xax": {
			"titlepos": [294.7357955,480.0078125,81.51278409,16.30255682],
			"minpos": [86.34659091,465.1228693,46.78125,14.88494318],
			"maxpos": [547.0710227,462.9964489,45.36363636,19.84659091],
			"type": 1
		},
		"yax": {
			"titlepos": [1.998579545,132.6924716,20.55539773,214.7684659],
			"minpos": [19.71875,451.6555398,26.93465909,22.68181818],
			"maxpos": [21.13636364,6.524857955,24.09943182,17.01136364],
			"type": 1
		}
	}
}
