{
	"data": {
		"imagename": "01070-10.1.1.154.5899-Figure-2",
		"difficult": 0,
		"curves": [
			{
				"name": "QUICR-Learning",
				"labelposition": [395.8096591,318.2578125,144.7599432,23.36931818],
				"symbolposition": [542.5170455,322.1526989,66.21306818,15.57954545],
				"x": [
					[88.76278409],
					[110.1846591],
					[122.5184659],
					[132.2556818],
					[186.7840909],
					[198.46875],
					[215.9957386],
					[238.7159091],
					[261.4360795],
					[284.8053977],
					[325.7017045],
					[345.8252841],
					[370.4928977],
					[428.9161932],
					[465.2684659],
					[499.0241477],
					[561.9914773],
					[584.7116477],
					[613.2741477]
				],
				"y": [
					[248.149858],
					[100.1441761],
					[75.4765625],
					[70.93252841],
					[49.51065341],
					[49.51065341],
					[43.66832386],
					[44.31747159],
					[44.31747159],
					[43.66832386],
					[42.37002841],
					[42.37002841],
					[41.72088068],
					[41.07173295],
					[35.87855114],
					[33.93110795],
					[34.58025568],
					[33.28196023],
					[31.98366477]
				]
			},
			{
				"name": "WLU Q-Learning",
				"labelposition": [393.8622159,338.381392,149.3039773,20.77272727],
				"symbolposition": [546.4119318,341.6271307,65.56392045,14.28125],
				"x": [
					[87.46448864],
					[96.55255682],
					[131.6065341],
					[156.9232955],
					[172.5028409],
					[194.5738636],
					[215.3465909],
					[239.3650568],
					[261.4360795],
					[304.9289773],
					[327.6491477],
					[341.9303977],
					[364.6505682],
					[411.3892045],
					[434.7585227],
					[457.4786932],
					[467.2159091],
					[475.6548295],
					[495.1292614],
					[519.796875],
					[587.3082386],
					[594.4488636],
					[615.8707386]
				],
				"y": [
					[246.2024148],
					[232.5703125],
					[215.0433239],
					[220.2365057],
					[225.4296875],
					[224.7805398],
					[200.1129261],
					[155.9708807],
					[155.321733],
					[130.0049716],
					[98.84588068],
					[88.45951705],
					[87.16122159],
					[60.54616477],
					[54.0546875],
					[52.10724432],
					[52.10724432],
					[56.00213068],
					[49.51065341],
					[50.80894886],
					[40.42258523],
					[39.7734375],
					[51.45809659]
				]
			},
			{
				"name": "Q-Learning",
				"labelposition": [442.5482955,357.8558239,98.67045455,19.47443182],
				"symbolposition": [542.5170455,359.1541193,69.45880682,16.22869318],
				"x": [
					[90.06107955],
					[99.14914773],
					[110.8338068],
					[154.9758523],
					[195.8721591],
					[241.3125],
					[263.3835227],
					[283.5071023],
					[304.2798295],
					[393.8622159],
					[483.4446023],
					[613.9232955]
				],
				"y": [
					[246.8515625],
					[265.0276989],
					[255.9396307],
					[259.1853693],
					[253.9921875],
					[254.6413352],
					[250.7464489],
					[253.3430398],
					[251.3955966],
					[250.0973011],
					[250.0973011],
					[248.7990057]
				]
			},
			{
				"name": "Local Q-Learning",
				"labelposition": [393.2130682,375.3828125,153.8480114,19.47443182],
				"symbolposition": [546.4119318,377.3302557,62.31818182,14.28125],
				"x": [
					[88.11363636],
					[102.3948864],
					[158.8707386],
					[202.3636364],
					[236.1193182],
					[268.5767045],
					[335.4389205],
					[368.5454545],
					[449.6889205],
					[536.6747159],
					[615.2215909]
				],
				"y": [
					[245.553267],
					[278.0106534],
					[280.6072443],
					[278.0106534],
					[271.5191761],
					[270.8700284],
					[270.8700284],
					[266.975142],
					[266.3259943],
					[265.6768466],
					[263.0802557]
				]
			}
		],
		"plotpos": [88.11363636,13.15838068,537.4943182,386.2428977],
		"xax": {
			"titlepos": [331.5440341,435.1044034,58.42329545,20.77272727],
			"minpos": [84.21875,409.1384943,14.93039773,19.47443182],
			"maxpos": [603.5369318,408.4893466,49.33522727,20.77272727],
			"type": 1
		},
		"yax": {
			"titlepos": [2.426136364,97.54758523,27.26420455,222.6576705],
			"minpos": [44.62073864,389.0149148,35.703125,21.421875],
			"maxpos": [63.44602273,2.122869318,18.17613636,22.72017045],
			"type": 1
		}
	}
}
