{
	"data": {
		"imagename": "01077-10.1.1.216.7731-Figure-6",
		"difficult": 0,
		"curves": [
			{
				"name": "GHA off",
				"labelposition": [400.0411932,57.14417614,80.75426136,30.79119318],
				"symbolposition": [330.3252841,62.95383523,61.00142045,26.72443182],
				"x": [
					[133.9588068],
					[176.3693182],
					[218.1988636],
					[258.2855114],
					[346.0113636],
					[470.9190341]
				],
				"y": [
					[73.41122159],
					[198.899858],
					[263.9680398],
					[301.149858],
					[317.4169034],
					[321.4836648]
				]
			},
			{
				"name": "GHA on",
				"labelposition": [400.0411932,107.6882102,79.01136364,29.62926136],
				"symbolposition": [330.3252841,111.1740057,63.90625,24.40056818],
				"x": [
					[132.796875],
					[178.1122159],
					[219.9417614],
					[261.7713068],
					[344.2684659],
					[470.3380682]
				],
				"y": [
					[241.8913352],
					[279.6541193],
					[297.6640625],
					[308.7024148],
					[315.0930398],
					[316.8359375]
				]
			}
		],
		"plotpos": [92.71022727,43.20099432,418.8764205,280.6065341],
		"xax": {
			"titlepos": [167.0738636,372.6086648,241.6818182,34.27698864],
			"minpos": [86.90056818,331.9410511,16.26704545,24.40056818],
			"maxpos": [493.5767045,332.522017,39.50568182,23.23863636],
			"type": 1
		},
		"yax": {
			"titlepos": [2.660511364,4.276278409,173.1278409,30.79119318],
			"minpos": [65.98579545,314.5120739,20.91477273,20.33380682],
			"maxpos": [49.13778409,35.06747159,36.60085227,22.65767045],
			"type": 1
		}
	}
}
