{
	"data": {
		"imagename": "01071-10.1.1.421.2931-Figure-2",
		"difficult": 0,
		"curves": [
			{
				"name": "TPSR",
				"labelposition": [169.9403409,37.14985795,53.54829545,22.82386364],
				"symbolposition": [112.4417614,41.97798295,57.05965909,11.41193182],
				"x": [
					[112.4417614],
					[145.3607955],
					[180.0355114],
					[210.7599432],
					[247.6292614],
					[278.7926136],
					[313.0284091],
					[345.5085227],
					[378.4275568],
					[408.2741477]
				],
				"y": [
					[249.587358],
					[254.415483],
					[249.1484375],
					[249.587358],
					[240.3700284],
					[204.8174716],
					[211.4012784],
					[166.631392],
					[128.006392],
					[70.06889205]
				]
			},
			{
				"name": "CPSR",
				"labelposition": [174.3295455,66.55752841,50.91477273,23.26278409],
				"symbolposition": [110.6860795,70.06889205,62.32670455,15.80113636],
				"x": [
					[112.4417614],
					[146.6775568],
					[176.5241477],
					[212.9545455],
					[246.3125],
					[277.4758523],
					[344.6306818],
					[410.0298295]
				],
				"y": [
					[249.1484375],
					[251.7819602],
					[246.9538352],
					[232.4694602],
					[217.9850852],
					[207.8899148],
					[173.2151989],
					[53.82883523]
				]
			}
		],
		"plotpos": [81.27840909,13.44815341,360.7926136,247.1122159],
		"xax": {
			"titlepos": [169.9403409,286.8955966,185.2244318,21.06818182],
			"minpos": [74.25568182,267.5830966,11.85085227,18.87357955],
			"maxpos": [432.4147727,266.2663352,19.75142045,18.87357955],
			"type": 1
		},
		"yax": {
			"titlepos": [4.90625,70.5078125,17.99573864,132.9928977],
			"minpos": [60.64914773,253.0987216,15.36221591,16.67897727],
			"maxpos": [27.29119318,3.352982955,50.47585227,20.62926136],
			"type": 1
		}
	}
}
