{
	"data": {
		"imagename": "01078-10.1.1.208.3744-Figure-12",
		"difficult": 0,
		"curves": [
			{
				"name": "SIFT",
				"labelposition": [180.34375,305.8671875,60.46875,24.1875],
				"symbolposition": [105.765625,309.2265625,73.90625,20.15625],
				"x": [
					[253.578125],
					[592.203125],
					[592.203125]
				],
				"y": [
					[20.3203125],
					[66.0078125],
					[66.0078125]
				]
			},
			{
				"name": "SURF",
				"labelposition": [183.03125,334.0859375,64.5,26.203125],
				"symbolposition": [104.421875,337.4453125,77.9375,20.15625],
				"x": [
					[136],
					[253.578125],
					[592.203125]
				],
				"y": [
					[23.0078125],
					[33.7578125],
					[92.2109375]
				]
			},
			{
				"name": "RIFF-Annuli",
				"labelposition": [181.6875,364.9921875,133.703125,22.171875],
				"symbolposition": [103.75,362.9765625,77.265625,24.1875],
				"x": [
					[132.640625],
					[255.59375],
					[423.5625],
					[592.203125]
				],
				"y": [
					[44.5078125],
					[102.2890625],
					[216.5078125],
					[377.0859375]
				]
			}
		],
		"plotpos": [82.25,16.2890625,509.953125,386.328125],
		"xax": {
			"titlepos": [213.265625,443.6015625,254.640625,28.890625],
			"minpos": [64.109375,412.6953125,41.65625,30.90625],
			"maxpos": [572.046875,408.6640625,38.96875,35.609375],
			"type": 2
		},
		"yax": {
			"titlepos": [1.625,87.5078125,38.296875,241.875],
			"minpos": [45.296875,390.5234375,33.59375,26.875],
			"maxpos": [37.234375,2.8515625,41.65625,24.859375],
			"type": 1
		}
	}
}
