{
	"data": {
		"imagename": "01073-10.1.1.163.1109-Figure-7",
		"difficult": 0,
		"curves": [
			{
				"name": "DTM (AROC=0.9727)",
				"labelposition": [308.2294288,209.4670862,137.2536302,19.88480155],
				"symbolposition": [253.4249758,213.8320426,53.34946757,12.12487899],
				"x": [
					[57.48693127],
					[96.77153921],
					[134.1161665],
					[171.4607938],
					[194.2555663],
					[218.9903195],
					[245.6650532],
					[272.339787],
					[295.1345595],
					[348.9690223],
					[411.5333979],
					[447.9080348]
				],
				"y": [
					[290.946273],
					[274.9414327],
					[239.0517909],
					[172.1224589],
					[112.9530494],
					[73.18344627],
					[47.47870281],
					[34.38383349],
					[28.56389158],
					[22.2589545],
					[18.37899322],
					[18.37899322]
				]
			},
			{
				"name": "NCuts (AROC=0.9545)",
				"labelposition": [308.2294288,239.0517909,148.4085189,20.85479187],
				"symbolposition": [254.8799613,242.446757,51.40948693,12.12487899],
				"x": [
					[131.2061955],
					[167.5808325],
					[206.3804453],
					[233.5401742],
					[264.0948693],
					[284.9496612],
					[314.0493708],
					[346.0590513],
					[380.4937076],
					[432.8731849],
					[460.517909]
				],
				"y": [
					[247.2967086],
					[223.0469506],
					[176.4874153],
					[144.9627299],
					[103.2531462],
					[78.51839303],
					[56.69361084],
					[39.23378509],
					[27.1089061],
					[17.89399806],
					[14.01403679]
				]
			}
		],
		"plotpos": [49.24201355,12.07405615,438.4356244,282.7521781],
		"xax": {
			"titlepos": [248.5750242,314.7110358,39.28460794,20.85479187],
			"minpos": [35.17715392,299.6761859,29.09970958,16.97483059],
			"maxpos": [474.5827686,297.2512101,25.21974831,20.36979671],
			"type": 2
		},
		"yax": {
			"titlepos": [4.137463698,134.7778316,17.45982575,39.28460794],
			"minpos": [24.02226525,286.0963214,23.27976767,15.03484995],
			"maxpos": [36.6321394,4.314133591,10.66989351,16.48983543],
			"type": 1
		}
	}
}
