{
	"data": {
		"imagename": "01082-10.1.1.138.5468-Figure-8",
		"difficult": 0,
		"curves": [
			{
				"name": "Laplacianfaces",
				"labelposition": [428.734375,126.5234375,162.09375,27.609375],
				"symbolposition": [376.1875,127.4140625,52.546875,22.265625],
				"x": [
					[63.578125],
					[141.0625],
					[219.4375],
					[296.03125],
					[372.625],
					[449.21875],
					[530.265625],
					[605.078125]
				],
				"y": [
					[441.8046875],
					[476.5390625],
					[493.4609375],
					[501.4765625],
					[493.4609375],
					[506.8203125],
					[514.8359375],
					[510.3828125]
				]
			},
			{
				"name": "Eigenfaces",
				"labelposition": [427.84375,156.8046875,121.125,26.71875],
				"symbolposition": [377.078125,158.5859375,51.65625,17.8125],
				"x": [
					[64.46875],
					[139.28125],
					[214.984375],
					[296.03125],
					[374.40625],
					[452.78125],
					[526.703125],
					[606.859375]
				],
				"y": [
					[167.4921875],
					[235.1796875],
					[258.3359375],
					[291.2890625],
					[305.5390625],
					[310.8828125],
					[331.3671875],
					[339.3828125]
				]
			},
			{
				"name": "OPRA-faces",
				"labelposition": [428.734375,183.5234375,141.609375,27.609375],
				"symbolposition": [377.96875,188.8671875,48.09375,14.25],
				"x": [
					[61.796875],
					[139.28125],
					[217.65625],
					[294.25],
					[374.40625],
					[450.109375],
					[529.375],
					[606.859375]
				],
				"y": [
					[482.7734375],
					[508.6015625],
					[542.4453125],
					[549.5703125],
					[550.4609375],
					[555.8046875],
					[566.4921875],
					[562.0390625]
				]
			},
			{
				"name": "Fisherfaces",
				"labelposition": [426.0625,212.9140625,127.359375,24.9375],
				"symbolposition": [377.078125,215.5859375,48.984375,18.703125],
				"x": [
					[61.796875],
					[141.953125],
					[217.65625],
					[293.359375],
					[373.515625],
					[452.78125],
					[529.375],
					[607.75]
				],
				"y": [
					[455.1640625],
					[469.4140625],
					[495.2421875],
					[497.9140625],
					[502.3671875],
					[502.3671875],
					[508.6015625],
					[522.8515625]
				]
			}
		],
		"plotpos": [63.578125,111.3828125,546.84375,456.890625],
		"xax": {
			"titlepos": [183.8125,600.3359375,316.171875,24.9375],
			"minpos": [48.4375,575.3984375,31.171875,21.375],
			"maxpos": [583.703125,572.7265625,46.3125,27.609375],
			"type": 1
		},
		"yax": {
			"titlepos": [0.34375,261.8984375,28.5,166.546875],
			"minpos": [41.3125,557.5859375,19.59375,21.375],
			"maxpos": [29.734375,97.1328125,32.0625,28.5],
			"type": 1
		}
	}
}
