{
	"data": {
		"imagename": "01087-10.1.1.143.4579-Figure-9",
		"difficult": 0,
		"curves": [
			{
				"name": "word",
				"labelposition": [446.4985795,357.6555398,37.46164773,15.87357955],
				"symbolposition": [414.1164773,359.5603693,28.57244318,13.33380682],
				"x": [
					[45.84943182],
					[55.37357955],
					[62.99289773],
					[76.32670455],
					[96.64488636],
					[114.4232955],
					[137.28125],
					[161.4090909],
					[203.3153409],
					[256.6505682],
					[386.8139205]
				],
				"y": [
					[397.022017],
					[341.7819602],
					[304.3203125],
					[259.8742898],
					[222.412642],
					[196.3799716],
					[182.4112216],
					[170.9822443],
					[161.4580966],
					[153.8387784],
					[142.4098011]
				]
			},
			{
				"name": "bigram",
				"labelposition": [446.4985795,373.5291193,49.52556818,17.77840909],
				"symbolposition": [413.4815341,378.6086648,30.47727273,10.79403409],
				"x": [
					[45.84943182],
					[53.46875],
					[62.99289773],
					[81.40625],
					[106.8039773],
					[149.9801136],
					[196.3309659],
					[263],
					[314.4303977],
					[393.1633523],
					[480.1505682],
					[480.1505682]
				],
				"y": [
					[395.1171875],
					[358.290483],
					[328.4481534],
					[294.1612216],
					[259.2393466],
					[214.1583807],
					[172.8870739],
					[132.8856534],
					[103.678267],
					[68.12144886],
					[36.37428977],
					[36.37428977]
				]
			}
		],
		"plotpos": [45.21448864,31.29474432,468.5880682,368.2670455],
		"xax": {
			"titlepos": [231.8877841,421.149858,96.51136364,20.31818182],
			"minpos": [38.86505682,404.006392,13.33380682,13.96875],
			"maxpos": [503.0085227,404.006392,18.41335227,14.60369318],
			"type": 1
		},
		"yax": {
			"titlepos": [2.038352273,127.1711648,23.49289773,177.1491477],
			"minpos": [31.88068182,390.6725852,9.524147727,16.50852273],
			"maxpos": [21.08664773,21.13565341,21.58806818,21.58806818],
			"type": 1
		}
	}
}
