{
	"data": {
		"imagename": "01094-10.1.1.150.7737-Figure-6",
		"difficult": 0,
		"curves": [
			{
				"name": "HOG+Our Features",
				"labelposition": [394.3039773,34.73934659,204.0241477,30.35653409],
				"symbolposition": [334.296875,35.4453125,60.00710227,21.88494318],
				"x": [
					[75.20738636],
					[152.1576705],
					[170.5127841],
					[193.1036932],
					[243.9332386],
					[269.3480114],
					[338.5326705],
					[366.0653409],
					[385.8323864],
					[425.3664773],
					[465.6065341],
					[485.3735795],
					[519.2599432],
					[539.0269886],
					[554.5582386],
					[575.7372159],
					[591.2684659],
					[613.859375]
				],
				"y": [
					[57.33025568],
					[83.45099432],
					[99.68821023],
					[103.9240057],
					[127.2208807],
					[132.868608],
					[173.1086648],
					[192.1697443],
					[202.759233],
					[217.584517],
					[259.2365057],
					[281.8274148],
					[298.7705966],
					[331.2450284],
					[376.4268466],
					[388.428267],
					[388.428267],
					[416.6669034]
				]
			},
			{
				"name": "HOG",
				"labelposition": [396.421875,70.03764205,58.59517045,24.00284091],
				"symbolposition": [335.7088068,68.62571023,58.59517045,19.06107955],
				"x": [
					[79.44318182],
					[123.9190341],
					[201.5752841],
					[246.0511364],
					[283.4673295],
					[327.2372159],
					[410.5411932],
					[451.4872159],
					[493.8451705],
					[535.4971591],
					[575.7372159],
					[614.5653409]
				],
				"y": [
					[35.4453125],
					[43.91690341],
					[83.45099432],
					[96.15838068],
					[110.9836648],
					[121.5731534],
					[162.5191761],
					[183.6981534],
					[200.6413352],
					[232.4098011],
					[283.9453125],
					[308.6541193]
				]
			}
		],
		"plotpos": [73.79545455,5.794744318,541.4758523,423.5795455],
		"xax": {
			"titlepos": [221.3423295,471.0262784,236.4985795,24.00284091],
			"minpos": [56.14630682,437.1399148,38.828125,37.41619318],
			"maxpos": [555.2642045,436.4339489,44.47585227,41.65198864],
			"type": 1
		},
		"yax": {
			"titlepos": [4.610795455,168.8728693,17.64914773,110.1306818],
			"minpos": [22.96590909,316.4197443,45.88778409,50.82954545],
			"maxpos": [33.55539773,110.2776989,36.00426136,42.35795455],
			"type": 1
		}
	}
}
