{
	"data": {
		"imagename": "01109-10.1.1.353.8127-Figure-3",
		"difficult": 0,
		"curves": [
			{
				"name": "M109",
				"labelposition": [519.7337851,146.0101646,25.25847047,12.62923524],
				"symbolposition": [548.4365924,146.0101646,28.12875121,13.20329138],
				"x": [
					[222.946757],
					[232.1316554],
					[297.5740561],
					[306.7589545],
					[318.2400774],
					[330.2952565]
				],
				"y": [
					[26.60648596],
					[45.55033882],
					[45.55033882],
					[73.10503388],
					[75.40125847],
					[314.7826718]
				]
			},
			{
				"name": "YA11",
				"labelposition": [516.2894482,157.4912875,26.98063892,12.62923524],
				"symbolposition": [544.9922556,159.7875121,33.29525653,9.758954501],
				"x": [
					[114.4501452],
					[125.9312682],
					[221.2245886],
					[232.7057115],
					[264.2787996],
					[276.3339787],
					[295.8518877],
					[307.9070668],
					[317.0919652],
					[328.5730881],
					[349.2391094],
					[361.2942885],
					[371.6272991],
					[383.6824782],
					[402.6263311],
					[414.6815102]
				],
				"y": [
					[27.75459826],
					[51.86495644],
					[52.43901258],
					[66.21636012],
					[67.36447241],
					[77.12342691],
					[78.27153921],
					[140.8436592],
					[142.5658277],
					[155.1950629],
					[156.9172314],
					[252.2105518],
					[252.2105518],
					[256.2289448],
					[259.6732817],
					[315.356728]
				]
			},
			{
				"name": "SU12",
				"labelposition": [512.8451113,170.6945789,32.14714424,9.758954501],
				"symbolposition": [547.2884802,171.8426912,28.12875121,10.33301065],
				"x": [
					[51.87802517],
					[243.6127783],
					[253.3717328],
					[296.4259439],
					[307.3330106],
					[318.8141336],
					[329.7212004],
					[340.6282672],
					[575.4172314]
				],
				"y": [
					[27.75459826],
					[27.75459826],
					[45.55033882],
					[45.55033882],
					[109.8446273],
					[108.696515],
					[113.2889642],
					[313.6345595],
					[314.7826718]
				]
			},
			{
				"name": "NFE",
				"labelposition": [520.8818974,182.749758,21.81413359,10.9070668],
				"symbolposition": [546.1403679,182.749758,30.99903195,12.62923524],
				"x": [
					[49.58180058],
					[155.7821878],
					[166.1151985],
					[242.464666],
					[253.945789],
					[275.1858664],
					[285.5188771],
					[295.2778316],
					[307.9070668],
					[318.8141336],
					[338.9060987],
					[458.8838335],
					[469.2168441],
					[480.1239109],
					[489.8828654],
					[501.9380445],
					[512.2710552],
					[522.6040658],
					[532.9370765],
					[554.7512101],
					[564.5101646],
					[576.5653437]
				],
				"y": [
					[26.60648596],
					[26.60648596],
					[50.71684414],
					[51.86495644],
					[63.92013553],
					[65.64230397],
					[76.54937076],
					[76.54937076],
					[85.73426912],
					[87.45643756],
					[120.1776379],
					[120.1776379],
					[158.0653437],
					[158.0653437],
					[214.8969022],
					[220.0634076],
					[219.4893514],
					[230.3964182],
					[231.5445305],
					[295.838819],
					[296.9869313],
					[302.7274927]
				]
			}
		],
		"plotpos": [49.00774443,27.18054211,536.1684414,286.4540174],
		"xax": {
			"titlepos": [299.8702807,335.4486931,35.59148112,13.77734753],
			"minpos": [46.1374637,319.9491772,10.33301065,10.33301065],
			"maxpos": [579.4356244,318.8010649,12.62923524,14.35140368],
			"type": 1
		},
		"yax": {
			"titlepos": [3.083252662,144.2879961,16.64762827,54.53533398],
			"minpos": [32.36011617,308.4680542,13.20329138,11.48112294],
			"maxpos": [32.36011617,17.99564376,14.92545983,16.64762827],
			"type": 1
		}
	}
}
