{
	"data": {
		"imagename": "01105-10.1.1.366.7908-Figure-4",
		"difficult": 0,
		"curves": [
			{
				"name": "PW",
				"labelposition": [395.2258523,280.7975852,28.24005682,15.62215909],
				"symbolposition": [355.5696023,283.8018466,32.44602273,10.81534091],
				"x": [
					[83.984375],
					[111.6235795],
					[189.734375],
					[319.5184659],
					[451.1051136]
				],
				"y": [
					[181.6569602],
					[102.9453125],
					[62.08735795],
					[45.26349432],
					[41.05752841]
				]
			},
			{
				"name": "PL",
				"labelposition": [395.2258523,298.2223011,22.83238636,18.02556818],
				"symbolposition": [351.9644886,300.024858,37.25284091,10.81534091],
				"x": [
					[83.984375],
					[112.8252841],
					[190.3352273],
					[321.3210227],
					[452.3068182]
				],
				"y": [
					[341.4836648],
					[181.6569602],
					[68.69673295],
					[33.24644886],
					[17.62428977]
				]
			}
		],
		"plotpos": [68.36221591,5.607244318,397.7642045,347.2926136],
		"xax": {
			"titlepos": [222.78125,400.9680398,89.52698864,20.42897727],
			"minpos": [98.40482955,368.522017,29.44176136,19.828125],
			"maxpos": [409.6463068,368.522017,33.046875,21.63068182],
			"type": 1
		},
		"yax": {
			"titlepos": [2.268465909,119.1683239,24.03409091,125.578125],
			"minpos": [34.71448864,331.8700284,19.22727273,37.25284091],
			"maxpos": [34.71448864,21.22940341,22.83238636,37.85369318],
			"type": 1
		}
	}
}
