{
	"data": {
		"imagename": "01119-10.1.1.187.8156-Figure-4",
		"difficult": 0,
		"curves": [
			{
				"name": "allies",
				"labelposition": [422.1775568,35.76775568,38.32244318,18.328125],
				"symbolposition": [373.3025568,35.76775568,48.875,18.328125],
				"x": [
					[71.72159091],
					[131.7045455],
					[199.4630682],
					[258.890625],
					[326.6491477],
					[387.1875],
					[451.6136364],
					[511.0411932]
				],
				"y": [
					[37.98934659],
					[109.6356534],
					[168.5078125],
					[196.2776989],
					[197.943892],
					[193.5007102],
					[207.9410511],
					[225.7137784]
				]
			},
			{
				"name": "friends",
				"labelposition": [420.5113636,56.31747159,49.43039773,16.66193182],
				"symbolposition": [373.8579545,57.42826705,46.65340909,16.10653409],
				"x": [
					[71.72159091],
					[135.0369318],
					[198.9076705],
					[260.5568182],
					[323.3167614],
					[385.5213068],
					[511.0411932]
				],
				"y": [
					[79.64417614],
					[143.5149148],
					[164.6200284],
					[169.618608],
					[171.2848011],
					[170.1740057],
					[171.2848011]
				]
			},
			{
				"name": "nemeses",
				"labelposition": [424.9545455,77.42258523,59.42755682,16.10653409],
				"symbolposition": [372.1917614,79.08877841,49.98579545,12.21875],
				"x": [
					[70.61079545],
					[133.3707386],
					[196.6860795],
					[260.0014205],
					[322.2059659],
					[385.5213068],
					[448.28125],
					[512.7073864]
				],
				"y": [
					[345.6796875],
					[93.52911932],
					[282.9197443],
					[144.6257102],
					[242.3757102],
					[152.9566761],
					[222.9367898],
					[143.5149148]
				]
			},
			{
				"name": "overall average",
				"labelposition": [423.84375,96.30610795,97.19460227,19.99431818],
				"symbolposition": [373.3025568,99.63849432,48.875,12.21875],
				"x": [
					[70.61079545],
					[512.1519886]
				],
				"y": [
					[170.1740057],
					[171.8401989]
				]
			}
		],
		"plotpos": [58.94744318,12.44105114,466.5340909,339.9034091],
		"xax": {
			"titlepos": [213.3480114,372.3387784,155.5113636,17.77272727],
			"minpos": [65.61221591,355.1214489,13.88494318,19.43892045],
			"maxpos": [505.4872159,357.8984375,14.44034091,16.66193182],
			"type": 1
		},
		"yax": {
			"titlepos": [0.6306818182,121.2990057,23.32670455,121.6321023],
			"minpos": [20.625,345.1242898,34.99005682,17.21732955],
			"maxpos": [33.39914773,4.665482955,22.77130682,17.77272727],
			"type": 1
		}
	}
}
