{
	"data": {
		"imagename": "01116-10.1.1.394.303-Figure-6",
		"difficult": 0,
		"curves": [
			{
				"name": "NC",
				"labelposition": [494.8102614,233.4361084,40.31268151,24.95546951],
				"symbolposition": [408.4259439,230.2366893,84.46466602,28.79477251],
				"x": [
					[68.00774443],
					[129.4365924],
					[198.5440465],
					[262.5324298],
					[324.6011617],
					[389.2294288],
					[453.857696],
					[515.9264279],
					[581.1945789],
					[645.8228461]
				],
				"y": [
					[369.731365],
					[313.4215876],
					[270.5493708],
					[242.3944821],
					[227.0372701],
					[185.4448209],
					[177.7662149],
					[172.0072604],
					[156.6500484],
					[154.7303969]
				]
			},
			{
				"name": "A-SVM",
				"labelposition": [496.7299129,263.5106486,87.02420136,21.75605034],
				"symbolposition": [413.5450145,260.9511133,83.18489835,23.67570184],
				"x": [
					[67.3678606],
					[133.2758955],
					[196.624395],
					[261.892546],
					[323.9612778],
					[389.2294288],
					[454.4975799],
					[515.9264279],
					[578.6350436],
					[646.4627299],
					[646.4627299]
				],
				"y": [
					[363.9724105],
					[307.6626331],
					[267.9898354],
					[226.3973863],
					[201.4419167],
					[160.4893514],
					[118.2570184],
					[90.10212972],
					[56.82817038],
					[38.27153921],
					[37.63165537]
				]
			},
			{
				"name": "NDAR",
				"labelposition": [494.8102614,291.0256534,67.18780252,21.11616651],
				"symbolposition": [412.2652469,288.4661181,81.90513069,23.67570184],
				"x": [
					[68.00774443],
					[133.2758955],
					[196.624395],
					[259.3330106],
					[325.8809293],
					[389.2294288],
					[456.4172314],
					[517.8460794],
					[580.5546951],
					[643.2633107]
				],
				"y": [
					[345.4157793],
					[296.1447241],
					[257.7516941],
					[207.2008712],
					[164.9685382],
					[128.4951597],
					[106.0992256],
					[66.42642788],
					[44.67037754],
					[35.07212004]
				]
			},
			{
				"name": "NDALR",
				"labelposition": [496.7299129,317.9007744,81.26524685,20.47628267],
				"symbolposition": [410.3455954,318.5406583,86.38431752,19.83639884],
				"x": [
					[69.92739593],
					[131.3562439],
					[199.8238141],
					[262.5324298],
					[327.160697],
					[388.589545],
					[451.9380445],
					[519.7657309],
					[581.1945789],
					[645.8228461]
				],
				"y": [
					[337.7371733],
					[276.9482091],
					[241.7545983],
					[185.4448209],
					[124.0159729],
					[102.2599226],
					[65.14666021],
					[45.95014521],
					[29.95304937],
					[22.9143272]
				]
			}
		],
		"plotpos": [69.92739593,12.67618587,575.2555663,355.7754114],
		"xax": {
			"titlepos": [172.9486931,395.3267183,360.2545983,26.87512101],
			"minpos": [60.96902227,376.1302033,15.99709584,19.196515],
			"maxpos": [626.6263311,373.570668,31.35430784,22.39593417],
			"type": 1
		},
		"yax": {
			"titlepos": [5.299128751,56.18828654,26.87512101,268.1113262],
			"minpos": [39.85285576,360.1331075,23.67570184,20.47628267],
			"maxpos": [36.01355276,1.798160697,30.07454017,22.39593417],
			"type": 1
		}
	}
}
