{
	"data": {
		"imagename": "01121-10.1.1.218.6021-Figure-4",
		"difficult": 0,
		"curves": [
			{
				"name": "Baseline Ensemble",
				"labelposition": [298.7938045,255.9307841,121.713456,16.77153921],
				"symbolposition": [424.3407551,260.2434656,42.64762827,11.02129719],
				"x": [
					[68.30493708],
					[420.5072604]
				],
				"y": [
					[226.7003872],
					[225.7420136]
				]
			},
			{
				"name": "Benefit-Based Greedy",
				"labelposition": [282.5014521,271.7439497,136.5682478,14.37560503],
				"symbolposition": [421.9448209,274.1398838,46.96030978,10.54211036],
				"x": [
					[66.86737657],
					[72.61761859],
					[72.13843175],
					[75.97192643],
					[78.3678606],
					[79.8054211],
					[82.20135528],
					[85.07647628],
					[86.51403679],
					[91.30590513],
					[93.22265247],
					[95.61858664],
					[95.61858664],
					[98.49370765],
					[101.3688287],
					[105.2023233],
					[106.6398838],
					[109.9941917],
					[115.2652469],
					[117.1819942],
					[120.0571152],
					[122.9322362],
					[127.2449177],
					[130.1200387],
					[130.1200387],
					[132.9951597],
					[134.4327202],
					[135.8702807],
					[138.2662149],
					[138.7454017],
					[141.1413359],
					[142.5788964],
					[143.0580833],
					[148.3291384],
					[150.2458858],
					[154.5585673],
					[156.4753146],
					[160.7879961],
					[175.1636012],
					[186.1848984],
					[188.1016457],
					[195.768635],
					[200.5605034],
					[200.5605034],
					[202.9564376],
					[203.9148112],
					[205.8315586],
					[212.0609874],
					[217.3320426],
					[219.2487899],
					[223.0822846],
					[224.0406583],
					[229.7909003],
					[230.2700871],
					[233.1452081],
					[233.624395],
					[236.0203291],
					[238.4162633],
					[238.4162633],
					[243.6873185],
					[246.0832527],
					[248.9583737],
					[249.4375605],
					[255.1878025],
					[257.5837367],
					[261.4172314],
					[261.8964182],
					[266.2090997],
					[266.6882865],
					[271.9593417],
					[272.4385286],
					[273.8760891],
					[277.2303969],
					[281.0638916],
					[281.5430784],
					[284.4181994],
					[288.2516941],
					[290.1684414],
					[294.4811229],
					[298.3146176],
					[302.6272991],
					[303.106486],
					[308.856728],
					[316.0445305],
					[318.4404647],
					[323.232333],
					[327.5450145],
					[331.857696],
					[332.8160697],
					[337.1287512],
					[340.0038722],
					[340.4830591],
					[344.7957406],
					[347.6708616],
					[353.4211036],
					[356.2962246],
					[364.4424008],
					[368.7550823],
					[378.8180058],
					[386.4849952],
					[390.7976767],
					[393.6727977],
					[397.9854792],
					[399.4230397],
					[406.6108422],
					[407.090029],
					[408.5275895],
					[410.9235237],
					[411.4027106],
					[415.7153921],
					[420.0280736]
				],
				"y": [
					[268.8688287],
					[234.3673766],
					[102.1118103],
					[159.1350436],
					[145.7178122],
					[184.052759],
					[144.2802517],
					[93.48644724],
					[100.6742498],
					[70.96466602],
					[93.48644724],
					[88.6945789],
					[81.50677638],
					[87.73620523],
					[37.42158761],
					[65.69361084],
					[53.23475315],
					[49.40125847],
					[69.04791868],
					[68.56873185],
					[59.94336883],
					[62.81848984],
					[56.58906099],
					[51.31800581],
					[60.9017425],
					[58.02662149],
					[54.67231365],
					[61.86011617],
					[52.27637948],
					[45.08857696],
					[53.71393998],
					[53.71393998],
					[56.10987415],
					[48.92207164],
					[58.50580833],
					[50.83881897],
					[52.27637948],
					[56.58906099],
					[62.339303],
					[71.44385286],
					[66.65198451],
					[63.7768635],
					[64.25605034],
					[57.54743466],
					[63.7768635],
					[56.58906099],
					[63.7768635],
					[70.00629235],
					[70.48547919],
					[75.27734753],
					[68.08954501],
					[76.71490803],
					[68.08954501],
					[73.36060019],
					[73.36060019],
					[69.52710552],
					[68.08954501],
					[64.25605034],
					[60.9017425],
					[61.86011617],
					[63.7768635],
					[63.29767667],
					[70.00629235],
					[68.08954501],
					[83.90271055],
					[86.77783156],
					[88.6945789],
					[84.86108422],
					[89.65295257],
					[87.25701839],
					[90.61132623],
					[90.1321394],
					[99.23668925],
					[94.92400774],
					[86.29864472],
					[92.04888674],
					[90.1321394],
					[97.79912875],
					[96.36156825],
					[90.1321394],
					[102.1118103],
					[99.23668925],
					[109.2996128],
					[108.3412391],
					[122.7168441],
					[127.9878993],
					[120.8000968],
					[122.7168441],
					[129.4254598],
					[127.9878993],
					[138.0508228],
					[133.7381413],
					[138.0508228],
					[142.3635044],
					[142.3635044],
					[148.1137464],
					[149.5513069],
					[158.6558567],
					[160.5726041],
					[168.2395934],
					[165.8436592],
					[167.7604066],
					[174.4690223],
					[170.6355276],
					[181.6568248],
					[190.2821878],
					[192.1989351],
					[200.8242982],
					[220.9501452],
					[224.304453],
					[225.2628267]
				]
			}
		],
		"plotpos": [66.38818974,31.6713456,414.017425,261.6360116],
		"xax": {
			"titlepos": [191.9351404,317.2666989,162.9235237,16.29235237],
			"minpos": [62.55469506,297.6200387,11.97967086,21.08422072],
			"maxpos": [462.196515,298.0992256,30.66795741,16.77153921],
			"type": 1
		},
		"yax": {
			"titlepos": [3.614714424,66.17279768,20.60503388,194.5498548],
			"minpos": [31.40755082,284.6819942,32.10551791,15.81316554],
			"maxpos": [29.49080348,24.48354308,35.45982575,15.3339787],
			"type": 1
		}
	}
}
