{
	"data": {
		"imagename": "01128-10.1.1.221.1659-Figure-2",
		"difficult": 0,
		"curves": [
			{
				"name": "Precision",
				"labelposition": [436.8778409,12.88139205,80.00284091,19.68323864],
				"symbolposition": [519.4204545,14.78622159,55.875,15.23863636],
				"x": [
					[87.65909091],
					[87.02414773],
					[90.83380682],
					[96.54829545],
					[106.7073864],
					[127.0255682],
					[198.1392045],
					[198.7741477],
					[210.203125],
					[269.8877841],
					[277.5071023],
					[288.3011364],
					[292.1107955],
					[309.8892045],
					[313.0639205],
					[330.2073864],
					[339.0965909],
					[354.3352273],
					[383.5426136],
					[394.3366477],
					[415.9247159],
					[450.2116477],
					[459.1008523],
					[469.2599432],
					[473.0696023],
					[474.9744318],
					[476.8792614],
					[486.4034091],
					[490.2130682],
					[490.2130682],
					[501.0071023],
					[530.8494318],
					[560.0568182],
					[568.9460227],
					[584.8196023],
					[593.0738636]
				],
				"y": [
					[8.436789773],
					[133.5205966],
					[58.59730114],
					[35.73934659],
					[18.59588068],
					[14.15127841],
					[9.706676136],
					[16.05610795],
					[17.32599432],
					[12.88139205],
					[18.59588068],
					[16.69105114],
					[25.58025568],
					[28.75497159],
					[35.10440341],
					[38.9140625],
					[55.42258523],
					[57.32741477],
					[54.78764205],
					[55.42258523],
					[85.26491477],
					[85.89985795],
					[87.8046875],
					[107.4879261],
					[138.600142],
					[181.1413352],
					[285.272017],
					[296.0660511],
					[313.209517],
					[339.2421875],
					[344.321733],
					[347.4964489],
					[346.2265625],
					[349.4012784],
					[351.306108],
					[357.0205966]
				]
			},
			{
				"name": "F-Measure",
				"labelposition": [423.5440341,31.9296875,90.16193182,19.04829545],
				"symbolposition": [518.1505682,33.83451705,59.04971591,15.23863636],
				"x": [
					[85.75426136],
					[118.1363636],
					[158.1377841],
					[202.5838068],
					[260.3636364],
					[312.4289773],
					[330.8423295],
					[341.0014205],
					[398.78125],
					[414.0198864],
					[451.4815341],
					[461.640625],
					[466.7201705],
					[472.4346591],
					[474.3394886],
					[478.7840909],
					[480.6889205],
					[483.8636364],
					[486.4034091],
					[490.2130682],
					[491.4829545],
					[501.6420455],
					[531.484375],
					[563.8664773],
					[586.0894886],
					[594.9786932]
				],
				"y": [
					[389.4026989],
					[340.5120739],
					[294.7961648],
					[248.4453125],
					[195.7450284],
					[158.2833807],
					[148.759233],
					[146.8544034],
					[115.1072443],
					[115.1072443],
					[103.0433239],
					[99.23366477],
					[106.2180398],
					[123.3615057],
					[143.0447443],
					[184.3160511],
					[237.6512784],
					[240.1910511],
					[265.5887784],
					[271.303267],
					[307.4950284],
					[310.0348011],
					[310.0348011],
					[313.209517],
					[319.5589489],
					[327.8132102]
				]
			},
			{
				"name": "Threshold",
				"labelposition": [431.1633523,49.70809659,87.62215909,17.77840909],
				"symbolposition": [518.7855114,52.8828125,57.77982955,11.42897727],
				"x": [
					[400.6860795],
					[398.78125]
				],
				"y": [
					[10.34161932],
					[390.6725852]
				]
			}
		],
		"plotpos": [85.11931818,7.166903409,508.5894886,383.5056818],
		"xax": {
			"titlepos": [311.7940341,425.5944602,56.50994318,19.68323864],
			"minpos": [81.30965909,399.5617898,14.60369318,19.68323864],
			"maxpos": [587.359375,399.5617898,12.69886364,20.31818182],
			"type": 1
		},
		"yax": {
			"titlepos": [5.751420455,173.522017,19.04829545,53.97017045],
			"minpos": [62.26136364,383.053267,17.14346591,16.50852273],
			"maxpos": [68.61079545,2.722301136,7.619318182,16.50852273],
			"type": 1
		}
	}
}
