{
	"data": {
		"imagename": "01123-10.1.1.228.8996-Figure-2",
		"difficult": 0,
		"curves": [
			{
				"name": "1 sample",
				"labelposition": [425.4443369,22.58325266,80.79380445,22.27008712],
				"symbolposition": [364.8489835,24.65488867,47.64762827,15.01936108],
				"x": [
					[84.66021297],
					[100.7153921],
					[115.2168441],
					[135.9332043],
					[153.0242014],
					[219.3165537],
					[237.4433688],
					[253.4985479],
					[266.446273],
					[289.2342691],
					[336.8818974]
				],
				"y": [
					[293.4496612],
					[291.8959342],
					[279.9840271],
					[273.2512101],
					[240.6229429],
					[219.3886738],
					[230.7826718],
					[238.5513069],
					[261.857212],
					[285.1631171],
					[293.4496612]
				]
			},
			{
				"name": "3 samples",
				"labelposition": [419.2294288,50.03242982,96.84898354,28.48499516],
				"symbolposition": [366.4027106,54.17570184,43.50435624,17.6089061],
				"x": [
					[118.8422072],
					[135.9332043],
					[175.8121975],
					[185.6524685],
					[201.7076476],
					[221.3881897],
					[227.6030978],
					[242.1045499],
					[254.0164569],
					[269.035818],
					[289.7521781],
					[302.1819942]
				],
				"y": [
					[293.4496612],
					[286.1989351],
					[243.2124879],
					[227.6752178],
					[179.5096805],
					[163.9724105],
					[188.8320426],
					[231.3005808],
					[265.482575],
					[284.6452081],
					[292.4138432],
					[293.4496612]
				]
			},
			{
				"name": "5 samples",
				"labelposition": [423.8906099,82.660697,88.5624395,29.52081317],
				"symbolposition": [363.2952565,86.80396902,47.64762827,13.98354308],
				"x": [
					[134.3794773],
					[149.9167473],
					[170.1151985],
					[177.3659245],
					[193.4211036],
					[203.7792836],
					[215.1732817],
					[225.5314618],
					[226.5672798],
					[228.1210068],
					[236.9254598],
					[246.2478219],
					[252.9806389],
					[257.1239109],
					[272.143272],
					[292.3417231]
				],
				"y": [
					[293.4496612],
					[283.0914811],
					[254.088577],
					[239.0692159],
					[197.1185866],
					[147.9172314],
					[142.7381413],
					[143.2560503],
					[156.7216844],
					[175.8843175],
					[221.4603098],
					[258.231849],
					[276.3586641],
					[285.1631171],
					[291.8959342],
					[293.4496612]
				]
			},
			{
				"name": "10 samples",
				"labelposition": [424.9264279,114.7710552,100.9922556,26.41335915],
				"symbolposition": [361.7415295,116.8426912,53.8625363,24.34172314],
				"x": [
					[151.4704743],
					[184.6166505],
					[203.2613746],
					[219.3165537],
					[237.4433688],
					[254.0164569],
					[272.143272]
				],
				"y": [
					[292.4138432],
					[262.375121],
					[114.7710552],
					[84.73233301],
					[247.8736689],
					[292.4138432],
					[291.8959342]
				]
			},
			{
				"name": "50 samples",
				"labelposition": [426.9980639,147.3993224,95.81316554,24.34172314],
				"symbolposition": [363.2952565,147.3993224,49.71926428,18.1268151],
				"x": [
					[187.7241045],
					[203.7792836],
					[219.3165537],
					[236.9254598]
				],
				"y": [
					[293.4496612],
					[88.35769603],
					[29.8339787],
					[293.4496612]
				]
			}
		],
		"plotpos": [65.49757986,13.26089061,272.9380445,281.7424976],
		"xax": {
			"titlepos": [120.3959342,318.8272023,165.7308809,23.82381413],
			"minpos": [42.70958374,301.2182962,51.27299129,15.53727009],
			"maxpos": [307.3610842,298.1108422,34.18199419,20.19845111],
			"type": 1
		},
		"yax": {
			"titlepos": [2.31268151,24.13697967,27.96708616,259.9903195],
			"minpos": [33.38722168,285.1631171,29.52081317,19.16263311],
			"maxpos": [32.35140368,2.384801549,30.03872217,20.71636012],
			"type": 1
		}
	}
}
