{
	"data": {
		"imagename": "01126-10.1.1.174.5356-Figure-1",
		"difficult": 0,
		"curves": [
			{
				"name": "Follower Scores",
				"labelposition": [198.9980639,396.409971,85.45208132,13.05517909],
				"symbolposition": [176.4482091,396.409971,23.73668925,12.46176186],
				"x": [
					[82.68828654],
					[109.392062],
					[135.5024201],
					[146.1839303],
					[160.4259439],
					[189.5033882],
					[212.053243],
					[266.6476283],
					[292.7579864],
					[318.2749274],
					[343.7918683],
					[369.9022265],
					[394.8257502],
					[419.749274],
					[446.4530494],
					[471.3765731],
					[502.2342691],
					[525.9709584],
					[541.9932236],
					[550.3010649],
					[566.3233301],
					[575.8180058],
					[588.2797677],
					[592.4336883],
					[601.3349468]
				],
				"y": [
					[93.76718296],
					[169.1311713],
					[277.1331075],
					[291.375121],
					[294.9356244],
					[277.1331075],
					[312.1447241],
					[300.8697967],
					[307.9908035],
					[300.8697967],
					[300.8697967],
					[308.5842207],
					[309.1776379],
					[308.5842207],
					[304.4303001],
					[290.1882865],
					[312.7381413],
					[305.0237173],
					[302.0566312],
					[293.7487899],
					[191.6810261],
					[144.8010649],
					[167.3509197],
					[195.2415295],
					[243.3083253]
				]
			},
			{
				"name": "Congress ADA Scores",
				"labelposition": [320.0551791,397.0033882,112.1558567,14.24201355],
				"symbolposition": [296.9119071,395.2231365,22.54985479,14.83543078],
				"x": [
					[83.28170378],
					[109.9854792],
					[134.3155857],
					[161.0193611],
					[185.9428848],
					[215.0203291],
					[239.3504356],
					[263.6805421],
					[290.3843175],
					[315.9012585],
					[343.7918683],
					[369.9022265],
					[394.8257502],
					[419.749274],
					[444.0793804],
					[474.3436592],
					[498.0803485],
					[523.5972894],
					[539.6195547],
					[553.268151],
					[569.2904163],
					[576.411423],
					[588.8731849],
					[603.7086157]
				],
				"y": [
					[187.5271055],
					[226.0992256],
					[271.7923524],
					[281.2870281],
					[297.3092933],
					[312.1447241],
					[306.803969],
					[304.4303001],
					[314.518393],
					[311.5513069],
					[311.5513069],
					[310.3644724],
					[310.3644724],
					[305.6171346],
					[302.0566312],
					[291.375121],
					[303.8368829],
					[277.1331075],
					[273.5726041],
					[264.0779284],
					[194.6481123],
					[170.911423],
					[141.2405615],
					[110.9762827]
				]
			}
		],
		"plotpos": [82.68828654,42.73330106,522.2071636,274.7521781],
		"xax": {
			"titlepos": [260.713456,361.3983543,166.1568248,22.54985479],
			"minpos": [73.19361084,337.0682478,18.9893514,17.80251694],
			"maxpos": [594.8073572,334.6945789,11.86834463,19.58276864],
			"type": 1
		},
		"yax": {
			"titlepos": [4.950629235,91.98693127,21.36302033,187.5198451],
			"minpos": [24.53339787,308.5842207,46.28654405,24.92352372],
			"maxpos": [29.87415295,33.83204259,40.94578896,21.95643756],
			"type": 1
		}
	}
}
