{
	"data": {
		"imagename": "01132-10.1.1.408.1792-Figure-10",
		"difficult": 0,
		"curves": [
			{
				"name": "Gen",
				"labelposition": [495.7047435,59.56389158,28.50919652,18.24588577],
				"symbolposition": [425.0019361,60.13407551,45.04453049,15.96515005],
				"x": [
					[133.6379477],
					[137.6292352],
					[152.4540174],
					[170.1297193],
					[191.7967086],
					[218.0251694],
					[252.8063892],
					[294.4298161],
					[325.7899322],
					[339.4743466],
					[363.9922556]
				],
				"y": [
					[291.0585673],
					[284.2163601],
					[288.7778316],
					[271.1021297],
					[251.7158761],
					[236.32091],
					[224.3470474],
					[218.0750242],
					[217.5048403],
					[218.0750242],
					[218.0750242]
				]
			},
			{
				"name": "GenPP",
				"labelposition": [495.7047435,78.37996128,43.90416263,15.96515005],
				"symbolposition": [425.57212,76.66940949,44.47434656,15.96515005],
				"x": [
					[134.2081317],
					[140.4801549],
					[147.892546],
					[157.5856728],
					[171.8402711],
					[186.0948693],
					[223.7270087],
					[261.929332],
					[297.8509197],
					[329.2110358],
					[357.1500484],
					[381.0977735]
				],
				"y": [
					[289.9181994],
					[285.9269119],
					[284.2163601],
					[285.356728],
					[272.2424976],
					[265.4002904],
					[235.750726],
					[222.0663117],
					[217.5048403],
					[212.9433688],
					[208.3818974],
					[208.9520813]
				]
			},
			{
				"name": "IP-CT-LT",
				"labelposition": [494.5643756,94.34511133,59.29912875,16.53533398],
				"symbolposition": [428.4230397,92.63455954,38.20232333,17.67570184],
				"x": [
					[85.17231365],
					[92.58470474],
					[99.99709584],
					[111.9709584],
					[120.5237173],
					[127.3659245],
					[142.1907067],
					[172.9806389],
					[253.3765731],
					[356.5798645],
					[396.4927396],
					[427.2826718],
					[444.3881897],
					[447.8092933],
					[457.5024201]
				],
				"y": [
					[16.80009681],
					[14.51936108],
					[35.61616651],
					[35.04598258],
					[51.01113262],
					[62.41481123],
					[72.67812197],
					[81.80106486],
					[114.3015489],
					[156.4951597],
					[166.7584705],
					[179.3025169],
					[183.8639884],
					[191.2763795],
					[193.5571152]
				]
			},
			{
				"name": "FF-CT-LT",
				"labelposition": [493.9941917,112.0208132,66.14133591,15.96515005],
				"symbolposition": [430.1335915,112.0208132,34.21103582,15.96515005],
				"x": [
					[377.6766699],
					[403.3349468],
					[438.6863504],
					[460.9235237]
				],
				"y": [
					[163.3373669],
					[167.3286544],
					[186.1447241],
					[194.6974831]
				]
			}
		],
		"plotpos": [80.61084221,16.22991288,394.5672798,295.3552759],
		"xax": {
			"titlepos": [149.0329138,345.2260407,278.249758,25.08809293],
			"minpos": [70.34753146,315.5764763,27.93901258,25.65827686],
			"maxpos": [447.2391094,317.2870281,61.57986447,28.50919652],
			"type": 1
		},
		"yax": {
			"titlepos": [2.495643756,85.22216844,34.21103582,173.3359148],
			"minpos": [40.12778316,277.9443369,35.35140368,30.21974831],
			"maxpos": [29.86447241,4.256050339,44.47434656,23.94772507],
			"type": 1
		}
	}
}
