{
	"data": {
		"imagename": "01130-10.1.1.149.9543-Figure-6",
		"difficult": 0,
		"curves": [
			{
				"name": "all",
				"labelposition": [558.7571023,310.8401989,16.82386364,17.42471591],
				"symbolposition": [525.7102273,314.4453125,33.046875,11.41619318],
				"x": [
					[95.5],
					[564.765625]
				],
				"y": [
					[99.34019886],
					[98.73934659]
				]
			},
			{
				"name": "LMU",
				"labelposition": [559.3579545,329.4666193,33.64772727,16.22301136],
				"symbolposition": [526.3110795,331.2691761,33.64772727,12.01704545],
				"x": [
					[94.89914773],
					[171.2073864],
					[250.5198864],
					[328.6306818],
					[407.9431818],
					[486.0539773],
					[560.5596591]
				],
				"y": [
					[319.852983],
					[170.8416193],
					[218.3089489],
					[151.6143466],
					[172.6441761],
					[202.6867898],
					[122.1725852]
				]
			}
		],
		"plotpos": [55.84375,35.04900568,542.5696023,327.4644886],
		"xax": {
			"titlepos": [212.0653409,396.1612216,234.3323864,18.02556818],
			"minpos": [84.08380682,367.3203125,18.02556818,27.03835227],
			"maxpos": [552.7485795,370.9254261,25.23579545,19.22727273],
			"type": 1
		},
		"yax": {
			"titlepos": [14.98579545,147.4083807,16.82386364,104.5482955],
			"minpos": [33.61221591,356.5049716,15.62215909,13.81960227],
			"maxpos": [33.61221591,24.83451705,16.22301136,19.22727273],
			"type": 1
		}
	}
}
