{
	"data": {
		"imagename": "01131-10.1.1.294.8908-Figure-6",
		"difficult": 0,
		"curves": [
			{
				"name": "ck-means 128-bit",
				"labelposition": [286.6398838,132.2395934,142.9603098,23.68054211],
				"symbolposition": [255.0658277,134.8707648,32.45111326,14.03291384],
				"x": [
					[57.28944821],
					[100.7037754],
					[151.5730881],
					[198.0571152],
					[244.1026137],
					[291.463698],
					[337.9477251],
					[389.2555663],
					[431.7928364]
				],
				"y": [
					[208.982091],
					[172.1456922],
					[121.2763795],
					[78.30058083],
					[55.93562439],
					[42.77976767],
					[37.95595353],
					[36.2018393],
					[37.07889642]
				]
			},
			{
				"name": "ck-means 96-bit",
				"labelposition": [285.3242982,154.6045499,135.0667957,17.97967086],
				"symbolposition": [257.2584705,155.0430784,28.9428848,15.34849952],
				"x": [
					[56.85091965],
					[100.7037754],
					[123.0687318],
					[134.4704743],
					[151.1345595],
					[201.1268151],
					[225.2458858],
					[245.4181994],
					[266.9060987],
					[295.8489835],
					[337.9477251],
					[385.7473379],
					[432.231365]
				],
				"y": [
					[221.6994192],
					[196.2647628],
					[173.0227493],
					[166.8833495],
					[149.3422072],
					[102.8581801],
					[79.17763795],
					[66.89883833],
					[55.93562439],
					[47.6035818],
					[41.02565344],
					[37.51742498],
					[37.95595353]
				]
			},
			{
				"name": "ck-means 64-bit",
				"labelposition": [286.2013553,174.7768635,137.2594385,18.85672798],
				"symbolposition": [256.3814134,175.2153921,29.81994192,17.10261375],
				"x": [
					[56.85091965],
					[84.91674734],
					[100.7037754],
					[152.4501452],
					[178.7618587],
					[191.0406583],
					[201.1268151],
					[225.6844143],
					[243.2255566],
					[265.5905131],
					[281.3775411],
					[293.2178122],
					[315.5827686],
					[339.2633107],
					[384.4317522],
					[432.231365]
				],
				"y": [
					[231.3470474],
					[219.5067764],
					[209.4206196],
					[180.0392062],
					[159.8668925],
					[146.7110358],
					[140.571636],
					[115.1369797],
					[98.03436592],
					[81.80880929],
					[71.28412391],
					[62.51355276],
					[54.62003872],
					[47.16505324],
					[39.27153921],
					[37.07889642]
				]
			},
			{
				"name": "PQ 128-bit",
				"labelposition": [285.3242982,194.5106486,90.77541142,18.41819942],
				"symbolposition": [256.3814134,194.5106486,28.50435624,19.73378509],
				"x": [
					[57.28944821],
					[102.0193611],
					[134.9090029],
					[151.5730881],
					[173.0609874],
					[197.6185866],
					[222.6147144],
					[244.9796709],
					[270.4143272],
					[295.8489835],
					[318.21394],
					[341.4559535],
					[385.7473379],
					[430.0387222]
				],
				"y": [
					[232.2241045],
					[211.6132623],
					[190.5638916],
					[175.6539206],
					[160.7439497],
					[136.624879],
					[115.1369797],
					[96.28025169],
					[78.73910939],
					[61.19796709],
					[50.6732817],
					[45.41093901],
					[39.71006776],
					[37.95595353]
				]
			},
			{
				"name": "PQ 96-bit",
				"labelposition": [283.5701839,215.5600194,85.07454017,17.97967086],
				"symbolposition": [256.3814134,218.1911907,27.62729913,12.27879961],
				"x": [
					[57.28944821],
					[100.7037754],
					[128.3310745],
					[151.5730881],
					[176.1306873],
					[200.249758],
					[221.2991288],
					[243.2255566],
					[267.7831559],
					[294.0948693],
					[311.6360116],
					[338.8247822],
					[358.9970958],
					[389.6940949],
					[431.7928364]
				],
				"y": [
					[241.4332043],
					[224.7691191],
					[211.6132623],
					[197.1418199],
					[176.0924492],
					[154.1660213],
					[137.9404647],
					[120.3993224],
					[100.2270087],
					[80.93175218],
					[66.46030978],
					[56.81268151],
					[47.16505324],
					[39.27153921],
					[38.83301065]
				]
			},
			{
				"name": "PQ 64-bit",
				"labelposition": [285.3242982,235.732333,80.25072604,17.5411423],
				"symbolposition": [257.2584705,237.4864472,27.62729913,17.10261375],
				"x": [
					[56.41239109],
					[102.0193611],
					[149.8189739],
					[198.0571152],
					[227.4385286],
					[242.3484995],
					[259.0125847],
					[270.8528558],
					[294.5333979],
					[338.8247822],
					[358.9970958],
					[391.0096805],
					[429.1616651]
				],
				"y": [
					[242.3102614],
					[230.4699903],
					[212.0517909],
					[184.8630203],
					[165.5677638],
					[147.5880929],
					[133.1166505],
					[118.6452081],
					[101.5425944],
					[69.09148112],
					[57.68973863],
					[45.84946757],
					[38.83301065]
				]
			}
		],
		"plotpos": [56.85091965,37.95595353,376.696031,221.4569216],
		"xax": {
			"titlepos": [234.893514,281.339303,20.17231365,17.97967086],
			"minpos": [51.58857696,264.6752178,10.52468538,18.41819942],
			"maxpos": [416.0058083,263.7981607,34.64375605,21.04937076],
			"type": 2
		},
		"yax": {
			"titlepos": [1.157792836,100.2270087,24.99612778,102.1771539],
			"minpos": [44.57212004,251.5193611,9.20909971,17.10261375],
			"maxpos": [41.94094869,30.50096805,12.71732817,15.34849952],
			"type": 1
		}
	}
}
