{
	"data": {
		"imagename": "01147-10.1.1.159.617-Figure-3",
		"difficult": 0,
		"curves": [
			{
				"name": "Prob. of a0",
				"labelposition": [444.0298295,28.69105114,58.61505682,11.16477273],
				"symbolposition": [503.203125,30.36576705,26.23721591,9.490056818],
				"x": [
					[66.66051136],
					[235.2485795],
					[272.6505682],
					[292.1889205],
					[308.3778409],
					[327.9161932],
					[348.5710227],
					[364.7599432],
					[387.0894886],
					[517.7173295]
				],
				"y": [
					[248.6370739],
					[250.3117898],
					[251.9865057],
					[260.3600852],
					[275.4325284],
					[274.3160511],
					[319.5333807],
					[354.1441761],
					[362.5177557],
					[362.5177557]
				]
			},
			{
				"name": "Prob. of a1",
				"labelposition": [445.7045455,39.29758523,53.03267045,12.28125],
				"symbolposition": [501.5284091,39.85582386,25.12073864,12.28125],
				"x": [
					[65.54403409],
					[216.8267045],
					[250.3210227],
					[272.0923295],
					[291.6306818],
					[311.7272727],
					[328.4744318],
					[385.4147727],
					[403.8366477],
					[423.9332386],
					[442.3551136],
					[460.21875],
					[479.7571023],
					[519.3920455]
				],
				"y": [
					[248.6370739],
					[250.3117898],
					[257.568892],
					[264.2677557],
					[267.0589489],
					[275.4325284],
					[303.3444602],
					[326.790483],
					[333.4893466],
					[291.6214489],
					[188.9055398],
					[51.02059659],
					[21.43394886],
					[19.20099432]
				]
			},
			{
				"name": "Prob. of a2",
				"labelposition": [444.0298295,49.90411932,58.61505682,13.39772727],
				"symbolposition": [503.203125,52.13707386,21.21306818,10.60653409],
				"x": [
					[66.66051136],
					[180.5411932],
					[233.015625],
					[272.0923295],
					[289.3977273],
					[310.6107955],
					[330.1491477],
					[346.8963068],
					[365.3181818],
					[383.7400568],
					[405.5113636],
					[422.2585227],
					[440.1221591],
					[459.6605114],
					[480.3153409],
					[517.1590909]
				],
				"y": [
					[248.0788352],
					[246.962358],
					[240.821733],
					[230.2151989],
					[216.259233],
					[191.696733],
					[166.0177557],
					[111.868608],
					[71.67542614],
					[54.37002841],
					[47.11292614],
					[91.77201705],
					[192.2549716],
					[329.5816761],
					[359.7265625],
					[364.1924716]
				]
			}
		],
		"plotpos": [64.42755682,18.64275568,471.1534091,343.875],
		"xax": {
			"titlepos": [242.5056818,380.381392,115.5553977,10.60653409],
			"minpos": [60.51988636,367.5419034,10.04829545,12.83948864],
			"maxpos": [521.625,366.4254261,27.35369318,14.51420455],
			"type": 1
		},
		"yax": {
			"titlepos": [3.579545455,150.9453125,21.21306818,82.61931818],
			"minpos": [48.796875,355.818892,11.72301136,13.95596591],
			"maxpos": [49.91335227,11.94389205,9.490056818,12.28125],
			"type": 1
		}
	}
}
