{
	"data": {
		"imagename": "01154-10.1.1.190.5577-Figure-8",
		"difficult": 0,
		"curves": [
			{
				"name": "Median filter",
				"labelposition": [73.23721591,37.57741477,66.62642045,13.55113636],
				"symbolposition": [45.38210227,38.70667614,27.47869318,10.16335227],
				"x": [
					[33.33664773],
					[136.8522727],
					[238.109375],
					[338.9900568]
				],
				"y": [
					[232.1867898],
					[211.8600852],
					[167.818892],
					[82.37144886]
				]
			},
			{
				"name": "RB-RVM",
				"labelposition": [72.10795455,56.3984375,59.85085227,13.55113636],
				"symbolposition": [45.38210227,56.77485795,26.34943182,10.91619318],
				"x": [
					[34.46590909],
					[134.9701705],
					[238.4857955],
					[338.9900568]
				],
				"y": [
					[223.5291193],
					[219.0120739],
					[197.556108],
					[119.6370739]
				]
			},
			{
				"name": "RVM",
				"labelposition": [70.97869318,73.33735795,33.125,12.79829545],
				"symbolposition": [47.26420455,75.97230114,23.71448864,9.786931818],
				"x": [
					[34.08948864],
					[137.2286932],
					[238.109375],
					[337.8607955]
				],
				"y": [
					[168.571733],
					[126.0362216],
					[92.53480114],
					[53.76349432]
				]
			}
		],
		"plotpos": [34.46590909,22.89701705,303.7713068,211.5482955],
		"xax": {
			"titlepos": [90.92897727,249.8785511,194.609375,12.04545455],
			"minpos": [25.05539773,237.4566761,19.19744318,12.79829545],
			"maxpos": [328.8267045,237.0802557,20.32670455,13.92755682],
			"type": 1
		},
		"yax": {
			"titlepos": [2.470170455,43.60014205,15.80965909,172.7769886],
			"minpos": [17.52698864,228.4225852,14.68039773,10.91619318],
			"maxpos": [16.02130682,15.36860795,16.18607955,15.05681818],
			"type": 1
		}
	}
}
