{
	"data": {
		"imagename": "01153-10.1.1.358.874-Figure-6",
		"difficult": 0,
		"curves": [
			{
				"name": "Web - High Noise",
				"labelposition": [384.3649564,139.2754114,134.4298161,20.34946757],
				"symbolposition": [524.9612778,142.9753146,61.66505324,11.09970958],
				"x": [
					[76.03969022],
					[111.8054211],
					[143.2545983],
					[151.8877057],
					[217.8693127],
					[224.035818],
					[260.4181994],
					[290.6340755],
					[307.9002904],
					[317.1500484],
					[341.8160697],
					[412.1142304],
					[496.5953533],
					[520.6447241],
					[554.5605034],
					[577.9932236],
					[602.6592449]
				],
				"y": [
					[138.6587609],
					[144.8252662],
					[133.7255566],
					[130.0256534],
					[91.17666989],
					[92.40997096],
					[67.12729913],
					[60.9607938],
					[52.94433688],
					[55.41093901],
					[52.32768635],
					[31.97821878],
					[46.16118103],
					[49.24443369],
					[56.02758955],
					[57.87754114],
					[62.8107454]
				]
			},
			{
				"name": "Web - Low Noise",
				"labelposition": [382.5150048,159.0082285,138.1297193,20.34946757],
				"symbolposition": [523.7279768,160.8581801,61.66505324,14.18296225],
				"x": [
					[73.57308809],
					[112.4220716],
					[151.8877057],
					[163.6040658],
					[198.1364956],
					[224.6524685],
					[265.3514037],
					[282.0009681],
					[299.267183],
					[321.4666021],
					[336.8828654],
					[364.0154889],
					[382.5150048],
					[404.714424],
					[421.3639884],
					[437.3969022],
					[462.0629235],
					[474.3959342],
					[487.9622459],
					[510.1616651],
					[524.3446273],
					[540.3775411],
					[553.9438529],
					[581.0764763],
					[603.892546]
				],
				"y": [
					[139.2754114],
					[157.7749274],
					[159.624879],
					[162.7081317],
					[134.9588577],
					[105.3596321],
					[90.56001936],
					[89.3267183],
					[77.61035818],
					[72.06050339],
					[66.5106486],
					[64.660697],
					[72.06050339],
					[68.36060019],
					[70.21055179],
					[76.37705712],
					[87.4767667],
					[89.3267183],
					[97.95982575],
					[100.4264279],
					[102.2763795],
					[105.9762827],
					[109.0595353],
					[114.6093901],
					[115.2260407]
				]
			},
			{
				"name": "RCV - High Noise",
				"labelposition": [383.7483059,178.7410455,137.5130687,18.49951597],
				"symbolposition": [524.9612778,182.4409487,59.81510165,12.94966118],
				"x": [
					[74.80638916],
					[113.6553727],
					[135.2381413],
					[166.6873185],
					[196.9031946],
					[218.4859632],
					[244.3852856],
					[269.6679574],
					[330.0997096],
					[386.214908],
					[397.3146176],
					[443.5634076],
					[487.9622459],
					[540.3775411],
					[573.0600194],
					[603.892546]
				],
				"y": [
					[260.7555663],
					[260.1389158],
					[243.4893514],
					[196.0072604],
					[148.5251694],
					[131.875605],
					[118.3092933],
					[109.0595353],
					[83.7768635],
					[65.27734753],
					[62.8107454],
					[51.09438529],
					[45.54453049],
					[43.6945789],
					[46.16118103],
					[49.86108422]
				]
			},
			{
				"name": "RCV - Low Noise",
				"labelposition": [384.3649564,197.857212,133.196515,21.58276864],
				"symbolposition": [526.1945789,203.4070668,54.88189739,9.249757986],
				"x": [
					[74.80638916],
					[128.4549855],
					[174.7037754],
					[228.9690223],
					[252.4017425],
					[289.4007744],
					[307.2836399],
					[362.1655373],
					[399.1645692],
					[435.5469506],
					[448.4966118],
					[478.7124879],
					[506.4617619],
					[547.160697],
					[578.6098742],
					[603.2758955]
				],
				"y": [
					[261.9888674],
					[261.9888674],
					[247.8059051],
					[224.9898354],
					[214.5067764],
					[188.607454],
					[183.0575992],
					[152.8417231],
					[141.7420136],
					[139.892062],
					[144.2086157],
					[142.3586641],
					[145.4419167],
					[147.2918683],
					[154.0750242],
					[158.3915779]
				]
			},
			{
				"name": "News - High Noise",
				"labelposition": [385.5982575,219.4399806,139.3630203,18.49951597],
				"symbolposition": [525.5779284,221.2899322,62.28170378,12.94966118],
				"x": [
					[75.42303969],
					[115.5053243],
					[148.804453],
					[174.7037754],
					[187.6534366],
					[200.6030978],
					[235.1355276],
					[273.9845111],
					[319.6166505],
					[330.7163601],
					[385.5982575],
					[406.5643756],
					[418.8973863],
					[438.0135528],
					[460.2129719],
					[478.7124879],
					[500.9119071],
					[528.0445305],
					[546.5440465],
					[574.909971],
					[602.6592449]
				],
				"y": [
					[260.7555663],
					[262.6055179],
					[236.089545],
					[221.2899322],
					[204.0237173],
					[198.4738625],
					[141.125363],
					[94.25992256],
					[79.46030978],
					[83.7768635],
					[64.660697],
					[68.97725073],
					[75.76040658],
					[75.76040658],
					[83.7768635],
					[90.56001936],
					[101.6597289],
					[107.2095837],
					[114.6093901],
					[122.625847],
					[127.5590513]
				]
			},
			{
				"name": "News - Low Noise",
				"labelposition": [384.3649564,240.4060987,138.7463698,15.41626331],
				"symbolposition": [523.7279768,242.2560503,65.36495644,10.48305905],
				"x": [
					[77.27299129],
					[137.0880929],
					[169.1539206],
					[188.8867377],
					[207.3862536],
					[233.285576],
					[257.3349468],
					[279.5343659],
					[293.7173282],
					[302.9670862],
					[322.0832527],
					[333.1829622],
					[345.5159729],
					[355.9990319],
					[365.8654405],
					[382.5150048],
					[401.0145208],
					[412.1142304],
					[425.0638916],
					[445.4133591],
					[450.9632139],
					[467.6127783],
					[496.5953533],
					[531.1277832],
					[562.5769603],
					[583.5430784],
					[602.6592449]
				],
				"y": [
					[260.1389158],
					[261.3722168],
					[255.8223621],
					[255.2057115],
					[239.7894482],
					[207.10697],
					[185.5242014],
					[170.107938],
					[166.4080348],
					[156.5416263],
					[152.8417231],
					[149.7584705],
					[149.7584705],
					[143.5919652],
					[144.2086157],
					[159.0082285],
					[167.0246854],
					[171.9578896],
					[181.8242982],
					[188.607454],
					[191.6907067],
					[201.5571152],
					[206.4903195],
					[214.5067764],
					[221.2899322],
					[224.9898354],
					[230.5396902]
				]
			}
		],
		"plotpos": [71.7231365,17.178606,532.78606,244.1936108],
		"xax": {
			"titlepos": [230.2023233,282.9549855,218.910939,25.89932236],
			"minpos": [68.63988383,268.1553727,13.56631171,23.43272023],
			"maxpos": [575.5266215,267.5387222,60.43175218,24.6660213],
			"type": 2
		},
		"yax": {
			"titlepos": [0.8083252662,80.07696031,27.74927396,126.4133591],
			"minpos": [45.82381413,247.8059051,19.11616651,28.36592449],
			"maxpos": [28.55759923,3.612294288,37.61568248,25.89932236],
			"type": 1
		}
	}
}
