{
	"data": {
		"imagename": "01160-10.1.1.205.9731-Figure-5",
		"difficult": 0,
		"curves": [
			{
				"name": "kmean (1024)",
				"labelposition": [410.6466602,127.7565344,94.59148112,16.51597289],
				"symbolposition": [361.5992256,127.2560503,49.54791868,15.01452081],
				"x": [
					[55.30300097],
					[113.3591481],
					[167.411423],
					[222.96515],
					[277.017425],
					[330.0687318]
				],
				"y": [
					[164.7923524],
					[116.7458858],
					[89.71974831],
					[67.19796709],
					[49.18054211],
					[36.16795741]
				]
			},
			{
				"name": "learned (1024)",
				"labelposition": [411.1471442,145.2734753,97.59438529,17.51694095],
				"symbolposition": [361.5992256,146.2744434,49.54791868,12.51210068],
				"x": [
					[56.30396902],
					[112.8586641],
					[167.9119071],
					[222.96515],
					[330.0687318]
				],
				"y": [
					[163.2909003],
					[110.2395934],
					[80.71103582],
					[61.19215876],
					[29.66166505]
				]
			},
			{
				"name": "kmean (2048)",
				"labelposition": [411.1471442,162.2899322,92.08906099,18.517909],
				"symbolposition": [361.0987415,163.2909003,49.54791868,14.51403679],
				"x": [
					[58.80638916],
					[111.857696],
					[165.4094869],
					[219.9622459],
					[277.017425],
					[332.571152]
				],
				"y": [
					[168.7962246],
					[110.7400774],
					[82.2124879],
					[64.19506292],
					[46.17763795],
					[33.16505324]
				]
			},
			{
				"name": "learned",
				"labelposition": [412.1481123,180.8078412,94.59148112,15.51500484],
				"symbolposition": [361.5992256,182.3092933,49.54791868,12.01161665],
				"x": [
					[56.80445305],
					[111.357212],
					[168.9128751],
					[222.96515],
					[277.017425],
					[330.0687318]
				],
				"y": [
					[159.7875121],
					[108.2376573],
					[73.20377541],
					[56.68780252],
					[43.17473379],
					[23.65585673]
				]
			}
		],
		"plotpos": [47.79574056,13.64617619,292.2826718,184.178122],
		"xax": {
			"titlepos": [77.82478219,219.3451113,233.7260407,19.01839303],
			"minpos": [48.29622459,201.3276864,17.51694095,17.51694095],
			"maxpos": [319.5585673,202.8291384,24.0232333,17.51694095],
			"type": 1
		},
		"yax": {
			"titlepos": [1.751210068,4.637463698,22.02129719,207.7008712],
			"minpos": [23.77250726,191.3180058,20.51984511,16.51597289],
			"maxpos": [24.77347531,6.639399806,22.02129719,19.01839303],
			"type": 1
		}
	}
}
