{
	"data": {
		"imagename": "01175-10.1.1.150.3866-Figure-13",
		"difficult": 0,
		"curves": [
			{
				"name": "1th day",
				"labelposition": [505.9360795,327.2009943,61.69176136,19.90056818],
				"symbolposition": [452.2045455,329.1910511,53.73153409,13.26704545],
				"x": [
					[64.14346591],
					[66.796875],
					[74.75710227],
					[153.6960227],
					[369.2855114],
					[562.984375]
				],
				"y": [
					[272.806108],
					[128.8586648],
					[64.51349432],
					[39.96946023],
					[18.07883523],
					[17.41548295]
				]
			},
			{
				"name": "3rd day",
				"labelposition": [508.5894886,346.4382102,61.69176136,21.22727273],
				"symbolposition": [452.8678977,351.7450284,55.05823864,11.27698864],
				"x": [
					[66.13352273],
					[70.11363636],
					[88.02414773],
					[180.8934659],
					[509.9161932],
					[575.5880682]
				],
				"y": [
					[317.9140625],
					[134.8288352],
					[79.77059659],
					[27.36576705],
					[14.76207386],
					[14.76207386]
				]
			},
			{
				"name": "6th day",
				"labelposition": [506.5994318,368.3288352,63.01846591,21.22727273],
				"symbolposition": [454.1946023,370.318892,51.74147727,15.25710227],
				"x": [
					[65.47017045],
					[74.75710227],
					[76.74715909],
					[86.03409091],
					[133.7954545],
					[560.3309659],
					[570.28125]
				],
				"y": [
					[398.1796875],
					[365.0120739],
					[171.3132102],
					[75.12713068],
					[42.62286932],
					[18.7421875],
					[15.42542614]
				]
			},
			{
				"name": "7th day",
				"labelposition": [505.9360795,389.556108,63.01846591,19.90056818],
				"symbolposition": [452.8678977,391.5461648,53.06818182,13.93039773],
				"x": [
					[64.14346591],
					[66.796875],
					[72.10369318],
					[68.78693182],
					[84.04403409],
					[494.6590909],
					[564.9744318],
					[573.5980114]
				],
				"y": [
					[418.0802557],
					[251.5788352],
					[218.4112216],
					[150.7492898],
					[63.85014205],
					[37.31605114],
					[22.05894886],
					[16.08877841]
				]
			}
		],
		"plotpos": [66.13352273,14.09872159,512.7713068,405.3082386],
		"xax": {
			"titlepos": [259.1690341,444.6143466,125.3735795,20.56392045],
			"minpos": [57.50994318,425.3771307,15.92045455,19.90056818],
			"maxpos": [571.6079545,422.0603693,11.94034091,22.55397727],
			"type": 1
		},
		"yax": {
			"titlepos": [2.451704545,181.2634943,25.87073864,73.63210227],
			"minpos": [48.22301136,410.1200284,12.60369318,20.56392045],
			"maxpos": [47.55965909,2.158380682,13.93039773,22.55397727],
			"type": 1
		}
	}
}
