{
	"data": {
		"imagename": "01184-10.1.1.228.5357-Figure-7",
		"difficult": 0,
		"curves": [
			{
				"name": "Marker only",
				"labelposition": [313.0710227,200.9396307,119.4673295,26.54829545],
				"symbolposition": [263.5142045,208.9041193,46.01704545,13.27414773],
				"x": [
					[71.48153409],
					[140.5071023],
					[184.7542614],
					[281.2130682],
					[303.3366477],
					[417.4943182],
					[444.0426136],
					[496.2542614],
					[550.2357955],
					[566.1647727],
					[605.9872159],
					[625.4559659]
				],
				"y": [
					[563.7663352],
					[123.0646307],
					[106.2507102],
					[105.365767],
					[103.5958807],
					[100.9410511],
					[92.9765625],
					[82.35724432],
					[50.49928977],
					[34.5703125],
					[20.41122159],
					[15.1015625]
				]
			},
			{
				"name": "Fusion of markers and wire",
				"labelposition": [315.7258523,227.4879261,258.4034091,24.77840909],
				"symbolposition": [262.6292614,233.6825284,51.32670455,15.04403409],
				"x": [
					[68.82670455],
					[142.2769886],
					[182.984375],
					[298.0269886],
					[329.8849432],
					[398.0255682],
					[440.5028409],
					[499.7940341],
					[563.5099432],
					[622.8011364]
				],
				"y": [
					[562.881392],
					[87.66690341],
					[67.31321023],
					[68.19815341],
					[65.54332386],
					[65.54332386],
					[55.80894886],
					[46.07457386],
					[28.37571023],
					[21.29616477]
				]
			}
		],
		"plotpos": [649.3494318,563.7663352,0,0],
		"xax": {
			"titlepos": [310.4161932,597.3941761,242.4744318,24.77840909],
			"minpos": [52.01278409,567.306108,35.39772727,34.51278409],
			"maxpos": [533.421875,565.5362216,37.16761364,30.97301136],
			"type": 2
		},
		"yax": {
			"titlepos": [4.225852273,227.4879261,26.54829545,121.2372159],
			"minpos": [47.58806818,548.7223011,18.58380682,23.89346591],
			"maxpos": [49.35795455,2.712357955,15.92897727,24.77840909],
			"type": 1
		}
	}
}
