{
	"data": {
		"imagename": "01189-10.1.1.39.8052-Figure-4",
		"difficult": 0,
		"curves": [
			{
				"name": "Roberts' Cross",
				"labelposition": [370.828125,25.1640625,107.625,19.21875],
				"symbolposition": [482.296875,26.4453125,76.875,12.8125],
				"x": [
					[91.515625],
					[97.28125],
					[101.125],
					[103.046875],
					[108.8125],
					[129.953125],
					[151.09375],
					[166.46875],
					[175.4375],
					[208.109375],
					[245.265625],
					[279.21875],
					[354.8125],
					[395.8125],
					[440.015625],
					[527.78125],
					[582.875]
				],
				"y": [
					[390.9609375],
					[163.5390625],
					[132.1484375],
					[64.8828125],
					[55.9140625],
					[105.2421875],
					[142.3984375],
					[160.9765625],
					[163.5390625],
					[189.8046875],
					[217.9921875],
					[217.9921875],
					[238.4921875],
					[235.2890625],
					[235.9296875],
					[232.7265625],
					[226.9609375]
				]
			},
			{
				"name": "Sobel Operator",
				"labelposition": [370.1875,43.7421875,111.46875,19.21875],
				"symbolposition": [483.578125,44.3828125,86.484375,10.890625],
				"x": [
					[92.796875],
					[97.28125],
					[101.125],
					[108.8125],
					[118.421875],
					[139.5625],
					[170.3125],
					[214.515625],
					[235.65625],
					[246.546875],
					[283.0625],
					[327.265625],
					[341.359375],
					[529.703125],
					[584.796875]
				],
				"y": [
					[390.9609375],
					[267.9609375],
					[266.0390625],
					[275.6484375],
					[298.7109375],
					[317.9296875],
					[330.1015625],
					[340.3515625],
					[344.1953125],
					[340.3515625],
					[343.5546875],
					[342.9140625],
					[341.6328125],
					[339.7109375],
					[337.7890625]
				]
			},
			{
				"name": "Canny-like Detector",
				"labelposition": [331.75,61.0390625,149.90625,19.21875],
				"symbolposition": [484.21875,60.3984375,83.921875,14.734375],
				"x": [
					[91.515625],
					[99.203125],
					[108.8125],
					[185.046875],
					[343.921875],
					[582.875]
				],
				"y": [
					[394.1640625],
					[373.0234375],
					[370.4609375],
					[374.3046875],
					[378.7890625],
					[376.2265625]
				]
			},
			{
				"name": "Nalwa-Binford",
				"labelposition": [370.828125,81.5390625,109.546875,19.21875],
				"symbolposition": [485.5,80.2578125,80.078125,12.171875],
				"x": [
					[92.15625],
					[104.328125],
					[142.765625],
					[286.90625],
					[475.890625],
					[584.15625]
				],
				"y": [
					[391.6015625],
					[356.3671875],
					[361.4921875],
					[365.9765625],
					[370.4609375],
					[368.5390625]
				]
			},
			{
				"name": "Baker-Nayar-Murase Detector",
				"labelposition": [260,100.1171875,224.21875,20.5],
				"symbolposition": [485.5,99.4765625,83.921875,13.453125],
				"x": [
					[94.71875],
					[106.890625],
					[235.015625],
					[585.4375]
				],
				"y": [
					[392.8828125],
					[390.3203125],
					[388.3984375],
					[388.3984375]
				]
			}
		],
		"plotpos": [90.234375,10.4296875,493.921875,382.453125],
		"xax": {
			"titlepos": [269.609375,428.7578125,135.171875,20.5],
			"minpos": [82.546875,403.1328125,16.65625,19.859375],
			"maxpos": [566.859375,403.1328125,30.75,17.9375],
			"type": 1
		},
		"yax": {
			"titlepos": [3.75,88.5859375,21.78125,231.265625],
			"minpos": [67.171875,384.5546875,17.296875,19.21875],
			"maxpos": [54.359375,1.4609375,28.1875,17.9375],
			"type": 1
		}
	}
}
