{
	"data": {
		"imagename": "01196-10.1.1.169.8045-Figure-5",
		"difficult": 0,
		"curves": [
			{
				"name": "Robot",
				"labelposition": [417.5450145,114.1011617,35.26234269,14.01452081],
				"symbolposition": [398.5575992,112.7449177,18.9874153,15.37076476],
				"x": [
					[44.12584705],
					[99.73184898],
					[158.0503388],
					[215.0125847],
					[268.3581801],
					[325.3204259],
					[380.4743466]
				],
				"y": [
					[235.2589545],
					[169.7071636],
					[142.5822846],
					[130.3760891],
					[105.963698],
					[51.71393998],
					[51.26185866]
				]
			},
			{
				"name": "Teacher",
				"labelposition": [416.1887706,131.2802517,42.94772507,14.91868345],
				"symbolposition": [399.9138432,126.3073572,13.5624395,16.72700871],
				"x": [
					[44.57792836],
					[375.0493708]
				],
				"y": [
					[156.5968054],
					[157.5009681]
				]
			}
		],
		"plotpos": [45.482091,42.67231365,346.2942885,194.8470474],
		"xax": {
			"titlepos": [118.7192643,260.1234269,186.2575024,16.2749274],
			"minpos": [37.3446273,240.231849,13.11035818,14.91868345],
			"maxpos": [365.5556631,242.9443369,32.54985479,12.65827686],
			"type": 1
		},
		"yax": {
			"titlepos": [1.630203291,93.75750242,19.43949661,103.0745402],
			"minpos": [22.87802517,228.4777348,18.08325266,14.46660213],
			"maxpos": [21.52178122,44.48063892,18.9874153,15.37076476],
			"type": 1
		}
	}
}
