{
	"data": {
		"imagename": "01195-10.1.1.161.1193-Figure-4",
		"difficult": 0,
		"curves": [
			{
				"name": "Correctness Model",
				"labelposition": [357.9730114,46.96803977,142.2826705,18.09375],
				"symbolposition": [320.140625,49.43536932,29.60795455,10.69176136],
				"x": [
					[57.78125],
					[163.0539773],
					[271.6164773],
					[375.2443182],
					[475.5823864],
					[528.21875],
					[579.2102273]
				],
				"y": [
					[187.6058239],
					[189.2507102],
					[211.4566761],
					[248.4666193],
					[301.102983],
					[345.5149148],
					[363.6086648]
				]
			},
			{
				"name": "Appropriateness Model",
				"labelposition": [357.1505682,67.52911932,165.3110795,17.27130682],
				"symbolposition": [319.3181818,67.52911932,28.78551136,16.44886364],
				"x": [
					[61.07102273],
					[155.6519886],
					[210.7556818],
					[311.9161932],
					[478.0497159],
					[525.7514205],
					[577.5653409]
				],
				"y": [
					[185.1384943],
					[194.1853693],
					[211.4566761],
					[228.727983],
					[299.4580966],
					[335.6455966],
					[352.0944602]
				]
			},
			{
				"name": "Combined Model",
				"labelposition": [357.1505682,85.62286932,126.65625,19.73863636],
				"symbolposition": [318.4957386,89.73508523,32.07528409,11.51420455],
				"x": [
					[58.60369318],
					[158.1193182],
					[315.2059659],
					[476.4048295],
					[527.3963068],
					[577.5653409]
				],
				"y": [
					[184.3160511],
					[189.2507102],
					[216.3913352],
					[292.056108],
					[335.6455966],
					[352.0944602]
				]
			},
			{
				"name": "Reduced Model",
				"labelposition": [357.9730114,104.5390625,111.0298295,18.91619318],
				"symbolposition": [320.140625,107.006392,32.07528409,11.51420455],
				"x": [
					[58.60369318],
					[317.6732955],
					[469.0028409],
					[525.7514205],
					[576.7428977]
				],
				"y": [
					[222.1484375],
					[224.615767],
					[258.3359375],
					[274.7848011],
					[276.4296875]
				]
			}
		],
		"plotpos": [56.13636364,14.0703125,520.6065341,519.7840909],
		"xax": {
			"titlepos": [279.8409091,554.415483,75.66477273,23.02840909],
			"minpos": [51.20170455,538.7890625,14.80397727,16.44886364],
			"maxpos": [570.1633523,537.1441761,12.33664773,15.62642045],
			"type": 1
		},
		"yax": {
			"titlepos": [2.677556818,223.7933239,26.31818182,105.2727273],
			"minpos": [38.86505682,523.9850852,14.80397727,18.09375],
			"maxpos": [40.50994318,4.200994318,14.80397727,18.91619318],
			"type": 1
		}
	}
}
