{
	"data": {
		"imagename": "01206-10.1.1.170.1063-Figure-5",
		"difficult": 0,
		"curves": [
			{
				"name": "TRIP-GL-LR",
				"labelposition": [383.84375,28.1171875,131.25,23.515625],
				"symbolposition": [336.8125,33.0390625,45.9375,12.578125],
				"x": [
					[67.203125],
					[86.34375],
					[92.359375],
					[106.03125],
					[121.34375],
					[485.015625]
				],
				"y": [
					[165.3828125],
					[165.3828125],
					[182.3359375],
					[190.5390625],
					[191.0859375],
					[189.4453125]
				]
			},
			{
				"name": "PQN-GL-LR",
				"labelposition": [386.03125,52.7265625,125.234375,18.59375],
				"symbolposition": [338.453125,55.4609375,44.296875,12.578125],
				"x": [
					[68.84375],
					[170.015625],
					[228.53125],
					[449.46875],
					[505.796875]
				],
				"y": [
					[165.3828125],
					[165.3828125],
					[186.1640625],
					[191.6328125],
					[191.6328125]
				]
			},
			{
				"name": "FBS-GL-LR",
				"labelposition": [384.390625,75.1484375,124.140625,20.234375],
				"symbolposition": [337.90625,80.0703125,46.484375,9.296875],
				"x": [
					[175.484375],
					[227.4375],
					[485.5625]
				],
				"y": [
					[162.1015625],
					[185.0703125],
					[189.4453125]
				]
			}
		],
		"plotpos": [67.75,20.4609375,452.265625,317.734375],
		"xax": {
			"titlepos": [195.71875,361.1640625,194.6875,23.515625],
			"minpos": [61.1875,342.5703125,17.5,25.15625],
			"maxpos": [505.796875,342.5703125,28.984375,24.0625],
			"type": 1
		},
		"yax": {
			"titlepos": [3.765625,97.0234375,26.796875,166.25],
			"minpos": [31.65625,320.1484375,32.8125,29.53125],
			"maxpos": [33.84375,4.0546875,32.8125,29.53125],
			"type": 2
		}
	}
}
