{
	"data": {
		"imagename": "01202-10.1.1.148.6144-Figure-4",
		"difficult": 0,
		"curves": [
			{
				"name": "ROCC",
				"labelposition": [362.5411932,251.178267,51.328125,17.62784091],
				"symbolposition": [331.4332386,252.7336648,31.62642045,12.96164773],
				"x": [
					[85.16193182],
					[123.5284091],
					[162.9318182],
					[203.3721591],
					[241.2201705],
					[279.0681818],
					[317.953125],
					[355.2826705],
					[396.2414773],
					[434.6079545]
				],
				"y": [
					[70.23366477],
					[107.5632102],
					[107.0447443],
					[96.15696023],
					[39.12571023],
					[63.49360795],
					[61.93821023],
					[82.15838068],
					[47.93963068],
					[116.3771307]
				]
			},
			{
				"name": "BCC",
				"labelposition": [363.0596591,271.3984375,40.44034091,22.29403409],
				"symbolposition": [331.4332386,277.1015625,31.10795455,13.48011364],
				"x": [
					[87.23579545],
					[436.1633523],
					[436.1633523]
				],
				"y": [
					[123.1171875],
					[123.1171875],
					[123.1171875]
				]
			},
			{
				"name": "k-means",
				"labelposition": [363.0596591,300.4325284,65.32670455,17.109375],
				"symbolposition": [331.9517045,299.9140625,30.58948864,16.07244318],
				"x": [
					[85.16193182],
					[434.0894886]
				],
				"y": [
					[215.4041193],
					[214.8856534]
				]
			}
		],
		"plotpos": [46.79545455,28.23792614,386.2571023,304.3394886],
		"xax": {
			"titlepos": [142.7116477,345.5390625,197.0170455,19.18323864],
			"minpos": [41.09232955,335.1697443,9.850852273,10.36931818],
			"maxpos": [430.9786932,335.1697443,7.258522727,10.36931818],
			"type": 1
		},
		"yax": {
			"titlepos": [4.799715909,144.3742898,20.22017045,76.21448864],
			"minpos": [22.94602273,327.9112216,20.22017045,10.36931818],
			"maxpos": [33.83380682,20.97940341,10.36931818,11.92471591],
			"type": 1
		}
	}
}
