{
	"data": {
		"imagename": "01210-10.1.1.138.184-Figure-6",
		"difficult": 0,
		"curves": [
			{
				"name": "Boosted",
				"labelposition": [148.3082386,28.23082386,90.49005682,22.18465909],
				"symbolposition": [246.3877841,32.31747159,76.47869318,15.17897727],
				"x": [
					[113.8636364],
					[151.8110795],
					[206.6889205],
					[256.3125],
					[332.7911932],
					[387.6690341],
					[412.1889205],
					[433.2059659],
					[453.6392045],
					[485.1647727],
					[519.609375],
					[549.9673295]
				],
				"y": [
					[330.6427557],
					[321.3018466],
					[295.0305398],
					[258.834517],
					[176.5177557],
					[105.2933239],
					[76.10298295],
					[57.42116477],
					[42.82599432],
					[28.23082386],
					[18.30610795],
					[18.30610795]
				]
			},
			{
				"name": "H-K Wide",
				"labelposition": [134.8806818,50.41548295,105.6690341,23.93607955],
				"symbolposition": [249.3068182,53.91832386,71.80823864,17.51420455],
				"x": [
					[113.8636364],
					[166.40625],
					[229.4573864],
					[278.4971591],
					[321.1150568],
					[357.8948864],
					[387.6690341],
					[413.9403409],
					[438.4602273],
					[459.4772727],
					[479.3267045],
					[518.4417614],
					[545.296875]
				],
				"y": [
					[334.7294034],
					[330.0589489],
					[318.3828125],
					[295.6143466],
					[263.5049716],
					[219.1356534],
					[173.0149148],
					[127.477983],
					[92.44957386],
					[66.76207386],
					[48.6640625],
					[29.3984375],
					[17.72230114]
				]
			},
			{
				"name": "H-K",
				"labelposition": [193.2613636,74.3515625,50.20738636,27.43892045],
				"symbolposition": [246.9715909,76.10298295,67.13778409,21.60085227],
				"x": [
					[378.9119318],
					[413.9403409],
					[440.2116477],
					[458.8934659],
					[472.9048295],
					[479.3267045],
					[501.5113636],
					[507.3494318],
					[508.5170455],
					[517.2741477],
					[519.609375],
					[528.3664773],
					[531.2855114],
					[538.875],
					[542.3778409],
					[552.8863636]
				],
				"y": [
					[327.7237216],
					[320.7180398],
					[299.1171875],
					[282.7705966],
					[267.0078125],
					[240.1526989],
					[222.6384943],
					[212.1299716],
					[187.0262784],
					[175.350142],
					[154.3330966],
					[143.240767],
					[116.9694602],
					[102.9580966],
					[67.34588068],
					[22.39275568]
				]
			}
		],
		"plotpos": [113.2798295,17.13849432,437.8551136,322.2613636],
		"xax": {
			"titlepos": [280.8323864,382.6015625,105.0852273,26.27130682],
			"minpos": [80.58664773,348.1569602,71.80823864,29.77414773],
			"maxpos": [546.4644886,348.740767,15.76278409,23.93607955],
			"type": 2
		},
		"yax": {
			"titlepos": [1.772727273,130.9808239,28.02272727,96.91193182],
			"minpos": [82.921875,324.8046875,18.09801136,27.43892045],
			"maxpos": [80.58664773,3.7109375,21.01704545,28.60653409],
			"type": 1
		}
	}
}
