{
	"data": {
		"imagename": "01213-10.1.1.17.2918-Figure-5",
		"difficult": 0,
		"curves": [
			{
				"name": "2-gram VSM-seg",
				"labelposition": [313.5517909,219.9917715,133.6302033,20.15972894],
				"symbolposition": [448.909971,219.9917715,34.55953533,18.43175218],
				"x": [
					[51.47531462],
					[109.0745402],
					[166.6737657],
					[285.3281704],
					[343.5033882],
					[398.2226525],
					[459.2778316],
					[515.7250726],
					[572.7483059]
				],
				"y": [
					[289.1108422],
					[250.5193611],
					[230.3596321],
					[207.8959342],
					[200.9840271],
					[192.9201355],
					[193.4961278],
					[205.5919652],
					[324.8223621]
				]
			},
			{
				"name": "1\/2-gram VSM +seg",
				"labelposition": [297.4240077,240.1515005,146.3020329,17.27976767],
				"symbolposition": [445.4540174,241.8794773,31.1035818,14.39980639],
				"x": [
					[51.47531462],
					[109.6505324],
					[167.8257502],
					[224.8489835],
					[283.0242014],
					[341.7754114],
					[398.7986447],
					[455.821878],
					[513.9970958],
					[571.5963214]
				],
				"y": [
					[277.5909971],
					[238.999516],
					[221.7197483],
					[208.4719264],
					[198.1040658],
					[191.1921588],
					[186.5842207],
					[188.3121975],
					[195.2241045],
					[202.7120039]
				]
			},
			{
				"name": "2-gram 3opD-seg",
				"labelposition": [298.5759923,260.3112294,146.8780252,17.27976767],
				"symbolposition": [447.1819942,261.4632139,32.83155857,14.39980639],
				"x": [
					[49.1713456],
					[109.6505324],
					[168.4017425],
					[227.1529526],
					[282.4482091],
					[343.5033882],
					[400.5266215],
					[455.821878],
					[514.5730881],
					[572.7483059]
				],
				"y": [
					[277.5909971],
					[236.695547],
					[216.535818],
					[193.4961278],
					[190.0401742],
					[197.5280736],
					[199.8320426],
					[198.1040658],
					[208.4719264],
					[313.3025169]
				]
			},
			{
				"name": "1\/2-gram 3opD +seg",
				"labelposition": [287.6321394,278.7429816,160.7018393,18.43175218],
				"symbolposition": [448.3339787,280.4709584,32.83155857,13.82381413],
				"x": [
					[51.47531462],
					[107.9225557],
					[168.4017425],
					[224.2729913],
					[283.6001936],
					[342.9273959],
					[397.070668],
					[454.0939013],
					[514.5730881],
					[575.6282672]
				],
				"y": [
					[248.7913843],
					[213.0798645],
					[192.3441433],
					[173.9123911],
					[167.000484],
					[170.4564376],
					[172.7604066],
					[172.1844143],
					[183.1282672],
					[196.9520813]
				]
			},
			{
				"name": "2-gram 3opD -seg",
				"labelposition": [299.1519845,297.750726,146.3020329,18.43175218],
				"symbolposition": [445.4540174,298.3267183,39.16747338,17.27976767],
				"x": [
					[50.89932236],
					[109.0745402],
					[168.4017425],
					[227.7289448],
					[285.9041626],
					[399.9506292],
					[455.2458858],
					[514.5730881],
					[572.7483059]
				],
				"y": [
					[185.4322362],
					[153.1766699],
					[139.928848],
					[130.7129719],
					[123.8010649],
					[122.0730881],
					[127.8330106],
					[128.9849952],
					[158.9365924]
				]
			},
			{
				"name": "1\/2-gram 3opD +seg",
				"labelposition": [286.4801549,317.3344627,158.9738625,17.27976767],
				"symbolposition": [445.4540174,319.6384318,36.2875121,13.24782188],
				"x": [
					[51.47531462],
					[109.0745402],
					[168.4017425],
					[224.2729913],
					[283.0242014],
					[340.0474347],
					[399.9506292],
					[456.9738625],
					[515.1490803],
					[571.0203291]
				],
				"y": [
					[90.96950629],
					[54.10600194],
					[36.82623427],
					[35.0982575],
					[42.01016457],
					[39.13020329],
					[39.13020329],
					[46.04211036],
					[58.71393998],
					[67.35382381]
				]
			}
		],
		"plotpos": [50.32333011,4.570667957,523.5769603,344.4433688],
		"xax": {
			"titlepos": [109.6505324,377.2376573,390.5227493,23.61568248],
			"minpos": [29.01161665,354.1979671,43.19941917,14.97579864],
			"maxpos": [552.588577,353.6219748,40.89545015,16.70377541],
			"type": 1
		},
		"yax": {
			"titlepos": [2.515972894,42.58615682,24.76766699,257.4685382],
			"minpos": [30.73959342,196.3760891,14.97579864,20.15972894],
			"maxpos": [24.97967086,21.85043562,19.58373669,17.27976767],
			"type": 2
		}
	}
}
