{
	"data": {
		"imagename": "01229-10.1.1.188.6648-Figure-12",
		"difficult": 0,
		"curves": [
			{
				"name": "Randomized",
				"labelposition": [267.1723136,32.34123911,188.3107454,36.44724105],
				"symbolposition": [183.3436592,31.12633107,76.5392062,37.66214908],
				"x": [
					[184.5585673],
					[236.7996128],
					[296.3301065],
					[343.7115198],
					[404.4569216],
					[456.6979671],
					[566.0396902],
					[615.8509197],
					[671.7366893],
					[722.7628267],
					[778.6485963],
					[833.3194579],
					[887.9903195],
					[946.3059051],
					[996.1171346],
					[1049.573088],
					[1103.029042],
					[1154.055179],
					[1212.370765]
				],
				"y": [
					[678.6723136],
					[604.5629235],
					[569.3305905],
					[547.4622459],
					[500.0808325],
					[487.9317522],
					[394.3838335],
					[374.9453049],
					[398.0285576],
					[310.5551791],
					[271.678122],
					[264.3886738],
					[230.3712488],
					[192.7090997],
					[159.9065828],
					[105.2357212],
					[87.01210068],
					[62.71393998],
					[49.3499516]
				]
			},
			{
				"name": "Incremental",
				"labelposition": [267.1723136,71.21829622,173.731849,43.73668925],
				"symbolposition": [182.1287512,82.15246854,80.1839303,21.86834463],
				"x": [
					[238.0145208],
					[289.0406583],
					[347.3562439],
					[402.0271055],
					[455.4830591],
					[613.4211036],
					[833.3194579],
					[1053.217812],
					[1209.940949]
				],
				"y": [
					[608.2076476],
					[583.9094869],
					[568.1156825],
					[553.5367861],
					[546.2473379],
					[528.0237173],
					[511.0150048],
					[492.7913843],
					[483.07212]
				]
			}
		],
		"plotpos": [145.6815102,6.828170378,1103.136496,711.9361084],
		"xax": {
			"titlepos": [502.8644724,772.2202323,403.3494676,48.59632139],
			"minpos": [169.9796709,734.5580833,25.51306873,34.01742498],
			"maxpos": [963.3146176,734.5580833,57.10067764,44.95159729],
			"type": 1
		},
		"yax": {
			"titlepos": [1.107454017,282.6122943,44.95159729,162.7976767],
			"minpos": [31.48015489,655.589061,106.9119071,49.81122943],
			"maxpos": [86.15101646,87.01210068,53.45595353,46.16650532],
			"type": 2
		}
	}
}
