{
	"data": {
		"imagename": "01246-10.1.1.224.9900-Figure-12",
		"difficult": 0,
		"curves": [
			{
				"name": "Bounded",
				"labelposition": [462.890625,8.3046875,73.421875,15.609375],
				"symbolposition": [427.625,9.4609375,35.84375,12.71875],
				"x": [
					[120.640625],
					[165.734375],
					[217.1875],
					[261.125],
					[307.375],
					[351.890625],
					[398.140625],
					[445.546875],
					[493.53125]
				],
				"y": [
					[332.0546875],
					[323.9609375],
					[307.1953125],
					[276.5546875],
					[220.4765625],
					[178.8515625],
					[157.4609375],
					[155.7265625],
					[140.6953125]
				]
			},
			{
				"name": "Unbounded",
				"labelposition": [465.203125,25.6484375,78.625,15.03125],
				"symbolposition": [427.625,27.9609375,37.578125,11.5625],
				"x": [
					[120.640625],
					[167.46875],
					[216.03125],
					[259.390625],
					[306.21875],
					[353.625],
					[398.71875],
					[447.28125],
					[491.21875]
				],
				"y": [
					[98.4921875],
					[83.4609375],
					[73.0546875],
					[69.5859375],
					[70.7421875],
					[67.2734375],
					[62.0703125],
					[60.3359375],
					[62.6484375]
				]
			}
		],
		"plotpos": [73.234375,43.5703125,465.390625,311.609375],
		"xax": {
			"titlepos": [244.9375,381.7734375,122.5625,23.703125],
			"minpos": [111.96875,364.4296875,17.34375,15.03125],
			"maxpos": [484.28125,365.0078125,17.34375,13.875],
			"type": 1
		},
		"yax": {
			"titlepos": [3.28125,101.9609375,24.859375,218.53125],
			"minpos": [53,334.3671875,13.875,14.453125],
			"maxpos": [24.671875,34.8984375,41.625,15.609375],
			"type": 1
		}
	}
}
