{
	"data": {
		"imagename": "01245-10.1.1.33.228-Figure-6",
		"difficult": 0,
		"curves": [
			{
				"name": "Ensemble images",
				"labelposition": [409,13.8984375,90.78125,12.578125],
				"symbolposition": [500.875,14.9921875,25.703125,9.84375],
				"x": [
					[98.375],
					[165.09375],
					[232.359375],
					[299.078125],
					[367.4375],
					[501.421875]
				],
				"y": [
					[27.0234375],
					[261.6328125],
					[310.8515625],
					[339.8359375],
					[340.3828125],
					[339.8359375]
				]
			},
			{
				"name": "Non-ensemble images",
				"labelposition": [386.03125,25.9296875,113.75,17.5],
				"symbolposition": [500.328125,25.9296875,25.15625,8.203125],
				"x": [
					[97.828125],
					[164],
					[231.8125],
					[299.078125],
					[500.328125]
				],
				"y": [
					[33.5859375],
					[242.4921875],
					[296.0859375],
					[329.9921875],
					[329.4453125]
				]
			}
		],
		"plotpos": [65.015625,5.1484375,466.484375,351.640625],
		"xax": {
			"titlepos": [257.515625,372.1015625,89.140625,12.03125],
			"minpos": [92.90625,361.7109375,9.84375,14.765625],
			"maxpos": [492.671875,361.1640625,10.390625,14.21875],
			"type": 1
		},
		"yax": {
			"titlepos": [2.125,91.0078125,19.6875,189.21875],
			"minpos": [49.703125,329.4453125,10.9375,13.671875],
			"maxpos": [31.65625,42.3359375,27.890625,13.671875],
			"type": 2
		}
	}
}
