{
	"data": {
		"imagename": "01242-10.1.1.187.8363-Figure-7",
		"difficult": 0,
		"curves": [
			{
				"name": "Sparse Correspondence",
				"labelposition": [233.0894886,146.7137784,205.1178977,23.32244318],
				"symbolposition": [194.8167614,150.3018466,36.47869318,12.55823864],
				"x": [
					[53.68607955],
					[145.7798295],
					[236.0795455],
					[326.3792614],
					[420.2670455],
					[511.7627841]
				],
				"y": [
					[191.5646307],
					[96.48082386],
					[106.0490057],
					[94.08877841],
					[43.85582386],
					[179.006392]
				]
			},
			{
				"name": "Dense Correspondence",
				"labelposition": [231.8934659,171.8302557,200.3338068,22.72443182],
				"symbolposition": [195.4147727,176.0163352,35.28267045,15.54829545],
				"x": [
					[54.28409091],
					[146.9758523],
					[236.6775568],
					[326.9772727],
					[420.2670455],
					[510.5667614]
				],
				"y": [
					[353.0276989],
					[350.037642],
					[330.9012784],
					[311.1669034],
					[268.1100852],
					[320.1370739]
				]
			}
		],
		"plotpos": [53.08806818,12.75923295,458.0767045,360.6008523],
		"xax": {
			"titlepos": [251.0298295,396.084517,59.80113636,22.72443182],
			"minpos": [41.12784091,381.134233,16.14630682,13.75426136],
			"maxpos": [496.2144886,378.1441761,17.94034091,19.734375],
			"type": 1
		},
		"yax": {
			"titlepos": [4.051136364,120.4012784,22.12642045,142.3267045],
			"minpos": [29.765625,365.5859375,20.93039773,16.14630682],
			"maxpos": [24.98153409,1.995028409,26.3125,23.32244318],
			"type": 1
		}
	}
}
