{
	"data": {
		"imagename": "01244-10.1.1.46.8532-Figure-3",
		"difficult": 0,
		"curves": [
			{
				"name": "PCA",
				"labelposition": [549.5440341,317.7478693,34.44602273,18.60085227],
				"symbolposition": [473.7627841,323.9481534,59.24715909,11.71164773],
				"x": [
					[93.47869318],
					[98.99005682],
					[103.1235795],
					[115.5241477],
					[119.6576705],
					[138.2585227],
					[146.5255682],
					[148.5923295],
					[162.3707386],
					[175.4602273],
					[191.3053977],
					[214.0397727],
					[222.3068182],
					[236.7741477],
					[245.7301136],
					[253.9971591],
					[259.5085227],
					[267.7755682],
					[278.109375],
					[289.1321023],
					[297.3991477],
					[315.3110795],
					[333.9119318],
					[338.0454545],
					[351.1349432],
					[360.0909091],
					[362.1576705],
					[612.9247159]
				],
				"y": [
					[425.9083807],
					[365.9723011],
					[371.4836648],
					[297.0802557],
					[292.2578125],
					[191.6754261],
					[230.943892],
					[216.4765625],
					[224.0546875],
					[192.3643466],
					[204.7649148],
					[179.274858],
					[152.4069602],
					[136.5617898],
					[136.5617898],
					[125.5390625],
					[126.227983],
					[115.8941761],
					[114.5163352],
					[123.4723011],
					[115.2052557],
					[114.5163352],
					[95.2265625],
					[101.4268466],
					[93.15980114],
					[113.1384943],
					[102.8046875],
					[104.1825284]
				]
			},
			{
				"name": "FLD",
				"labelposition": [549.5440341,340.4822443,31.69034091,15.84517045],
				"symbolposition": [475.8295455,341.8600852,59.24715909,11.02272727],
				"x": [
					[127.2357955],
					[127.9247159],
					[132.0582386],
					[136.1917614],
					[146.5255682],
					[150.6590909],
					[158.9261364],
					[169.2599432],
					[174.7713068],
					[179.59375],
					[188.5497159],
					[190.6164773],
					[196.8167614],
					[208.5284091],
					[215.4176136],
					[222.3068182],
					[224.3735795],
					[232.640625],
					[239.5298295],
					[251.9303977],
					[260.8863636],
					[262.2642045],
					[285.6875],
					[292.5767045],
					[297.3991477],
					[305.6661932],
					[363.5355114],
					[368.3579545],
					[380.7585227],
					[391.0923295],
					[405.5596591],
					[409.6931818],
					[413.8267045],
					[420.0269886],
					[466.8735795],
					[473.7627841],
					[481.3409091],
					[494.4303977],
					[499.9417614],
					[504.0752841],
					[510.2755682],
					[513.03125],
					[533.6988636],
					[537.8323864],
					[541.9659091],
					[550.2329545],
					[555.0553977],
					[575.0340909],
					[578.4786932],
					[589.5014205],
					[595.7017045],
					[614.3025568]
				],
				"y": [
					[430.7308239],
					[411.4410511],
					[427.975142],
					[427.2862216],
					[392.8401989],
					[333.5930398],
					[338.415483],
					[271.5901989],
					[262.634233],
					[269.5234375],
					[248.1669034],
					[217.165483],
					[216.4765625],
					[185.475142],
					[173.0745739],
					[214.4098011],
					[214.4098011],
					[204.7649148],
					[204.0759943],
					[168.9410511],
					[160.6740057],
					[166.8742898],
					[169.6299716],
					[179.274858],
					[179.9637784],
					[159.2961648],
					[158.6072443],
					[171.0078125],
					[169.6299716],
					[148.2734375],
					[146.2066761],
					[159.2961648],
					[159.2961648],
					[167.5632102],
					[171.0078125],
					[181.3416193],
					[182.0305398],
					[202.009233],
					[183.4083807],
					[183.4083807],
					[202.009233],
					[202.6981534],
					[169.6299716],
					[191.6754261],
					[191.6754261],
					[183.4083807],
					[190.2975852],
					[193.7421875],
					[202.6981534],
					[206.1427557],
					[214.4098011],
					[216.4765625]
				]
			},
			{
				"name": "PRM-1",
				"labelposition": [539.8991477,361.149858,54.42471591,17.22301136],
				"symbolposition": [475.8295455,365.9723011,61.31392045,12.40056818],
				"x": [
					[90.72301136],
					[98.99005682],
					[103.1235795],
					[116.9019886],
					[127.9247159],
					[134.125],
					[138.2585227],
					[141.703125],
					[158.2372159],
					[163.0596591],
					[169.2599432],
					[179.59375],
					[187.171875],
					[190.6164773],
					[198.8835227],
					[203.0170455],
					[210.5951705],
					[234.7073864],
					[237.4630682],
					[244.3522727],
					[250.5525568],
					[252.6193182],
					[260.1974432],
					[302.9105114],
					[317.3778409],
					[328.4005682],
					[334.6008523],
					[357.3352273],
					[361.46875],
					[399.359375],
					[402.8039773],
					[407.6264205],
					[417.9602273],
					[424.1605114],
					[430.3607955],
					[442.7613636],
					[479.9630682],
					[487.5411932],
					[496.4971591],
					[502.6974432],
					[510.2755682],
					[546.7883523],
					[549.5440341],
					[556.4332386],
					[561.2556818],
					[567.4559659],
					[585.3678977],
					[591.5681818],
					[603.2798295],
					[608.7911932],
					[612.2357955]
				],
				"y": [
					[426.5973011],
					[361.8387784],
					[352.193892],
					[187.5419034],
					[210.2762784],
					[186.1640625],
					[183.4083807],
					[190.2975852],
					[127.6058239],
					[136.5617898],
					[135.8728693],
					[106.9382102],
					[113.1384943],
					[91.78196023],
					[91.78196023],
					[100.7379261],
					[80.75923295],
					[81.44815341],
					[91.09303977],
					[80.75923295],
					[80.0703125],
					[88.33735795],
					[81.44815341],
					[80.0703125],
					[72.4921875],
					[69.73650568],
					[80.0703125],
					[82.13707386],
					[87.6484375],
					[89.71519886],
					[80.75923295],
					[82.82599432],
					[99.36008523],
					[102.8046875],
					[110.3828125],
					[91.09303977],
					[89.71519886],
					[100.0490057],
					[82.82599432],
					[80.75923295],
					[93.15980114],
					[91.78196023],
					[98.67116477],
					[102.8046875],
					[111.7606534],
					[106.2492898],
					[103.493608],
					[110.3828125],
					[92.47088068],
					[91.09303977],
					[100.0490057]
				]
			},
			{
				"name": "PRM-2",
				"labelposition": [541.2769886,382.506392,51.66903409,15.84517045],
				"symbolposition": [477.8963068,385.2620739,55.11363636,13.08948864],
				"x": [
					[88.65625],
					[98.30113636],
					[105.1903409],
					[115.5241477],
					[121.7244318],
					[139.6363636],
					[144.4588068],
					[156.859375],
					[160.9928977],
					[173.3934659],
					[179.59375],
					[186.4829545],
					[198.8835227],
					[227.8181818],
					[234.0184659],
					[281.5539773],
					[288.4431818],
					[300.84375],
					[301.5326705],
					[308.421875],
					[313.9332386],
					[318.7556818],
					[328.4005682],
					[374.5582386],
					[378.6917614],
					[386.9588068],
					[415.2045455],
					[420.0269886],
					[427.6051136],
					[433.8053977],
					[440.0056818],
					[450.3394886],
					[469.6292614],
					[473.7627841],
					[492.3636364],
					[496.4971591],
					[502.0085227],
					[512.3423295],
					[515.0980114],
					[520.609375],
					[525.4318182],
					[530.9431818],
					[537.8323864],
					[542.6548295],
					[551.6107955],
					[555.7443182],
					[561.2556818],
					[568.1448864],
					[574.3451705],
					[579.1676136],
					[616.3693182]
				],