{
	"data": {
		"imagename": "01260-10.1.1.408.3311-Figure-3",
		"difficult": 0,
		"curves": [
			{
				"name": "Brightest pixels",
				"labelposition": [93.96999032,20.04791868,80.11713456,13.62536302],
				"symbolposition": [57.45401742,20.04791868,37.06098742,10.3552759],
				"x": [
					[91.24491772],
					[101.6001936],
					[118.4956438],
					[131.5759923],
					[147.3814134],
					[162.6418199],
					[175.1771539],
					[192.0726041],
					[219.3233301],
					[231.3136496],
					[262.9244918],
					[280.909971],
					[292.9002904],
					[303.8005808],
					[318.5159729],
					[334.8664085],
					[347.4017425],
					[359.392062],
					[375.7424976],
					[392.0929332],
					[419.8886738],
					[439.5091965],
					[452.589545],
					[465.6698935],
					[490.7405615],
					[507.6360116]
				],
				"y": [
					[239.6887706],
					[233.6936108],
					[240.7787996],
					[235.3286544],
					[198.267667],
					[244.0488867],
					[224.428364],
					[246.2289448],
					[229.3334947],
					[212.9830591],
					[203.7178122],
					[189.5474347],
					[187.3673766],
					[189.5474347],
					[169.9269119],
					[167.7468538],
					[172.6519845],
					[169.9269119],
					[157.9365924],
					[93.07986447],
					[88.17473379],
					[51.65876089],
					[22.77299129],
					[10.78267183],
					[15.142788],
					[89.80977735]
				]
			},
			{
				"name": "White Reference",
				"labelposition": null,
				"symbolposition": null,
				"x": [
					[96.1500484],
					[103.7802517],
					[121.7657309],
					[145.7463698],
					[161.0067764],
					[176.8121975],
					[192.6176186],
					[236.7637948],
					[296.7153921],
					[306.5256534],
					[321.2410455],
					[334.8664085],
					[352.8518877],
					[375.7424976],
					[392.0929332],
					[408.4433688],
					[421.5237173],
					[450.4094869],
					[464.5798645],
					[492.375605],
					[505.4559535]
				],
				"y": [
					[320.3509197],
					[319.8059051],
					[320.3509197],
					[308.9056147],
					[318.1708616],
					[311.6306873],
					[318.1708616],
					[302.910455],
					[287.6500484],
					[282.1999032],
					[263.6694095],
					[259.3092933],
					[259.3092933],
					[254.4041626],
					[210.2579864],
					[200.4477251],
					[183.0072604],
					[91.44482091],
					[49.47870281],
					[12.96272991],
					[73.45934172]
				]
			}
		],
		"plotpos": [46.55372701,9.692642788,501.4133591,342.2691191],
		"xax": {
			"titlepos": [243.303969,367.2221684,111.1829622,15.8054211],
			"minpos": [34.01839303,355.231849,27.25072604,11.99031946],
			"maxpos": [536.5217812,354.1418199,25.07066796,15.26040658],
			"type": 1
		},
		"yax": {
			"titlepos": [2.952565344,153.0314618,17.98547919,62.13165537],
			"minpos": [33.47337851,344.3315586,10.90029042,12.53533398],
			"maxpos": [32.38334947,2.607454017,10.3552759,11.44530494],
			"type": 1
		}
	}
}
