{
	"data": {
		"imagename": "01262-10.1.1.20.5560-Figure-2",
		"difficult": 0,
		"curves": [
			{
				"name": "Waterfall, 95%",
				"labelposition": [435.6633523,62.2578125,119.5525568,22.45738636],
				"symbolposition": [393.390625,65.56036932,43.59375,19.15482955],
				"x": [
					[96.16051136],
					[228.9232955],
					[343.8522727],
					[562.4815341]
				],
				"y": [
					[38.47940341],
					[199.6441761],
					[300.0419034],
					[356.1853693]
				]
			},
			{
				"name": "HUFS, 95%",
				"labelposition": [437.6448864,102.5490057,88.50852273,21.796875],
				"symbolposition": [393.390625,107.1725852,44.25426136,14.53125],
				"x": [
					[94.83948864],
					[230.9048295],
					[345.8338068],
					[564.4630682]
				],
				"y": [
					[273.6214489],
					[315.8941761],
					[343.6356534],
					[368.7350852]
				]
			}
		],
		"plotpos": [69.74005682,14.04048295,566.0582386,369.8863636],
		"xax": {
			"titlepos": [286.3877841,439.4098011,127.4786932,24.43892045],
			"minpos": [48.60369318,401.7606534,41.61221591,23.11789773],
			"maxpos": [618.625,402.4211648,35.66761364,17.83380682],
			"type": 1
		},
		"yax": {
			"titlepos": [1.046875,123.024858,28.40198864,157.2017045],
			"minpos": [39.35653409,374.0191761,17.83380682,17.83380682],
			"maxpos": [29.44886364,2.811789773,29.0625,19.81534091],
			"type": 1
		}
	}
}
