{
	"data": {
		"imagename": "01278-10.1.1.32.8362-Figure-3",
		"difficult": 0,
		"curves": [
			{
				"name": "Lower (M-1)",
				"labelposition": [395.7116477,129.212358,106.0951705,26.31818182],
				"symbolposition": [337.3181818,139.0816761,45.234375,13.15909091],
				"x": [
					[90.58522727],
					[123.4829545],
					[139.9318182],
					[153.0909091],
					[167.0724432],
					[200.7926136],
					[235.3352273],
					[288.7940341],
					[315.1122159],
					[324.1590909],
					[348.8323864],
					[389.9545455],
					[410.515625],
					[427.7869318],
					[454.9275568],
					[483.7130682],
					[523.1903409],
					[589.8082386]
				],
				"y": [
					[36.27627841],
					[25.58451705],
					[23.93963068],
					[29.69673295],
					[53.54758523],
					[130.0348011],
					[182.6711648],
					[264.0930398],
					[286.2990057],
					[307.6825284],
					[342.225142],
					[428.5816761],
					[469.7038352],
					[492.7322443],
					[510.8259943],
					[519.8728693],
					[524.8075284],
					[525.6299716]
				]
			},
			{
				"name": "Upper (M-2)",
				"labelposition": [395.7116477,152.240767,106.0951705,24.67329545],
				"symbolposition": [339.7855114,157.9978693,43.58948864,12.33664773],
				"x": [
					[90.58522727],
					[91.40767045],
					[105.3892045],
					[116.0809659],
					[130.8849432],
					[144.8664773],
					[167.8948864],
					[184.34375],
					[205.7272727],
					[261.6534091],
					[272.3451705],
					[288.7940341],
					[301.953125],
					[331.5610795]
				],
				"y": [
					[44.50071023],
					[57.65980114],
					[376.7677557],
					[480.3955966],
					[514.9382102],
					[524.8075284],
					[527.274858],
					[520.6953125],
					[527.274858],
					[528.9197443],
					[526.4524148],
					[528.9197443],
					[526.4524148],
					[529.7421875]
				]
			}
		],
		"plotpos": [88.94034091,19.00497159,500.0454545,512.3821023],
		"xax": {
			"titlepos": [264.1207386,550.303267,213.0127841,29.60795455],
			"minpos": [78.24857955,534.6768466,24.67329545,17.27130682],
			"maxpos": [557.7329545,536.321733,63.328125,18.91619318],
			"type": 1
		},
		"yax": {
			"titlepos": [4.228693182,82.33309659,27.140625,437.5397727],
			"minpos": [54.39772727,517.4055398,29.60795455,18.91619318],
			"maxpos": [25.61221591,5.0234375,58.39346591,22.20596591],
			"type": 1
		}
	}
}
