{
	"data": {
		"imagename": "01288-10.1.1.53.8203-Figure-4",
		"difficult": 0,
		"curves": [
			{
				"name": "Probability of being satisfiable",
				"labelposition": [568.3639884,41.60648596,378.9119071,31.24007744],
				"symbolposition": [950.2991288,43.62197483,56.43368829,32.24782188],
				"x": [
					[245.8857696],
					[459.5275895],
					[479.6824782],
					[506.8915779],
					[530.0696999],
					[558.286544],
					[585.4956438],
					[608.6737657],
					[636.8906099],
					[688.285576],
					[720.5333979],
					[872.7028074],
					[1027.89545]
				],
				"y": [
					[16.41287512],
					[17.42061955],
					[29.51355276],
					[85.94724105],
					[168.5822846],
					[298.5813166],
					[361.0614714],
					[430.5958374],
					[464.8591481],
					[487.0295257],
					[497.10697],
					[494.0837367],
					[493.0759923]
				]
			},
			{
				"name": "50%-satisfiable point",
				"labelposition": [678.2081317,69.82333011,266.0445305,40.30977735],
				"symbolposition": [948.2836399,80.90851888,60.46466602,18.13939981],
				"x": [
					[555.2633107],
					[556.2710552]
				],
				"y": [
					[19.43610842],
					[496.0992256]
				]
			}
		],
		"plotpos": [242.8625363,15.40513069,784.0251694,478.678606],
		"xax": {
			"titlepos": [409.1403679,545.4787028,384.9583737,29.22458858],
			"minpos": [230.7696031,510.2076476,26.20135528,35.27105518],
			"maxpos": [1011.771539,511.2153921,30.23233301,32.24782188],
			"type": 1
		},
		"yax": {
			"titlepos": [3.019361084,215.946273,152.1694095,43.33301065],
			"minpos": [189.4520813,481.9908035,47.36398838,30.23233301],
			"maxpos": [192.4753146,3.312197483,43.33301065,27.20909971],
			"type": 1
		}
	}
}
