{
	"data": {
		"imagename": "01284-10.1.1.190.9097-Figure-6",
		"difficult": 0,
		"curves": [
			{
				"name": "Yes",
				"labelposition": [394.2954545,54.56605114,48.19602273,26.56960227],
				"symbolposition": [297.9034091,59.50923295,87.74147727,19.15482955],
				"x": [
					[150.2258523],
					[218.1946023],
					[288.6349432],
					[359.6931818],
					[431.3693182]
				],
				"y": [
					[184.9424716],
					[209.6583807],
					[228.1953125],
					[238.0816761],
					[242.4069602]
				]
			},
			{
				"name": "No",
				"labelposition": [401.7102273,90.40411932,35.22017045,33.984375],
				"symbolposition": [298.5213068,94.72940341,90.83096591,18.53693182],
				"x": [
					[148.9900568],
					[218.8125],
					[288.6349432],
					[359.6931818],
					[429.515625]
				],
				"y": [
					[58.89133523],
					[116.9737216],
					[155.2833807],
					[186.7961648],
					[211.5120739]
				]
			}
		],
		"plotpos": [93.37926136,8.841619318,390.5113636,350.9659091],
		"xax": {
			"titlepos": [276.2769886,403.678267,25.95170455,28.42329545],
			"minpos": [121.1846591,368.4580966,50.66761364,29.65909091],
			"maxpos": [405.4176136,370.3117898,50.04971591,24.71590909],
			"type": 1
		},
		"yax": {
			"titlepos": [1.930397727,50.24076705,32.13068182,308.9488636],
			"minpos": [71.75284091,350.5390625,16.68323864,27.80539773],
			"maxpos": [34.06107955,16.87428977,54.375,28.42329545],
			"type": 1
		}
	}
}
