{
	"data": {
		"imagename": "01294-10.1.1.129.5569-Figure-7",
		"difficult": 0,
		"curves": [
			{
				"name": "WBE",
				"labelposition": [446.09375,309.975142,37.95738636,13.46875],
				"symbolposition": [418.5440341,313.0362216,23.87642045,8.571022727],
				"x": [
					[64.07102273],
					[73.25426136],
					[87.33522727],
					[96.51846591],
					[110.5994318],
					[116.7215909],
					[136.9247159],
					[141.8224432],
					[155.2911932],
					[159.5767045],
					[173.0454545],
					[185.9019886],
					[199.3707386],
					[226.9204545],
					[241.6136364],
					[257.53125],
					[291.203125],
					[304.671875],
					[322.4261364],
					[343.2414773],
					[381.8110795],
					[411.1974432],
					[446.09375],
					[466.9090909],
					[520.7840909]
				],
				"y": [
					[212.0205966],
					[163.0433239],
					[164.8799716],
					[158.1455966],
					[155.696733],
					[157.5333807],
					[148.350142],
					[150.7990057],
					[143.4524148],
					[148.350142],
					[144.6768466],
					[152.0234375],
					[145.2890625],
					[142.8401989],
					[139.1669034],
					[141.615767],
					[141.0035511],
					[142.8401989],
					[139.7791193],
					[142.8401989],
					[143.4524148],
					[142.8401989],
					[139.1669034],
					[141.615767],
					[135.493608]
				]
			},
			{
				"name": "Knuth",
				"labelposition": [445.4815341,322.8316761,45.30397727,15.30539773],
				"symbolposition": [416.7073864,327.7294034,23.87642045,7.346590909],
				"x": [
					[63.45880682],
					[68.35653409],
					[72.02982955],
					[81.21306818],
					[90.39630682],
					[103.8650568],
					[116.7215909],
					[127.1292614],
					[140.5980114],
					[159.5767045],
					[180.3920455],
					[197.5340909],
					[217.125],
					[227.5326705],
					[234.2670455],
					[246.5113636],
					[271],
					[302.8352273],
					[324.875],
					[383.6477273],
					[387.3210227],
					[414.2585227],
					[425.2784091],
					[457.1136364],
					[494.4588068],
					[520.7840909]
				],
				"y": [
					[209.571733],
					[139.1669034],
					[137.9424716],
					[125.0859375],
					[126.9225852],
					[123.2492898],
					[126.3103693],
					[126.3103693],
					[128.147017],
					[129.9836648],
					[130.5958807],
					[129.9836648],
					[128.147017],
					[129.9836648],
					[128.759233],
					[129.9836648],
					[126.3103693],
					[126.3103693],
					[124.4737216],
					[128.147017],
					[126.3103693],
					[124.4737216],
					[120.8004261],
					[121.412642],
					[123.2492898],
					[125.0859375]
				]
			},
			{
				"name": "Recursive",
				"labelposition": [447.3181818,338.7492898,60.609375,14.08096591],
				"symbolposition": [416.7073864,342.4225852,28.77414773,7.958806818],
				"x": [
					[64.07102273],
					[67.13210227],
					[81.21306818],
					[86.72301136],
					[89.171875],
					[100.1917614],
					[114.8849432],
					[116.7215909],
					[125.2926136],
					[135.0880682],
					[138.7613636],
					[146.1079545],
					[153.4545455],
					[168.7599432],
					[169.984375],
					[180.3920455],
					[187.7386364],
					[197.5340909],
					[204.8806818],
					[211.6150568],
					[215.9005682],
					[221.4105114],
					[229.3693182],
					[243.4502841],
					[252.0213068],
					[259.9801136],
					[274.0610795],
					[285.0809659],
					[292.4275568],
					[302.8352273],
					[317.5284091],
					[331.609375],
					[340.7926136],
					[345.078125],
					[350.5880682],
					[361.6079545],
					[374.4644886],
					[383.6477273],
					[405.6875],
					[409.3607955],
					[418.5440341],
					[438.7471591],
					[444.2571023],
					[449.7670455],
					[462.6235795],
					[474.8678977],
					[480.3778409],
					[488.9488636],
					[494.4588068],
					[499.96875],
					[507.9275568],
					[522.0085227]
				],
				"y": [
					[202.225142],
					[135.493608],
					[123.2492898],
					[126.3103693],
					[120.8004261],
					[135.493608],
					[119.5759943],
					[121.412642],
					[118.9637784],
					[115.290483],
					[115.9026989],
					[111.0049716],
					[116.5149148],
					[114.0660511],
					[115.290483],
					[109.7805398],
					[115.9026989],
					[107.3316761],
					[104.2705966],
					[113.4538352],
					[108.556108],
					[114.0660511],
					[109.1683239],
					[114.678267],
					[106.1072443],
					[115.290483],
					[110.3927557],
					[111.6171875],
					[109.7805398],
					[118.9637784],
					[115.9026989],
					[121.412642],
					[124.4737216],
					[115.290483],
					[124.4737216],
					[124.4737216],
					[115.9026989],
					[120.8004261],
					[117.7393466],
					[117.7393466],
					[106.7194602],
					[111.6171875],
					[111.0049716],
					[117.1271307],
					[116.5149148],
					[111.0049716],
					[114.0660511],
					[105.4950284],
					[107.3316761],
					[111.0049716],
					[99.37286932],
					[96.31178977]
				]
			}
		],
		"plotpos": [63.45880682,47.94673295,462.8352273,324.4744318],
		"xax": {
			"titlepos": [233.0426136,397.522017,138.9730114,18.97869318],
			"minpos": [59.78551136,383.4410511,11.63210227,12.85653409],
			"maxpos": [515.8863636,384.053267,23.26420455,13.46875],
			"type": 1
		},
		"yax": {
			"titlepos": [13.25710227,85.90411932,17.14204545,248.5596591],
			"minpos": [31.62357955,365.0745739,21.42755682,16.52982955],
			"maxpos": [34.07244318,41.82457386,22.03977273,14.69318182],
			"type": 2
		}
	}
}
