{
	"data": {
		"imagename": "01298-10.1.1.371.4914-Figure-11",
		"difficult": 0,
		"curves": [
			{
				"name": "Umati",
				"labelposition": [512.2236205,354.7633107,44.60696999,18.84801549],
				"symbolposition": [487.7212004,359.7894482,24.50242014,11.30880929],
				"x": [
					[147.2003872],
					[158.5091965],
					[170.446273],
					[179.8702807],
					[194.3204259],
					[203.7444337],
					[216.9380445],
					[228.875121],
					[238.2991288],
					[250.2362052],
					[264.0580833],
					[272.2255566],
					[280.39303],
					[296.7279768],
					[307.4085189],
					[328.7696031],
					[355.1568248],
					[398.5072604],
					[419.8683446],
					[442.4859632],
					[463.2187803],
					[488.9777348],
					[507.8257502],
					[533.5847047]
				],
				"y": [
					[380.5222652],
					[314.554211],
					[308.8998064],
					[269.947241],
					[266.8059051],
					[235.392546],
					[227.2250726],
					[199.5813166],
					[202.0943853],
					[190.1573088],
					[187.0159729],
					[169.4244918],
					[167.5396902],
					[160.000484],
					[153.089545],
					[135.4980639],
					[132.356728],
					[116.6500484],
					[114.7652469],
					[122.304453],
					[107.8543078],
					[102.1999032],
					[113.5087125],
					[96.54549855]
				]
			},
			{
				"name": "Experts",
				"labelposition": [586.3591481,354.1350436,54.03097773,21.36108422],
				"symbolposition": [560.6001936,357.9046467,26.38722168,16.96321394],
				"x": [
					[260.9167473],
					[427.4075508],
					[596.411423],
					[644.1597289]
				],
				"y": [
					[260.5232333],
					[256.125363],
					[36.23184898],
					[36.86011617]
				]
			}
		],
		"plotpos": [92.5411423,11.72942885,554.1316554,370.6776379],
		"xax": {
			"titlepos": [319.3455954,413.1921588,98.00968054,23.87415295],
			"minpos": [68.66698935,390.5745402,58.42884802,24.50242014],
			"maxpos": [567.5111326,391.8310745,57.80058083,25.13068732],
			"type": 1
		},
		"yax": {
			"titlepos": [5.212003872,83.98015489,38.95256534,226.1761859],
			"minpos": [39.13843175,371.0982575,39.58083253,19.47628267],
			"maxpos": [39.13843175,3.56195547,46.49177154,20.73281704],
			"type": 1
		}
	}
}
