{
	"data": {
		"imagename": "01315-10.1.1.218.5690-Figure-2",
		"difficult": 0,
		"curves": [
			{
				"name": "CMF",
				"labelposition": [418.328125,24.4921875,47.40625,23.703125],
				"symbolposition": [357.625,29.1171875,58.96875,14.453125],
				"x": [
					[87.0625],
					[165.6875],
					[243.15625],
					[319.46875],
					[548.40625]
				],
				"y": [
					[155.7265625],
					[73.6328125],
					[97.3359375],
					[115.8359375],
					[114.1015625]
				]
			},
			{
				"name": "Early Fusion",
				"labelposition": [414.859375,49.3515625,117.9375,24.28125],
				"symbolposition": [358.78125,52.8203125,54.34375,15.03125],
				"x": [
					[93.421875],
					[166.265625],
					[544.9375]
				],
				"y": [
					[203.1328125],
					[175.3828125],
					[173.6484375]
				]
			},
			{
				"name": "Speech Only",
				"labelposition": [417.75,75.3671875,117.359375,21.390625],
				"symbolposition": [357.625,75.9453125,58.96875,16.765625],
				"x": [
					[90.53125],
					[164.53125],
					[547.25]
				],
				"y": [
					[347.0859375],
					[313.5546875],
					[310.6640625]
				]
			}
		],
		"plotpos": [88.796875,15.2421875,457.875,336.46875],
		"xax": {
			"titlepos": [186.5,380.6171875,271.71875,24.28125],
			"minpos": [82.4375,359.8046875,19.078125,24.859375],
			"maxpos": [538.578125,358.6484375,16.765625,24.28125],
			"type": 1
		},
		"yax": {
			"titlepos": [3.8125,159.7734375,20.234375,50.875],
			"minpos": [41.390625,343.0390625,43.359375,20.8125],
			"maxpos": [38.5,3.1015625,46.25,21.96875],
			"type": 1
		}
	}
}
