{
	"data": {
		"imagename": "01318-10.1.1.314.9616-Figure-6",
		"difficult": 0,
		"curves": [
			{
				"name": "CHILL+handbuilt",
				"labelposition": [307.015625,229.0901989,107.7386364,14.88494318],
				"symbolposition": [414.7542614,231.9254261,33.31392045,12.75852273],
				"x": [
					[80.19744318],
					[116.3465909],
					[181.5568182],
					[246.7670455],
					[315.5213068],
					[378.6051136],
					[444.5241477],
					[514.6960227],
					[579.1974432],
					[642.28125]
				],
				"y": [
					[460.8700284],
					[389.2805398],
					[295.009233],
					[210.6612216],
					[166.006392],
					[144.7421875],
					[102.9225852],
					[93.70809659],
					[66.06463068],
					[59.68536932]
				]
			},
			{
				"name": "CHILL+WOFIE",
				"labelposition": [308.4332386,243.975142,106.3210227,12.75852273],
				"symbolposition": [416.171875,245.3927557,31.89630682,12.75852273],
				"x": [
					[82.32386364],
					[115.6377841],
					[178.0127841],
					[246.0582386],
					[313.3948864],
					[380.7315341],
					[444.5241477],
					[511.8607955],
					[575.6534091],
					[643.6988636]
				],
				"y": [
					[462.287642],
					[385.0276989],
					[302.806108],
					[220.584517],
					[178.056108],
					[155.3742898],
					[129.1484375],
					[110.7194602],
					[75.27911932],
					[65.35582386]
				]
			},
			{
				"name": "Geobase",
				"labelposition": [353.0880682,257.4424716,59.53977273,15.59375],
				"symbolposition": [412.6278409,258.8600852,33.31392045,11.34090909],
				"x": [
					[83.03267045],
					[645.1164773]
				],
				"y": [
					[167.4240057],
					[167.4240057]
				]
			}
		],
		"plotpos": [80.19744318,12.1953125,594.6889205,450.0923295],
		"xax": {
			"titlepos": [318.3565341,482.134233,115.5355114,16.30255682],
			"minpos": [75.23579545,465.8316761,10.63210227,18.42897727],
			"maxpos": [662.1278409,465.1228693,27.64346591,20.55539773],
			"type": 1
		},
		"yax": {
			"titlepos": [4.355113636,202.1555398,17.01136364,73.71590909],
			"minpos": [59.64204545,454.490767,13.46732955,16.30255682],
			"maxpos": [53.26278409,3.689630682,24.80823864,17.01136364],
			"type": 1
		}
	}
}
