{
	"data": {
		"imagename": "01317-10.1.1.419.361-Figure-5",
		"difficult": 0,
		"curves": [
			{
				"name": "Detector",
				"labelposition": [264.2473379,50.20619555,71.32429816,18.30784124],
				"symbolposition": [226.4874153,54.02032914,34.32720232,9.916747338],
				"x": [
					[93.37415295],
					[93.37415295],
					[125.7942885],
					[126.5571152],
					[158.9772507],
					[158.5958374],
					[191.0159729],
					[191.7787996],
					[253.9491772],
					[257.000484],
					[289.0392062],
					[289.4206196],
					[320.696515],
					[322.2221684],
					[354.2608906],
					[386.6810261]
				],
				"y": [
					[11.30203291],
					[161.5788964],
					[145.178122],
					[153.5692159],
					[142.8896418],
					[171.8770571],
					[169.588577],
					[171.8770571],
					[169.9699903],
					[173.0212972],
					[170.732817],
					[173.0212972],
					[171.1142304],
					[176.4540174],
					[176.4540174],
					[177.2168441]
				]
			},
			{
				"name": "Random",
				"labelposition": [265.3915779,69.2768635,66.36592449,16.40077444],
				"symbolposition": [227.6316554,74.99806389,28.60600194,8.009680542],
				"x": [
					[62.0982575],
					[386.6810261]
				],
				"y": [
					[177.9796709],
					[177.2168441]
				]
			}
		],
		"plotpos": [60.57260407,10.92061955,325.3455954,170.8731849],
		"xax": {
			"titlepos": [196.3557599,212.3068732,49.20232333,17.92642788],
			"minpos": [55.6142304,187.8964182,11.06098742,17.54501452],
			"maxpos": [381.7226525,187.8964182,8.009680542,19.83349468],
			"type": 1
		},
		"yax": {
			"titlepos": [2.216360116,61.26718296,25.55469506,81.62245886],
			"minpos": [44.55324298,173.4027106,12.96805421,17.54501452],
			"maxpos": [44.17182962,3.292352372,14.49370765,16.40077444],
			"type": 1
		}
	}
}
