{
	"data": {
		"imagename": "01327-10.1.1.352.6788-Figure-5",
		"difficult": 0,
		"curves": [
			{
				"name": "Model 4",
				"labelposition": [226.6640852,225.5154889,58.52371733,13.1268151],
				"symbolposition": [175.7976767,227.1563408,48.678606,9.845111326],
				"x": [
					[88.28557599],
					[110.7105518],
					[158.2952565],
					[205.3330106],
					[253.464666],
					[349.1810261],
					[537.8789932]
				],
				"y": [
					[284.5861568],
					[139.0972894],
					[127.6113262],
					[78.93272023],
					[69.63455954],
					[59.78944821],
					[88.77783156]
				]
			},
			{
				"name": "Model 3",
				"labelposition": [226.6640852,240.2831559,61.25847047,14.76766699],
				"symbolposition": [174.7037754,241.9240077,51.96030978,11.48596321],
				"x": [
					[88.83252662],
					[112.3514037],
					[158.2952565],
					[206.4269119],
					[255.6524685],
					[349.1810261],
					[535.6911907]
				],
				"y": [
					[303.1824782],
					[157.1466602],
					[136.3625363],
					[80.02662149],
					[79.47967086],
					[79.47967086],
					[109.5619555]
				]
			},
			{
				"name": "Model 1",
				"labelposition": [226.1171346,256.6916747,56.88286544,13.67376573],
				"symbolposition": [174.7037754,258.3325266,51.41335915,9.845111326],
				"x": [
					[89.37947725],
					[111.804453],
					[157.7483059],
					[208.0677638],
					[347.5401742],
					[536.785092]
				],
				"y": [
					[301.5416263],
					[158.2405615],
					[147.3015489],
					[106.2802517],
					[80.02662149],
					[108.4680542]
				]
			},
			{
				"name": "Using manually labeled keypoints",
				"labelposition": [227.7579864,270.9123911,228.0784124,15.86156825],
				"symbolposition": [175.7976767,272.0062924,49.77250726,14.22071636],
				"x": [
					[87.19167473],
					[111.804453],
					[159.3891578],
					[206.9738625],
					[251.8238141],
					[349.1810261],
					[536.785092]
				],
				"y": [
					[255.0508228],
					[146.2076476],
					[86.59002904],
					[58.69554695],
					[30.25411423],
					[40.64617619],
					[69.63455954]
				]
			}
		],
		"plotpos": [63.12584705,11.65779284,496.6311713,293.1655373],
		"xax": {
			"titlepos": [223.929332,321.7787996,177.7589545,15.86156825],
			"minpos": [56.5624395,308.1050339,12.03291384,12.57986447],
			"maxpos": [521.4704743,305.3702807,34.45788964,14.76766699],
			"type": 1
		},
		"yax": {
			"titlepos": [2.414327202,78.93272023,25.15972894,158.0687318],
			"minpos": [34.1374637,297.1660213,26.80058083,12.57986447],
			"maxpos": [49.45208132,2.906582769,9.845111326,15.31461762],
			"type": 1
		}
	}
}
