{
	"data": {
		"imagename": "01337-10.1.1.41.7264-Figure-4",
		"difficult": 0,
		"curves": {
			"name": "Wall Street Journal sentences",
			"labelposition": [382.1463068,37.01207386,161.2315341,20.24431818],
			"symbolposition": [544.1008523,40.62713068,28.92045455,11.56818182],
			"x": [
				[69.08238636],
				[74.86647727],
				[79.20454545],
				[84.265625],
				[92.21875],
				[100.8948864],
				[111.7400568],
				[125.4772727],
				[142.8295455],
				[158.0127841],
				[170.3039773],
				[189.8252841],
				[207.9005682],
				[235.375],
				[263.5724432],
				[296.1079545],
				[340.9346591],
				[403.8366477],
				[442.8792614],
				[484.0909091],
				[533.9786932],
				[578.8053977]
			],
			"y": [
				[281.3899148],
				[55.08735795],
				[102.0830966],
				[101.3600852],
				[108.5901989],
				[122.3274148],
				[153.4169034],
				[203.3046875],
				[254.6384943],
				[290.7890625],
				[323.3245739],
				[352.2450284],
				[373.9353693],
				[398.5177557],
				[416.5930398],
				[429.6072443],
				[440.4524148],
				[450.5745739],
				[457.0816761],
				[459.2507102],
				[460.696733],
				[465.0348011]
			]
		},
		"plotpos": [69.08238636,26.16690341,511.8920455,443.2059659],
		"xax": {
			"titlepos": [267.9105114,490.3401989,115.6818182,17.35227273],
			"minpos": [64.02130682,477.3259943,15.90625,19.52130682],
			"maxpos": [563.6221591,473.7109375,33.25852273,20.24431818],
			"type": 1
		},
		"yax": {
			"titlepos": [1.842329545,162.0930398,18.79829545,173.5227273],
			"minpos": [52.453125,460.696733,13.01420455,18.07528409],
			"maxpos": [24.97869318,17.49076705,41.93465909,16.62926136],
			"type": 1
		}
	}
}
