{
	"data": {
		"imagename": "01332-10.1.1.363.1661-Figure-12",
		"difficult": 0,
		"curves": [
			{
				"name": "Large Tolerance",
				"labelposition": [101.4578896,4.049854792,140.0474347,21.93514037],
				"symbolposition": [69.39883833,7.424491772,32.05905131,14.06098742],
				"x": [
					[148.7028074],
					[321.3717328],
					[490.6660213]
				],
				"y": [
					[248.1485963],
					[286.3944821],
					[256.5851888]
				]
			},
			{
				"name": "Small Tolerance",
				"labelposition": [284.8131655,5.174733785,134.9854792,20.81026137],
				"symbolposition": [256.1287512,7.986931268,28.68441433,12.37366893],
				"x": [
					[150.3901258],
					[320.8092933],
					[490.1035818]
				],
				"y": [
					[71.54259439],
					[155.3460794],
					[147.4719264]
				]
			},
			{
				"name": "Aggregated",
				"labelposition": [470.9806389,5.737173282,100.1142304,20.81026137],
				"symbolposition": [441.7337851,8.549370765,29.80929332,12.93610842],
				"x": [
					[149.2652469],
					[319.1219748],
					[490.1035818]
				],
				"y": [
					[160.9704743],
					[221.71394],
					[202.0285576]
				]
			}
		],
		"plotpos": [64.89932236,31.60939013,509.5701839,277.8451113],
		"xax": {
			"titlepos": [199.8848015,333.0769603,160.857696,18.56050339],
			"minpos": [139.1413359,313.9540174,20.24782188,28.12197483],
			"maxpos": [470.9806389,313.9540174,30.93417231,23.62245886],
			"type": 1
		},
		"yax": {
			"titlepos": [3.030977735,55.79428848,26.43465634,235.0997096],
			"minpos": [34.52758955,301.5803485,19.68538238,20.24782188],
			"maxpos": [24.9661181,24.29767667,26.43465634,23.06001936],
			"type": 1
		}
	}
}
