{
	"data": {
		"imagename": "01341-10.1.1.163.7918-Figure-3",
		"difficult": 0,
		"curves": [
			{
				"name": "Advanced e.",
				"labelposition": [373.3378509,270.4564376,195.6737657,36.43175218],
				"symbolposition": [353.946757,279.2705712,18.803485,12.92739593],
				"x": [
					[41.33881897],
					[84.23426912],
					[121.8412391],
					[152.3969022],
					[172.9632139],
					[193.5295257],
					[204.106486],
					[215.8586641],
					[229.3736689],
					[242.8886738],
					[257.5788964],
					[282.8460794],
					[309.2884802],
					[346.8954501],
					[394.4917715],
					[465.0048403],
					[589.5779284]
				],
				"y": [
					[357.4225557],
					[350.3712488],
					[338.0314618],
					[318.6403679],
					[293.3731849],
					[255.178606],
					[211.695547],
					[169.3877057],
					[132.3683446],
					[102.9878993],
					[80.65876089],
					[56.56679574],
					[41.87657309],
					[28.36156825],
					[20.13504356],
					[13.6713456],
					[10.73330106]
				]
			},
			{
				"name": "Developing e.",
				"labelposition": [375.1006776,320.4031946,213.3020329,42.30784124],
				"symbolposition": [348.6582769,326.8668925,24.67957406,16.45304937],
				"x": [
					[40.75121007],
					[78.35818006],
					[116.552759],
					[147.1084221],
					[170.0251694],
					[183.5401742],
					[195.2923524],
					[202.3436592],
					[208.8073572],
					[217.6214908],
					[229.9612778],
					[248.1771539],
					[271.0939013],
					[301.0619555],
					[341.60697],
					[396.2545983],
					[468.5304937],
					[588.9903195]
				],
				"y": [
					[358.0101646],
					[358.0101646],
					[350.3712488],
					[338.6190707],
					[322.7536302],
					[299.249274],
					[254.5909971],
					[205.231849],
					[160.5735721],
					[133.5435624],
					[101.8126815],
					[74.19506292],
					[55.39157793],
					[41.28896418],
					[32.47483059],
					[23.660697],
					[19.54743466],
					[14.84656341]
				]
			}
		],
		"plotpos": [39.57599226,8.970474347,562.929332,357.2662149],
		"xax": {
			"titlepos": [303.4123911,383.2773475,24.09196515,17.62826718],
			"minpos": [24.2981607,369.7623427,24.67957406,16.45304937],
			"maxpos": [574.8877057,365.0614714,27.61761859,21.15392062],
			"type": 1
		},
		"yax": {
			"titlepos": [4.907066796,156.4603098,14.10261375,66.39980639],
			"minpos": [29.58664085,358.5977735,8.226524685,14.69022265],
			"maxpos": [30.76185866,3.681994192,7.051306873,14.10261375],
			"type": 1
		}
	}
}
