{
	"data": {
		"imagename": "01342-10.1.1.378.7544-Figure-4",
		"difficult": 0,
		"curves": [
			{
				"name": "Cascade I",
				"labelposition": [115.7444337,185.4903195,100.1500484,23.95934172],
				"symbolposition": [84.11810261,190.2821878,33.06389158,13.41723136],
				"x": [
					[105.2023233],
					[105.6815102],
					[127.2449177],
					[130.1200387],
					[168.9341723],
					[169.4133591],
					[205.3523717],
					[211.5818006],
					[230.749274],
					[237.9370765],
					[245.124879],
					[247.5208132],
					[263.3339787],
					[270.5217812],
					[285.8557599],
					[295.4394966],
					[310.2942885],
					[330.4201355],
					[337.607938],
					[353.4211036],
					[359.1713456],
					[382.1723136],
					[393.6727977],
					[399.4230397],
					[412.3610842],
					[421.9448209],
					[443.9874153],
					[455.4878993],
					[458.3630203],
					[468.4259439],
					[475.1345595],
					[476.0929332],
					[482.3223621],
					[486.6350436]
				],
				"y": [
					[16.33736689],
					[27.35866409],
					[19.69167473],
					[25.92110358],
					[20.17086157],
					[27.35866409],
					[21.60842207],
					[25.92110358],
					[23.52516941],
					[30.71297193],
					[31.19215876],
					[35.02565344],
					[32.62971926],
					[38.85914811],
					[38.37996128],
					[41.25508228],
					[43.17182962],
					[45.08857696],
					[49.8804453],
					[49.40125847],
					[53.23475315],
					[59.46418199],
					[60.9017425],
					[65.21442401],
					[65.21442401],
					[79.59002904],
					[101.1534366],
					[133.7381413],
					[146.6761859],
					[172.5522749],
					[192.678122],
					[210.4080348],
					[220.9501452],
					[234.3673766]
				]
			},
			{
				"name": "Cascade II",
				"labelposition": [117.1819942,212.803969,103.0251694,24.43852856],
				"symbolposition": [83.15972894,216.6374637,34.98063892,14.37560503],
				"x": [
					[86.99322362],
					[87.47241045],
					[101.3688287],
					[103.7647628],
					[134.4327202],
					[174.2052275],
					[178.9970958],
					[204.3939981],
					[208.7066796],
					[215.4152953],
					[217.8112294],
					[228.3533398],
					[231.2284608],
					[246.0832527],
					[251.3543078],
					[260.9380445],
					[266.6882865],
					[293.0435624],
					[296.8770571],
					[338.5663117],
					[351.9835431],
					[368.7550823],
					[380.2555663],
					[390.3184898],
					[394.6311713],
					[411.4027106],
					[424.8199419],
					[430.0909971],
					[435.8412391],
					[438.2371733],
					[442.5498548],
					[445.4249758],
					[455.9670862],
					[466.9883833],
					[479.9264279],
					[487.1142304],
					[488.0726041]
				],
				"y": [
					[16.33736689],
					[31.6713456],
					[26.40029042],
					[36.46321394],
					[28.31703775],
					[23.04598258],
					[26.40029042],
					[24.96272991],
					[27.83785092],
					[28.31703775],
					[31.19215876],
					[31.19215876],
					[33.58809293],
					[30.23378509],
					[31.6713456],
					[30.23378509],
					[33.58809293],
					[30.71297193],
					[34.06727977],
					[30.71297193],
					[33.58809293],
					[37.42158761],
					[42.69264279],
					[43.17182962],
					[49.40125847],
					[50.83881897],
					[52.75556631],
					[56.58906099],
					[58.02662149],
					[64.73523717],
					[69.04791868],
					[74.31897386],
					[76.2357212],
					[95.40319458],
					[98.27831559],
					[110.7371733],
					[125.5919652]
				]
			},
			{
				"name": "Cascade III",
				"labelposition": [117.1819942,238.2008712,105.9002904,27.31364956],
				"symbolposition": [83.15972894,244.9094869,34.02226525,13.8964182],
				"x": [
					[181.39303],
					[250.875121],
					[288.2516941],
					[321.3155857],
					[350.0667957],
					[384.5682478],
					[413.7986447],
					[439.195547],
					[443.5082285],
					[470.3426912],
					[481.3639884],
					[482.8015489],
					[486.6350436],
					[487.5934172]
				],
				"y": [
					[17.29574056],
					[17.29574056],
					[17.7749274],
					[19.2124879],
					[19.2124879],
					[25.92110358],
					[25.44191675],
					[32.15053243],
					[38.85914811],
					[44.60939013],
					[58.50580833],
					[75.27734753],
					[81.50677638],
					[92.52807357]
				]
			}
		],
		"plotpos": [61.59632139,15.85818006,426.4762827,275.053243],
		"xax": {
			"titlepos": [242.7289448,313.9123911,63.25266215,21.56340755],
			"minpos": [57.28363988,295.7032914,11.02129719,23.00096805],
			"maxpos": [483.7599226,295.7032914,10.06292352,23.48015489],
			"type": 1
		},
		"yax": {
			"titlepos": [3.614714424,103.5493708,20.60503388,103.0251694],
			"minpos": [28.53242982,279.410939,30.18877057,19.64666021],
			"maxpos": [46.74152953,4.357696031,11.50048403,22.04259439],
			"type": 1
		}
	}
}
