{
	"data": {
		"imagename": "01359-10.1.1.367.3383-Figure-6",
		"difficult": 0,
		"curves": [
			{
				"name": "APPROX",
				"labelposition": [101.8509197,18.03533398,65.76766699,20.61374637],
				"symbolposition": [70.43949661,21.47095837,31.90222652,15.70571152],
				"x": [
					[102.3417231],
					[181.8518877],
					[212.2817038],
					[263.3252662],
					[315.8412391],
					[368.8480155],
					[397.3146176],
					[449.339787],
					[473.3891578]
				],
				"y": [
					[184.9085189],
					[182.9453049],
					[181.4728945],
					[177.5464666],
					[176.5648596],
					[175.0924492],
					[171.6568248],
					[174.6016457],
					[172.1476283]
				]
			},
			{
				"name": "HEURIST",
				"labelposition": [206.8828654,19.01694095,66.74927396,22.08615682],
				"symbolposition": [175.9622459,21.47095837,31.41142304,16.196515],
				"x": [
					[103.3233301],
					[131.7899322],
					[155.3484995],
					[185.7783156],
					[208.8460794],
					[264.7976767],
					[288.3562439],
					[315.8412391],
					[334.982575]
				],
				"y": [
					[185.3993224],
					[177.0556631],
					[177.0556631],
					[162.8223621],
					[152.0246854],
					[116.6868345],
					[103.9259439],
					[106.8707648],
					[62.20764763]
				]
			},
			{
				"name": "STOP",
				"labelposition": [314.8596321,19.99854792,37.79186834,18.65053243],
				"symbolposition": [282.4666021,21.47095837,32.39303001,16.196515],
				"x": [
					[103.8141336],
					[474.8615682]
				],
				"y": [
					[185.3993224],
					[185.3993224]
				]
			},
			{
				"name": "WAIT",
				"labelposition": null,
				"symbolposition": null,
				"x": [
					[103.8141336],
					[475.3523717]
				],
				"y": [
					[186.8717328],
					[185.3993224]
				]
			}
		],
		"plotpos": [89.09002904,60.73523717,397.5508228,125.1548887],
		"xax": {
			"titlepos": [240.2575024,232.5164569,100.6147144,28.46660213],
			"minpos": [95.96127783,203.0682478,15.21490803,23.55856728],
			"maxpos": [461.1190707,204.5406583,27.48499516,20.12294288],
			"type": 1
		},
		"yax": {
			"titlepos": [21.35914811,68.58809293,27.97579864,112.3939981],
			"minpos": [61.1142304,175.0924492,15.21490803,22.08615682],
			"maxpos": [53.26137464,51.90077444,26.99419167,25.03097773],
			"type": 1
		}
	}
}
