{
	"data": {
		"imagename": "01355-10.1.1.301.7789-Figure-9",
		"difficult": 0,
		"curves": [
			{
				"name": "phrase-based",
				"labelposition": [369.6747159,53.31605114,148.9488636,25.078125],
				"symbolposition": [518.6235795,51.03622159,50.91619318,20.51846591],
				"x": [
					[104.4545455],
					[121.1732955],
					[150.8110795],
					[171.3295455],
					[204.0071023],
					[219.9659091],
					[235.9247159],
					[269.3622159],
					[283.8011364],
					[300.5198864],
					[315.71875],
					[330.9176136],
					[349.9161932],
					[371.9545455],
					[384.1136364],
					[402.3522727],
					[417.5511364],
					[431.9900568],
					[447.9488636],
					[483.6661932],
					[533.8224432],
					[565.7400568],
					[579.4190341]
				],
				"y": [
					[323.0958807],
					[215.943892],
					[278.259233],
					[261.540483],
					[247.8615057],
					[245.5816761],
					[257.740767],
					[257.740767],
					[260.7805398],
					[252.4211648],
					[261.540483],
					[260.0205966],
					[251.6612216],
					[259.2606534],
					[258.5007102],
					[256.9808239],
					[256.2208807],
					[255.4609375],
					[254.7009943],
					[250.1413352],
					[234.1825284],
					[232.662642],
					[234.9424716]
				]
			},
			{
				"name": "hiero",
				"labelposition": [463.9076705,76.87428977,54.71590909,22.03835227],
				"symbolposition": [523.1832386,72.31463068,44.07670455,18.99857955],
				"x": [
					[105.2144886],
					[120.4133523],
					[136.3721591],
					[150.8110795],
					[169.8096591],
					[188.0482955],
					[204.7670455],
					[235.1647727],
					[252.6434659],
					[302.7997159],
					[349.15625],
					[400.0724432],
					[461.6278409],
					[534.5823864],
					[577.1392045]
				],
				"y": [
					[434.0475852],
					[358.8132102],
					[366.412642],
					[363.3728693],
					[336.0149148],
					[330.6953125],
					[335.2549716],
					[332.975142],
					[333.7350852],
					[323.0958807],
					[316.256392],
					[315.4964489],
					[298.7776989],
					[281.2990057],
					[279.7791193]
				]
			},
			{
				"name": "syntax-based",
				"labelposition": [372.7144886,99.67258523,148.1889205,25.078125],
				"symbolposition": [523.1832386,95.87286932,44.07670455,22.79829545],
				"x": [
					[104.4545455],
					[121.1732955],
					[136.3721591],
					[154.6107955],
					[169.8096591],
					[185.7684659],
					[204.0071023],
					[218.4460227],
					[234.4048295],
					[251.8835227],
					[302.0397727],
					[316.4786932],
					[346.1164773],
					[381.8338068],
					[397.0326705],
					[431.9900568],
					[481.3863636],
					[542.9417614],
					[577.1392045]
				],
				"y": [
					[301.0575284],
					[196.1853693],
					[220.5035511],
					[184.7862216],
					[236.462358],
					[225.0632102],
					[218.2237216],
					[209.1044034],
					[207.584517],
					[228.102983],
					[218.9836648],
					[230.3828125],
					[223.5433239],
					[193.9055398],
					[199.9850852],
					[168.0674716],
					[158.9481534],
					[146.0291193],
					[147.5490057]
				]
			}
		],
		"plotpos": [86.97585227,44.95667614,490.1633523,422.5284091],
		"xax": {
			"titlepos": [242.0042614,515.3615057,176.3068182,20.51846591],
			"minpos": [81.65625,478.884233,23.55823864,31.15767045],
			"maxpos": [565.7400568,480.4041193,28.87784091,26.59801136],
			"type": 1
		},
		"yax": {
			"titlepos": [3.382102273,156.6683239,30.39772727,200.625],
			"minpos": [53.53835227,424.1683239,28.87784091,33.4375],
			"maxpos": [50.49857955,35.83735795,31.15767045,28.11789773],
			"type": 1
		}
	}
}
