{
	"data": {
		"imagename": "01358-10.1.1.20.777-Figure-4",
		"difficult": 0,
		"curves": [
			{
				"name": "Sextant",
				"labelposition": [113.5667614,31.56036932,54.74005682,17.22159091],
				"symbolposition": [81.58380682,33.40553977,31.36789773,14.14630682],
				"x": [
					[65.59232955],
					[90.80965909],
					[122.1775568],
					[179.3778409],
					[296.2386364],
					[528.1150568]
				],
				"y": [
					[387.678267],
					[377.837358],
					[369.2265625],
					[355.6953125],
					[337.8586648],
					[299.725142]
				]
			},
			{
				"name": "Minipar",
				"labelposition": [113.5667614,46.93678977,54.74005682,20.296875],
				"symbolposition": [81.58380682,51.85724432,31.98295455,11.68607955],
				"x": [
					[64.36221591],
					[77.27840909],
					[92.03977273],
					[119.1022727],
					[179.9928977],
					[296.2386364],
					[528.7301136]
				],
				"y": [
					[382.7578125],
					[366.7663352],
					[348.9296875],
					[318.7919034],
					[273.8927557],
					[200.0859375],
					[45.09161932]
				]
			},
			{
				"name": "Cass",
				"labelposition": [114.796875,66.61860795,33.828125,15.99147727],
				"symbolposition": [81.58380682,69.07883523,31.36789773,11.68607955],
				"x": [
					[68.66761364],
					[92.03977273],
					[120.9474432],
					[179.3778409],
					[296.2386364],
					[529.3451705]
				],
				"y": [
					[389.5234375],
					[382.1427557],
					[375.3771307],
					[364.9211648],
					[351.3899148],
					[320.022017]
				]
			},
			{
				"name": "W(L1R1)",
				"labelposition": [113.5667614,83.84019886,60.27556818,20.296875],
				"symbolposition": [82.19886364,88.14559659,29.52272727,12.30113636],
				"x": [
					[63.74715909],
					[79.73863636],
					[93.26988636],
					[122.1775568],
					[179.3778409],
					[298.0838068],
					[528.7301136]
				],
				"y": [
					[383.3728693],
					[374.7620739],
					[367.381392],
					[353.850142],
					[331.0930398],
					[301.5703125],
					[242.524858]
				]
			}
		],
		"plotpos": [62.51704545,13.10866477,543.7102273,380.1051136],
		"xax": {
			"titlepos": [244.5738636,412.8955966,182.671875,17.83664773],
			"minpos": [56.36647727,397.5191761,14.14630682,19.06676136],
			"maxpos": [590.2357955,397.5191761,30.13778409,17.22159091],
			"type": 1
		},
		"yax": {
			"titlepos": [1.626420455,84.45525568,21.52698864,253.4034091],
			"minpos": [44.68039773,385.2180398,13.53125,16.60653409],
			"maxpos": [25.61363636,3.267755682,32.59801136,20.91193182],
			"type": 1
		}
	}
}
