{
	"data": {
		"imagename": "01366-10.1.1.167.4640-Figure-8",
		"difficult": 0,
		"curves": [
			{
				"name": "Using Face Plane",
				"labelposition": [203.953125,207.2663352,116.0724432,16.91903409],
				"symbolposition": [183.8863636,209.6271307,20.46022727,9.049715909],
				"x": [
					[44.59943182],
					[45.77982955],
					[48.140625],
					[48.92755682],
					[53.64914773],
					[56.40340909],
					[60.73153409],
					[63.09232955],
					[78.83096591],
					[80.79829545],
					[82.37215909],
					[84.33948864],
					[252.7428977],
					[253.5298295],
					[279.8920455],
					[281.0724432],
					[301.9261364],
					[301.5326705],
					[315.6974432],
					[315.6974432],
					[322.3863636]
				],
				"y": [
					[242.678267],
					[134.475142],
					[123.8515625],
					[102.6044034],
					[89.62002841],
					[83.71803977],
					[83.71803977],
					[69.55326705],
					[67.97940341],
					[60.11008523],
					[58.14275568],
					[55.38849432],
					[53.42116477],
					[50.2734375],
					[49.87997159],
					[45.9453125],
					[44.76491477],
					[40.04332386],
					[39.64985795],
					[36.10866477],
					[35.71519886]
				]
			},
			{
				"name": "Random",
				"labelposition": [203.1661932,224.5788352,60.20028409,14.16477273],
				"symbolposition": [183.4928977,228.1200284,19.67329545,7.869318182],
				"x": [
					[44.59943182],
					[322.3863636]
				],
				"y": [
					[243.071733],
					[31.38707386]
				]
			}
		],
		"plotpos": [43.41903409,30.60014205,279.3607955,213.2585227],
		"xax": {
			"titlepos": [119.3579545,259.990767,129.4502841,14.95170455],
			"minpos": [39.87784091,248.5802557,8.262784091,13.37784091],
			"maxpos": [318.0582386,248.1867898,9.443181818,14.95170455],
			"type": 1
		},
		"yax": {
			"titlepos": [1.318181818,71.9140625,19.27982955,127.0894886],
			"minpos": [33.97585227,234.8089489,8.262784091,15.34517045],
			"maxpos": [33.58238636,22.33735795,8.65625,18.88636364],
			"type": 1
		}
	}
}
