{
	"data": {
		"imagename": "01373-10.1.1.153.7148-Figure-3",
		"difficult": 0,
		"curves": [
			{
				"name": "Small",
				"labelposition": [533.3368829,82.14375605,54.73765731,25.08809293],
				"symbolposition": [466.625363,82.14375605,63.86060019,21.66698935],
				"x": [
					[169.5595353],
					[287.017425],
					[404.4753146]
				],
				"y": [
					[73.5909971],
					[40.52032914],
					[51.35382381]
				]
			},
			{
				"name": "Large",
				"labelposition": [534.4772507,122.6268151,53.59728945,26.22846079],
				"symbolposition": [466.625363,120.9162633,66.14133591,24.517909],
				"x": [
					[170.1297193],
					[287.5876089],
					[403.3349468]
				],
				"y": [
					[79.86302033],
					[61.61713456],
					[83.28412391]
				]
			}
		],
		"plotpos": [110.2604066,12.01113262,351.2333011,184.7395934],
		"xax": {
			"titlepos": [245.3939981,265.7429816,123.7299129,27.93901258],
			"minpos": [142.7608906,225.2599226,54.73765731,32.50048403],
			"maxpos": [372.5450145,223.5493708,63.29041626,35.92158761],
			"type": 3
		},
		"yax": {
			"titlepos": [3.065827686,24.55517909,27.36882865,165.9235237],
			"minpos": [75.47918683,188.1979671,16.53533398,29.64956438],
			"maxpos": [38.41723136,2.318005808,55.30784124,27.36882865],
			"type": 1
		}
	}
}
