{
	"data": {
		"imagename": "01378-10.1.1.3.3674-Figure-6",
		"difficult": 0,
		"curves": [
			{
				"name": "m4",
				"labelposition": [263.0724432,346.431108,48.59232955,29.30965909],
				"symbolposition": [209.0809659,357.2294034,51.67755682,18.51136364],
				"x": [
					[50.19176136],
					[104.9545455],
					[160.4886364],
					[216.0227273],
					[270.0142045],
					[324.7769886]
				],
				"y": [
					[396.5660511],
					[290.1257102],
					[205.2819602],
					[155.147017],
					[75.70241477],
					[51.02059659]
				]
			},
			{
				"name": "m3",
				"labelposition": [267.7002841,378.0546875,39.33664773,23.91051136],
				"symbolposition": [205.2244318,382.6825284,57.84801136,20.05397727],
				"x": [
					[51.734375],
					[104.9545455],
					[164.3451705],
					[216.0227273],
					[267.7002841],
					[323.234375]
				],
				"y": [
					[421.2478693],
					[326.3771307],
					[200.6541193],
					[159.774858],
					[102.6981534],
					[64.1328125]
				]
			},
			{
				"name": "m2",
				"labelposition": [265.3863636,405.821733,38.56534091,25.453125],
				"symbolposition": [209.8522727,411.9921875,52.44886364,18.51136364],
				"x": [
					[48.64914773],
					[104.9545455],
					[160.4886364],
					[216.7940341],
					[267.7002841],
					[327.0909091]
				],
				"y": [
					[419.7052557],
					[301.6953125],
					[189.084517],
					[157.4609375],
					[102.6981534],
					[54.87713068]
				]
			},
			{
				"name": "m1",
				"labelposition": [265.3863636,433.5887784,38.56534091,22.36789773],
				"symbolposition": [211.3948864,437.4453125,49.36363636,18.51136364],
				"x": [
					[47.87784091],
					[106.4971591],
					[155.8607955],
					[217.5653409],
					[267.7002841],
					[323.234375]
				],
				"y": [
					[453.6427557],
					[359.5433239],
					[230.7350852],
					[182.9140625],
					[123.5234375],
					[64.1328125]
				]
			}
		],
		"plotpos": [50.19176136,13.2265625,295.4105114,461.2414773],
		"xax": {
			"titlepos": [100.3267045,514.5759943,225.2215909,28.53835227],
			"minpos": [30.13778409,484.4950284,49.36363636,26.99573864],
			"maxpos": [295.4673295,484.4950284,68.64630682,26.99573864],
			"type": 2
		},
		"yax": {
			"titlepos": [56.36221591,13.2265625,67.875,23.13920455],
			"minpos": [5.455965909,462.1271307,36.25142045,23.91051136],
			"maxpos": [4.684659091,20.93963068,33.9375,30.08096591],
			"type": 1
		}
	}
}
