{
	"data": {
		"imagename": "01371-10.1.1.156.8487-Figure-4",
		"difficult": 0,
		"curves": [
			{
				"name": "L=1",
				"labelposition": [419.1292614,142.4069602,31.60511364,18.96306818],
				"symbolposition": [371.7215909,146.1995739,46.77556818,12.64204545],
				"x": [
					[56.30255682],
					[63.25568182],
					[70.84090909],
					[86.64346591],
					[111.2954545],
					[124.5696023],
					[146.0610795],
					[177.6661932],
					[213.6960227],
					[241.5085227],
					[272.4815341],
					[287.0198864],
					[346.4375],
					[383.0994318],
					[422.921875],
					[512.6803977]
				],
				"y": [
					[321.2919034],
					[270.7237216],
					[237.2223011],
					[195.5035511],
					[156.9453125],
					[145.5674716],
					[123.443892],
					[108.9055398],
					[96.26349432],
					[84.88565341],
					[77.30042614],
					[69.08309659],
					[69.08309659],
					[67.18678977],
					[62.12997159],
					[55.17684659]
				]
			},
			{
				"name": "L=2",
				"labelposition": [419.1292614,166.4268466,32.23721591,18.96306818],
				"symbolposition": [367.9289773,167.0589489,51.20028409,14.53835227],
				"x": [
					[56.30255682],
					[60.09517045],
					[65.78409091],
					[79.05823864],
					[88.53977273],
					[105.6065341],
					[126.4659091],
					[144.796875],
					[179.5625],
					[201.0539773],
					[235.1875],
					[257.9431818],
					[271.2173295],
					[279.4346591],
					[288.2840909],
					[331.8991477],
					[345.1732955],
					[399.5340909],
					[413.4403409],
					[478.546875],
					[512.6803977]
				],
				"y": [
					[386.3984375],
					[312.4424716],
					[260.6100852],
					[227.1086648],
					[203.0887784],
					[196.7677557],
					[155.0490057],
					[142.4069602],
					[113.962358],
					[103.2166193],
					[94.3671875],
					[85.51775568],
					[84.88565341],
					[81.72514205],
					[73.5078125],
					[70.97940341],
					[64.65838068],
					[62.76207386],
					[58.96946023],
					[58.96946023],
					[57.07315341]
				]
			},
			{
				"name": "L=3",
				"labelposition": [417.2329545,187.9183239,32.23721591,18.96306818],
				"symbolposition": [369.1931818,191.7109375,48.03977273,9.481534091],
				"x": [
					[56.93465909],
					[58.19886364],
					[65.15198864],
					[75.265625],
					[84.74715909],
					[101.8139205],
					[126.4659091],
					[160.5994318],
					[184.6193182],
					[202.3181818],
					[205.4786932],
					[245.9332386],
					[262.3678977],
					[314.8323864],
					[352.1264205],
					[386.8920455],
					[424.8181818],
					[457.0553977],
					[475.3863636],
					[509.5198864]
				],
				"y": [
					[396.5120739],
					[335.1981534],
					[297.272017],
					[249.2322443],
					[213.834517],
					[185.3899148],
					[161.3700284],
					[134.1896307],
					[120.2833807],
					[118.3870739],
					[110.1697443],
					[109.537642],
					[96.26349432],
					[94.3671875],
					[83.62144886],
					[77.30042614],
					[73.5078125],
					[67.81889205],
					[62.76207386],
					[64.02627841]
				]
			}
		],
		"plotpos": [54.40625,34.31747159,458.2741477,364.7230114],
		"xax": {
			"titlepos": [154.2784091,422.428267,257.265625,20.859375],
			"minpos": [50.61363636,402.8330966,8.849431818,16.43465909],
			"maxpos": [503.1988636,400.9367898,18.33096591,17.69886364],
			"type": 1
		},
		"yax": {
			"titlepos": [5.102272727,163.2663352,21.49147727,104.9289773],
			"minpos": [40.5,391.4552557,11.37784091,15.17045455],
			"maxpos": [38.60369318,24.8359375,12.64204545,17.69886364],
			"type": 1
		}
	}
}
