{
	"data": {
		"imagename": "01377-10.1.1.161.5668-Figure-3",
		"difficult": 0,
		"curves": [
			{
				"name": "Small",
				"labelposition": [530.9593417,82.50387222,55.12003872,25.57115198],
				"symbolposition": [466.7473379,82.50387222,62.50726041,25.57115198],
				"x": [
					[171.2584705],
					[292.2952565],
					[403.1035818]
				],
				"y": [
					[72.84365924],
					[41.02178122],
					[50.68199419]
				]
			},
			{
				"name": "Large",
				"labelposition": [530.9593417,120.5764763,55.12003872,30.68538238],
				"symbolposition": [468.4520813,125.1224589,60.80251694,17.61568248],
				"x": [
					[172.3949661],
					[288.8857696],
					[408.2178122]
				],
				"y": [
					[80.79912875],
					[63.75169409],
					[84.20861568]
				]
			}
		],
		"plotpos": [114.4336883,14.88238141,350.0406583,182.9757986],
		"xax": {
			"titlepos": [247.9719264,264.911423,114.78606,25.57115198],
			"minpos": [136.5953533,225.1340755,79.55469506,32.95837367],
			"maxpos": [371.2817038,225.1340755,73.30396902,31.82187803],
			"type": 3
		},
		"yax": {
			"titlepos": [3.057115198,23.97434656,28.41239109,173.3155857],
			"minpos": [75.22458858,185.356728,19.32042594,27.84414327],
			"maxpos": [39.99322362,2.380929332,51.71055179,25.57115198],
			"type": 1
		}
	}
}
