{
	"data": {
		"imagename": "01389-10.1.1.364.6381-Figure-4",
		"difficult": 0,
		"curves": [
			{
				"name": "mean sampling",
				"labelposition": [440.9019886,25.48224432,121.2471591,19.98579545],
				"symbolposition": [385.6079545,27.48082386,53.96164773,13.99005682],
				"x": [
					[75.16193182],
					[96.48011364],
					[127.125],
					[159.1022727],
					[274.3536932],
					[375.6150568],
					[481.5397727],
					[593.4602273]
				],
				"y": [
					[30.14559659],
					[149.3941761],
					[197.3600852],
					[234.6669034],
					[315.2762784],
					[330.5987216],
					[326.6015625],
					[346.587358]
				]
			},
			{
				"name": "k-means sampling",
				"labelposition": [441.5681818,46.13423295,140.5667614,21.31818182],
				"symbolposition": [385.6079545,49.46519886,55.96022727,9.992897727],
				"x": [
					[75.16193182],
					[96.48011364],
					[129.1235795],
					[157.1036932],
					[271.0227273],
					[383.609375],
					[590.1292614]
				],
				"y": [
					[159.3870739],
					[289.2947443],
					[315.2762784],
					[320.6058239],
					[367.9055398],
					[391.2223011],
					[411.2080966]
				]
			}
		],
		"plotpos": [65.16903409,11.4921875,526.9588068,415.0383523],
		"xax": {
			"titlepos": [248.3721591,451.1796875,158.5539773,16.65482955],
			"minpos": [59.83948864,431.193892,13.32386364,18.65340909],
			"maxpos": [581.46875,432.5262784,23.31676136,16.65482955],
			"type": 1
		},
		"yax": {
			"titlepos": [3.213068182,134.071733,21.31818182,181.2045455],
			"minpos": [36.52272727,417.8700284,25.98153409,16.65482955],
			"maxpos": [27.86221591,4.830255682,35.30823864,15.98863636],
			"type": 1
		}
	}
}
