{
	"data": {
		"imagename": "01396-10.1.1.209.59-Figure-5",
		"difficult": 0,
		"curves": [
			{
				"name": "random",
				"labelposition": [552.4005682,281.1228693,48.80397727,16.06960227],
				"symbolposition": [516.0951705,282.9083807,36.30539773,12.49857955],
				"x": [
					[100.6661932],
					[176.8480114],
					[256.0056818],
					[335.7585227],
					[409.5596591],
					[488.7173295],
					[564.8991477]
				],
				"y": [
					[340.6399148],
					[265.053267],
					[244.8174716],
					[173.397017],
					[200.1796875],
					[162.0887784],
					[190.6569602]
				]
			},
			{
				"name": "all",
				"labelposition": [551.8053977,299.5731534,19.04545455,13.68892045],
				"symbolposition": [516.6903409,300.7634943,34.51988636,12.49857955],
				"x": [
					[98.88068182],
					[566.6846591]
				],
				"y": [
					[132.3302557],
					[133.5205966]
				]
			},
			{
				"name": "LMU",
				"labelposition": [552.4005682,316.8330966,32.734375,14.87926136],
				"symbolposition": [518.4758523,316.2379261,34.51988636,13.68892045],
				"x": [
					[99.47585227],
					[179.2286932],
					[256.6008523],
					[335.1633523],
					[410.1548295],
					[490.5028409],
					[564.8991477]
				],
				"y": [
					[151.3757102],
					[76.97940341],
					[54.95809659],
					[65.67116477],
					[76.38423295],
					[84.12144886],
					[76.97940341]
				]
			}
		],
		"plotpos": [61.38494318,26.98508523,543.9857955,331.5099432],
		"xax": {
			"titlepos": [217.3196023,391.8245739,236.8778409,20.23579545],
			"minpos": [86.97727273,369.2080966,23.80681818,25.59232955],
			"maxpos": [556.5667614,366.8274148,17.25994318,20.23579545],
			"type": 1
		},
		"yax": {
			"titlepos": [13.77130682,139.4723011,21.42613636,107.7258523],
			"minpos": [34.60227273,348.3771307,17.25994318,17.25994318],
			"maxpos": [34.60227273,18.05752841,17.85511364,16.66477273],
			"type": 1
		}
	}
}
