{
	"data": {
		"imagename": "01390-10.1.1.38.8857-Figure-6",
		"difficult": 0,
		"curves": [
			{
				"name": "1d domain",
				"labelposition": [302.1008523,19.56605114,41.484375,10.05681818],
				"symbolposition": [259.359375,21.66122159,27.23721591,6.285511364],
				"x": [
					[27.63352273],
					[56.546875],
					[82.94602273],
					[112.6974432],
					[147.0582386],
					[188.5426136],
					[249.3025568],
					[299.5866477],
					[351.546875]
				],
				"y": [
					[22.08025568],
					[70.68821023],
					[96.66832386],
					[139.4098011],
					[163.7137784],
					[177.5419034],
					[194.303267],
					[203.102983],
					[209.3884943]
				]
			},
			{
				"name": "2d domain",
				"labelposition": [303.3579545,29.20383523,39.38920455,9.21875],
				"symbolposition": [260.6164773,30.04190341,32.265625,6.285511364],
				"x": [
					[27.21448864],
					[57.38494318],
					[86.71732955],
					[130.296875],
					[203.6278409],
					[266.9019886],
					[313.4147727],
					[352.3849432]
				],
				"y": [
					[151.9808239],
					[194.303267],
					[209.8075284],
					[223.2166193],
					[233.6924716],
					[240.397017],
					[241.2350852],
					[243.7492898]
				]
			}
		],
		"plotpos": [26.79545455,9.928267045,325.5894886,256.0298295],
		"xax": {
			"titlepos": [169.6860795,274.7578125,36.03693182,20.11363636],
			"minpos": [24.70028409,269.7294034,4.609375,8.799715909],
			"maxpos": [346.9375,269.7294034,10.89488636,8.380681818],
			"type": 1
		},
		"yax": {
			"titlepos": [4.167613636,129.772017,16.34232955,16.34232955],
			"minpos": [20.50994318,262.6058239,5.028409091,8.380681818],
			"maxpos": [20.50994318,6.156960227,5.866477273,10.47585227],
			"type": 1
		}
	}
}
