{
	"data": {
		"imagename": "01398-10.1.1.377.5030-Figure-5",
		"difficult": 0,
		"curves": [
			{
				"name": "VP",
				"labelposition": [395.7201705,26.28764205,32.87215909,21.53693182],
				"symbolposition": [434.8267045,30.25497159,81.046875,18.13636364],
				"x": [
					[128.7755682],
					[169.015625],
					[209.8224432],
					[251.1960227],
					[293.1363636],
					[331.109375],
					[370.7826705],
					[411.5894886],
					[453.5298295],
					[493.203125]
				],
				"y": [
					[84.09730114],
					[214.4524148],
					[227.4879261],
					[228.0546875],
					[241.6569602],
					[266.0276989],
					[285.2975852],
					[298.899858],
					[308.5348011],
					[315.3359375]
				]
			},
			{
				"name": "IP",
				"labelposition": [433.6931818,51.79190341,77.07954545,19.26988636],
				"symbolposition": [399.1207386,47.82457386,32.87215909,24.37073864],
				"x": [
					[128.2088068],
					[167.8821023],
					[211.5227273],
					[251.1960227],
					[331.109375],
					[369.0823864],
					[411.5894886],
					[452.3963068],
					[489.8025568]
				],
				"y": [
					[195.1825284],
					[277.9296875],
					[254.6924716],
					[264.3274148],
					[289.8316761],
					[302.8671875],
					[310.8018466],
					[315.3359375],
					[321.0035511]
				]
			},
			{
				"name": "NP",
				"labelposition": [392.3196023,72.1953125,42.50710227,24.37073864],
				"symbolposition": [438.7940341,74.46235795,68.01136364,20.40340909],
				"x": [
					[128.2088068],
					[169.015625],
					[210.9559659],
					[250.6292614],
					[289.1690341],
					[333.3764205],
					[373.6164773],
					[411.5894886],
					[450.6960227],
					[492.0696023]
				],
				"y": [
					[48.95809659],
					[251.8586648],
					[281.3302557],
					[295.4992898],
					[300.600142],
					[309.1015625],
					[315.9026989],
					[320.4367898],
					[324.9708807],
					[326.1044034]
				]
			}
		],
		"plotpos": [88.53551136,15.51917614,444.3409091,313.9857955],
		"xax": {
			"titlepos": [269.3323864,377.1129261,84.44744318,20.97017045],
			"minpos": [82.30113636,341.4069602,15.86931818,24.9375],
			"maxpos": [519.2741477,341.9737216,27.77130682,22.67045455],
			"type": 1
		},
		"yax": {
			"titlepos": [1.821022727,81.26349432,23.80397727,187.03125],
			"minpos": [42.06107955,317.602983,35.70596591,26.07102273],
			"maxpos": [38.66051136,4.750710227,41.37357955,26.07102273],
			"type": 1
		}
	}
}
