{
	"data": {
		"imagename": "01408-10.1.1.384.8537-Figure-4",
		"difficult": 0,
		"curves": [
			{
				"name": "N",
				"labelposition": [532.9370765,148.732333,10.33301065,12.05517909],
				"symbolposition": [543.8441433,152.1766699,36.16553727,7.462729913],
				"x": [
					[52.45208132],
					[102.3949661],
					[157.5043562],
					[210.8915779],
					[264.2787996],
					[316.517909],
					[373.3494676],
					[425.0145208],
					[478.4017425],
					[586.8983543]
				],
				"y": [
					[30.4767667],
					[124.6219748],
					[193.5087125],
					[223.3596321],
					[244.5997096],
					[266.9878993],
					[275.0246854],
					[300.857212],
					[314.0605034],
					[315.7826718]
				]
			},
			{
				"name": "F",
				"labelposition": [535.8073572,161.3615682,7.462729913,9.758954501],
				"symbolposition": [545.5663117,161.9356244,32.72120039,9.758954501],
				"x": [
					[49.00774443],
					[105.2652469],
					[156.9303001],
					[212.6137464],
					[263.7047435],
					[321.1103582],
					[373.3494676],
					[426.7366893],
					[480.1239109],
					[534.0851888],
					[586.3242982]
				],
				"y": [
					[30.4767667],
					[128.0663117],
					[142.4177154],
					[163.0837367],
					[182.0275895],
					[185.4719264],
					[192.9346563],
					[210.1563408],
					[223.3596321],
					[241.7294288],
					[297.4128751]
				]
			},
			{
				"name": "NF",
				"labelposition": [527.7705712,171.6945789,16.64762827,10.33301065],
				"symbolposition": [546.714424,174.5648596,28.70280736,9.184898354],
				"x": [
					[49.00774443],
					[102.9690223],
					[157.5043562],
					[210.8915779],
					[264.8528558],
					[372.7754114],
					[426.1626331],
					[479.5498548],
					[585.1761859]
				],
				"y": [
					[28.18054211],
					[116.0111326],
					[136.6771539],
					[148.732333],
					[180.8794773],
					[195.2308809],
					[207.8601162],
					[221.0634076],
					[296.838819]
				]
			},
			{
				"name": "NFE",
				"labelposition": [519.1597289,183.749758,25.25847047,10.33301065],
				"symbolposition": [547.2884802,184.3238141,30.4249758,11.48112294],
				"x": [
					[49.00774443],
					[104.6911907],
					[154.0600194],
					[209.7434656],
					[262.5566312],
					[371.6272991],
					[426.1626331],
					[478.4017425],
					[534.6592449],
					[582.8799613]
				],
				"y": [
					[27.60648596],
					[105.678122],
					[116.0111326],
					[148.732333],
					[184.3238141],
					[199.249274],
					[227.3780252],
					[242.8775411],
					[287.0798645],
					[304.3015489]
				]
			}
		],
		"plotpos": [49.00774443,27.60648596,537.8906099,288.750242],
		"xax": {
			"titlepos": [303.3146176,336.4486931,32.14714424,13.77734753],
			"minpos": [46.71151985,320.9491772,7.462729913,12.62923524],
			"maxpos": [582.3059051,320.9491772,8.03678606,12.05517909],
			"type": 1
		},
		"yax": {
			"titlepos": [2.509196515,147.0101646,17.22168441,60.27589545],
			"minpos": [35.80445305,308.8939981,9.758954501,12.05517909],
			"maxpos": [35.80445305,20.14375605,11.48112294,17.22168441],
			"type": 1
		}
	}
}
