{
	"data": {
		"imagename": "01404-10.1.1.161.5668-Figure-5",
		"difficult": 0,
		"curves": [
			{
				"name": "Infrequent",
				"labelposition": [542.7870281,91.49709584,99.90319458,30.59535334],
				"symbolposition": [475.3523717,95.24346563,64.93707648,22.47821878],
				"x": [
					[197.4966118],
					[311.1364956],
					[418.5324298]
				],
				"y": [
					[57.77976767],
					[45.29186834],
					[87.75072604]
				]
			},
			{
				"name": "Frequent",
				"labelposition": [542.1626331,130.8339787,89.28848015,27.47337851],
				"symbolposition": [476.6011617,131.4583737,63.06389158,23.72700871],
				"x": [
					[198.7454017],
					[311.1364956],
					[417.2836399]
				],
				"y": [
					[135.2047435],
					[108.3557599],
					[114.5997096]
				]
			}
		],
		"plotpos": [143.1742498,14.696515,329.6805421,206.0503388],
		"xax": {
			"titlepos": [248.696999,273.8204259,119.2594385,29.97095837],
			"minpos": [174.3939981,245.0982575,53.07357212,33.71732817],
			"maxpos": [384.8151016,250.0934172,65.56147144,28.09777348],
			"type": 3
		},
		"yax": {
			"titlepos": [4.55856728,22.1892546,56.81994192,237.2700871],
			"minpos": [105.7105518,208.8833495,18.73184898,26.22458858],
			"maxpos": [66.37366893,3.457405615,59.94191675,24.97579864],
			"type": 1
		}
	}
}
