{
	"data": {
		"imagename": "01407-10.1.1.126.3917-Figure-4",
		"difficult": 0,
		"curves": [
			{
				"name": "CR*",
				"labelposition": [133.1597289,17.87173282,23.45982575,16.75701839],
				"symbolposition": [109.6999032,11.72749274,22.90125847,22.90125847],
				"x": [
					[74.51016457],
					[95.7357212],
					[149.9167473],
					[173.3765731],
					[220.2962246],
					[249.3417231],
					[270.0087125],
					[299.054211],
					[323.0726041],
					[346.5324298],
					[371.6679574],
					[396.803485],
					[421.9390126],
					[445.3988383],
					[472.768635],
					[496.2284608],
					[520.2468538],
					[547.0580833],
					[571.0764763]
				],
				"y": [
					[93.27831559],
					[94.95401742],
					[73.16989351],
					[76.52129719],
					[92.16118103],
					[76.52129719],
					[84.89980639],
					[103.3325266],
					[105.0082285],
					[54.178606],
					[73.72846079],
					[45.80009681],
					[37.98015489],
					[46.91723136],
					[48.03436592],
					[18.4303001],
					[54.178606],
					[121.7652469],
					[150.2521781]
				]
			},
			{
				"name": "TSPR",
				"labelposition": [194.0435624,18.4303001,37.98257502,17.87415295],
				"symbolposition": [175.0522749,11.16892546,18.99128751,26.25266215],
				"x": [
					[74.51016457],
					[97.41142304],
					[196.8363988],
					[221.9719264],
					[249.3417231],
					[271.125847],
					[295.7028074],
					[323.6311713],
					[346.5324298],
					[372.785092],
					[396.803485],
					[423.6147144],
					[445.3988383],
					[469.9757986],
					[493.9941917],
					[523.5982575],
					[544.2652469],
					[566.607938]
				],
				"y": [
					[130.1437561],
					[113.9453049],
					[115.0624395],
					[121.7652469],
					[123.4409487],
					[115.6210068],
					[131.8194579],
					[141.8736689],
					[123.999516],
					[133.4951597],
					[103.8910939],
					[83.22410455],
					[76.52129719],
					[58.64714424],
					[81.54840271],
					[103.8910939],
					[120.6481123],
					[148.017909]
				]
			},
			{
				"name": "PR",
				"labelposition": [257.7202323,19.54743466,20.66698935,16.75701839],
				"symbolposition": [236.4946757,10.0517909,21.22555663,25.69409487],
				"x": [
					[73.39303001],
					[98.5285576],
					[146.5653437],
					[171.7008712],
					[197.3949661],
					[221.4133591],
					[248.2245886],
					[271.125847],
					[300.1713456],
					[346.5324298],
					[371.1093901],
					[444.8402711],
					[471.0929332],
					[496.2284608],
					[520.2468538],
					[542.589545],
					[568.2836399]
				],
				"y": [
					[131.8194579],
					[132.3780252],
					[152.4864472],
					[143.5493708],
					[160.3063892],
					[132.3780252],
					[123.4409487],
					[141.8736689],
					[141.8736689],
					[123.4409487],
					[122.3238141],
					[94.95401742],
					[74.84559535],
					[65.3499516],
					[83.78267183],
					[116.7381413],
					[149.1350436]
				]
			},
			{
				"name": "IS",
				"labelposition": [319.1626331,18.4303001,13.40561471,15.63988383],
				"symbolposition": [299.6127783,11.16892546,20.66698935,24.01839303],
				"x": [
					[74.51016457],
					[99.64569216],
					[122.5469506],
					[147.6824782],
					[170.0251694],
					[194.6021297],
					[221.4133591],
					[248.7831559],
					[271.125847],
					[295.7028074],
					[320.8383349],
					[349.3252662],
					[374.4607938],
					[395.1277832],
					[421.9390126],
					[470.5343659],
					[497.3455954],
					[523.0396902],
					[548.1752178],
					[568.8422072]
				],
				"y": [
					[171.4777348],
					[170.3606002],
					[180.9733785],
					[179.8562439],
					[173.1534366],
					[179.2976767],
					[200.5232333],
					[199.4060987],
					[210.0188771],
					[208.9017425],
					[199.964666],
					[198.2889642],
					[178.7391094],
					[170.9191675],
					[170.3606002],
					[150.8107454],
					[150.8107454],
					[140.7565344],
					[141.8736689],
					[150.2521781]
				]
			},
			{
				"name": "GHITS",
				"labelposition": [383.3978703,17.87173282,40.21684414,16.75701839],
				"symbolposition": [363.2894482,11.16892546,19.54985479,21.22555663],
				"x": [
					[72.83446273],
					[99.08712488],
					[121.4298161],
					[151.0338819],
					[171.7008712],
					[196.8363988],
					[248.2245886],
					[271.6844143],
					[296.2613746],
					[324.1897386],
					[373.3436592],
					[396.803485],
					[448.1916747],
					[471.6515005],
					[497.9041626],
					[522.4811229],
					[545.9409487],
					[571.0764763]
				],
				"y": [
					[141.3151016],
					[142.4322362],
					[122.3238141],
					[112.2696031],
					[113.3867377],
					[140.7565344],
					[105.0082285],
					[113.3867377],
					[113.9453049],
					[84.89980639],
					[83.22410455],
					[75.40416263],
					[76.52129719],
					[140.7565344],
					[122.3238141],
					[113.9453049],
					[94.95401742],
					[150.2521781]
				]
			}
		],
		"plotpos": [72.83446273,8.934656341,498.8005808,237.3910939],
		"xax": {
			"titlepos": [297.9370765,285.9840271,43.56824782,20.66698935],
			"minpos": [58.87028074,261.4070668,22.34269119,13.96418199],
			"maxpos": [567.1665053,261.4070668,6.702807357,13.40561471],
			"type": 1
		},
		"yax": {
			"titlepos": [4.689254598,94.95401742,21.22555663,54.18102614],
			"minpos": [30.94191675,241.857212,33.51403679,13.96418199],
			"maxpos": [29.82478219,2.231848984,32.95546951,15.08131655],
			"type": 1
		}
	}
}
