{
	"data": {
		"imagename": "01412-10.1.1.331.8430-Figure-2",
		"difficult": 0,
		"curves": [
			{
				"name": "Casanova",
				"labelposition": [149.5994318,33.86150568,65.47585227,14.34232955],
				"symbolposition": [218.8167614,35.73224432,49.26278409,10.60085227],
				"x": [
					[142.1164773],
					[203.8508523],
					[282.421875],
					[342.9090909],
					[402.7727273],
					[481.34375],
					[539.3366477]
				],
				"y": [
					[239.6427557],
					[200.9808239],
					[164.8132102],
					[152.9651989],
					[141.740767],
					[118.0447443],
					[104.3259943]
				]
			},
			{
				"name": "CASS",
				"labelposition": [173.9190341,48.82741477,42.40340909,14.96590909],
				"symbolposition": [218.1931818,51.32173295,54.875,8.730113636],
				"x": [
					[191.3792614],
					[205.0980114],
					[205.7215909],
					[400.9019886],
					[404.6434659],
					[511.8991477],
					[539.9602273]
				],
				"y": [
					[372.4651989],
					[361.240767],
					[352.5106534],
					[341.2862216],
					[304.4950284],
					[288.9055398],
					[289.5291193]
				]
			}
		],
		"plotpos": [82.87642045,11.41264205,516.9474432,381.0071023],
		"xax": {
			"titlepos": [205.0980114,419.2336648,279.3636364,19.33096591],
			"minpos": [134.6335227,399.2791193,21.82528409,15.58948864],
			"maxpos": [527.4886364,398.6555398,30.55539773,18.08380682],
			"type": 2
		},
		"yax": {
			"titlepos": [4.305397727,173.5433239,11.22443182,59.86363636],
			"minpos": [24.88352273,383.0660511,50.50994318,23.69602273],
			"maxpos": [24.25994318,2.682528409,52.38068182,18.70738636],
			"type": 1
		}
	}
}
