{
	"data": {
		"imagename": "01416-10.1.1.2.92-Figure-3",
		"difficult": 0,
		"curves": [
			{
				"name": "max margin",
				"labelposition": [349.6065341,18.55752841,75.11931818,14.44602273],
				"symbolposition": [319.2698864,20.00213068,26.96590909,11.07528409],
				"x": [
					[97.28267045],
					[103.5426136],
					[110.2840909],
					[117.9886364],
					[129.0639205],
					[144.4730114],
					[157.4744318],
					[173.3650568],
					[193.1079545],
					[217.6661932],
					[248.9659091],
					[290.3778409],
					[333.234375],
					[369.8309659],
					[432.4303977]
				],
				"y": [
					[13.7421875],
					[49.37571023],
					[89.82457386],
					[124.4950284],
					[154.8316761],
					[184.6867898],
					[208.7634943],
					[224.6541193],
					[241.9893466],
					[255.4723011],
					[264.6214489],
					[275.696733],
					[281.475142],
					[285.8089489],
					[290.6242898]
				]
			},
			{
				"name": "projection",
				"labelposition": [349.6065341,32.52201705,64.52556818,15.890625],
				"symbolposition": [317.34375,35.41122159,29.37357955,8.667613636],
				"x": [
					[97.76420455],
					[103.0610795],
					[106.4318182],
					[110.2840909],
					[119.4332386],
					[133.8792614],
					[149.2883523],
					[169.5127841],
					[195.515625],
					[227.296875],
					[272.5610795],
					[320.7144886],
					[369.8309659],
					[430.5042614]
				],
				"y": [
					[11.81605114],
					[57.08025568],
					[96.56605114],
					[121.1242898],
					[154.350142],
					[185.649858],
					[212.134233],
					[240.5447443],
					[255.9538352],
					[268.9552557],
					[280.0305398],
					[286.290483],
					[290.1427557],
					[293.0319602]
				]
			}
		],
		"plotpos": [59.72301136,11.81605114,371.7443182,292.7727273],
		"xax": {
			"titlepos": [183.4772727,322.4055398,124.2357955,14.92755682],
			"minpos": [55.38920455,309.8856534,11.07528409,13.48295455],
			"maxpos": [422.7997159,307.959517,16.85369318,16.85369318],
			"type": 1
		},
		"yax": {
			"titlepos": [4.346590909,45.04190341,17.81676136,224.3948864],
			"minpos": [48.64772727,298.3288352,9.149147727,14.44602273],
			"maxpos": [27.46022727,6.037642045,31.29971591,13.48295455],
			"type": 1
		}
	}
}
