{
	"data": {
		"imagename": "01414-10.1.1.129.7259-Figure-7",
		"difficult": 0,
		"curves": [
			{
				"name": "synchronous binarization",
				"labelposition": [263.3352273,307.2350852,234.9332386,23.43323864],
				"symbolposition": [498.8693182,310.8401989,63.69034091,15.02130682],
				"x": [
					[193.0355114],
					[272.3480114],
					[348.65625],
					[382.9048295],
					[390.7159091],
					[399.7286932],
					[458.6122159]
				],
				"y": [
					[61.48650568],
					[48.26775568],
					[57.88139205],
					[42.25923295],
					[25.43536932],
					[24.23366477],
					[21.83025568]
				]
			},
			{
				"name": "monolingual binarization",
				"labelposition": [265.7386364,330.6683239,223.5170455,20.42897727],
				"symbolposition": [498.8693182,330.0674716,65.49289773,19.828125],
				"x": [
					[153.3792614],
					[284.3650568],
					[317.4119318],
					[348.65625],
					[384.7073864],
					[510.2855114]
				],
				"y": [
					[278.9950284],
					[301.8274148],
					[243.5447443],
					[206.8927557],
					[219.5106534],
					[157.022017]
				]
			}
		],
		"plotpos": [108.9161932,7.409801136,474.0724432,350.8977273],
		"xax": {
			"titlepos": [172.0056818,397.9637784,352.7002841,24.03409091],
			"minpos": [78.87357955,364.3160511,65.49289773,26.4375],
			"maxpos": [554.1477273,364.3160511,62.48863636,29.44176136],
			"type": 1
		},
		"yax": {
			"titlepos": [2.565340909,125.7776989,27.63920455,121.3721591],
			"minpos": [52.43607955,314.4453125,47.46732955,23.43323864],
			"maxpos": [51.234375,6.208096591,50.47159091,25.23579545],
			"type": 1
		}
	}
}
