{
	"data": {
		"imagename": "01418-10.1.1.118.957-Figure-10",
		"difficult": 0,
		"curves": [
			{
				"name": "PCA 36",
				"labelposition": [530.2061955,46.67715392,70.74540174,22.40271055],
				"symbolposition": [480.6844143,47.85624395,50.70087125,18.86544046],
				"x": [
					[75.66698935],
					[78.02516941],
					[81.5624395],
					[91.58470474],
					[113.9874153],
					[166.4569216],
					[313.2536302],
					[420.5508228],
					[442.9535334]
				],
				"y": [
					[264.2192643],
					[160.4593417],
					[125.6761859],
					[96.19893514],
					[78.5125847],
					[62.0053243],
					[49.62487899],
					[41.37124879],
					[31.93852856]
				]
			},
			{
				"name": "PCA 28",
				"labelposition": [530.7957406,74.97531462,68.9767667,21.22362052],
				"symbolposition": [478.9157793,73.79622459,52.46950629,20.63407551],
				"x": [
					[77.43562439],
					[79.79380445],
					[85.09970958],
					[96.30106486],
					[105.7337851],
					[149.3601162],
					[205.3668925],
					[374.5663117],
					[432.9312682],
					[447.0803485]
				],
				"y": [
					[183.4515973],
					[135.6984511],
					[104.4525653],
					[87.94530494],
					[82.04985479],
					[69.66940949],
					[62.59486931],
					[51.39351404],
					[40.19215876],
					[27.22216844]
				]
			},
			{
				"name": "PCA 20",
				"labelposition": [532.5643756,100.9152953,67.79767667,21.22362052],
				"symbolposition": [480.0948693,102.0943853,51.29041626,17.68635044],
				"x": [
					[78.61471442],
					[78.02516941],
					[79.79380445],
					[85.09970958],
					[105.1442401],
					[159.9719264],
					[269.0377541],
					[362.1858664],
					[411.7076476],
					[432.9312682],
					[443.5430784]
				],
				"y": [
					[185.2202323],
					[144.5416263],
					[123.3180058],
					[103.8630203],
					[93.84075508],
					[81.46030978],
					[69.07986447],
					[59.05759923],
					[50.21442401],
					[47.26669894],
					[38.42352372]
				]
			},
			{
				"name": "PCA 16",
				"labelposition": [531.9748306,127.4448209,67.20813166,20.63407551],
				"symbolposition": [478.9157793,128.6239109,53.64859632,17.68635044],
				"x": [
					[78.02516941],
					[78.61471442],
					[80.38334947],
					[89.22652469],
					[102.196515],
					[128.1364956],
					[168.8151016],
					[292.0300097],
					[381.6408519],
					[422.3194579],
					[432.9312682],
					[445.3117135]
				],
				"y": [
					[195.8320426],
					[155.1534366],
					[128.6239109],
					[112.7061955],
					[105.6316554],
					[95.01984511],
					[87.94530494],
					[73.79622459],
					[63.18441433],
					[56.10987415],
					[49.03533398],
					[39.01306873]
				]
			},
			{
				"name": "PCA 12",
				"labelposition": [531.9748306,153.3848015,67.20813166,23.58180058],
				"symbolposition": [480.0948693,153.3848015,50.11132623,20.63407551],
				"x": [
					[75.07744434],
					[79.20425944],
					[80.97289448],
					[91.58470474],
					[99.83833495],
					[113.9874153],
					[140.5169409],
					[218.3368829],
					[348.0367861],
					[388.7153921],
					[409.9390126],
					[429.3939981],
					[442.9535334]
				],
				"y": [
					[260.6819942],
					[207.0333979],
					[166.3547919],
					[146.3102614],
					[136.2879961],
					[123.9075508],
					[115.0643756],
					[100.3257502],
					[83.22894482],
					[73.79622459],
					[69.07986447],
					[60.82623427],
					[49.62487899]
				]
			},
			{
				"name": "PCA 10",
				"labelposition": [531.9748306,180.5038722,68.38722168,22.40271055],
				"symbolposition": [480.6844143,181.0934172,51.87996128,20.04453049],
				"x": [
					[74.48789932],
					[75.66698935],
					[75.66698935],
					[80.97289448],
					[90.40561471],
					[105.7337851],
					[131.0842207],
					[181.195547],
					[269.0377541],
					[382.8199419],
					[404.0435624],
					[425.267183],
					[440.0058083],
					[441.7744434],
					[447.0803485]
				],
				"y": [
					[298.4128751],
					[246.5329138],
					[211.160213],
					[188.7575024],
					[172.839787],
					[157.5116167],
					[146.8998064],
					[128.6239109],
					[112.7061955],
					[90.303485],
					[81.46030978],
					[73.20667957],
					[62.59486931],
					[45.49806389],
					[34.88625363]
				]
			},
			{
				"name": "PCA 8",
				"labelposition": [531.3852856,203.4961278,60.13359148,22.99225557],
				"symbolposition": [480.6844143,205.2647628,50.70087125,23.58180058],
				"x": [
					[75.66698935],
					[74.48789932],
					[83.92061955],
					[104.5546951],
					[136.3901258],
					[171.7628267],
					[228.9486931],
					[331.5295257],
					[383.4094869],
					[415.2449177],
					[434.6999032],
					[443.5430784],
					[447.0803485]
				],
				"y": [
					[290.7487899],
					[258.9133591],
					[228.2570184],
					[209.3915779],
					[184.6306873],
					[166.3547919],
					[149.8475315],
					[123.9075508],
					[106.2212004],
					[92.07212004],
					[74.3857696],
					[58.46805421],
					[35.47579864]
				]
			},
			{
				"name": "PCA 6",
				"labelposition": [531.3852856,230.6151985,58.36495644,22.99225557],
				"symbolposition": [481.8635044,235.3315586,48.93223621,16.50726041],
				"x": [
					[77.43562439],
					[91.58470474],
					[106.9128751],
					[170.5837367],
					[264.910939],
					[335.6563408],
					[384.588577],
					[409.9390126],
					[427.625363],
					[440.0058083]
				],
				"y": [
					[290.1592449],
					[274.8310745],
					[264.2192643],
					[234.1524685],
					[200.5484027],
					[172.839787],
					[150.4370765],
					[129.213456],
					[110.9375605],
					[87.94530494]
				]
			}
		],
		"plotpos": [76.25653437,13.07308809,372.0029042,297.7202323],
		"xax": {
			"titlepos": [196.5237173,360.3151016,127.9312682,21.22362052],
			"minpos": [67.41335915,326.7110358,18.86544046,24.1713456],
			"maxpos": [436.4685382,328.4796709,24.76089061,22.40271055],
			"type": 1
		},
		"yax": {
			"titlepos": [6.100677638,126.8552759,20.04453049,76.05130687],
			"minpos": [48.54791868,300.1815102,18.27589545,23.58180058],
			"maxpos": [52.08518877,3.640367861,11.79090029,18.86544046],
			"type": 1
		}
	}
}
