{
	"data": {
		"imagename": "01429-10.1.1.37.1152-Figure-11",
		"difficult": 0,
		"curves": [
			{
				"name": "Observed, walking",
				"labelposition": [375.0923295,266.7677557,173.6079545,30.3125],
				"symbolposition": [223.5298295,275.0348011,128.1392045,19.28977273],
				"x": [
					[147.0596591],
					[204.9289773],
					[260.0426136],
					[315.15625],
					[373.0255682],
					[424.6946023],
					[480.4971591],
					[535.6107955],
					[590.7244318]
				],
				"y": [
					[303.2805398],
					[243.3444602],
					[206.1427557],
					[173.0745739],
					[144.8288352],
					[124.850142],
					[115.8941761],
					[86.27059659],
					[100.7379261]
				]
			},
			{
				"name": "Observed, click-open",
				"labelposition": [366.8252841,299.8359375,209.4318182,30.3125],
				"symbolposition": [226.9744318,306.0362216,123.3167614,23.42329545],
				"x": [
					[147.0596591],
					[200.1065341],
					[256.5980114],
					[312.4005682],
					[370.2698864],
					[426.0724432],
					[476.3636364],
					[536.2997159],
					[590.0355114]
				],
				"y": [
					[315.681108],
					[272.9680398],
					[230.943892],
					[202.009233],
					[184.0973011],
					[158.6072443],
					[162.740767],
					[137.9396307],
					[142.0731534]
				]
			},
			{
				"name": "Predicted, walking",
				"labelposition": [370.9588068,334.2819602,177.7414773,28.93465909],
				"symbolposition": [229.0411932,339.7933239,119.1832386,24.11221591],
				"x": [
					[147.0596591],
					[198.7286932],
					[254.53125],
					[315.8451705],
					[368.203125],
					[422.6278409],
					[478.4303977],
					[540.4332386],
					[590.0355114]
				],
				"y": [
					[301.2137784],
					[231.6328125],
					[195.8089489],
					[163.4296875],
					[129.6725852],
					[108.3160511],
					[89.02627841],
					[69.73650568],
					[55.95809659]
				]
			},
			{
				"name": "Predicted, click-open",
				"labelposition": [373.0255682,368.727983,200.4758523,26.86789773],
				"symbolposition": [222.8409091,372.8615057,127.4502841,21.35653409],
				"x": [
					[147.0596591],
					[203.5511364],
					[258.6647727],
					[313.0894886],
					[366.8252841],
					[424.0056818],
					[477.7414773],
					[537.6775568],
					[591.4133523]
				],
				"y": [
					[296.3913352],
					[246.100142],
					[217.165483],
					[189.6086648],
					[169.6299716],
					[140.006392],
					[123.4723011],
					[117.9609375],
					[98.67116477]
				]
			}
		],
		"plotpos": [91.25710227,14.62286932,498.7784091,400.9517045],
		"xax": {
			"titlepos": [273.1321023,461.7322443,148.8068182,20.66761364],
			"minpos": [80.234375,435.553267,19.28977273,19.97869318],
			"maxpos": [583.8352273,435.553267,13.08948864,24.11221591],
			"type": 1
		},
		"yax": {
			"titlepos": [3.075284091,111.071733,26.17897727,217.0099432],
			"minpos": [54.05539773,403.1740057,14.46732955,24.80113636],
			"maxpos": [19.609375,3.600142045,53.046875,25.49005682],
			"type": 1
		}
	}
}
