{
	"data": {
		"imagename": "01424-10.1.1.217.2914-Figure-2",
		"difficult": 0,
		"curves": [
			{
				"name": "Random",
				"labelposition": [368.625,8.3046875,79.78125,20.8125],
				"symbolposition": [313.703125,10.0390625,53.1875,19.078125],
				"x": [
					[96.90625],
					[173.796875],
					[246.0625]
				],
				"y": [
					[23.9140625],
					[69.0078125],
					[64.3828125]
				]
			},
			{
				"name": "Static+unfamiliar",
				"labelposition": [366.3125,29.6953125,151.46875,23.125],
				"symbolposition": [313.125,31.4296875,52.03125,19.078125],
				"x": [
					[97.484375],
					[177.265625],
					[243.75],
					[317.75],
					[389.4375],
					[464.015625],
					[538.015625]
				],
				"y": [
					[77.1015625],
					[134.9140625],
					[153.9921875],
					[149.3671875],
					[159.7734375],
					[171.3359375],
					[180.0078125]
				]
			},
			{
				"name": "Static+familiar",
				"labelposition": [366.890625,52.8203125,128.921875,21.390625],
				"symbolposition": [312.546875,55.1328125,54.34375,19.078125],
				"x": [
					[98.0625],
					[173.796875],
					[242.59375],
					[319.484375],
					[392.90625],
					[465.171875],
					[538.59375]
				],
				"y": [
					[171.9140625],
					[195.0390625],
					[200.8203125],
					[212.3828125],
					[207.7578125],
					[216.4296875],
					[213.5390625]
				]
			},
			{
				"name": "Learning prediction",
				"labelposition": [366.3125,76.5234375,178.0625,21.390625],
				"symbolposition": [313.125,81.7265625,48.5625,10.40625],
				"x": [
					[104.421875],
					[175.53125],
					[246.0625],
					[325.84375],
					[425.859375],
					[531.65625]
				],
				"y": [
					[79.9921875],
					[143.5859375],
					[166.1328125],
					[178.2734375],
					[185.7890625],
					[192.7265625]
				]
			}
		],
		"plotpos": [62.21875,12.3515625,511.0625,349.1875],
		"xax": {
			"titlepos": [287.6875,384.0859375,61.859375,20.8125],
			"minpos": [93.4375,364.4296875,19.65625,19.078125],
			"maxpos": [532.234375,364.4296875,14.453125,19.078125],
			"type": 1
		},
		"yax": {
			"titlepos": [2.671875,33.7421875,26.015625,311.609375],
			"minpos": [37.359375,352.2890625,16.765625,20.234375],
			"maxpos": [39.671875,3.6796875,14.453125,17.34375],
			"type": 1
		}
	}
}
