{
	"data": {
		"imagename": "01421-10.1.1.361.3773-Figure-7",
		"difficult": 0,
		"curves": [
			{
				"name": "local+global",
				"labelposition": [360.5170455,28.76349432,121.6676136,24.22585227],
				"symbolposition": [308.8352273,32.53196023,40.37642045,13.45880682],
				"x": [
					[75.19034091],
					[156.4815341],
					[242.0795455],
					[324.9857955],
					[411.6605114],
					[492.4133523]
				],
				"y": [
					[29.84019886],
					[146.662642],
					[243.0276989],
					[286.634233],
					[308.1683239],
					[318.397017]
				]
			},
			{
				"name": "local",
				"labelposition": [358.9019886,53.52769886,51.14346591,22.07244318],
				"symbolposition": [310.4502841,57.83451705,35.53125,13.99715909],
				"x": [
					[74.11363636],
					[158.0965909],
					[243.15625],
					[326.6008523],
					[408.96875],
					[491.3366477]
				],
				"y": [
					[258.1015625],
					[286.0958807],
					[308.1683239],
					[319.4737216],
					[324.318892],
					[331.8558239]
				]
			}
		],
		"plotpos": [73.57528409,12.61292614,419.9147727,325.703125],
		"xax": {
			"titlepos": [225.9289773,358.2350852,113.5923295,19.38068182],
			"minpos": [70.88352273,341.5461648,12.38210227,19.91903409],
			"maxpos": [481.6463068,341.5461648,26.91761364,20.45738636],
			"type": 1
		},
		"yax": {
			"titlepos": [3.589488636,73.98508523,24.22585227,201.8821023],
			"minpos": [28.35369318,326.4723011,43.60653409,20.45738636],
			"maxpos": [27.81534091,2.384232955,45.22159091,23.6875],
			"type": 1
		}
	}
}
