{
	"data": {
		"imagename": "01428-10.1.1.153.3019-Figure-6",
		"difficult": 0,
		"curves": [
			{
				"name": "Least Squares - Digit 7",
				"labelposition": [419.3310745,40.79428848,176.8199419,20.24201355],
				"symbolposition": [365.749274,43.77105518,52.98644724,11.9070668],
				"x": [
					[57.95159729],
					[94.86350436],
					[134.7521781],
					[173.4501452],
					[215.7202323],
					[255.0135528],
					[296.6882865],
					[609.8441433]
				],
				"y": [
					[35.43610842],
					[176.53485],
					[215.8281704],
					[239.642304],
					[238.4515973],
					[239.642304],
					[238.4515973],
					[239.642304]
				]
			},
			{
				"name": "Learned Miller - Digit 7",
				"labelposition": [421.1171346,62.82236205,173.2478219,20.24201355],
				"symbolposition": [367.535334,64.01306873,51.79574056,11.9070668],
				"x": [
					[58.54695063],
					[97.84027106],
					[122.249758],
					[140.1103582],
					[177.6176186],
					[277.6369797],
					[422.9031946],
					[478.2710552],
					[509.2294288],
					[553.8809293],
					[600.3184898]
				],
				"y": [
					[35.43610842],
					[62.82236205],
					[92.59002904],
					[111.6413359],
					[131.8833495],
					[150.9346563],
					[158.6742498],
					[158.6742498],
					[160.4603098],
					[161.6510165],
					[162.8417231]
				]
			},
			{
				"name": "Least Squares - Digit 3",
				"labelposition": [417.5450145,83.65972894,177.4152953,19.05130687],
				"symbolposition": [363.9632139,86.63649564,53.58180058,10.71636012],
				"x": [
					[59.73765731],
					[94.86350436],
					[143.6824782],
					[609.8441433]
				],
				"y": [
					[41.38964182],
					[258.0982575],
					[265.2424976],
					[263.4564376]
				]
			},
			{
				"name": "Learned Miller - Digit 3",
				"labelposition": [420.5217812,104.4970958,172.6524685,18.45595353],
				"symbolposition": [365.749274,106.2831559,54.77250726,12.50242014],
				"x": [
					[60.33301065],
					[99.03097773],
					[134.7521781],
					[170.4733785],
					[218.696999],
					[285.9719264],
					[369.321394],
					[418.7357212],
					[472.9128751],
					[516.9690223],
					[580.6718296],
					[608.6534366]
				],
				"y": [
					[33.05469506],
					[46.15246854],
					[69.96660213],
					[80.08760891],
					[118.785576],
					[149.1485963],
					[158.0788964],
					[158.0788964],
					[163.4370765],
					[166.4138432],
					[169.3906099],
					[168.7952565]
				]
			}
		],
		"plotpos": [56.76089061,31.26863504,551.2971926,285.7696031],
		"xax": {
			"titlepos": [257.3949661,342.0430784,154.7918683,17.26524685],
			"minpos": [87.71926428,321.2057115,16.66989351,19.64666021],
			"maxpos": [559.2391094,322.3964182,25.60019361,19.05130687],
			"type": 1
		},
		"yax": {
			"titlepos": [1.39303001,44.36640852,24.40948693,257.7879961],
			"minpos": [26.39787028,308.107938,27.98160697,19.64666021],
			"maxpos": [38.90029042,21.14762827,14.28848015,21.43272023],
			"type": 1
		}
	}
}
