{
	"data": {
		"imagename": "01436-10.1.1.139.3639-Figure-3",
		"difficult": 0,
		"curves": [
			{
				"name": "DIRECT",
				"labelposition": [562.143272,102.3557599,66.18586641,19.35624395],
				"symbolposition": [531.5479187,107.9753146,29.97095837,11.86350436],
				"x": [
					[130.0619555],
					[352.3465634],
					[464.1132623]
				],
				"y": [
					[59.27250726],
					[124.8339787],
					[142.9414327]
				]
			},
			{
				"name": "INDIRECT",
				"labelposition": [562.767667,125.4583737,73.678606,18.73184898],
				"symbolposition": [530.9235237,129.2047435,30.59535334,11.23910939],
				"x": [
					[131.9351404],
					[241.8286544],
					[352.9709584],
					[463.4888674]
				],
				"y": [
					[61.14569216],
					[85.49709584],
					[108.5997096],
					[126.7071636]
				]
			}
		],
		"plotpos": [77.61277832,12.4428848,438.9496612,219.1626331],
		"xax": {
			"titlepos": [213.7308809,270.9424008,162.3426912,22.47821878],
			"minpos": [124.4424008,242.2202323,20.60503388,29.97095837],
			"maxpos": [447.2545983,244.7178122,31.21974831,21.85382381],
			"type": 1
		},
		"yax": {
			"titlepos": [3.309777348,24.30638916,21.85382381,201.6795741],
			"minpos": [54.51016457,222.2395934,12.48789932,23.72700871],
			"maxpos": [28.90997096,4.950145208,38.08809293,16.85866409],
			"type": 1
		}
	}
}
