{
	"data": {
		"imagename": "01442-10.1.1.160.4762-Figure-6",
		"difficult": 0,
		"curves": [
			{
				"name": "Dalal & Triggs",
				"labelposition": [103.7272727,310.7819602,94.39204545,17.22017045],
				"symbolposition": [68.01136364,312.6953125,33.80255682,11.48011364],
				"x": [
					[53.98011364],
					[89.05823864],
					[90.97159091],
					[120.9474432],
					[156.0255682],
					[214.0639205],
					[272.7400568],
					[285.4957386],
					[303.3536932],
					[321.2116477],
					[335.8806818],
					[347.9985795],
					[363.3053977],
					[376.0610795],
					[393.9190341],
					[401.5724432],
					[406.6747159],
					[411.1392045],
					[420.7059659],
					[430.2727273],
					[436.0127841],
					[445.5795455],
					[448.7684659],
					[455.1463068],
					[457.0596591],
					[462.1619318],
					[464.7130682],
					[468.5397727],
					[468.5397727],
					[472.3664773],
					[474.9176136],
					[494.0511364],
					[497.2400568]
				],
				"y": [
					[79.26633523],
					[81.1796875],
					[86.91974432],
					[89.47088068],
					[99.67542614],
					[114.3444602],
					[133.477983],
					[139.2180398],
					[154.524858],
					[157.0759943],
					[164.0916193],
					[166.6427557],
					[183.225142],
					[189.602983],
					[200.4453125],
					[198.5319602],
					[206.8231534],
					[206.8231534],
					[217.665483],
					[217.665483],
					[230.4211648],
					[229.7833807],
					[240.6257102],
					[241.2634943],
					[247.0035511],
					[248.9169034],
					[257.8458807],
					[257.2080966],
					[266.1370739],
					[269.9637784],
					[285.9083807],
					[285.2705966],
					[312.6953125]
				]
			},
			{
				"name": "our method (L2 Norm)",
				"labelposition": [104.3650568,328.0021307,148.6036932,17.85795455],
				"symbolposition": [71.20028409,329.915483,29.33806818,11.48011364],
				"x": [
					[141.9943182],
					[203.859375],
					[217.2528409],
					[228.7329545],
					[242.7642045],
					[256.7954545],
					[269.5511364],
					[303.3536932],
					[332.6917614],
					[367.1321023],
					[391.3678977],
					[405.3991477],
					[431.5482955],
					[443.6661932],
					[455.1463068],
					[468.5397727],
					[480.6576705]
				],
				"y": [
					[113.7066761],
					[120.7223011],
					[120.7223011],
					[124.5490057],
					[124.5490057],
					[129.6512784],
					[129.6512784],
					[139.2180398],
					[141.131392],
					[155.162642],
					[157.0759943],
					[171.7450284],
					[187.0518466],
					[181.9495739],
					[201.0830966],
					[227.8700284],
					[242.5390625]
				]
			},
			{
				"name": "our method (L1 Norm)",
				"labelposition": [104.3650568,345.2223011,146.6903409,15.94460227],
				"symbolposition": [69.92471591,345.8600852,28.70028409,12.11789773],
				"x": [
					[143.9076705],
					[183.4502841],
					[231.921875],
					[282.9446023],
					[309.09375],
					[332.0539773],
					[347.9985795],
					[384.3522727],
					[393.9190341],
					[405.3991477],
					[434.0994318],
					[448.7684659],
					[458.9730114],
					[485.1221591],
					[496.6022727],
					[510.6335227]
				],
				"y": [
					[110.5177557],
					[113.068892],
					[119.446733],
					[127.7379261],
					[133.477983],
					[137.3046875],
					[137.3046875],
					[150.6981534],
					[154.524858],
					[152.6115057],
					[166.0049716],
					[176.209517],
					[175.571733],
					[202.3586648],
					[224.681108],
					[238.0745739]
				]
			},
			{
				"name": "rectangular features",
				"labelposition": [101.8139205,361.8046875,139.0369318,16.58238636],
				"symbolposition": [69.92471591,364.3558239,28.70028409,10.20454545],
				"x": [
					[261.2599432],
					[272.1022727],
					[275.9289773],
					[289.9602273],
					[300.1647727],
					[305.9048295],
					[325.0383523],
					[341.6207386],
					[349.2741477]
				],
				"y": [
					[60.1328125],
					[62.04616477],
					[67.1484375],
					[71.61292614],
					[76.71519886],
					[79.90411932],
					[100.3132102],
					[109.8799716],
					[127.7379261]
				]
			}
		],
		"plotpos": [51.42897727,30.79474432,468.1335227,368.6392045],
		"xax": {
			"titlepos": [171.9701705,426.2208807,227.6889205,22.32244318],
			"minpos": [39.94886364,403.2606534,24.23579545,26.78693182],
			"maxpos": [506.8068182,404.5362216,23.59801136,21.046875],
			"type": 2
		},
		"yax": {
			"titlepos": [2.957386364,185.1384943,20.40909091,68.24289773],
			"minpos": [25.27982955,389.8671875,24.87357955,17.22017045],
			"maxpos": [26.55539773,19.31463068,19.13352273,22.32244318],
			"type": 2
		}
	}
}
