{
	"data": {
		"imagename": "01447-10.1.1.108.5167-Figure-7",
		"difficult": 0,
		"curves": [
			{
				"name": "Final5",
				"labelposition": [329.5170455,21.51775568,47.02982955,17.89630682],
				"symbolposition": [293.3082386,24.01491477,35.79261364,12.48579545],
				"x": [
					[56.49431818],
					[141.8139205],
					[222.9715909],
					[307.0426136]
				],
				"y": [
					[53.56463068],
					[53.56463068],
					[86.02769886],
					[135.1384943]
				]
			},
			{
				"name": "Test4",
				"labelposition": [329.5170455,42.74360795,45.36505682,19.56107955],
				"symbolposition": [302.0482955,43.57599432,18.3125,16.23153409],
				"x": [
					[58.57528409],
					[140.1491477],
					[222.9715909]
				],
				"y": [
					[93.51917614],
					[133.8899148],
					[15.27485795]
				]
			}
		],
		"plotpos": [56.49431818,15.27485795,330.4573864,238.0625],
		"xax": {
			"titlepos": [68.98011364,272.8984375,305.4857955,19.56107955],
			"minpos": [53.99715909,256.2507102,8.740056818,13.31818182],
			"maxpos": [381.5411932,255.834517,10.40482955,17.06392045],
			"type": 1
		},
		"yax": {
			"titlepos": [4.470170455,83.53053977,20.39346591,119.4474432],
			"minpos": [31.93892045,244.5973011,22.05823864,16.23153409],
			"maxpos": [23.19886364,4.870028409,31.63068182,17.89630682],
			"type": 1
		}
	}
}
