{
	"data": {
		"imagename": "01450-10.1.1.363.6024-Figure-8",
		"difficult": 0,
		"curves": [
			{
				"name": "50 Targets",
				"labelposition": [450.3409091,220.7947443,136.9673295,39.13352273],
				"symbolposition": [409.1832386,225.5177557,40.48295455,25.63920455],
				"x": [
					[105.5610795],
					[231.7329545],
					[355.2059659],
					[474.6306818],
					[600.8025568]
				],
				"y": [
					[384.7507102],
					[351.0149148],
					[199.8785511],
					[39.97088068],
					[12.98224432]
				]
			},
			{
				"name": "100 Targets",
				"labelposition": [450.3409091,280.8444602,149.1122159,39.80823864],
				"symbolposition": [409.8579545,290.290483,38.45880682,16.19318182],
				"x": [
					[109.609375],
					[190.5752841],
					[230.3835227],
					[276.2642045],
					[356.5553977],
					[415.2556818],
					[482.0525568],
					[598.1036932]
				],
				"y": [
					[390.1484375],
					[384.7507102],
					[385.4254261],
					[340.8941761],
					[197.8544034],
					[74.38139205],
					[15.00639205],
					[12.98224432]
				]
			},
			{
				"name": "150 Targets",
				"labelposition": [449.6661932,344.9424716,153.1605114,32.38636364],
				"symbolposition": [413.2315341,346.2919034,37.109375,22.94034091],
				"x": [
					[107.5852273],
					[189.2258523],
					[229.0340909],
					[272.890625],
					[311.3494318],
					[353.1818182],
					[395.0142045],
					[434.1477273],
					[599.453125]
				],
				"y": [
					[388.7990057],
					[384.7507102],
					[375.3046875],
					[342.9183239],
					[295.0134943],
					[195.8302557],
					[84.50213068],
					[14.33167614],
					[14.33167614]
				]
			}
		],
		"plotpos": [101.5127841,12.98224432,502.6633523,375.1420455],
		"xax": {
			"titlepos": [293.8068182,438.053267,112.0028409,36.43465909],
			"minpos": [85.99431818,406.3416193,43.85653409,32.38636364],
			"maxpos": [583.2599432,408.365767,35.75994318,30.36221591],
			"type": 1
		},
		"yax": {
			"titlepos": [5.028409091,141.178267,33.73579545,179.4744318],
			"minpos": [63.72869318,371.256392,19.56676136,39.13352273],
			"maxpos": [65.75284091,6.235085227,19.56676136,22.94034091],
			"type": 1
		}
	}
}
