{
	"data": {
		"imagename": "01451-10.1.1.224.8671-Figure-2",
		"difficult": 0,
		"curves": [
			{
				"name": "MS",
				"labelposition": [554.7954545,22.84659091,19.43181818,15.54545455],
				"symbolposition": [510.75,27.38068182,42.75,11.65909091],
				"x": [
					[70.94318182],
					[118.2272727],
					[166.8068182],
					[216.6818182],
					[267.2045455],
					[316.4318182],
					[365.6590909],
					[412.2954545],
					[462.8181818],
					[513.9886364],
					[559.3295455]
				],
				"y": [
					[200.3238636],
					[246.9602273],
					[252.1420455],
					[247.6079545],
					[252.1420455],
					[253.4375],
					[257.9715909],
					[260.5625],
					[260.5625],
					[257.3238636],
					[261.8579545]
				]
			},
			{
				"name": "EM",
				"labelposition": [554.1477273,70.77840909,20.72727273,17.48863636],
				"symbolposition": [511.3977273,73.36931818,39.51136364,14.89772727],
				"x": [
					[69.64772727],
					[118.2272727],
					[168.75],
					[216.6818182],
					[265.2613636],
					[315.7840909],
					[367.6022727],
					[414.2386364],
					[460.875],
					[510.75],
					[561.2727273]
				],
				"y": [
					[198.3806818],
					[193.8465909],
					[226.2329545],
					[241.7784091],
					[246.3125],
					[241.7784091],
					[246.3125],
					[251.4943182],
					[251.4943182],
					[253.4375],
					[255.3806818]
				]
			},
			{
				"name": "LL",
				"labelposition": [553.5,45.51704545,15.54545455,19.43181818],
				"symbolposition": [512.0454545,50.05113636,41.45454545,14.25],
				"x": [
					[69],
					[117.5795455],
					[168.1022727],
					[217.9772727],
					[267.2045455],
					[317.7272727],
					[365.0113636],
					[414.2386364],
					[464.1136364],
					[514.6363636],
					[560.625]
				],
				"y": [
					[195.7897727],
					[243.7215909],
					[245.6647727],
					[247.6079545],
					[257.3238636],
					[259.9147727],
					[258.6193182],
					[258.6193182],
					[262.5056818],
					[261.8579545],
					[265.7443182]
				]
			}
		],
		"plotpos": [69,31.26704545,490.3295455,349.125],
		"xax": {
			"titlepos": [249.7159091,416.6647727,128.8977273,22.02272727],
			"minpos": [61.22727273,392.6988636,22.67045455,19.43181818],
			"maxpos": [545.7272727,392.0511364,31.09090909,17.48863636],
			"type": 1
		},
		"yax": {
			"titlepos": [14.59090909,182.8352273,16.84090909,46.63636364],
			"minpos": [48.92045455,364.1988636,13.60227273,27.85227273],
			"maxpos": [39.20454545,18.96022727,23.96590909,23.31818182],
			"type": 1
		}
	}
}
