{
	"data": {
		"imagename": "01461-10.1.1.207.6218-Figure-1",
		"difficult": 0,
		"curves": [
			{
				"name": "NYT",
				"labelposition": [764.7715392,18.05566312,46.88286544,20.20813166],
				"symbolposition": [743.7550823,19.67231365,16.97483059,16.97483059],
				"x": [
					[114.0696999],
					[177.1190707],
					[240.9767667],
					[305.642788],
					[368.6921588],
					[428.5082285],
					[493.982575],
					[553.7986447],
					[615.231365],
					[677.4724105],
					[738.9051307],
					[802.7628267]
				],
				"y": [
					[21.28896418],
					[105.3547919],
					[171.6374637],
					[212.8620523],
					[226.6035818],
					[230.6452081],
					[230.6452081],
					[232.2618587],
					[233.8785092],
					[234.6868345],
					[234.6868345],
					[231.4535334]
				]
			},
			{
				"name": "Twitter",
				"labelposition": [765.5798645,40.68877057,58.19941917,21.01645692],
				"symbolposition": [743.7550823,39.8804453,17.78315586,19.39980639],
				"x": [
					[118.1113262],
					[177.9273959],
					[242.5934172],
					[306.4511133],
					[363.0338819],
					[426.8915779],
					[489.1326234],
					[552.1819942],
					[617.6563408],
					[679.089061],
					[741.3301065],
					[802.7628267]
				],
				"y": [
					[95.65488867],
					[175.67909],
					[152.2376573],
					[174.8707648],
					[205.5871249],
					[220.1369797],
					[216.0953533],
					[218.5203291],
					[219.3286544],
					[223.3702807],
					[233.0701839],
					[231.4535334]
				]
			},
			{
				"name": "SMS",
				"labelposition": [764.7715392,61.70522749,44.45788964,21.82478219],
				"symbolposition": [742.1384318,64.13020329,20.20813166,19.39980639],
				"x": [
					[116.4946757],
					[179.5440465],
					[242.5934172],
					[304.0261375],
					[365.4588577],
					[428.5082285],
					[489.1326234],
					[554.60697],
					[615.231365],
					[679.089061],
					[738.9051307],
					[801.1461762]
				],
				"y": [
					[165.9791868],
					[216.9036786],
					[176.4874153],
					[149.0043562],
					[166.7875121],
					[190.2289448],
					[182.1456922],
					[212.053727],
					[226.6035818],
					[228.2202323],
					[233.8785092],
					[216.0953533]
				]
			}
		],
		"plotpos": [88.20329138,5.930784124,739.6176186,237.6476283],
		"xax": {
			"titlepos": [346.0590513,307.4361084,223.0977735,25.05808325],
			"minpos": [97.90319458,262.9782188,39.60793804,29.09970958],
			"maxpos": [683.9390126,264.5948693,124.482091,33.14133591],
			"type": 1
		},
		"yax": {
			"titlepos": [2.520813166,12.39738625,30.71636012,225.5227493],
			"minpos": [45.36205227,216.9036786,24.24975799,37.99128751],
			"maxpos": [45.36205227,3.505808325,23.44143272,29.09970958],
			"type": 1
		}
	}
}
