{
	"data": {
		"imagename": "01469-10.1.1.348.4141-Figure-5",
		"difficult": 0,
		"curves": [
			{
				"name": "Uniform",
				"labelposition": [451.9351404,22.05566312,45.86640852,14.95643756],
				"symbolposition": [421.5237173,23.55130687,30.41142304,8.973862536],
				"x": [
					[80.51694095],
					[82.51113262],
					[86.00096805],
					[90.48789932],
					[95.47337851],
					[105.4443369],
					[122.893514],
					[142.8354308],
					[166.267183],
					[196.1800581],
					[236.0638916],
					[272.9564376],
					[314.8344627],
					[366.1848984],
					[410.5556631],
					[454.42788],
					[485.3378509]
				],
				"y": [
					[36.51355276],
					[56.95401742],
					[65.92787996],
					[76.39738625],
					[79.88722168],
					[87.36544046],
					[90.35672798],
					[94.34511133],
					[97.83494676],
					[106.3102614],
					[117.2783156],
					[129.7420136],
					[144.6984511],
					[157.1621491],
					[165.1389158],
					[169.625847],
					[173.6142304]
				]
			},
			{
				"name": "VOI",
				"labelposition": [450.4394966,45.4874153,23.43175218,12.96224589],
				"symbolposition": [420.0280736,46.48451113,28.91577928,9.472410455],
				"x": [
					[80.51694095],
					[82.0125847],
					[85.00387222],
					[88.49370765],
					[96.96902227],
					[112.4240077],
					[142.8354308],
					[173.2468538],
					[215.6234269],
					[257.5014521],
					[294.3939981],
					[331.785092],
					[373.1645692],
					[413.5469506],
					[453.929332],
					[482.8451113]
				],
				"y": [
					[37.01210068],
					[55.95692159],
					[64.93078412],
					[73.90464666],
					[82.37996128],
					[89.85818006],
					[97.83494676],
					[109.3015489],
					[123.2608906],
					[138.7158761],
					[148.6868345],
					[155.6665053],
					[164.6403679],
					[170.124395],
					[174.1127783],
					[177.6026137]
				]
			}
		],
		"plotpos": [77.52565344,19.56292352,411.3020329,167.5121007],
		"xax": {
			"titlepos": [203.6582769,216.9878993,161.0309777,22.43465634],
			"minpos": [73.53727009,200.0372701,12.46369797,10.96805421],
			"maxpos": [475.8654405,198.5416263,23.43175218,13.95934172],
			"type": 1
		},
		"yax": {
			"titlepos": [22.18683446,35.017909,20.93901258,144.5788964],
			"minpos": [44.12294288,182.089545,26.42303969,14.95643756],
			"maxpos": [46.11713456,22.05566312,23.9303001,13.95934172],
			"type": 1
		}
	}
}
