{
	"data": {
		"imagename": "01472-10.1.1.297.6459-Figure-5",
		"difficult": 0,
		"curves": [
			{
				"name": "LARS-BRM",
				"labelposition": [120.0894886,14.48650568,82.13352273,17.85511364],
				"symbolposition": [76.64204545,16.8671875,42.85227273,14.87926136],
				"x": [
					[71.28551136],
					[214.1264205],
					[276.0241477],
					[324.2329545],
					[345.6590909],
					[364.7045455],
					[384.9403409],
					[402.2002841],
					[442.0767045],
					[481.953125],
					[520.0440341],
					[540.2798295]
				],
				"y": [
					[371.5887784],
					[372.1839489],
					[365.0419034],
					[349.5674716],
					[337.068892],
					[312.071733],
					[277.5518466],
					[248.9836648],
					[199.584517],
					[162.0887784],
					[137.6867898],
					[128.1640625]
				]
			},
			{
				"name": "LARS-TD",
				"labelposition": [120.0894886,34.12713068,69.63494318,19.640625],
				"symbolposition": [76.64204545,35.91264205,43.44744318,17.25994318],
				"x": [
					[71.28551136],
					[206.3892045],
					[266.5014205],
					[305.1875],
					[327.8039773],
					[343.8735795],
					[363.5142045],
					[383.1548295],
					[403.9857955],
					[443.8622159],
					[483.1434659],
					[501.59375],
					[521.8295455],
					[539.6846591]
				],
				"y": [
					[375.1598011],
					[370.993608],
					[362.0660511],
					[353.1384943],
					[343.0205966],
					[329.9268466],
					[307.9055398],
					[273.9808239],
					[229.9382102],
					[149.5901989],
					[78.76491477],
					[48.41122159],
					[26.38991477],
					[8.534801136]
				]
			},
			{
				"name": "OMP-BRM",
				"labelposition": [121.2798295,53.17258523,77.37215909,20.83096591],
				"symbolposition": [76.046875,53.76775568,44.04261364,19.640625],
				"x": [
					[69.5],
					[230.7911932],
					[267.6917614],
					[290.3082386],
					[324.2329545],
					[386.7258523],
					[445.6477273],
					[501.59375],
					[539.6846591]
				],
				"y": [
					[376.350142],
					[372.1839489],
					[372.7791193],
					[369.803267],
					[367.4225852],
					[363.8515625],
					[356.709517],
					[358.4950284],
					[355.5191761]
				]
			},
			{
				"name": "OMP-TD",
				"labelposition": [121.2798295,75.7890625,64.27840909,17.25994318],
				"symbolposition": [76.046875,75.19389205,43.44744318,17.85511364],
				"x": [
					[71.28551136],
					[170.6789773],
					[230.1960227],
					[282.5710227],
					[327.8039773],
					[364.7045455],
					[404.5809659],
					[463.5028409],
					[497.4275568],
					[539.0894886]
				],
				"y": [
					[373.9694602],
					[373.9694602],
					[369.803267],
					[362.0660511],
					[358.4950284],
					[353.1384943],
					[347.7819602],
					[338.259233],
					[335.2833807],
					[331.712358]
				]
			}
		],
		"plotpos": [70.69034091,8.534801136,469.5894886,366.0298295],
		"xax": {
			"titlepos": [295.6647727,401.3473011,18.45028409,15.47443182],
			"minpos": [54.62073864,380.5163352,33.32954545,21.42613636],
			"maxpos": [519.4488636,376.9453125,37.49573864,29.75852273],
			"type": 2
		},
		"yax": {
			"titlepos": [4.03125,146.0191761,20.23579545,95.22727273],
			"minpos": [30.21875,330.522017,39.28125,17.25994318],
			"maxpos": [23.07670455,5.558948864,46.42329545,16.06960227],
			"type": 1
		}
	}
}
