{
	"data": {
		"imagename": "01488-10.1.1.34.3648-Figure-6",
		"difficult": 0,
		"curves": [
			{
				"name": "K-means",
				"labelposition": [532.8180058,16.16505324,56.51210068,13.64085189],
				"symbolposition": [592.5779284,18.11374637,42.87124879,11.69215876],
				"x": [
					[148.9254598],
					[260.0009681],
					[370.4269119],
					[478.9041626],
					[592.5779284]
				],
				"y": [
					[91.51452081],
					[83.07018393],
					[67.48063892],
					[79.82236205],
					[116.1979671]
				]
			},
			{
				"name": "X-means",
				"labelposition": [533.4675702,28.50677638,58.4607938,14.29041626],
				"symbolposition": [593.2274927,29.80590513,42.22168441,11.69215876],
				"x": [
					[146.9767667],
					[258.7018393],
					[371.0764763],
					[480.2032914],
					[591.928364]
				],
				"y": [
					[383.1689255],
					[381.2202323],
					[385.1176186],
					[379.2715392],
					[381.8697967]
				]
			}
		],
		"plotpos": [92.41335915,10.31897386,553.428848,402.0803485],
		"xax": {
			"titlepos": [348.3417231,432.535818,44.17037754,15.58954501],
			"minpos": [70.97773475,417.5958374,42.22168441,14.93998064],
			"maxpos": [624.4065828,417.5958374,44.17037754,18.18780252],
			"type": 1
		},
		"yax": {
			"titlepos": [2.123910939,179.2057115,16.88867377,64.95643756],
			"minpos": [37.8499516,405.2541142,50.01645692,14.29041626],
			"maxpos": [33.95256534,2.524201355,53.2642788,18.18780252],
			"type": 1
		}
	}
}
