{
	"data": {
		"imagename": "01497-10.1.1.155.16-Figure-3",
		"difficult": 0,
		"curves": [
			{
				"name": "Markov Model",
				"labelposition": [137.9119071,199.3625363,128.6195547,24.11616651],
				"symbolposition": [68.57792836,195.8455954,67.8267183,31.1500484],
				"x": [
					[52.50048403],
					[109.2739593],
					[166.0474347],
					[220.8112294],
					[278.0871249],
					[336.8702807],
					[391.1316554],
					[444.8906099],
					[503.6737657]
				],
				"y": [
					[42.60745402],
					[71.24540174],
					[83.303485],
					[89.83494676],
					[93.85430784],
					[100.8881897],
					[109.9317522],
					[120.9849952],
					[137.5648596]
				]
			},
			{
				"name": "Predestination",
				"labelposition": [137.9119071,226.9956438,131.6340755,27.13068732],
				"symbolposition": [67.57308809,230.0101646,68.32913843,18.08712488],
				"x": [
					[51.49564376],
					[110.2787996],
					[165.0425944],
					[225.3330106],
					[332.3484995],
					[391.1316554],
					[501.1616651]
				],
				"y": [
					[95.36156825],
					[108.9269119],
					[150.6277832],
					[176.7536302],
					[199.8649564],
					[210.4157793],
					[222.4738625]
				]
			},
			{
				"name": "Our approach",
				"labelposition": [137.9119071,254.6287512,125.6050339,25.12100678],
				"symbolposition": [68.07550823,254.6287512,66.82187803,24.61858664],
				"x": [
					[53.5053243],
					[108.7715392],
					[165.5450145],
					[223.3233301],
					[277.5847047],
					[334.3581801],
					[390.1268151],
					[449.4123911],
					[503.6737657]
				],
				"y": [
					[128.0188771],
					[156.6568248],
					[170.7245886],
					[183.7875121],
					[186.8020329],
					[192.8310745],
					[206.3964182],
					[216.947241],
					[243.5755082]
				]
			}
		],
		"plotpos": [51.99806389,38.0856728,450.6708616,257.7415295],
		"xax": {
			"titlepos": [143.4385286,325.4699903,273.8189739,25.12100678],
			"minpos": [93.196515,301.8562439,31.1500484,24.61858664],
			"maxpos": [433.3349468,301.8562439,26.12584705,23.61374637],
			"type": 1
		},
		"yax": {
			"titlepos": [1.253630203,71.24540174,28.63794773,195.9438529],
			"minpos": [28.38431752,269.1989351,21.10164569,23.11132623],
			"maxpos": [33.91093901,76.77202323,14.57018393,21.10164569],
			"type": 1
		}
	}
}
