{
	"data": {
		"imagename": "01491-10.1.1.42.6672-Figure-2",
		"difficult": 0,
		"curves": [
			{
				"name": "PL",
				"labelposition": [490.8596321,221.6016457,26.44240077,15.27783156],
				"symbolposition": [413.8828654,221.0140368,66.39980639,14.69022265],
				"x": [
					[101.2749274],
					[226.4356244],
					[350.4211036],
					[472.0561471]
				],
				"y": [
					[254.5077444],
					[181.0566312],
					[111.1311713],
					[67.06050339]
				]
			},
			{
				"name": "ID3",
				"labelposition": [489.6844143,238.642304,34.66892546,14.69022265],
				"symbolposition": [415.0580833,238.642304,64.04937076,14.10261375],
				"x": [
					[103.0377541],
					[225.8480155],
					[351.5963214],
					[471.4685382]
				],
				"y": [
					[240.9927396],
					[168.7168441],
					[98.20377541],
					[54.13310745]
				]
			},
			{
				"name": "C4.5",
				"labelposition": [487.9215876,255.0953533,45.83349468,17.04065828],
				"symbolposition": [415.0580833,253.3325266,63.46176186,17.04065828],
				"x": [
					[103.625363],
					[226.4356244],
					[348.070668],
					[470.2933204]
				],
				"y": [
					[167.5416263],
					[111.1311713],
					[67.06050339],
					[39.4428848]
				]
			}
		],
		"plotpos": [103.0377541,11.82526621,493.5914811,286.1655373],
		"xax": {
			"titlepos": [269.9186834,332.07212,161.5924492,22.91674734],
			"minpos": [92.4607938,308.5677638,21.15392062,21.15392062],
			"maxpos": [588.4027106,309.7429816,17.04065828,16.45304937],
			"type": 1
		},
		"yax": {
			"titlepos": [2.556631171,105.2550823,35.84414327,93.42981607],
			"minpos": [41.92642788,289.1766699,48.1839303,20.56631171],
			"maxpos": [38.40077444,7.124394966,57.5856728,18.21587609],
			"type": 1
		}
	}
}
