{
	"data": {
		"imagename": "01504-10.1.1.13.321-Figure-4",
		"difficult": 0,
		"curves": [
			{
				"name": "sub3",
				"labelposition": [424.1605114,21.11434659,46.17613636,20.33948864],
				"symbolposition": [376.8849432,24.96235795,41.22869318,10.99431818],
				"x": [
					[60.79829545],
					[70.69318182],
					[76.19034091],
					[81.13778409],
					[83.88636364],
					[87.734375],
					[92.68181818],
					[97.07954545],
					[104.2258523],
					[107.5241477],
					[112.4715909],
					[120.7173295],
					[127.3139205],
					[133.9105114],
					[139.9573864],
					[143.2556818],
					[149.8522727],
					[151.5014205],
					[157.5482955],
					[161.3963068],
					[165.7940341],
					[168.5426136],
					[173.4900568],
					[179.5369318],
					[185.0340909],
					[188.3323864],
					[196.578125],
					[202.0752841],
					[207.0227273],
					[214.1690341],
					[217.4673295],
					[219.1164773],
					[224.6136364],
					[230.6605114],
					[235.6079545],
					[238.3565341],
					[241.6548295],
					[248.8011364],
					[253.7485795],
					[257.5965909],
					[261.9943182],
					[268.0411932],
					[271.8892045],
					[279.0355114],
					[283.9829545],
					[289.4801136],
					[292.7784091],
					[299.375],
					[303.7727273],
					[305.421875],
					[310.3693182],
					[312.5681818],
					[319.1647727],
					[322.4630682],
					[325.2116477],
					[329.0596591],
					[335.65625],
					[341.703125],
					[347.2002841],
					[353.2471591],
					[358.7443182],
					[363.6917614],
					[366.9900568],
					[371.3877841],
					[376.3352273],
					[381.8323864],
					[384.5809659],
					[390.078125],
					[395.0255682],
					[399.4232955],
					[406.0198864],
					[411.5170455],
					[419.7627841],
					[424.7102273],
					[436.2542614],
					[443.9502841],
					[453.8451705]
				],
				"y": [
					[34.30752841],
					[52.99786932],
					[81.03338068],
					[118.4140625],
					[157.993608],
					[204.7194602],
					[239.3515625],
					[271.2350852],
					[289.3757102],
					[299.2705966],
					[291.5745739],
					[276.1825284],
					[241.5504261],
					[197.0234375],
					[148.6484375],
					[116.7649148],
					[89.27911932],
					[84.33167614],
					[104.6711648],
					[138.2038352],
					[173.3856534],
					[212.415483],
					[253.0944602],
					[287.1768466],
					[308.615767],
					[314.1129261],
					[310.2649148],
					[295.4225852],
					[276.1825284],
					[242.100142],
					[217.3629261],
					[195.3742898],
					[188.7776989],
					[190.9765625],
					[204.1697443],
					[231.6555398],
					[260.240767],
					[300.3700284],
					[323.4580966],
					[334.4524148],
					[338.3004261],
					[332.803267],
					[313.0134943],
					[271.7848011],
					[230.006392],
					[181.631392],
					[143.7009943],
					[125.5603693],
					[125.0106534],
					[134.9055398],
					[161.2919034],
					[190.9765625],
					[231.1058239],
					[259.6910511],
					[281.1299716],
					[295.9723011],
					[301.4694602],
					[292.6740057],
					[279.4808239],
					[259.6910511],
					[225.0589489],
					[200.321733],
					[188.227983],
					[183.2805398],
					[189.3274148],
					[202.5205966],
					[227.2578125],
					[253.0944602],
					[276.1825284],
					[301.4694602],
					[319.6100852],
					[326.756392],
					[319.6100852],
					[301.4694602],
					[248.696733],
					[207.4680398],
					[175.0348011]
				]
			},
			{
				"name": "sub5",
				"labelposition": [423.0610795,43.65269886,46.17613636,17.04119318],
				"symbolposition": [378.5340909,47.50071023,39.57954545,10.99431818],
				"x": [
					[63.546875],
					[68.49431818],
					[72.89204545],
					[77.83948864],
					[84.43607955],
					[90.48295455],
					[94.33096591],
					[99.27840909],
					[104.2258523],
					[109.1732955],
					[115.2201705],
					[122.3664773],
					[126.7642045],
					[130.6122159],
					[135.5596591],
					[140.5071023],
					[144.9048295],
					[152.0511364],
					[158.6477273],
					[162.4957386],
					[164.6946023],
					[170.1917614],
					[175.1392045],
					[177.3380682],
					[183.3849432],
					[189.4318182],
					[194.3792614],
					[199.8764205],
					[203.1747159],
					[209.7713068],
					[212.5198864],
					[217.4673295],
					[222.9644886],
					[229.0113636],
					[234.5085227],
					[239.4559659],
					[246.6022727],
					[248.2514205],
					[255.3977273],
					[260.8948864],
					[265.2926136],
					[269.6903409],
					[275.1875],
					[279.0355114],
					[282.8835227],
					[291.1292614],
					[296.0767045],
					[299.375],
					[304.3224432],
					[312.0184659],
					[317.515625],
					[325.7613636],
					[330.7088068],
					[337.3053977],
					[342.2528409],
					[347.2002841]
				],
				"y": [
					[148.6484375],
					[171.1867898],
					[199.772017],
					[241.5504261],
					[272.884233],
					[291.5745739],
					[297.6214489],
					[299.8203125],
					[293.2237216],
					[271.2350852],
					[238.2521307],
					[199.2223011],
					[179.4325284],
					[173.3856534],
					[178.8828125],
					[195.9240057],
					[223.959517],
					[271.2350852],
					[306.9666193],
					[324.5575284],
					[329.5049716],
					[328.4055398],
					[321.8089489],
					[303.6683239],
					[266.837358],
					[223.4098011],
					[195.3742898],
					[181.0816761],
					[179.4325284],
					[191.5262784],
					[210.2166193],
					[240.4509943],
					[275.0830966],
					[309.7151989],
					[329.5049716],
					[332.803267],
					[317.9609375],
					[288.2762784],
					[248.147017],
					[197.0234375],
					[169.537642],
					[153.0461648],
					[151.946733],
					[162.9410511],
					[192.6257102],
					[256.3927557],
					[293.2237216],
					[316.3117898],
					[331.1541193],
					[332.803267],
					[315.7620739],
					[285.5276989],
					[243.1995739],
					[209.6669034],
					[189.3274148],
					[181.631392]
				]
			}
		],
		"plotpos": [59.69886364,12.31889205,421.6321023,333.6775568],
		"xax": {
			"titlepos": [238.90625,366.8856534,61.56818182,18.69034091],
			"minpos": [53.10227273,349.8444602,15.39204545,20.88920455],
			"maxpos": [463.7400568,349.2947443,35.18181818,19.24005682],
			"type": 1
		},
		"yax": {
			"titlepos": [4.727272727,122.2620739,25.28693182,119.2883523],
			"minpos": [28.36505682,335.5518466,28.58522727,18.140625],
			"maxpos": [26.71590909,4.622869318,30.234375,18.140625],
			"type": 1
		}
	}
}
