{
	"data": {
		"imagename": "01510-10.1.1.227.5156-Figure-11",
		"difficult": 0,
		"curves": [
			{
				"name": "A-OPI Advised",
				"labelposition": [525.0232333,138.017909,79.8964182,52.61471442],
				"symbolposition": [493.8441433,138.017909,31.8286544,15.58954501],
				"x": [
					[131.3872217],
					[166.463698],
					[184.0019361],
					[245.0609874],
					[307.4191675],
					[357.4356244],
					[381.4695063],
					[395.1103582],
					[415.8964182]
				],
				"y": [
					[324.4428848],
					[313.4002904],
					[313.4002904],
					[295.2124879],
					[279.6229429],
					[265.982091],
					[263.3838335],
					[256.2386254],
					[253.6403679]
				]
			},
			{
				"name": "A-OPI Hybrid",
				"labelposition": [521.7754114,195.8291384,133.160697,27.28170378],
				"symbolposition": [493.8441433,195.8291384,27.93126815,18.83736689],
				"x": [
					[199.5914811],
					[220.3775411],
					[261.9496612],
					[283.3852856],
					[295.7270087],
					[316.5130687],
					[336.6495644],
					[358.7347531],
					[383.4181994],
					[412.6485963]
				],
				"y": [
					[260.1360116],
					[252.3412391],
					[243.8969022],
					[241.2986447],
					[236.7516941],
					[234.803001],
					[225.7090997],
					[222.4612778],
					[214.6665053],
					[206.2221684]
				]
			},
			{
				"name": "Teleoperation",
				"labelposition": [523.7241045,228.9569216,127.3146176,25.98257502],
				"symbolposition": [494.4937076,228.9569216,29.2303969,17.53823814],
				"x": [
					[132.6863504],
					[197.642788],
					[216.4801549],
					[259.3514037],
					[297.6757018],
					[328.8547919],
					[356.1364956],
					[373.0251694],
					[402.9051307]
				],
				"y": [
					[322.4941917],
					[258.8368829],
					[236.1021297],
					[200.3760891],
					[160.1030978],
					[126.9753146],
					[96.44578896],
					[75.01016457],
					[43.83107454]
				]
			}
		],
		"plotpos": [89.81510165,43.18151016,377.3969022,295.5517909],
		"xax": {
			"titlepos": [122.2933204,377.0575992,285.8083253,25.98257502],
			"minpos": [82.66989351,350.4254598,13.64085189,22.73475315],
			"maxpos": [449.6737657,349.1263311,27.28170378,22.73475315],
			"type": 1
		},
		"yax": {
			"titlepos": [3.42303969,81.50580833,23.38431752,250.731849],
			"minpos": [44.99515973,327.6907067,34.42691191,22.73475315],
			"maxpos": [35.90125847,49.67715392,43.52081317,24.68344627],
			"type": 1
		}
	}
}
