{
	"data": {
		"imagename": "01514-10.1.1.300.468-Figure-4",
		"difficult": 0,
		"curves": [
			{
				"name": "32",
				"labelposition": [446.4303977,25.19957386,28.56818182,18.45028409],
				"symbolposition": [391.0795455,26.38991477,55.94602273,14.28409091],
				"x": [
					[54.21306818],
					[197.0539773],
					[348.2272727],
					[491.6633523]
				],
				"y": [
					[34.12713068],
					[81.14559659],
					[117.4509943],
					[146.0191761]
				]
			},
			{
				"name": "64",
				"labelposition": [449.40625,48.41122159,25.59232955,19.640625],
				"symbolposition": [391.0795455,47.22088068,57.13636364,16.06960227],
				"x": [
					[53.61789773],
					[200.625],
					[346.4417614],
					[491.6633523]
				],
				"y": [
					[198.9893466],
					[229.3430398],
					[248.9836648],
					[265.053267]
				]
			},
			{
				"name": "128",
				"labelposition": [448.8110795,71.02769886,31.54403409,18.45028409],
				"symbolposition": [391.0795455,69.2421875,57.73153409,18.45028409],
				"x": [
					[52.42755682],
					[201.2201705],
					[347.6321023],
					[491.0681818]
				],
				"y": [
					[231.1285511],
					[256.1257102],
					[273.9808239],
					[283.5035511]
				]
			},
			{
				"name": "256",
				"labelposition": [447.0255682,92.45383523,34.51988636,19.04545455],
				"symbolposition": [388.6988636,92.45383523,58.921875,16.06960227],
				"x": [
					[54.21306818],
					[201.2201705],
					[346.4417614],
					[491.6633523]
				],
				"y": [
					[243.0319602],
					[271.0049716],
					[282.9083807],
					[292.431108]
				]
			}
		],
		"plotpos": [53.02272727,11.51065341,438.0454545,360.078125],
		"xax": {
			"titlepos": [182.1747159,399.5617898,176.765625,19.04545455],
			"minpos": [44.69034091,379.3259943,20.83096591,16.66477273],
			"maxpos": [481.5454545,376.9453125,22.61647727,19.04545455],
			"type": 1
		},
		"yax": {
			"titlepos": [2.433238636,153.1612216,25.59232955,81.53835227],
			"minpos": [35.16761364,362.6612216,14.87926136,17.85511364],
			"maxpos": [26.24005682,2.583096591,23.80681818,19.04545455],
			"type": 1
		}
	}
}
