{
	"data": {
		"imagename": "01524-10.1.1.151.4977-Figure-2",
		"difficult": 0,
		"curves": [
			{
				"name": "wsat(plpb)-skc (p=0.1)",
				"labelposition": [342.2372159,249.2265625,158.5667614,16.02840909],
				"symbolposition": [504.8110795,249.7990057,49.80255682,12.02130682],
				"x": [
					[80.05823864],
					[127.5710227],
					[173.3664773],
					[190.5397727],
					[237.4801136],
					[286.1377841],
					[313.6150568],
					[335.9403409],
					[347.9616477],
					[395.4744318],
					[555.7585227]
				],
				"y": [
					[204.0035511],
					[130.1583807],
					[80.35582386],
					[79.2109375],
					[75.20383523],
					[60.89275568],
					[55.74076705],
					[55.16832386],
					[49.44389205],
					[43.14701705],
					[42.00213068]
				]
			},
			{
				"name": "wsat(plpb)-mp (p=0.6)",
				"labelposition": [342.8096591,266.9723011,159.1392045,15.45596591],
				"symbolposition": [504.8110795,265.8274148,50.94744318,14.88352273],
				"x": [
					[78.91335227],
					[173.3664773],
					[189.9673295],
					[237.4801136],
					[283.2755682],
					[332.5056818],
					[347.9616477],
					[397.1917614],
					[444.1321023],
					[554.0411932]
				],
				"y": [
					[237.2052557],
					[123.8615057],
					[110.1228693],
					[60.89275568],
					[48.87144886],
					[49.44389205],
					[44.29190341],
					[44.29190341],
					[37.42258523],
					[36.85014205]
				]
			},
			{
				"name": "wsatoip (p=0.3)",
				"labelposition": [390.8948864,283.0007102,113.9161932,16.60085227],
				"symbolposition": [505.3835227,284.1455966,49.80255682,11.44886364],
				"x": [
					[78.91335227],
					[333.6505682],
					[349.6789773],
					[396.046875],
					[554.6136364]
				],
				"y": [
					[348.8316761],
					[349.4041193],
					[343.6796875],
					[336.8103693],
					[337.9552557]
				]
			}
		],
		"plotpos": [77.76846591,37.42258523,477.4176136,313.1264205],
		"xax": {
			"titlepos": [251.7911932,382.0333807,125.3650568,19.46306818],
			"minpos": [73.76136364,357.990767,14.31107955,21.18039773],
			"maxpos": [539.7301136,356.2734375,34.34659091,22.32528409],
			"type": 1
		},
		"yax": {
			"titlepos": [3.923295455,78.06605114,21.18039773,230.6946023],
			"minpos": [54.87073864,341.3899148,18.31818182,16.60085227],
			"maxpos": [56.58806818,26.54616477,15.45596591,24.61505682],
			"type": 1
		}
	}
}
