{
	"data": {
		"imagename": "01529-10.1.1.153.3026-Figure-18",
		"difficult": 0,
		"curves": [
			{
				"name": "predicted eval cross-entropy",
				"labelposition": [510.5,27.5703125,333.703125,26.578125],
				"symbolposition": [847.15625,29.5390625,77.765625,21.65625],
				"x": [
					[121.671875],
					[251.609375],
					[398.28125],
					[530.1875],
					[671.9375],
					[804.828125],
					[945.59375]
				],
				"y": [
					[63.0078125],
					[149.6328125],
					[270.7109375],
					[342.5703125],
					[392.7734375],
					[423.2890625],
					[441.0078125]
				]
			},
			{
				"name": "actual eval cross-entropy",
				"labelposition": [553.8125,54.1484375,289.40625,25.59375],
				"symbolposition": [843.21875,55.1328125,79.734375,18.703125],
				"x": [
					[121.671875],
					[248.65625],
					[398.28125],
					[529.203125],
					[673.90625],
					[803.84375],
					[948.546875]
				],
				"y": [
					[57.1015625],
					[169.3203125],
					[282.5234375],
					[358.3203125],
					[405.5703125],
					[426.2421875],
					[439.0390625]
				]
			},
			{
				"name": "training cross-entropy",
				"labelposition": [589.25,77.7734375,251.015625,27.5625],
				"symbolposition": [840.265625,76.7890625,76.78125,22.640625],
				"x": [
					[116.75],
					[248.65625],
					[533.140625],
					[671.9375],
					[803.84375],
					[944.609375]
				],
				"y": [
					[606.3828125],
					[521.7265625],
					[470.5390625],
					[459.7109375],
					[452.8203125],
					[452.8203125]
				]
			}
		],
		"plotpos": [115.765625,18.7109375,830.8125,595.546875],
		"xax": {
			"titlepos": [388.4375,661.5078125,280.546875,30.515625],
			"minpos": [238.8125,618.1953125,93.515625,35.4375],
			"maxpos": [792.03125,618.1953125,86.625,39.375],
			"type": 2
		},
		"yax": {
			"titlepos": [3.546875,283.5078125,33.46875,63.984375],
			"minpos": [62.609375,602.4453125,46.265625,24.609375],
			"maxpos": [65.5625,4.9296875,44.296875,27.5625],
			"type": 1
		}
	}
}
