{
	"data": {
		"imagename": "01523-10.1.1.48.2488-Figure-4",
		"difficult": 0,
		"curves": [
			{
				"name": "FOCUS",
				"labelposition": [467.8886738,22.10309777,101.0406583,23.59632139],
				"symbolposition": [569.5343659,22.70813166,49.61277832,24.20135528],
				"x": [
					[147.2207164],
					[527.1819942]
				],
				"y": [
					[94.7071636],
					[94.7071636]
				]
			},
			{
				"name": "ID3",
				"labelposition": [516.2913843,45.09438529,49.61277832,20.57115198],
				"symbolposition": [568.929332,46.30445305,48.40271055,19.9661181],
				"x": [
					[149.035818],
					[242.8160697],
					[288.1936108],
					[337.2013553],
					[383.7889642],
					[431.5866409],
					[480.5943853],
					[526.5769603]
				],
				"y": [
					[147.3451113],
					[196.9578896],
					[206.0333979],
					[223.5793804],
					[229.0246854],
					[244.1505324],
					[247.7807357],
					[249.5958374]
				]
			},
			{
				"name": "FRINGE",
				"labelposition": [455.1829622,63.85043562,114.9564376,22.38625363],
				"symbolposition": [571.3494676,64.45546951,47.19264279,19.36108422],
				"x": [
					[147.2207164],
					[195.018393],
					[241.6060019],
					[288.1936108],
					[338.411423],
					[388.0242014],
					[431.5866409],
					[476.964182],
					[526.5769603]
				],
				"y": [
					[124.9588577],
					[154.000484],
					[170.3363988],
					[185.4622459],
					[200.5880929],
					[201.1931268],
					[222.9743466],
					[222.9743466],
					[226.6045499]
				]
			}
		],
		"plotpos": [100.0280736,7.582284608,519.1190707,317.0377541],
		"xax": {
			"titlepos": [205.9090029,355.4767667,304.9370765,22.99128751],
			"minpos": [135.1200387,330.0653437,22.99128751,30.85672798],
			"maxpos": [507.2158761,333.695547,37.51210068,22.38625363],
			"type": 1
		},
		"yax": {
			"titlepos": [0.8025169409,84.42158761,33.2768635,168.804453],
			"minpos": [54.04549855,313.7294288,43.5624395,29.04162633],
			"maxpos": [54.65053243,66.87560503,39.32720232,25.41142304],
			"type": 1
		}
	}
}
