{
	"data": {
		"imagename": "01533-10.1.1.156.4070-Figure-4",
		"difficult": 0,
		"curves": [
			{
				"name": "PPR (learned with ADL)",
				"labelposition": [232.2215909,15.18678977,159.3877841,17.81676136],
				"symbolposition": [396.4247159,19.0390625,49.11647727,10.59375],
				"x": [
					[92.09517045],
					[111.8380682],
					[132.0625],
					[150.3607955],
					[171.0667614],
					[188.4019886],
					[209.5894886],
					[226.4431818],
					[266.4105114],
					[284.7088068],
					[323.7130682],
					[343.9375],
					[362.7173295],
					[381.4971591],
					[400.7585227],
					[458.5426136]
				],
				"y": [
					[200.5774148],
					[241.0262784],
					[248.2492898],
					[262.6953125],
					[261.2507102],
					[262.6953125],
					[263.6583807],
					[284.3643466],
					[286.290483],
					[283.4012784],
					[284.8458807],
					[285.8089489],
					[287.2535511],
					[285.8089489],
					[284.3643466],
					[286.290483]
				]
			},
			{
				"name": "FSC (learned with Baum-Welch)",
				"labelposition": [172.9928977,30.59588068,220.0610795,17.33522727],
				"symbolposition": [397.3877841,33.48508523,48.15340909,12.03835227],
				"x": [
					[91.61363636],
					[110.875],
					[131.0994318],
					[150.8423295],
					[169.6221591],
					[190.8096591],
					[208.6264205],
					[227.8877841],
					[247.1491477],
					[264.9659091],
					[285.671875],
					[304.9332386],
					[342.4928977],
					[364.1619318],
					[382.4602273],
					[400.2769886],
					[421.4644886],
					[457.0980114]
				],
				"y": [
					[197.2066761],
					[276.178267],
					[247.2862216],
					[236.2109375],
					[273.2890625],
					[271.3629261],
					[271.3629261],
					[270.399858],
					[268.4737216],
					[279.0674716],
					[270.399858],
					[276.6598011],
					[278.5859375],
					[280.0305398],
					[280.0305398],
					[280.0305398],
					[284.8458807],
					[284.8458807]
				]
			},
			{
				"name": "random FSC",
				"labelposition": [304.4517045,48.41264205,91.00994318,14.44602273],
				"symbolposition": [398.8323864,48.89417614,45.74573864,10.59375],
				"x": [
					[93.05823864],
					[458.0610795]
				],
				"y": [
					[110.0490057],
					[111.0120739]
				]
			}
		],
		"plotpos": [73.31534091,13.26065341,384.2642045,278.3267045],
		"xax": {
			"titlepos": [229.3323864,318.071733,71.26704545,20.22443182],
			"minpos": [66.09232955,295.4396307,21.1875,20.22443182],
			"maxpos": [447.4673295,296.884233,26.484375,17.81676136],
			"type": 1
		},
		"yax": {
			"titlepos": [5.419034091,26.26207386,28.41051136,265.3252841],
			"minpos": [55.49857955,279.0674716,8.186079545,17.81676136],
			"maxpos": [40.57102273,4.111505682,27.44744318,18.29829545],
			"type": 1
		}
	}
}
