{
	"data": {
		"imagename": "01544-10.1.1.170.923-Figure-4",
		"difficult": 0,
		"curves": [
			{
				"name": "Seizure Onset",
				"labelposition": [404.4758523,19.46519886,98.39914773,17.04119318],
				"symbolposition": [375.3409091,22.76349432,29.13494318,9.345170455],
				"x": [
					[53.75710227],
					[57.60511364],
					[60.35369318],
					[64.75142045],
					[70.79829545],
					[76.29545455],
					[81.24289773],
					[86.19034091],
					[92.78693182],
					[98.83380682],
					[104.3309659],
					[107.6292614],
					[113.6761364],
					[120.8224432],
					[121.921875],
					[128.5184659],
					[134.015625],
					[138.4133523],
					[143.9105114],
					[148.8579545],
					[171.3963068],
					[181.2911932],
					[186.7883523],
					[196.6832386],
					[204.3792614],
					[208.7769886],
					[219.2215909],
					[224.1690341],
					[237.3622159],
					[247.2571023],
					[257.1519886],
					[262.6491477],
					[270.8948864],
					[276.9417614],
					[279.6903409],
					[285.7372159],
					[290.6846591],
					[296.1818182],
					[299.4801136],
					[305.5269886],
					[310.4744318],
					[314.3224432],
					[320.3693182],
					[322.5681818],
					[334.1122159],
					[342.3579545],
					[347.3053977],
					[352.2528409],
					[359.9488636],
					[363.796875],
					[368.7443182],
					[370.3934659],
					[380.2883523],
					[387.984375],
					[392.9318182],
					[398.4289773],
					[405.0255682],
					[409.4232955],
					[416.0198864],
					[417.6690341],
					[422.6164773],
					[429.7627841],
					[434.1605114],
					[437.4588068],
					[448.453125],
					[452.3011364],
					[455.0497159],
					[461.6463068],
					[466.59375],
					[469.8920455],
					[474.8394886],
					[479.2372159],
					[484.734375],
					[490.2315341],
					[496.828125],
					[500.1264205],
					[508.921875]
				],
				"y": [
					[198.1228693],
					[133.256392],
					[105.2208807],
					[94.2265625],
					[104.6711648],
					[104.1214489],
					[79.38423295],
					[66.19105114],
					[66.74076705],
					[83.23224432],
					[107.4197443],
					[123.9112216],
					[105.7705966],
					[94.77627841],
					[95.32599432],
					[103.571733],
					[96.97514205],
					[82.68252841],
					[73.88707386],
					[75.53622159],
					[125.0106534],
					[116.7649148],
					[118.4140625],
					[143.1512784],
					[127.209517],
					[128.3089489],
					[172.8359375],
					[174.4850852],
					[161.2919034],
					[167.8884943],
					[128.8586648],
					[128.3089489],
					[150.2975852],
					[151.397017],
					[153.0461648],
					[166.2393466],
					[174.4850852],
					[169.537642],
					[173.3856534],
					[199.2223011],
					[217.3629261],
					[222.3103693],
					[223.4098011],
					[217.3629261],
					[226.1583807],
					[211.3160511],
					[210.2166193],
					[213.5149148],
					[214.0646307],
					[221.2109375],
					[229.4566761],
					[233.8544034],
					[239.9012784],
					[249.7961648],
					[258.5916193],
					[258.0419034],
					[258.5916193],
					[258.0419034],
					[267.9367898],
					[280.0305398],
					[288.8259943],
					[284.428267],
					[268.4865057],
					[256.3927557],
					[248.696733],
					[250.3458807],
					[261.3401989],
					[278.381392],
					[266.287642],
					[264.6384943],
					[277.8316761],
					[277.8316761],
					[282.7791193],
					[324.5575284],
					[276.1825284],
					[266.287642],
					[262.9893466]
				]
			},
			{
				"name": "Sleep Spindle",
				"labelposition": [406.125,37.05610795,94.55113636,16.49147727],
				"symbolposition": [373.6917614,39.8046875,31.33380682,10.44460227],
				"x": [
					[53.75710227],
					[58.70454545],
					[68.59943182],
					[75.19602273],
					[79.59375],
					[94.43607955],
					[100.4829545],
					[110.3778409],
					[114.2258523],
					[120.2727273],
					[124.1207386],
					[129.0681818],
					[134.015625],
					[145.0099432],
					[152.15625],
					[167.5482955],
					[177.9928977],
					[187.8877841],
					[197.7826705],
					[203.2798295],
					[208.7769886],
					[214.2741477],
					[220.3210227],
					[225.2684659],
					[232.9644886],
					[243.4090909],
					[257.7017045],
					[265.3977273],
					[271.4446023],
					[277.4914773],
					[285.1875],
					[289.0355114],
					[295.6321023],
					[302.7784091],
					[308.8252841],
					[319.2698864],
					[329.1647727],
					[335.2116477],
					[338.5099432],
					[347.3053977],
					[356.6505682],
					[362.1477273],
					[367.0951705],
					[373.6917614],
					[375.3409091],
					[381.3877841],
					[384.6860795],
					[395.1306818],
					[401.1775568],
					[407.7741477],
					[413.2713068],
					[423.1661932],
					[431.4119318],
					[442.9559659],
					[450.6519886],
					[466.0440341],
					[472.0909091],
					[476.4886364],
					[480.3366477],
					[484.734375],
					[494.6292614],
					[500.6761364],
					[504.5241477],
					[509.4715909]
				],
				"y": [
					[146.4495739],
					[123.3615057],
					[116.7649148],
					[120.0632102],
					[137.1044034],
					[153.0461648],
					[149.7478693],
					[157.993608],
					[156.8941761],
					[159.6427557],
					[158.5433239],
					[149.7478693],
					[146.4495739],
					[157.993608],
					[157.993608],
					[153.0461648],
					[143.7009943],
					[143.7009943],
					[151.397017],
					[163.490767],
					[186.0291193],
					[188.7776989],
					[185.4794034],
					[183.8302557],
					[201.4211648],
					[171.1867898],
					[151.946733],
					[126.6598011],
					[110.1683239],
					[110.7180398],
					[105.7705966],
					[111.8174716],
					[129.9580966],
					[150.2975852],
					[166.2393466],
					[197.0234375],
					[185.4794034],
					[199.772017],
					[214.0646307],
					[233.3046875],
					[219.0120739],
					[232.7549716],
					[260.240767],
					[246.4978693],
					[238.8018466],
					[234.4041193],
					[242.649858],
					[281.1299716],
					[282.7791193],
					[271.2350852],
					[261.3401989],
					[259.6910511],
					[274.5333807],
					[270.1356534],
					[272.884233],
					[275.0830966],
					[271.2350852],
					[270.1356534],
					[276.1825284],
					[274.5333807],
					[248.696733],
					[244.2990057],
					[248.147017],
					[259.6910511]
				]
			}
		],
		"plotpos": [52.65767045,13.41832386,456.8139205,334.7769886],
		"xax": {
			"titlepos": [218.671875,366.3359375,125.3352273,19.24005682],
			"minpos": [47.16051136,352.5930398,10.99431818,17.04119318],
			"maxpos": [499.5767045,351.493608,18.69034091,15.39204545],
			"type": 1
		},
		"yax": {
			"titlepos": [3.732954545,126.6598011,19.78977273,108.84375],
			"minpos": [23.52272727,339.9495739,28.58522727,15.39204545],
			"maxpos": [22.97301136,5.172585227,28.03551136,16.49147727],
			"type": 1
		}
	}
}
