{
	"data": {
		"imagename": "01540-10.1.1.368.1401-Figure-4",
		"difficult": 0,
		"curves": [
			{
				"name": "max-violation",
				"labelposition": [247.78125,217.350142,124.4744318,22.05255682],
				"symbolposition": [375.1960227,221.7606534,65.17755682,17.15198864],
				"x": [
					[106.1548295],
					[144.3792614],
					[223.7684659],
					[261.9928977],
					[341.8721591],
					[457.5255682]
				],
				"y": [
					[92.87571023],
					[33.57883523],
					[37.49928977],
					[34.06889205],
					[33.57883523],
					[34.06889205]
				]
			},
			{
				"name": "early",
				"labelposition": [324.2301136,239.4026989,46.55539773,20.09232955],
				"symbolposition": [374.2159091,241.852983,62.72727273,12.74147727],
				"x": [
					[107.1349432],
					[143.8892045],
					[222.2982955],
					[260.5227273],
					[341.8721591],
					[455.5653409]
				],
				"y": [
					[93.36576705],
					[46.81036932],
					[28.67826705],
					[37.49928977],
					[36.51917614],
					[45.83025568]
				]
			},
			{
				"name": "standard",
				"labelposition": [289.9261364,257.0447443,82.81960227,18.13210227],
				"symbolposition": [375.1960227,261.4552557,65.66761364,12.25142045],
				"x": [
					[105.6647727],
					[144.3792614],
					[222.7883523],
					[261.0127841],
					[341.3821023],
					[456.0553977]
				],
				"y": [
					[275.1768466],
					[69.35298295],
					[53.18110795],
					[57.59161932],
					[41.90980114],
					[45.34019886]
				]
			}
		],
		"plotpos": [103.2144886,22.30752841,354.3110795,262.6704545],
		"xax": {
			"titlepos": [230.6292614,324.1825284,96.54119318,20.58238636],
			"minpos": [102.7244318,294.2890625,10.29119318,19.60227273],
			"maxpos": [448.2144886,293.7990057,23.52272727,22.05255682],
			"type": 1
		},
		"yax": {
			"titlepos": [4.713068182,5.645596591,33.81392045,300.8948864],
			"minpos": [50.28835227,234.5021307,49.49573864,23.52272727],
			"maxpos": [51.75852273,22.79758523,45.57528409,25.97301136],
			"type": 1
		}
	}
}
