{
	"data": {
		"imagename": "01549-10.1.1.369.5371-Figure-1",
		"difficult": 0,
		"curves": [
			{
				"name": "LIDE",
				"labelposition": [114.2272727,22.02201705,30.74573864,13.66477273],
				"symbolposition": [70.5,24.75497159,41.67755682,12.29829545],
				"x": [
					[130.625],
					[169.5696023],
					[206.4644886],
					[238.5767045],
					[274.1051136],
					[313.0497159],
					[347.8948864],
					[384.7897727],
					[419.6349432],
					[458.5795455],
					[494.1079545],
					[530.3196023],
					[566.53125],
					[602.7428977]
				],
				"y": [
					[439.4808239],
					[434.0149148],
					[431.2819602],
					[424.4495739],
					[413.5177557],
					[395.7535511],
					[380.7223011],
					[354.0759943],
					[335.6285511],
					[298.7336648],
					[250.9069602],
					[216.7450284],
					[143.6384943],
					[85.56321023]
				]
			},
			{
				"name": "BP",
				"labelposition": [112.1775568,41.15269886,22.546875,15.03125],
				"symbolposition": [76.64914773,39.78622159,33.47869318,17.08096591],
				"x": [
					[60.25142045],
					[97.82954545],
					[130.625],
					[168.8863636],
					[204.4147727],
					[239.9431818],
					[276.8380682],
					[311],
					[351.3110795]
				],
				"y": [
					[437.431108],
					[436.7478693],
					[431.2819602],
					[416.2507102],
					[388.9211648],
					[356.1257102],
					[297.3671875],
					[250.2237216],
					[163.4524148]
				]
			}
		],
		"plotpos": [58.88494318,11.09019886,543.1747159,428.390625],
		"xax": {
			"titlepos": [268.6392045,460.6612216,114.1008523,17.76420455],
			"minpos": [52.05255682,439.4808239,19.81392045,16.39772727],
			"maxpos": [584.9786932,441.5305398,32.79545455,14.34801136],
			"type": 1
		},
		"yax": {
			"titlepos": [2.176136364,157.303267,17.08096591,143.4801136],
			"minpos": [45.22017045,429.915483,10.24857955,16.39772727],
			"maxpos": [23.35653409,2.208096591,33.47869318,15.03125],
			"type": 1
		}
	}
}
