{
	"data": {
		"imagename": "01542-10.1.1.188.6094-Figure-6",
		"difficult": 0,
		"curves": [
			{
				"name": "Upper Bound",
				"labelposition": [290.8295455,278.4651989,164.9857955,32.27982955],
				"symbolposition": [259.2670455,284.2038352,31.5625,15.78125],
				"x": [
					[91.41193182],
					[154.5369318],
					[216.2272727],
					[337.4559659],
					[402.7329545],
					[462.2713068],
					[523.2443182],
					[585.6519886],
					[650.2116477]
				],
				"y": [
					[336.568892],
					[217.4921875],
					[163.6924716],
					[119.2180398],
					[95.54616477],
					[82.63423295],
					[80.48224432],
					[69.00497159],
					[62.54900568]
				]
			},
			{
				"name": "iCoseg",
				"labelposition": [290.1122159,312.1796875,95.40482955,30.84517045],
				"symbolposition": [259.2670455,319.352983,31.5625,15.78125],
				"x": [
					[94.99857955],
					[154.5369318],
					[216.9446023],
					[278.6349432],
					[338.1732955],
					[462.2713068],
					[524.6789773],
					[585.6519886],
					[645.9076705]
				],
				"y": [
					[347.3288352],
					[242.5987216],
					[188.7990057],
					[152.9325284],
					[132.8473011],
					[103.4367898],
					[91.2421875],
					[88.37286932],
					[78.33025568]
				]
			},
			{
				"name": "Baseline (Uniform Rec. Map)",
				"labelposition": [290.8295455,349.4808239,353.6434659,29.41051136],
				"symbolposition": [260.7017045,353.7848011,30.84517045,15.06392045],
				"x": [
					[92.84659091],
					[126.5610795],
					[154.5369318],
					[216.2272727],
					[277.2002841],
					[339.6079545],
					[398.4289773],
					[462.9886364],
					[582.7826705],
					[645.9076705]
				],
				"y": [
					[337.2862216],
					[296.3984375],
					[266.9879261],
					[223.9481534],
					[193.102983],
					[169.431108],
					[152.2151989],
					[139.303267],
					[112.0447443],
					[108.4580966]
				]
			},
			{
				"name": "Baseline (single im.)",
				"labelposition": [290.8295455,381.0433239,247.4786932,35.86647727],
				"symbolposition": [264.2883523,388.9339489,27.97585227,15.06392045],
				"x": [
					[94.28125],
					[152.3849432],
					[217.6619318],
					[279.3522727],
					[341.7599432],
					[460.8366477],
					[523.2443182],
					[587.8039773],
					[646.625]
				],
				"y": [
					[330.1129261],
					[295.681108],
					[270.5745739],
					[249.0546875],
					[234.7080966],
					[221.0788352],
					[216.774858],
					[208.884233],
					[206.0149148]
				]
			}
		],
		"plotpos": [82.80397727,16.63991477,572.4289773,426.8110795],
		"xax": {
			"titlepos": [221.2485795,473.5788352,297.6917614,28.69318182],
			"minpos": [73.47869318,453.493608,44.47443182,25.82386364],
			"maxpos": [555.5241477,452.0589489,66.71164773,27.25852273],
			"type": 1
		},
		"yax": {
			"titlepos": [2.463068182,69.00497159,38.01846591,336.4275568],
			"minpos": [46.9375,430.5390625,31.5625,25.82386364],
			"maxpos": [31.15625,5.879971591,49.49573864,27.25852273],
			"type": 1
		}
	}
}
