{
	"data": {
		"imagename": "01541-10.1.1.111.3359-Figure-3",
		"difficult": 0,
		"curves": [
			{
				"name": "LCBE-0 Edit",
				"labelposition": [335.9829545,270.4069602,115.0610795,18.890625],
				"symbolposition": [455.0511364,272.1242898,53.80965909,15.45596591],
				"x": [
					[116.7372159],
					[158.5255682],
					[281.6008523],
					[361.7428977],
					[442.4573864],
					[484.8181818]
				],
				"y": [
					[312.1953125],
					[263.537642],
					[166.2223011],
					[159.352983],
					[150.7663352],
					[150.7663352]
				]
			},
			{
				"name": "LCBE+Spell-0 Edit",
				"labelposition": [279.3110795,291.0149148,170.5880682,16.60085227],
				"symbolposition": [455.6235795,292.7322443,53.23721591,13.73863636],
				"x": [
					[117.3096591],
					[157.3806818],
					[200.8863636],
					[283.890625],
					[363.4602273],
					[406.3934659],
					[444.1747159],
					[485.390625]
				],
				"y": [
					[311.6228693],
					[256.6683239],
					[220.6044034],
					[176.5262784],
					[149.0490057],
					[138.7450284],
					[119.8544034],
					[118.1370739]
				]
			},
			{
				"name": "LCBE+Spell-1 Edit",
				"labelposition": [278.1661932,308.7606534,171.7329545,18.31818182],
				"symbolposition": [454.4786932,309.9055398,54.95454545,13.16619318],
				"x": [
					[118.4545455],
					[158.5255682],
					[199.1690341],
					[240.3849432],
					[279.3110795],
					[485.390625]
				],
				"y": [
					[112.9850852],
					[70.62428977],
					[56.31321023],
					[49.44389205],
					[40.85724432],
					[40.28480114]
				]
			},
			{
				"name": "LCBE-1 Edit",
				"labelposition": [337.7002841,327.6512784,111.0539773,15.45596591],
				"symbolposition": [453.3338068,328.2237216,56.671875,13.16619318],
				"x": [
					[117.3096591],
					[159.6704545],
					[201.4588068],
					[239.2400568],
					[281.0284091],
					[364.6051136],
					[445.3196023],
					[483.1008523]
				],
				"y": [
					[112.9850852],
					[85.5078125],
					[62.61008523],
					[59.17542614],
					[49.44389205],
					[44.29190341],
					[41.4296875],
					[41.4296875]
				]
			}
		],
		"plotpos": [80.10085227,4.220880682,441.3536932,344.0383523],
		"xax": {
			"titlepos": [211.1903409,382.0333807,177.4573864,18.890625],
			"minpos": [108.1505682,357.990767,22.89772727,22.89772727],
			"maxpos": [474.5142045,359.1356534,30.91193182,17.74573864],
			"type": 1
		},
		"yax": {
			"titlepos": [1.103693182,135.8828125,26.90482955,87.01136364],
			"minpos": [34.30539773,338.5276989,42.36079545,22.32528409],
			"maxpos": [57.203125,29.98082386,11.44886364,22.89772727],
			"type": 1
		}
	}
}
