{
	"data": {
		"imagename": "01554-10.1.1.298.8002-Figure-2",
		"difficult": 0,
		"curves": [
			{
				"name": "Normal Users",
				"labelposition": [477.0513069,89.09148112,105.9002904,19.8964182],
				"symbolposition": [443.6766699,90.37512101,23.10551791,16.68731849],
				"x": [
					[92.60116167],
					[185.6650532],
					[202.3523717],
					[212.6214908],
					[234.4433688],
					[245.3543078],
					[256.9070668],
					[269.1016457],
					[278.7289448],
					[289.6398838],
					[299.9090029],
					[312.7454017],
					[326.8654405],
					[353.1800581],
					[403.8838335],
					[434.6911907],
					[470.6331075],
					[523.2623427],
					[636.2226525]
				],
				"y": [
					[347.7449177],
					[347.7449177],
					[339.4012585],
					[311.803001],
					[213.6045499],
					[187.2899322],
					[193.7081317],
					[217.4554695],
					[234.142788],
					[240.5609874],
					[258.5319458],
					[288.6974831],
					[298.9666021],
					[311.803001],
					[336.1921588],
					[344.535818],
					[347.7449177],
					[347.7449177],
					[348.3867377]
				]
			},
			{
				"name": "Spammers",
				"labelposition": [475.125847,107.0624395,87.2875121,22.46369797],
				"symbolposition": [442.39303,108.3460794,26.31461762,16.04549855],
				"x": [
					[89.39206196],
					[249.8470474],
					[264.6089061],
					[278.0871249],
					[292.2071636],
					[302.4762827],
					[312.7454017],
					[324.2981607],
					[332.6418199],
					[344.1945789],
					[358.9564376],
					[378.8528558],
					[411.5856728],
					[440.4675702],
					[498.231365],
					[509.7841239],
					[552.78606],
					[636.2226525]
				],
				"y": [
					[347.1030978],
					[347.7449177],
					[340.6848984],
					[311.803001],
					[222.590029],
					[120.5406583],
					[52.50774443],
					[79.46418199],
					[152.6316554],
					[244.4119071],
					[293.1902227],
					[334.9085189],
					[345.8194579],
					[345.8194579],
					[345.8194579],
					[345.8194579],
					[348.3867377],
					[347.1030978]
				]
			}
		],
		"plotpos": [66.92836399,6.296708616,592.3998064,354.9264279],
		"xax": {
			"titlepos": [285.1471442,402.2996128,154.678606,19.8964182],
			"minpos": [70.1374637,374.7013553,21.82187803,21.18005808],
			"maxpos": [628.5208132,372.7758955,26.31461762,24.38915779],
			"type": 1
		},
		"yax": {
			"titlepos": [3.388189739,152.6316554,23.10551791,68.03291384],
			"minpos": [34.19554695,332.9830591,21.18005808,33.37463698],
			"maxpos": [33.55372701,11.43126815,21.82187803,40.43465634],
			"type": 1
		}
	}
}
