{
	"data": {
		"imagename": "01566-10.1.1.208.2318-Figure-10",
		"difficult": 0,
		"curves": [
			{
				"name": "Huffman",
				"labelposition": [307.328125,22.95809659,71.953125,21.36789773],
				"symbolposition": [255.8707386,25.13849432,51.45738636,16.13494318],
				"x": [
					[68.79261364],
					[114.1448864],
					[175.1960227],
					[247.1491477]
				],
				"y": [
					[101.8884943],
					[223.118608],
					[237.0731534],
					[227.915483]
				]
			},
			{
				"name": "Gagie",
				"labelposition": [306.8920455,46.0703125,52.765625,20.93181818],
				"symbolposition": [258.9232955,46.50639205,47.09659091,16.57102273],
				"x": [
					[63.55965909],
					[85.79971591],
					[113.2727273],
					[165.1661932],
					[377.1008523]
				],
				"y": [
					[60.4609375],
					[123.256392],
					[189.9765625],
					[211.3444602],
					[214.397017]
				]
			}
		],
		"plotpos": [53.96590909,12.92826705,333.6008523,245.9488636],
		"xax": {
			"titlepos": [176.0681818,283.2975852,90.26846591,21.36789773],
			"minpos": [49.60511364,265.4183239,10.02982955,19.1875],
			"maxpos": [313.4332386,264.5461648,37.50284091,19.1875],
			"type": 1
		},
		"yax": {
			"titlepos": [3.380681818,48.68678977,23.54829545,171.8153409],
			"minpos": [37.39488636,250.1555398,13.95454545,17.87926136],
			"maxpos": [26.92897727,3.334517045,24.42045455,20.49573864],
			"type": 1
		}
	}
}
