{
	"data": {
		"imagename": "01563-10.1.1.319.4464-Figure-3",
		"difficult": 0,
		"curves": [
			{
				"name": "Expert 1",
				"labelposition": [502.4143272,20.72846079,59.0125847,16.59728945],
				"symbolposition": [563.8857696,25.03146176,46.1035818,9.22071636],
				"x": [
					[74.57308809],
					[92.39980639],
					[100.3910939],
					[112.070668],
					[120.6766699],
					[129.8973863],
					[139.1181026],
					[146.4946757],
					[155.7153921],
					[164.9361084],
					[177.2303969],
					[183.3775411],
					[192.5982575],
					[201.2042594],
					[211.0396902],
					[220.2604066],
					[228.2516941],
					[239.9312682],
					[249.1519845],
					[273.7405615],
					[283.5759923],
					[292.7967086],
					[302.017425],
					[318],
					[329.6795741],
					[338.285576],
					[346.2768635],
					[354.8828654],
					[362.874153],
					[372.0948693],
					[385.0038722],
					[394.2245886],
					[401.6011617],
					[412.0513069],
					[418.1984511],
					[427.4191675],
					[436.6398838],
					[445.8606002],
					[454.4666021],
					[474.7521781],
					[483.9728945],
					[493.1936108],
					[518.3969022],
					[528.8470474],
					[536.2236205],
					[546.6737657],
					[557.1239109],
					[566.3446273],
					[574.3359148],
					[583.5566312],
					[602.6127783],
					[610.6040658]
				],
				"y": [
					[243.2550823],
					[235.2637948],
					[243.2550823],
					[240.1815102],
					[242.0256534],
					[226.0430784],
					[224.8136496],
					[234.6490803],
					[261.0818006],
					[250.0169409],
					[259.2376573],
					[255.5493708],
					[264.7700871],
					[264.7700871],
					[291.2028074],
					[279.5232333],
					[281.982091],
					[281.982091],
					[285.0556631],
					[280.1379477],
					[283.8262343],
					[270.3025169],
					[268.4583737],
					[254.3199419],
					[252.4757986],
					[266.6142304],
					[261.0818006],
					[261.696515],
					[253.7052275],
					[253.7052275],
					[249.4022265],
					[248.7875121],
					[245.0992256],
					[253.0905131],
					[272.7613746],
					[275.8349468],
					[272.1466602],
					[261.0818006],
					[261.0818006],
					[219.2812197],
					[214.9782188],
					[207.6016457],
					[208.2163601],
					[197.1515005],
					[206.9869313],
					[214.9782188],
					[192.8484995],
					[197.1515005],
					[195.9220716],
					[205.142788],
					[202.6839303],
					[195.9220716]
				]
			},
			{
				"name": "Expert 2",
				"labelposition": [503.0290416,36.71103582,59.0125847,16.59728945],
				"symbolposition": [563.8857696,39.16989351,44.87415295,13.52371733],
				"x": [
					[75.80251694],
					[83.17909003],
					[93.01452081],
					[112.070668],
					[119.447241],
					[129.2826718],
					[145.8799613],
					[157.5595353],
					[168.0096805],
					[174.1568248],
					[183.3775411],
					[197.5159729],
					[214.1132623],
					[226.4075508],
					[238.0871249],
					[248.5372701],
					[255.2991288],
					[263.9051307],
					[276.1994192],
					[281.1171346],
					[292.1819942],
					[300.1732817],
					[318.6147144],
					[337.6708616],
					[356.7270087],
					[366.5624395],
					[383.1597289],
					[392.3804453],
					[397.9128751],
					[420.0425944],
					[429.2633107],
					[438.4840271],
					[447.7047435],
					[456.3107454],
					[464.3020329],
					[476.5963214],
					[493.8083253],
					[510.4056147],
					[517.7821878],
					[529.4617619],
					[536.2236205],
					[544.214908],
					[553.4356244],
					[563.2710552],
					[574.3359148],
					[592.7773475],
					[605.6863504]
				],
				"y": [
					[80.35575992],
					[65.60261375],
					[86.50290416],
					[103.1001936],
					[127.0740561],
					[125.2299129],
					[155.3509197],
					[198.9956438],
					[198.3809293],
					[207.6016457],
					[207.6016457],
					[218.6665053],
					[223.5842207],
					[232.8049371],
					[236.4932236],
					[222.9695063],
					[230.9607938],
					[251.2463698],
					[264.7700871],
					[252.4757986],
					[246.3286544],
					[237.7226525],
					[255.5493708],
					[292.4322362],
					[311.4883833],
					[310.2589545],
					[313.947241],
					[320.7090997],
					[312.7178122],
					[321.3238141],
					[317.0208132],
					[299.1940949],
					[298.5793804],
					[302.267667],
					[309.6442401],
					[285.0556631],
					[285.0556631],
					[275.8349468],
					[277.67909],
					[272.7613746],
					[262.9259439],
					[278.2938045],
					[285.0556631],
					[272.1466602],
					[277.67909],
					[281.3673766],
					[272.7613746]
				]
			}
		],
		"plotpos": [74.57308809,16.42545983,545.2516941,321.4956438],
		"xax": {
			"titlepos": [321.0735721,369.2715392,52.86544046,18.44143272],
			"minpos": [62.27879961,347.1418199,30.7357212,14.13843175],
			"maxpos": [605.6863504,344.6829622,28.89157793,20.28557599],
			"type": 1
		},
		"yax": {
			"titlepos": [3.266214908,158.4244918,14.13843175,39.95643756],
			"minpos": [41.99322362,329.3151016,28.2768635,17.21200387],
			"maxpos": [41.99322362,5.360600194,28.89157793,19.05614714],
			"type": 1
		}
	}
}
