{
	"data": {
		"imagename": "01576-10.1.1.34.3648-Figure-7",
		"difficult": 0,
		"curves": [
			{
				"name": "K-means",
				"labelposition": [66.28654405,17.08760891,55.196515,13.47821878],
				"symbolposition": [124.6921588,20.93852856,43.64375605,8.985479187],
				"x": [
					[117.6321394],
					[176.0377541],
					[234.4433688],
					[292.8489835],
					[351.2545983],
					[409.018393],
					[525.1878025],
					[583.5934172]
				],
				"y": [
					[216.6936108],
					[133.8988383],
					[111.4351404],
					[131.9733785],
					[84.47870281],
					[64.58228461],
					[85.12052275],
					[90.25508228]
				]
			},
			{
				"name": "X-means",
				"labelposition": [66.92836399,31.20764763,53.91287512,12.83639884],
				"symbolposition": [121.4830591,29.92400774,44.92739593,12.83639884],
				"x": [
					[117.6321394],
					[176.0377541],
					[231.8760891],
					[290.9235237],
					[349.9709584],
					[409.660213],
					[468.7076476],
					[526.4714424],
					[581.6679574]
				],
				"y": [
					[359.8194579],
					[322.5939013],
					[304.6229429],
					[340.5648596],
					[305.2647628],
					[316.1757018],
					[316.8175218],
					[323.8775411],
					[306.5484027]
				]
			},
			{
				"name": "true",
				"labelposition": [93.24298161,43.40222652,28.88189739,11.55275895],
				"symbolposition": [124.0503388,44.04404647,40.43465634,12.1945789],
				"x": [
					[116.9903195],
					[586.160697]
				],
				"y": [
					[157.6461762],
					[157.6461762]
				]
			}
		],
		"plotpos": [57.30106486,12.59486931,583.4143272,401.7792836],
		"xax": {
			"titlepos": [327.5072604,434.2705712,45.56921588,13.47821878],
			"minpos": [51.52468538,420.1505324,15.40367861,18.61277832],
			"maxpos": [622.7444337,420.1505324,38.50919652,14.12003872],
			"type": 1
		},
		"yax": {
			"titlepos": [0.820909971,170.482575,14.12003872,87.92933204],
			"minpos": [32.27008712,406.0304937,19.8964182,16.04549855],
			"maxpos": [28.41916747,5.534849952,23.74733785,14.76185866],
			"type": 1
		}
	}
}
