{
	"data": {
		"imagename": "01571-10.1.1.4.5377-Figure-1",
		"difficult": 0,
		"curves": [
			{
				"name": "Probabilistic",
				"labelposition": [134.3977273,54.30326705,147.0880682,27.09517045],
				"symbolposition": [74.78835227,57.39985795,57.28693182,20.90198864],
				"x": [
					[120.4630682],
					[207.1676136],
					[272.9701705],
					[430.1221591],
					[563.2755682]
				],
				"y": [
					[312.0944602],
					[293.5149148],
					[262.5490057],
					[231.5830966],
					[160.3615057]
				]
			},
			{
				"name": "Recursive MDL",
				"labelposition": [135.171875,84.49502841,181.1505682,27.86931818],
				"symbolposition": [77.11079545,86.81747159,50.31960227,22.45028409],
				"x": [
					[118.9147727],
					[211.0383523],
					[276.8409091],
					[430.8963068],
					[564.0497159]
				],
				"y": [
					[334.5447443],
					[329.899858],
					[291.9666193],
					[263.3231534],
					[206.8103693]
				]
			},
			{
				"name": "Linguistica",
				"labelposition": [134.3977273,110.8160511,125.4119318,31.74005682],
				"symbolposition": [78.65909091,116.2350852,49.54545455,20.90198864],
				"x": [
					[120.4630682],
					[209.4900568],
					[276.8409091],
					[430.8963068],
					[500.5696023],
					[563.2755682]
				],
				"y": [
					[363.1882102],
					[356.2208807],
					[329.1257102],
					[294.2890625],
					[295.0632102],
					[267.9680398]
				]
			},
			{
				"name": "No segmentation",
				"labelposition": null,
				"symbolposition": null,
				"x": [
					[120.4630682],
					[211.0383523],
					[273.7443182],
					[430.1221591],
					[495.9247159],
					[562.5014205]
				],
				"y": [
					[382.5419034],
					[370.1555398],
					[346.931108],
					[318.287642],
					[284.9992898],
					[267.9680398]
				]
			}
		],
		"plotpos": [61.62784091,43.46519886,559.7088068,441.2642045],
		"xax": {
			"titlepos": [93.36789773,513.3728693,498.5511364,28.64346591],
			"minpos": [107.3025568,494.0191761,27.86931818,17.80539773],
			"maxpos": [535.40625,489.3742898,55.73863636,23.99857955],
			"type": 2
		},
		"yax": {
			"titlepos": [5.115056818,32.62713068,27.09517045,457.5213068],
			"minpos": [44.59659091,471.568892,17.80539773,33.28835227],
			"maxpos": [32.21022727,31.07883523,29.41761364,27.09517045],
			"type": 1
		}
	}
}
