{
	"data": {
		"imagename": "01580-10.1.1.206.5167-Figure-4",
		"difficult": 0,
		"curves": [
			{
				"name": "SAGE",
				"labelposition": [133.0677638,16.43223621,45.91481123,18.00580833],
				"symbolposition": [78.1500484,17.33252662,51.76669894,15.30493708],
				"x": [
					[62.39496612],
					[150.1732817],
					[192.9370765],
					[235.7008712],
					[280.2652469],
					[323.4791868],
					[365.7928364],
					[408.5566312],
					[450.4201355]
				],
				"y": [
					[250.5077444],
					[250.5077444],
					[237.9036786],
					[217.6471442],
					[172.1824782],
					[166.3305905],
					[129.4186834],
					[81.70329138],
					[6.078896418]
				]
			},
			{
				"name": "Dirichlet-multinomial",
				"labelposition": [134.4181994,36.68877057,145.8470474,18.00580833],
				"symbolposition": [77.24975799,35.33833495,57.16844143,20.25653437],
				"x": [
					[64.19554695],
					[106.0590513],
					[150.1732817],
					[194.7376573],
					[280.7153921],
					[323.4791868],
					[409.4569216],
					[450.8702807]
				],
				"y": [
					[133.0198451],
					[177.1340755],
					[187.9375605],
					[191.5387222],
					[191.088577],
					[184.786544],
					[169.481607],
					[160.4787028]
				]
			}
		],
		"plotpos": [63.29525653,5.178606002,388.0251694,246.6795741],
		"xax": {
			"titlepos": [168.17909,274.8155857,176.0067764,20.25653437],
			"minpos": [100.2071636,257.2599226,12.60406583,18.00580833],
			"maxpos": [440.0667957,258.6103582,22.50726041,18.90609874],
			"type": 1
		},
		"yax": {
			"titlepos": [2.525653437,35.33833495,21.60696999,197.6137464],
			"minpos": [26.83349468,206.8436592,34.21103582,17.55566312],
			"maxpos": [34.03581801,16.43223621,27.00871249,17.55566312],
			"type": 1
		}
	}
}
