{
	"data": {
		"imagename": "01585-10.1.1.247.5667-Figure-3",
		"difficult": 0,
		"curves": [
			{
				"name": "0",
				"labelposition": [547.892546,98.58615682,11.79090029,16.50726041],
				"symbolposition": [519.0048403,99.76524685,29.47725073,14.14908035],
				"x": [
					[126.3678606],
					[237.2023233],
					[345.678606],
					[455.9235237]
				],
				"y": [
					[179.9433688],
					[123.3470474],
					[96.81752178],
					[89.74298161]
				]
			},
			{
				"name": "1-9",
				"labelposition": [548.482091,125.7052275,31.24588577,17.09680542],
				"symbolposition": [519.5943853,125.7052275,28.88770571,14.14908035],
				"x": [
					[127.5469506],
					[234.2545983],
					[344.499516],
					[452.3862536]
				],
				"y": [
					[173.4583737],
					[112.7352372],
					[89.74298161],
					[85.61616651]
				]
			},
			{
				"name": "10-99",
				"labelposition": [549.071636,152.2347531,44.8054211,17.09680542],
				"symbolposition": [523.1316554,149.8765731,26.52952565,16.50726041],
				"x": [
					[125.7783156],
					[236.0232333],
					[344.499516],
					[455.3339787]
				],
				"y": [
					[137.4961278],
					[85.61616651],
					[66.16118103],
					[64.39254598]
				]
			},
			{
				"name": "100-999",
				"labelposition": [549.661181,176.9956438,55.41723136,18.27589545],
				"symbolposition": [523.1316554,177.5851888,25.93998064,13.55953533],
				"x": [
					[125.7783156],
					[234.8441433],
					[346.268151],
					[452.3862536]
				],
				"y": [
					[97.99661181],
					[60.8552759],
					[57.31800581],
					[53.78073572]
				]
			}
		],
		"plotpos": [70.36108422,41.40029042,438.6214908,147.9757986],
		"xax": {
			"titlepos": [226.5905131,232.4128751,126.1626331,17.09680542],
			"minpos": [112.8083253,207.0624395,27.70861568,20.63407551],
			"maxpos": [441.7744434,203.5251694,27.70861568,22.40271055],
			"type": 1
		},
		"yax": {
			"titlepos": [2.563407551,41.40029042,18.27589545,173.3262343],
			"minpos": [23.78702807,180.5329138,38.90997096,19.45498548],
			"maxpos": [26.14520813,34.91529526,34.78315586,18.86544046],
			"type": 1
		}
	}
}
