{
	"data": {
		"imagename": "01582-10.1.1.301.3656-Figure-1",
		"difficult": 0,
		"curves": [
			{
				"name": "BNC",
				"labelposition": [560.8565341,52.75497159,44.90056818,20.12784091],
				"symbolposition": [512.0852273,55.8515625,44.90056818,17.03125],
				"x": 110.3025568,
				"y": 106.9453125
			},
			{
				"name": "AP",
				"labelposition": [559.3082386,77.52769886,28.64346591,18.57954545],
				"symbolposition": [512.859375,75.20525568,44.12642045,20.90198864],
				"x": [
					[119.5923295],
					[167.5894886],
					[197.0071023],
					[242.6818182],
					[272.0994318],
					[364.2230114],
					[429.2514205],
					[491.1832386]
				],
				"y": [
					[168.8771307],
					[219.9708807],
					[252.4850852],
					[267.193892],
					[279.5802557],
					[301.256392],
					[313.6427557],
					[321.384233]
				]
			},
			{
				"name": "NYT",
				"labelposition": [559.3082386,96.88139205,44.90056818,17.80539773],
				"symbolposition": [510.5369318,98.4296875,46.44886364,16.25710227],
				"x": [
					[116.4957386],
					[163.71875],
					[209.3934659],
					[286.0340909],
					[337.9019886],
					[377.3835227],
					[443.1860795],
					[482.6676136],
					[551.5667614],
					[619.6917614]
				],
				"y": [
					[206.0362216],
					[269.5163352],
					[314.4169034],
					[338.415483],
					[354.6725852],
					[356.9950284],
					[363.962358],
					[368.6072443],
					[370.9296875],
					[377.897017]
				]
			},
			{
				"name": "Google",
				"labelposition": [559.3082386,115.4609375,62.70596591,23.22443182],
				"symbolposition": [512.0852273,121.6541193,44.12642045,10.06392045],
				"x": [
					[66.95028409],
					[621.2400568]
				],
				"y": [
					[363.1882102],
					[361.6399148]
				]
			}
		],
		"plotpos": [66.17613636,44.23934659,561.2571023,443.5866477],
		"xax": {
			"titlepos": [126.5596591,519.5660511,453.6505682,23.22443182],
			"minpos": [57.66051136,500.212358,17.03125,21.67613636],
			"maxpos": [593.3707386,498.6640625,29.41761364,26.32102273],
			"type": 1
		},
		"yax": {
			"titlepos": [4.244318182,178.1669034,25.546875,185.7954545],
			"minpos": [40.62926136,480.8586648,17.03125,20.12784091],
			"maxpos": [29.79119318,34.17542614,27.86931818,21.67613636],
			"type": 1
		}
	}
}
