{
	"data": {
		"imagename": "01583-10.1.1.112.7020-Figure-22",
		"difficult": 0,
		"curves": [
			{
				"name": "px-1",
				"labelposition": [208.2013553,8.333494676,52.90222652,30.05808325],
				"symbolposition": [155.9002904,13.142788,51.09874153,13.8267183],
				"x": [
					[176.9409487],
					[296.57212],
					[419.8102614],
					[555.071636]
				],
				"y": [
					[84.68102614],
					[76.26476283],
					[70.25314618],
					[67.24733785]
				]
			},
			{
				"name": "px-5",
				"labelposition": [315.8092933,5.928848015,53.50338819,31.26040658],
				"symbolposition": [265.9128751,11.94046467,48.0929332,15.63020329],
				"x": [
					[175.7386254],
					[312.803485],
					[552.6669894]
				],
				"y": [
					[142.9937076],
					[133.375121],
					[127.964666]
				]
			},
			{
				"name": "px-10",
				"labelposition": [421.6137464,4.12536302,66.72894482,33.06389158],
				"symbolposition": [374.7231365,13.142788,46.28944821,13.8267183],
				"x": [
					[175.7386254],
					[297.1732817],
					[554.4704743]
				],
				"y": [
					[195.2947725],
					[186.2773475],
					[182.0692159]
				]
			},
			{
				"name": "px-25",
				"labelposition": [543.6495644,5.32768635,64.92545983,30.65924492],
				"symbolposition": [494.9554695,14.34511133,46.89060987,15.63020329],
				"x": [
					[175.7386254],
					[421.6137464],
					[556.2739593]
				],
				"y": [
					[282.4632139],
					[279.4574056],
					[279.4574056]
				]
			}
		],
		"plotpos": [111.4143272,43.20087125,505.5769603,287.3552759],
		"xax": {
			"titlepos": [250.8838335,360.0130687,227.8402711,33.06389158],
			"minpos": [137.8654405,295.0876089,80.55566312,31.86156825],
			"maxpos": [516.5972894,295.6887706,82.96030978,31.26040658],
			"type": 1
		},
		"yax": {
			"titlepos": [3.205227493,100.3112294,42.68247822,187.5624395],
			"minpos": [41.67957406,314.3247822,51.09874153,35.46853824],
			"maxpos": [47.69119071,25.76718296,46.28944821,32.46272991],
			"type": 1
		}
	}
}
