{
	"data": {
		"imagename": "01595-10.1.1.149.7718-Figure-7",
		"difficult": 0,
		"curves": [
			{
				"name": "tf-idf (2000)",
				"labelposition": [132.4161932,227.647017,134.6505682,20.62215909],
				"symbolposition": [103.3025568,227.040483,29.11363636,20.62215909],
				"x": [
					[152.4318182],
					[222.1832386],
					[278.5909091],
					[326.5071023],
					[362.2926136],
					[396.8650568],
					[425.9786932],
					[458.7315341],
					[485.4190341],
					[518.7784091],
					[540.6136364],
					[559.4161932]
				],
				"y": [
					[51.75213068],
					[65.70241477],
					[81.47230114],
					[98.45525568],
					[121.5035511],
					[143.3387784],
					[163.3544034],
					[188.8288352],
					[213.0901989],
					[243.4169034],
					[279.8089489],
					[359.8714489]
				]
			},
			{
				"name": "binary (1000)",
				"labelposition": [130.5965909,250.0887784,138.8963068,19.40909091],
				"symbolposition": [102.0894886,250.6953125,28.50710227,18.80255682],
				"x": [
					[151.8252841],
					[205.8068182],
					[259.1818182],
					[306.4914773],
					[342.2769886],
					[380.4886364],
					[413.2414773],
					[445.9943182],
					[476.3210227],
					[504.2215909],
					[532.7286932],
					[558.8096591]
				],
				"y": [
					[53.57173295],
					[66.30894886],
					[79.65269886],
					[96.63565341],
					[113.0120739],
					[134.240767],
					[156.6825284],
					[182.1569602],
					[214.303267],
					[248.2691761],
					[288.3004261],
					[354.412642]
				]
			},
			{
				"name": "deep (7)",
				"labelposition": [132.4161932,275.5632102,78.24289773,18.19602273],
				"symbolposition": [102.6960227,275.5632102,29.72017045,16.98295455],
				"x": [
					[124.53125],
					[189.4303977],
					[284.0497159],
					[334.9985795],
					[378.6690341],
					[427.1917614],
					[466.0099432],
					[504.2215909],
					[539.4005682],
					[564.2684659],
					[577.0056818]
				],
				"y": [
					[49.93252841],
					[52.96519886],
					[63.8828125],
					[68.73508523],
					[72.98082386],
					[79.04616477],
					[85.71803977],
					[102.0944602],
					[122.1100852],
					[172.4524148],
					[306.4964489]
				]
			},
			{
				"name": "deep (20)",
				"labelposition": [133.6292614,297.3984375,87.34090909,20.62215909],
				"symbolposition": [103.3025568,297.3984375,29.11363636,17.58948864],
				"x": [
					[156.0710227],
					[214.9048295],
					[274.3451705],
					[321.0482955],
					[367.7514205],
					[412.6349432],
					[453.2727273],
					[489.6647727],
					[519.3849432],
					[545.4659091],
					[568.5142045],
					[577.6122159]
				],
				"y": [
					[15.96661932],
					[22.03196023],
					[25.67116477],
					[28.70383523],
					[35.98224432],
					[43.26065341],
					[52.96519886],
					[71.16122159],
					[91.78338068],
					[119.6839489],
					[174.272017],
					[308.3160511]
				]
			},
			{
				"name": "DBN pre-trained (20)",
				"labelposition": [133.6292614,319.8401989,206.828125,18.80255682],
				"symbolposition": [100.2698864,319.2336648,32.14630682,17.58948864],
				"x": [
					[123.3181818],
					[187.6107955],
					[282.8366477],
					[325.2940341],
					[365.9318182],
					[404.1434659],
					[440.5355114],
					[476.9275568],
					[507.8607955],
					[536.3678977],
					[556.3835227]
				],
				"y": [
					[57.2109375],
					[71.76775568],
					[91.78338068],
					[104.5205966],
					[118.4708807],
					[136.0603693],
					[159.7151989],
					[183.3700284],
					[213.696733],
					[258.5802557],
					[347.134233]
				]
			},
			{
				"name": "DBN fine-tuned (20)",
				"labelposition": [130.5965909,342.8884943,203.1889205,18.80255682],
				"symbolposition": [103.3025568,342.2819602,27.29403409,18.19602273],
				"x": [
					[155.4644886],
					[285.8693182],
					[375.0298295],
					[414.4545455],
					[449.0269886],
					[482.3863636],
					[513.3196023],
					[540.6136364],
					[561.8423295],
					[573.9730114]
				],
				"y": [
					[12.32741477],
					[20.21235795],
					[28.09730114],
					[37.1953125],
					[51.14559659],
					[67.52201705],
					[94.20951705],
					[125.7492898],
					[171.2393466],
					[304.6768466]
				]
			}
		],
		"plotpos": [72.36931818,9.294744318,502.8167614,377.2642045],
		"xax": {
			"titlepos": [288.2954545,409.0007102,77.63636364,16.37642045],
			"minpos": [39.61647727,392.6242898,50.94886364,20.62215909],
			"maxpos": [561.2357955,390.8046875,30.93323864,23.65482955],
			"type": 2
		},
		"yax": {
			"titlepos": [3.830965909,145.7649148,19.40909091,104.9303977],
			"minpos": [33.55113636,379.8870739,35.17897727,15.76988636],
			"maxpos": [34.76420455,21.42542614,35.17897727,18.19602273],
			"type": 1
		}
	}
}
