{
	"data": {
		"imagename": "01611-10.1.1.152.5914-Figure-1",
		"difficult": 0,
		"curves": [
			{
				"name": "least-confidence",
				"labelposition": [473.6548295,383.1725852,99.96875,12.98295455],
				"symbolposition": [576.2201705,383.821733,38.94886364,11.68465909],
				"x": [
					[139.9928977],
					[189.9772727],
					[235.4176136],
					[280.8579545],
					[328.2457386],
					[374.3352273],
					[421.0738636],
					[467.1633523],
					[512.6036932],
					[559.9914773],
					[607.3792614]
				],
				"y": [
					[396.8046875],
					[236.4651989],
					[174.7961648],
					[118.9694602],
					[93.65269886],
					[84.56463068],
					[65.09019886],
					[65.09019886],
					[62.49360795],
					[60.54616477],
					[60.54616477]
				]
			},
			{
				"name": "random",
				"labelposition": [526.2357955,396.8046875,46.08948864,11.68465909],
				"symbolposition": [574.2727273,398.102983,42.84375,9.088068182],
				"x": [
					[139.9928977],
					[188.6789773],
					[234.7684659],
					[281.5071023],
					[326.2982955],
					[378.2301136],
					[421.0738636],
					[465.8650568],
					[512.6036932],
					[561.9389205],
					[606.7301136]
				],
				"y": [
					[394.8572443],
					[278.6598011],
					[237.7634943],
					[204.0078125],
					[150.1285511],
					[128.0575284],
					[117.6711648],
					[86.51207386],
					[76.12571023],
					[68.3359375],
					[61.84446023]
				]
			}
		],
		"plotpos": [71.83238636,11.2109375,556.96875,403.1207386],
		"xax": {
			"titlepos": [313.3153409,437.7009943,76.59943182,16.22869318],
			"minpos": [64.69176136,419.524858,18.17613636,12.98295455],
			"maxpos": [615.8181818,419.524858,31.15909091,15.57954545],
			"type": 1
		},
		"yax": {
			"titlepos": [3.671875,204.0078125,16.22869318,20.12357955],
			"minpos": [36.77840909,406.5419034,30.50994318,16.87784091],
			"maxpos": [42.62073864,5.368607955,24.01846591,12.98295455],
			"type": 1
		}
	}
}
