{
	"data": {
		"imagename": "01626-10.1.1.324.1091-Figure-7",
		"difficult": 0,
		"curves": [
			{
				"name": "Minimizing Uf",
				"labelposition": [290.0710227,235.4879261,92.16335227,20.60795455],
				"symbolposition": [259.1590909,242.9296875,32.05681818,6.296875],
				"x": [
					[43.34801136],
					[47.92755682],
					[47.92755682],
					[50.78977273],
					[53.65198864],
					[55.94176136],
					[63.38352273],
					[69.68039773],
					[69.68039773],
					[84.56392045],
					[92.00568182],
					[93.72301136],
					[97.15767045],
					[102.3096591],
					[112.6136364],
					[124.6349432],
					[125.7798295],
					[179.5894886],
					[196.1903409],
					[224.2400568],
					[254.0071023],
					[268.890625],
					[291.2159091],
					[308.3892045],
					[445.7755682],
					[486.9914773]
				],
				"y": [
					[344.8245739],
					[325.3615057],
					[261.8203125],
					[220.0319602],
					[192.5546875],
					[171.3742898],
					[152.4836648],
					[147.9041193],
					[142.7521307],
					[112.9850852],
					[108.977983],
					[101.5362216],
					[86.65269886],
					[74.63139205],
					[72.34161932],
					[56.88565341],
					[43.71946023],
					[34.56036932],
					[29.98082386],
					[27.69105114],
					[26.54616477],
					[24.82883523],
					[20.82173295],
					[19.10440341],
					[16.2421875],
					[12.80752841]
				]
			},
			{
				"name": "Minimizing UR",
				"labelposition": [284.9190341,254.9509943,97.88778409,22.89772727],
				"symbolposition": [257.4417614,262.3927557,25.75994318,11.44886364],
				"x": [
					[43.92045455],
					[47.92755682],
					[50.21732955],
					[52.50710227],
					[53.65198864],
					[53.65198864],
					[56.51420455],
					[58.80397727],
					[63.38352273],
					[65.67329545],
					[72.54261364],
					[83.41903409],
					[84.56392045],
					[90.28835227],
					[100.5923295],
					[109.1789773],
					[117.765625],
					[138.3735795],
					[183.0241477],
					[221.9502841],
					[247.7102273],
					[293.5056818],
					[357.046875],
					[401.6974432],
					[481.2670455]
				],
				"y": [
					[359.1356534],
					[320.7819602],
					[311.0504261],
					[237.2052557],
					[233.1981534],
					[188.5475852],
					[173.6640625],
					[164.5049716],
					[150.7663352],
					[129.0134943],
					[104.9708807],
					[90.65980114],
					[88.37002841],
					[85.5078125],
					[71.19673295],
					[63.75497159],
					[60.89275568],
					[33.98792614],
					[26.54616477],
					[25.40127841],
					[20.24928977],
					[16.81463068],
					[16.81463068],
					[14.52485795],
					[12.80752841]
				]
			}
		],
		"plotpos": [43.92045455,12.23508523,448.7954545,352.625],
		"xax": {
			"titlepos": [209.3565341,383.7507102,119.640625,17.74573864],
			"minpos": [41.05823864,370.584517,9.731534091,14.31107955],
			"maxpos": [486.9914773,370.584517,10.87642045,14.31107955],
			"type": 1
		},
		"yax": {
			"titlepos": [4.421875,130.1583807,17.74573864,113.9161932],
			"minpos": [31.89914773,357.4183239,11.44886364,14.88352273],
			"maxpos": [31.32670455,4.220880682,11.44886364,18.31818182],
			"type": 1
		}
	}
}
