{
	"data": {
		"imagename": "01635-10.1.1.54.4065-Figure-6",
		"difficult": 0,
		"curves": [
			{
				"name": "Large Cup",
				"labelposition": [129.5681818,116.0745739,58.25710227,18.79261364],
				"symbolposition": [95.74147727,117.9538352,32.57386364,11.27556818],
				"x": [
					[52.51846591],
					[120.171875],
					[137.7116477],
					[148.9872159],
					[169.0326705],
					[184.0667614],
					[202.2329545],
					[221.0255682],
					[251.09375],
					[286.1732955],
					[320],
					[352.5738636],
					[412.0838068],
					[485.375],
					[525.4659091],
					[541.1264205],
					[559.2926136],
					[576.2059659],
					[595.625],
					[613.7911932],
					[626.3196023]
				],
				"y": [
					[70.34588068],
					[70.97230114],
					[72.22514205],
					[65.9609375],
					[65.9609375],
					[57.19105114],
					[57.19105114],
					[62.82883523],
					[62.20241477],
					[62.20241477],
					[63.45525568],
					[60.32315341],
					[46.54190341],
					[25.24360795],
					[13.96803977],
					[12.08877841],
					[18.97940341],
					[44.66264205],
					[57.19105114],
					[65.9609375],
					[74.10440341]
				]
			},
			{
				"name": "Small Cup",
				"labelposition": [129.5681818,136.7464489,60.13636364,16.91335227],
				"symbolposition": [95.11505682,136.7464489,33.20028409,11.90198864],
				"x": [
					[54.39772727],
					[137.0852273],
					[200.9801136],
					[218.5198864],
					[265.5014205],
					[301.2073864],
					[346.3096591],
					[414.5894886],
					[478.484375],
					[495.3977273],
					[530.4772727],
					[545.5113636],
					[577.4588068],
					[625.0667614]
				],
				"y": [
					[340.3330966],
					[339.0802557],
					[310.8913352],
					[302.1214489],
					[305.2535511],
					[299.615767],
					[296.4836648],
					[300.2421875],
					[303.3742898],
					[305.2535511],
					[299.615767],
					[295.8572443],
					[278.3174716],
					[274.5589489]
				]
			},
			{
				"name": "Small Cup or Small Ball",
				"labelposition": [130.1946023,157.4183239,130.2954545,15.03409091],
				"symbolposition": [94.48863636,155.5390625,35.07954545,13.15482955],
				"x": [
					[53.14488636],
					[135.8323864],
					[152.7457386],
					[169.0326705],
					[185.9460227],
					[200.9801136],
					[217.2670455],
					[247.9616477],
					[301.8338068],
					[319.3735795],
					[333.1548295],
					[380.7627841],
					[448.4161932],
					[497.2769886],
					[528.5980114],
					[546.1377841],
					[578.0852273],
					[596.8778409],
					[628.1988636]
				],
				"y": [
					[317.1555398],
					[318.4083807],
					[322.7933239],
					[323.4197443],
					[334.6953125],
					[337.2009943],
					[331.5632102],
					[335.9481534],
					[330.3103693],
					[329.0575284],
					[327.8046875],
					[327.8046875],
					[337.2009943],
					[341.5859375],
					[338.4538352],
					[339.0802557],
					[318.4083807],
					[315.2762784],
					[311.5177557]
				]
			},
			{
				"name": "Small Ball",
				"labelposition": [130.1946023,174.9580966,58.25710227,14.40767045],
				"symbolposition": [93.86221591,174.3316761,35.70596591,13.15482955],
				"x": [
					[53.77130682],
					[133.953125],
					[218.5198864],
					[266.1278409],
					[331.9019886],
					[397.6761364],
					[479.7372159],
					[496.6505682],
					[545.5113636],
					[561.7982955],
					[594.3721591],
					[612.5383523],
					[626.9460227]
				],
				"y": [
					[285.2080966],
					[286.4609375],
					[314.649858],
					[314.649858],
					[329.0575284],
					[332.1896307],
					[341.5859375],
					[344.7180398],
					[366.6427557],
					[377.2919034],
					[362.884233],
					[362.2578125],
					[357.2464489]
				]
			}
		],
		"plotpos": [53.14488636,10.8359375,573.8011364,377.7315341],
		"xax": {
			"titlepos": [236.0596591,419.8884943,208.5980114,19.41903409],
			"minpos": [38.11079545,399.2166193,33.20028409,18.79261364],
			"maxpos": [613.7911932,398.5901989,23.80397727,15.66051136],
			"type": 1
		},
		"yax": {
			"titlepos": [4.910511364,102.2933239,20.04545455,194.1903409],
			"minpos": [34.97869318,379.1711648,12.52840909,18.79261364],
			"maxpos": [23.703125,3.318892045,23.80397727,19.41903409],
			"type": 1
		}
	}
}
