{
	"data": {
		"imagename": "01650-10.1.1.357.5457-Figure-8",
		"difficult": 0,
		"curves": [
			{
				"name": "LF+GF",
				"labelposition": [184.732817,5.88625363,67.59438529,18.80445305],
				"symbolposition": [140.5169409,8.427395934,44.72410455,14.73862536],
				"x": [
					[154.7473379],
					[186.7657309],
					[249.2778316],
					[314.839303],
					[377.8596321],
					[442.4046467],
					[507.4578896]
				],
				"y": [
					[48.06921588],
					[54.16795741],
					[61.79138432],
					[64.84075508],
					[69.41481123],
					[69.92303969],
					[71.44772507]
				]
			},
			{
				"name": "LF",
				"labelposition": [307.7241045,4.869796709,31.51016457,20.83736689],
				"symbolposition": [266.5575992,5.88625363,41.16650532,17.78799613],
				"x": [
					[152.714424],
					[183.7163601],
					[247.2449177],
					[313.8228461],
					[379.3843175],
					[445.9622459],
					[507.9661181]
				],
				"y": [
					[75.51355276],
					[84.66166505],
					[90.76040658],
					[93.80977735],
					[92.79332043],
					[93.80977735],
					[95.84269119]
				]
			},
			{
				"name": "No Filtering",
				"labelposition": [391.5818006,4.361568248,109.7773475,23.88673766],
				"symbolposition": [350.4152953,5.378025169,41.16650532,20.32913843],
				"x": [
					[154.2391094],
					[185.2410455],
					[254.8683446],
					[315.3475315],
					[379.3843175],
					[440.3717328],
					[507.4578896]
				],
				"y": [
					[99.90851888],
					[109.0566312],
					[120.2376573],
					[128.3693127],
					[132.9433688],
					[138.5338819],
					[141.0750242]
				]
			}
		],
		"plotpos": [5.836398838,24.18247822,43.70764763,155.0096805],
		"xax": {
			"titlepos": [175.0764763,219.3422072,265.2952565,20.83736689],
			"minpos": [110.0232333,191.3896418,21.34559535,26.42787996],
			"maxpos": [487.6369797,192.4060987,33.03484995,23.88673766],
			"type": 1
		},
		"yax": {
			"titlepos": [56.15101646,3.853339787,57.42981607,21.85382381],
			"minpos": [57.67570184,170.0440465,52.34753146,23.88673766],
			"maxpos": null,
			"type": 1
		}
	}
}
