{
	"data": {
		"imagename": "01651-10.1.1.48.9993-Figure-3",
		"difficult": 0,
		"curves": [
			{
				"name": "LOOM 1.4.1",
				"labelposition": [105.0880682,453.8430398,146.4701705,30.72301136],
				"symbolposition": [13.63352273,453.1285511,87.16761364,30.72301136],
				"x": [
					[152.2443182],
					[260.8465909],
					[367.3053977],
					[474.4786932],
					[583.0809659]
				],
				"y": [
					[52.30042614],
					[223.0632102],
					[252.3572443],
					[252.3572443],
					[253.7862216]
				]
			},
			{
				"name": "LOOM 1.4.1 Accel.",
				"labelposition": [356.5880682,450.9850852,217.9190341,35.00994318],
				"symbolposition": [258.703125,452.4140625,91.45454545,30.00852273],
				"x": [
					[151.5298295],
					[261.5610795],
					[370.8778409],
					[472.3352273],
					[586.6534091]
				],
				"y": [
					[183.7663352],
					[310.2308239],
					[315.946733],
					[316.6612216],
					[318.0901989]
				]
			}
		],
		"plotpos": [98.65767045,16.57599432,482.9943182,325.8068182],
		"xax": {
			"titlepos": [265.8480114,400.9708807,165.7613636,35.00994318],
			"minpos": [143.6704545,358.8160511,25.00710227,25.72159091],
			"maxpos": [570.9346591,358.8160511,20.00568182,27.86505682],
			"type": 1
		},
		"yax": {
			"titlepos": [2.916193182,135.181108,35.72443182,122.1775568],
			"minpos": [67.22017045,328.8075284,22.14914773,25.72159091],
			"maxpos": [52.21590909,3.715198864,33.58096591,27.86505682],
			"type": 1
		}
	}
}
