{
	"data": {
		"imagename": "01663-10.1.1.308.1929-Figure-4",
		"difficult": 0,
		"curves": [
			{
				"name": "t = 8 secs",
				"labelposition": [389.4417614,196.4978693,82.44034091,16.16477273],
				"symbolposition": [370.0440341,193.2649148,19.39772727,19.39772727],
				"x": [
					[82.31107955],
					[120.2982955],
					[159.09375],
					[200.3139205],
					[244.7670455],
					[285.1789773],
					[320.7414773],
					[362.7698864],
					[442.7855114],
					[480.7727273]
				],
				"y": [
					[188.415483],
					[398.5575284],
					[443.818892],
					[458.3671875],
					[469.6825284],
					[472.1072443],
					[476.9566761],
					[481.806108],
					[485.0390625],
					[485.0390625]
				]
			},
			{
				"name": "t = 28 secs",
				"labelposition": [389.4417614,215.8955966,89.71448864,19.39772727],
				"symbolposition": [369.2357955,210.2379261,21.82244318,24.24715909],
				"x": [
					[83.11931818],
					[121.9147727],
					[164.7514205],
					[201.9303977],
					[242.3423295],
					[281.1377841],
					[320.7414773],
					[362.7698864],
					[401.5653409],
					[485.6221591]
				],
				"y": [
					[190.8401989],
					[355.7208807],
					[421.9964489],
					[441.3941761],
					[457.5589489],
					[464.8330966],
					[474.5319602],
					[476.9566761],
					[481.806108],
					[486.6555398]
				]
			},
			{
				"name": "t = 76 secs",
				"labelposition": [388.6335227,237.7180398,90.52272727,18.58948864],
				"symbolposition": [370.0440341,235.2933239,19.39772727,21.01420455],
				"x": [
					[80.69460227],
					[120.2982955],
					[164.7514205],
					[201.9303977],
					[243.1505682],
					[280.3295455],
					[323.9744318],
					[362.7698864],
					[405.6065341],
					[445.2102273],
					[481.5809659]
				],
				"y": [
					[189.2237216],
					[309.6512784],
					[387.2421875],
					[421.9964489],
					[441.3941761],
					[453.5177557],
					[464.024858],
					[472.1072443],
					[476.9566761],
					[482.6143466],
					[485.0390625]
				]
			}
		],
		"plotpos": [80.69460227,188.415483,402.5028409,295.8153409],
		"xax": {
			"titlepos": [254.4659091,505.2450284,56.57670455,24.24715909],
			"minpos": [77.46164773,491.5049716,12.93181818,16.97301136],
			"maxpos": [474.3068182,489.0802557,21.01420455,22.63068182],
			"type": 1
		},
		"yax": {
			"titlepos": [2.295454545,174.6754261,27.48011364,330.5696023],
			"minpos": [68.57102273,476.9566761,14.54829545,17.78125],
			"maxpos": [29.77556818,178.7166193,41.22017045,21.82244318],
			"type": 1
		}
	}
}
