{
	"data": {
		"imagename": "01678-10.1.1.149.8317-Figure-4",
		"difficult": 0,
		"curves": [
			{
				"name": "HMM",
				"labelposition": [141.5113636,272.8288352,54.97585227,19.83664773],
				"symbolposition": [199.8877841,279.6299716,59.50994318,11.33522727],
				"x": [
					[102.9715909],
					[173.25],
					[217.4573864],
					[259.3977273],
					[330.8096591],
					[355.1803977],
					[380.6846591],
					[402.7883523],
					[426.0255682],
					[469.6661932],
					[495.1704545],
					[516.140625],
					[538.8110795]
				],
				"y": [
					[77.86292614],
					[80.12997159],
					[82.96377841],
					[80.12997159],
					[91.46519886],
					[107.334517],
					[111.868608],
					[107.9012784],
					[113.568892],
					[117.5362216],
					[140.7734375],
					[205.384233],
					[298.899858]
				]
			},
			{
				"name": "HMMmix*",
				"labelposition": [107.5056818,292.665483,83.88068182,20.40340909],
				"symbolposition": [198.1875,297.7663352,60.07670455,10.76846591],
				"x": [
					[104.1051136],
					[337.6107955],
					[395.4204545],
					[445.2954545],
					[492.9034091],
					[517.2741477],
					[538.8110795]
				],
				"y": [
					[56.89275568],
					[58.59303977],
					[63.12713068],
					[68.22798295],
					[110.1683239],
					[176.4794034],
					[290.9651989]
				]
			},
			{
				"name": "HMMmix",
				"labelposition": [114.8735795,310.8018466,77.07954545,18.703125],
				"symbolposition": [198.7542614,315.9026989,61.21022727,11.90198864],
				"x": [
					[104.1051136],
					[319.4744318],
					[409.0227273],
					[446.9957386],
					[491.7698864],
					[517.2741477],
					[538.8110795]
				],
				"y": [
					[58.02627841],
					[58.59303977],
					[63.69389205],
					[67.66122159],
					[111.868608],
					[175.3458807],
					[292.665483]
				]
			}
		],
		"plotpos": [101.2713068,13.81889205,438.1065341,325.8877841],
		"xax": {
			"titlepos": [197.0539773,374.2791193,246.5411932,23.80397727],
			"minpos": [96.17045455,348.2080966,15.30255682,21.53693182],
			"maxpos": [500.2713068,347.0745739,34.00568182,22.67045455],
			"type": 1
		},
		"yax": {
			"titlepos": [4.921875,132.8387784,25.50426136,103.7173295],
			"minpos": [58.19744318,329.5049716,37.40625,20.40340909],
			"maxpos": [62.16477273,5.317471591,30.03835227,18.703125],
			"type": 1
		}
	}
}
