{
	"data": {
		"imagename": "01671-10.1.1.138.184-Figure-9",
		"difficult": 0,
		"curves": [
			{
				"name": "distance=0",
				"labelposition": [327.6079545,246.7578125,119.5866477,24.37073864],
				"symbolposition": [451.7286932,250.725142,77.64630682,18.703125],
				"x": [
					[111.671875],
					[354.8125],
					[383.7173295],
					[390.5184659],
					[396.1860795],
					[399.5866477]
				],
				"y": [
					[48.95809659],
					[50.65838068],
					[75.02911932],
					[98.83309659],
					[116.9694602],
					[159.4765625]
				]
			},
			{
				"name": "distance=1",
				"labelposition": [327.6079545,272.8288352,117.3196023,19.83664773],
				"symbolposition": [453.4289773,274.5291193,75.37926136,17.56960227],
				"x": [
					[112.8053977],
					[356.5127841],
					[477.7997159]
				],
				"y": [
					[50.65838068],
					[50.09161932],
					[85.79758523]
				]
			},
			{
				"name": "distance=2",
				"labelposition": [326.4744318,293.2322443,120.1534091,23.80397727],
				"symbolposition": [453.9957386,298.899858,71.41193182,14.16903409],
				"x": [
					[111.671875],
					[356.5127841],
					[433.5923295],
					[516.3394886]
				],
				"y": [
					[48.39133523],
					[49.52485795],
					[69.92826705],
					[82.96377841]
				]
			}
		],
		"plotpos": [111.1051136,7.584517045,441.5071023,320.2201705],
		"xax": {
			"titlepos": [297.5696023,373.1455966,69.71164773,24.37073864],
			"minpos": [101.4701705,338.006392,22.10369318,34.00568182],
			"maxpos": [545.2443182,339.7066761,11.90198864,25.50426136],
			"type": 1
		},
		"yax": {
			"titlepos": [4.553977273,115.2691761,23.23721591,104.2840909],
			"minpos": [47.06107955,314.2024148,51.00852273,27.20454545],
			"maxpos": [81.63352273,36.48934659,19.83664773,29.47159091],
			"type": 1
		}
	}
}
