{
	"data": {
		"imagename": "01672-10.1.1.152.9478-Figure-9",
		"difficult": 0,
		"curves": [
			{
				"name": "Conventional VH recon",
				"labelposition": [342.0838068,44.87144886,97.36363636,13.18465909],
				"symbolposition": [311.6576705,45.88565341,28.90482955,11.66335227],
				"x": [
					[77.88352273],
					[137.2144886],
					[192.9957386],
					[251.8196023],
					[308.1079545],
					[365.9176136],
					[420.6846591]
				],
				"y": [
					[79.35440341],
					[119.9225852],
					[93.55326705],
					[129.0504261],
					[86.45383523],
					[141.2208807],
					[124.993608]
				]
			},
			{
				"name": "Our approach",
				"labelposition": [343.0980114,59.57741477,59.33096591,12.17045455],
				"symbolposition": [311.1505682,61.09872159,29.41193182,9.127840909],
				"x": [
					[79.91193182],
					[134.6789773],
					[194.0099432],
					[249.7911932],
					[307.09375],
					[364.9034091],
					[420.6846591]
				],
				"y": [
					[68.70525568],
					[135.1356534],
					[164.040483],
					[212.7223011],
					[191.931108],
					[181.2819602],
					[167.0830966]
				]
			}
		],
		"plotpos": [49.99289773,11.90980114,400.6107955,309.8394886],
		"xax": {
			"titlepos": [165.6122159,337.4694602,211.4616477,17.74857955],
			"minpos": [73.82670455,326.3132102,13.18465909,13.18465909],
			"maxpos": [413.5852273,326.3132102,15.21306818,14.19886364],
			"type": 1
		},
		"yax": {
			"titlepos": [3.339488636,113.837358,19.26988636,130.8323864],
			"minpos": [37.31534091,316.1711648,12.67755682,11.66335227],
			"maxpos": [27.68039773,5.824573864,20.79119318,15.21306818],
			"type": 1
		}
	}
}
