{
	"data": {
		"imagename": "01681-10.1.1.164.3678-Figure-8",
		"difficult": 0,
		"curves": [
			{
				"name": "High sparsity (Learned)",
				"labelposition": [262.7967086,16.93272023,111.4520813,13.83543078],
				"symbolposition": [224.749274,18.46999032,37.66311713,9.992255566],
				"x": [
					[79.0929332],
					[117.9090029],
					[156.3407551],
					[192.0822846],
					[233.9728945],
					[270.8673766],
					[307.7618587],
					[345.4249758]
				],
				"y": [
					[42.29767667],
					[105.3257502],
					[99.17666989],
					[103.4041626],
					[106.8630203],
					[107.2473379],
					[107.6316554],
					[108.0159729]
				]
			},
			{
				"name": "Low sparsity (Learned)",
				"labelposition": [260.4908035,29.99951597,111.4520813,12.2981607],
				"symbolposition": [226.6708616,31.92110358,33.81994192,8.454985479],
				"x": [
					[79.0929332],
					[118.2933204],
					[155.57212],
					[194.7725073],
					[232.4356244],
					[271.6360116],
					[307.7618587],
					[345.4249758]
				],
				"y": [
					[27.30929332],
					[94.18054211],
					[93.41190707],
					[98.79235237],
					[101.482575],
					[103.0198451],
					[104.1727977],
					[103.0198451]
				]
			}
		],
		"plotpos": [39.50822846,11.93659245,342.4269119,117.6011617],
		"xax": {
			"titlepos": [185.1645692,144.5261375,49.96127783,11.14520813],
			"minpos": [19.52371733,134.1495644,36.51016457,11.14520813],
			"maxpos": [369.6369797,132.2279768,25.36495644,13.06679574],
			"type": 1
		},
		"yax": {
			"titlepos": [6.456921588,42.29767667,11.52952565,56.87899322],
			"minpos": [21.82962246,124.1573088,15.75701839,9.992255566],
			"maxpos": [21.44530494,6.940464666,17.29428848,12.2981607],
			"type": 1
		}
	}
}
