{
	"data": {
		"imagename": "01685-10.1.1.310.6616-Figure-2",
		"difficult": 0,
		"curves": [
			{
				"name": "3PR",
				"labelposition": [506.5692159,22.47192643,33.92642788,18.21974831],
				"symbolposition": [544.893514,27.49806389,61.57018393,10.05227493],
				"x": [
					[60.49951597],
					[65.52565344],
					[83.74540174],
					[87.51500484],
					[105.106486],
					[109.5043562],
					[113.2739593],
					[134.0067764],
					[162.9070668],
					[174.2158761],
					[181.7550823],
					[190.5508228],
					[199.9748306],
					[206.2575024],
					[222.5924492],
					[233.9012585],
					[245.8383349],
					[254.0058083],
					[268.4559535],
					[278.5082285],
					[296.0997096],
					[308.6650532],
					[313.6911907],
					[325.6282672],
					[338.1936108],
					[351.3872217],
					[359.5546951],
					[367.0939013],
					[376.517909],
					[389.7115198],
					[401.0203291],
					[410.4443369],
					[417.9835431],
					[427.4075508],
					[436.8315586],
					[446.2555663],
					[453.7947725],
					[502.7996128],
					[517.8780252],
					[525.4172314],
					[548.03485],
					[563.1132623],
					[570.0242014],
					[610.2333011]
				],
				"y": [
					[21.84365924],
					[16.81752178],
					[18.07405615],
					[16.81752178],
					[20.58712488],
					[16.81752178],
					[21.84365924],
					[22.47192643],
					[16.1892546],
					[19.9588577],
					[16.1892546],
					[21.84365924],
					[18.70232333],
					[21.84365924],
					[18.07405615],
					[16.1892546],
					[21.84365924],
					[16.1892546],
					[16.81752178],
					[18.70232333],
					[16.1892546],
					[16.1892546],
					[19.9588577],
					[16.1892546],
					[16.1892546],
					[18.07405615],
					[14.93272023],
					[16.81752178],
					[20.58712488],
					[16.1892546],
					[14.93272023],
					[21.84365924],
					[16.1892546],
					[16.81752178],
					[18.07405615],
					[16.1892546],
					[18.70232333],
					[16.1892546],
					[19.9588577],
					[16.1892546],
					[16.1892546],
					[23.72846079],
					[19.9588577],
					[16.1892546]
				]
			},
			{
				"name": "PrefP[top]",
				"labelposition": [466.3601162,46.34607938,75.39206196,21.36108422],
				"symbolposition": [546.1500484,48.23088093,63.45498548,13.82187803],
				"x": [
					[59.87124879],
					[65.52565344],
					[69.29525653],
					[75.57792836],
					[86.88673766],
					[91.91287512],
					[98.82381413],
					[107.6195547],
					[114.5304937],
					[120.8131655],
					[130.8654405],
					[137.7763795],
					[142.1742498],
					[149.0851888],
					[153.4830591],
					[161.0222652],
					[164.7918683],
					[172.3310745],
					[179.2420136],
					[183.0116167],
					[188.6660213],
					[194.3204259],
					[205.6292352],
					[212.5401742],
					[215.6815102],
					[223.8489835],
					[228.2468538],
					[233.2729913],
					[240.1839303],
					[245.8383349],
					[250.2362052],
					[255.8906099],
					[264.0580833],
					[267.1994192],
					[275.3668925],
					[278.5082285],
					[285.4191675],
					[290.4453049],
					[298.6127783],
					[301.7541142],
					[306.7802517],
					[311.8063892],
					[319.3455954],
					[325.6282672],
					[331.2826718],
					[341.9632139],
					[347.6176186],
					[353.2720232],
					[363.3242982],
					[368.9787028],
					[380.2875121],
					[387.1984511],
					[396.6224589],
					[404.7899322],
					[408.5595353],
					[415.4704743],
					[425.5227493],
					[434.3184898],
					[438.7163601],
					[443.7424976],
					[450.0251694],
					[460.7057115],
					[475.7841239],
					[482.0667957],
					[489.6060019],
					[494.6321394],
					[499.0300097],
					[504.6844143],
					[512.2236205],
					[517.249758],
					[522.9041626],
					[532.9564376],
					[540.4956438],
					[547.4065828],
					[551.1761859],
					[558.7153921],
					[564.3697967],
					[570.0242014],
					[575.678606],
					[580.0764763],
					[586.3591481],
					[591.3852856],
					[601.4375605],
					[608.3484995]
				],
				"y": [
					[115.4554695],
					[101.0053243],
					[97.2357212],
					[116.7120039],
					[98.49225557],
					[99.12052275],
					[113.570668],
					[117.9685382],
					[111.0575992],
					[122.3664085],
					[121.7381413],
					[91.58131655],
					[111.0575992],
					[85.92691191],
					[88.43998064],
					[48.85914811],
					[26.24152953],
					[19.9588577],
					[54.51355276],
					[89.696515],
					[101.6335915],
					[129.2773475],
					[99.74878993],
					[112.9424008],
					[108.5445305],
					[125.5077444],
					[108.5445305],
					[108.5445305],
					[95.97918683],
					[107.9162633],
					[111.6858664],
					[125.5077444],
					[117.9685382],
					[138.0730881],
					[131.7904163],
					[113.570668],
					[118.5968054],
					[131.1621491],
					[127.392546],
					[117.3402711],
					[131.7904163],
					[124.2512101],
					[139.9578896],
					[131.7904163],
					[96.60745402],
					[143.0992256],
					[114.8272023],
					[54.51355276],
					[106.6597289],
					[109.1727977],
					[123.6229429],
					[107.2879961],
					[132.4186834],
					[119.2250726],
					[119.2250726],
					[101.0053243],
					[108.5445305],
					[108.5445305],
					[130.5338819],
					[117.3402711],
					[116.7120039],
					[120.481607],
					[111.6858664],
					[111.6858664],
					[112.3141336],
					[124.8794773],
					[102.2618587],
					[111.6858664],
					[112.3141336],
					[133.0469506],
					[111.6858664],
					[114.8272023],
					[89.696515],
					[75.2463698],
					[104.1466602],
					[78.38770571],
					[46.34607938],
					[104.1466602],
					[130.5338819],
					[127.392546],
					[108.5445305],
					[105.4031946],
					[114.8272023],
					[113.570668]
				]
			}
		],
		"plotpos": [57.35818006,14.30445305,568.5818006,163.3494676],
		"xax": {
			"titlepos": [235.78606,200.2715392,213.6108422,21.36108422],
			"minpos": [55.47337851,187.0779284,15.07841239,20.73281704],
			"maxpos": [605.8354308,188.9627299,42.72216844,18.84801549],
			"type": 1
		},
		"yax": {
			"titlepos": [3.327202323,23.72846079,24.50242014,150.1558567],
			"minpos": [27.20135528,165.7168441,23.87415295,23.24588577],
			"maxpos": [22.17521781,2.367376573,33.92642788,23.24588577],
			"type": 1
		}
	}
}
