{
	"data": {
		"imagename": "01695-10.1.1.5.2657-Figure-4",
		"difficult": 0,
		"curves": [
			{
				"name": "EOH + Linear features",
				"labelposition": [435.3863636,431.1640625,185.6889205,18.64346591],
				"symbolposition": [395.8622159,433.4012784,38.03267045,14.16903409],
				"x": [
					[68.48295455],
					[180.34375],
					[295.1875],
					[407.0482955],
					[518.1633523],
					[632.2613636]
				],
				"y": [
					[467.7052557],
					[458.756392],
					[425.1981534],
					[363.3018466],
					[314.0830966],
					[161.2066761]
				]
			},
			{
				"name": "Linear features only",
				"labelposition": [433.8948864,451.2990057,167.7911932,20.13494318],
				"symbolposition": [395.8622159,455.7734375,38.03267045,11.18607955],
				"x": [
					[69.97443182],
					[180.34375],
					[292.2045455],
					[406.3025568],
					[520.4005682],
					[631.515625]
				],
				"y": [
					[459.5021307],
					[442.350142],
					[376.725142],
					[263.3728693],
					[228.3231534],
					[46.36292614]
				]
			}
		],
		"plotpos": [66.24573864,35.17684659,563.7784091,442.2230114],
		"xax": {
			"titlepos": [260.8835227,502.7549716,177.4857955,20.13494318],
			"minpos": [52.82244318,484.1115057,23.86363636,18.64346591],
			"maxpos": [607.6519886,482.6200284,47.72727273,22.37215909],
			"type": 1
		},
		"yax": {
			"titlepos": [2.112215909,163.443892,23.11789773,184.1974432],
			"minpos": [50.58522727,469.196733,13.42329545,17.15198864],
			"maxpos": [20.75568182,23.24502841,43.25284091,22.37215909],
			"type": 1
		}
	}
}
