{
	"data": {
		"imagename": "01698-10.1.1.329.7070-Figure-8",
		"difficult": 0,
		"curves": [
			{
				"name": "sampling-1",
				"labelposition": [489.6676136,30.50355114,97.42329545,20.47301136],
				"symbolposition": [441.6619318,34.03338068,44.47585227,16.94318182],
				"x": [
					[51.26278409],
					[110.5639205],
					[162.8053977],
					[224.9303977],
					[282.8196023],
					[339.296875],
					[396.4801136],
					[454.3693182],
					[512.9644886],
					[569.4417614],
					[623.0951705]
				],
				"y": [
					[14.26633523],
					[12.85440341],
					[17.79616477],
					[24.14985795],
					[45.32883523],
					[70.74360795],
					[120.8671875],
					[201.3473011],
					[301.5944602],
					[387.0163352],
					[437.8458807]
				]
			},
			{
				"name": "sampling-10",
				"labelposition": [490.3735795,53.80042614,106.6008523,19.76704545],
				"symbolposition": [443.7798295,55.91832386,42.35795455,15.53125],
				"x": [
					[51.26278409],
					[165.6292614],
					[222.8125],
					[282.1136364],
					[340.7088068],
					[392.9502841],
					[509.4346591],
					[570.8536932],
					[625.9190341]
				],
				"y": [
					[151.9296875],
					[150.5177557],
					[151.9296875],
					[168.8728693],
					[177.3444602],
					[226.7620739],
					[370.7791193],
					[423.7265625],
					[449.1413352]
				]
			},
			{
				"name": "sampling-20",
				"labelposition": [490.3735795,76.39133523,105.8948864,19.76704545],
				"symbolposition": [443.0738636,76.39133523,45.18181818,16.94318182],
				"x": [
					[52.67471591],
					[108.4460227],
					[165.6292614],
					[279.2897727],
					[337.8849432],
					[394.3622159],
					[454.3693182],
					[511.5525568],
					[568.7357955],
					[625.2130682]
				],
				"y": [
					[141.3401989],
					[122.2791193],
					[139.2223011],
					[160.4012784],
					[192.1697443],
					[240.881392],
					[310.0660511],
					[377.1328125],
					[429.3742898],
					[452.6711648]
				]
			},
			{
				"name": "sampling-50",
				"labelposition": [490.3735795,98.98224432,103.7769886,19.06107955],
				"symbolposition": [443.7798295,99.68821023,42.35795455,16.94318182],
				"x": [
					[50.55681818],
					[106.328125],
					[165.6292614],
					[224.9303977],
					[280.7017045],
					[340.0028409],
					[396.4801136],
					[454.3693182],
					[511.5525568],
					[570.1477273],
					[624.5071023]
				],
				"y": [
					[94.74644886],
					[104.6299716],
					[113.8075284],
					[130.0447443],
					[158.2833807],
					[194.287642],
					[256.412642],
					[338.3046875],
					[401.1356534],
					[433.6100852],
					[456.2009943]
				]
			},
			{
				"name": "sampling-100",
				"labelposition": [488.2556818,120.1612216,117.8963068,21.17897727],
				"symbolposition": [443.7798295,122.9850852,41.65198864,14.82528409],
				"x": [
					[50.55681818],
					[107.7400568],
					[163.5113636],
					[224.9303977],
					[281.4076705],
					[340.0028409],
					[396.4801136],
					[453.6633523],
					[509.4346591],
					[569.4417614],
					[623.8011364]
				],
				"y": [
					[139.2223011],
					[94.74644886],
					[154.0475852],
					[123.6910511],
					[162.5191761],
					[187.9339489],
					[300.1825284],
					[365.837358],
					[427.962358],
					[440.6697443],
					[456.9069602]
				]
			},
			{
				"name": "MER",
				"labelposition": [490.3735795,142.0461648,40.24005682,18.35511364],
				"symbolposition": [443.7798295,146.2819602,42.35795455,12.70738636],
				"x": [
					[50.55681818],
					[107.7400568],
					[163.5113636],
					[222.8125],
					[625.9190341]
				],
				"y": [
					[67.91974432],
					[201.3473011],
					[384.1924716],
					[454.7890625],
					[458.318892]
				]
			}
		],
		"plotpos": [49.14488636,12.1484375,576.0681818,446.1704545],
		"xax": {
			"titlepos": [296.9389205,478.7919034,80.48011364,14.82528409],
			"minpos": [90.796875,462.5546875,34.59232955,15.53125],
			"maxpos": [546.1448864,459.024858,45.88778409,19.06107955],
			"type": 1
		},
		"yax": {
			"titlepos": [1.845170455,125.8089489,19.06107955,225.203125],
			"minpos": [20.90625,450.553267,25.41477273,19.06107955],
			"maxpos": [21.61221591,5.794744318,27.53267045,16.23721591],
			"type": 1
		}
	}
}
