{
	"data": {
		"imagename": "01704-10.1.1.408.715-Figure-4",
		"difficult": 0,
		"curves": [
			{
				"name": "true trajectory",
				"labelposition": [97.23721591,263.2677557,82.13352273,16.06960227],
				"symbolposition": [65.09801136,262.6725852,32.13920455,13.68892045],
				"x": [
					[118.6633523],
					[198.4161932],
					[215.0809659],
					[246.625],
					[294.2386364],
					[348.9943182],
					[388.2755682],
					[452.5539773],
					[492.4303977],
					[516.2372159],
					[584.6818182]
				],
				"y": [
					[12.70099432],
					[32.34161932],
					[57.33877841],
					[62.6953125],
					[54.95809659],
					[76.38423295],
					[71.62286932],
					[74.59872159],
					[83.52627841],
					[91.85866477],
					[143.0433239]
				]
			},
			{
				"name": "perturbed trajectory with the noise variance 0.2",
				"labelposition": [96.046875,287.0745739,273.1832386,17.85511364],
				"symbolposition": [66.88352273,287.0745739,29.16335227,13.68892045],
				"x": [
					[79.38210227],
					[109.7357955],
					[166.2769886],
					[198.4161932],
					[232.3409091],
					[278.7642045],
					[316.8551136],
					[406.1306818],
					[452.5539773],
					[476.3607955],
					[515.046875],
					[584.6818182]
				],
				"y": [
					[15.08167614],
					[51.38707386],
					[87.69247159],
					[100.1910511],
					[123.4026989],
					[115.665483],
					[135.9012784],
					[139.4723011],
					[163.8742898],
					[162.0887784],
					[165.6598011],
					[180.5390625]
				]
			},
			{
				"name": "perturbed trajectory with the noise variance 0.5",
				"labelposition": null,
				"symbolposition": null,
				"x": [
					[63.90767045],
					[78.78693182],
					[102.59375],
					[159.7301136],
					[191.2741477],
					[212.7002841],
					[254.3622159],
					[278.1690341],
					[292.453125],
					[372.8011364],
					[409.7017045],
					[515.6420455],
					[585.2769886]
				],
				"y": [
					[13.89133523],
					[76.97940341],
					[88.8828125],
					[106.7379261],
					[112.6896307],
					[137.6867898],
					[139.4723011],
					[147.8046875],
					[157.3274148],
					[159.1129261],
					[185.3004261],
					[178.1583807],
					[220.415483]
				]
			}
		],
		"plotpos": [40.10085227,10.91548295,544.5809659,373.7670455],
		"xax": {
			"titlepos": [292.453125,399.5617898,41.66193182,16.06960227],
			"minpos": [35.93465909,390.0390625,10.11789773,8.332386364],
			"maxpos": [581.7059659,390.0390625,10.11789773,11.30823864],
			"type": 1
		},
		"yax": {
			"titlepos": [1.414772727,168.040483,20.83096591,64.27840909],
			"minpos": [29.98295455,379.9211648,8.332386364,12.49857955],
			"maxpos": [29.98295455,8.534801136,8.927556818,11.30823864],
			"type": 1
		}
	}
}
