{
	"data": {
		"imagename": "01707-10.1.1.163.1109-Figure-6",
		"difficult": 0,
		"curves": [
			{
				"name": "away",
				"labelposition": [580.0755082,20.21151985,33.81122943,14.67279768],
				"symbolposition": [550.7299129,21.4874153,27.43175218,11.48305905],
				"x": [
					[41.64762827],
					[46.75121007],
					[49.94094869],
					[53.76863504],
					[56.32042594],
					[59.51016457],
					[62.69990319],
					[78.0106486],
					[81.20038722],
					[88.2178122],
					[97.78702807],
					[102.8906099],
					[105.4424008],
					[121.3910939],
					[132.874153],
					[136.7018393],
					[142.4433688],
					[152.0125847],
					[155.8402711],
					[163.4956438],
					[167.3233301],
					[174.9787028],
					[178.1684414],
					[181.9961278],
					[184.5479187],
					[188.375605],
					[194.1171346],
					[199.2207164],
					[203.0484027],
					[203.6863504],
					[210.7037754],
					[213.893514],
					[218.3591481],
					[225.3765731],
					[225.3765731],
					[246.428848],
					[251.5324298],
					[254.0842207],
					[256.6360116],
					[257.9119071],
					[259.1878025],
					[266.2052275],
					[269.3949661],
					[272.5847047],
					[275.7744434],
					[281.5159729],
					[285.3436592],
					[289.8092933],
					[293.6369797],
					[298.7405615],
					[299.3785092],
					[304.482091],
					[310.8615682],
					[321.7066796],
					[325.5343659],
					[328.0861568],
					[330.6379477],
					[332.5517909],
					[340.8451113],
					[341.4830591],
					[346.5866409],
					[351.0522749],
					[351.6902227],
					[355.517909],
					[361.8973863],
					[369.552759],
					[374.6563408],
					[379.7599226],
					[384.2255566],
					[386.1393998],
					[391.2429816],
					[393.7947725],
					[399.536302],
					[407.1916747],
					[414.8470474],
					[418.6747338],
					[420.588577],
					[424.4162633],
					[428.2439497],
					[432.071636],
					[439.7270087],
					[443.5546951],
					[450.57212],
					[453.1239109],
					[460.1413359],
					[465.8828654],
					[472.2623427],
					[476.090029],
					[481.8315586],
					[481.8315586],
					[485.6592449],
					[487.5730881],
					[491.4007744],
					[495.2284608],
					[500.9699903],
					[504.7976767],
					[508.625363],
					[512.4530494],
					[516.2807357],
					[518.1945789],
					[521.3843175],
					[523.2981607],
					[534.7812197],
					[537.9709584],
					[544.3504356],
					[542.4365924],
					[543.7124879],
					[549.4540174],
					[552.0058083],
					[553.2817038],
					[559.0232333],
					[562.2129719],
					[567.3165537],
					[577.5237173],
					[577.5237173],
					[580.0755082],
					[582.6272991],
					[596.6621491],
					[599.21394],
					[601.7657309],
					[602.4036786],
					[609.4211036],
					[613.2487899],
					[617.0764763],
					[620.9041626],
					[622.1800581],
					[624.0939013],
					[627.2836399],
					[631.1113262],
					[635.5769603],
					[639.4046467]
				],
				"y": [
					[262.6316554],
					[260.7178122],
					[242.2173282],
					[259.4419167],
					[266.4593417],
					[266.4593417],
					[263.2696031],
					[262.6316554],
					[249.8727009],
					[232.0101646],
					[231.3722168],
					[243.4932236],
					[237.7516941],
					[196.9230397],
					[196.285092],
					[200.1127783],
					[201.3886738],
					[210.3199419],
					[216.0614714],
					[237.7516941],
					[240.303485],
					[243.4932236],
					[229.4583737],
					[243.4932236],
					[237.7516941],
					[241.5793804],
					[249.2347531],
					[251.786544],
					[256.8901258],
					[260.7178122],
					[262.6316554],
					[258.803969],
					[260.7178122],
					[262.6316554],
					[266.4593417],
					[267.0972894],
					[272.838819],
					[272.2008712],
					[260.7178122],
					[262.6316554],
					[266.4593417],
					[268.3731849],
					[274.1147144],
					[274.1147144],
					[280.4941917],
					[288.1495644],
					[289.4254598],
					[285.5977735],
					[280.4941917],
					[279.2182962],
					[267.0972894],
					[259.4419167],
					[255.6142304],
					[226.268635],
					[231.3722168],
					[238.3896418],
					[243.4932236],
					[237.7516941],
					[238.3896418],
					[243.4932236],
					[227.5445305],
					[225.6306873],
					[221.803001],
					[221.1650532],
					[201.3886738],
					[201.3886738],
					[170.767183],
					[165.0256534],
					[160.5600194],
					[165.0256534],
					[150.3528558],
					[147.1631171],
					[135.0421104],
					[137.5939013],
					[131.214424],
					[137.5939013],
					[142.6974831],
					[153.5425944],
					[143.3354308],
					[152.2666989],
					[140.7836399],
					[133.1282672],
					[124.196999],
					[121.6452081],
					[118.4554695],
					[122.2831559],
					[126.1108422],
					[131.8523717],
					[140.7836399],
					[149.0769603],
					[152.2666989],
					[153.5425944],
					[148.4390126],
					[150.3528558],
					[160.5600194],
					[175.232817],
					[175.8707648],
					[184.8020329],
					[183.5261375],
					[197.5609874],
					[199.4748306],
					[214.1476283],
					[214.785576],
					[217.9753146],
					[219.8891578],
					[226.268635],
					[229.4583737],
					[235.8378509],
					[247.32091],
					[253.0624395],
					[249.2347531],
					[254.9762827],
					[249.2347531],
					[249.2347531],
					[247.32091],
					[253.7003872],
					[260.7178122],
					[260.7178122],
					[254.9762827],
					[254.9762827],
					[260.7178122],
					[260.7178122],
					[267.0972894],
					[262.6316554],
					[274.7526621],
					[268.3731849],
					[260.7178122],
					[262.6316554],
					[266.4593417],
					[270.9249758],
					[274.1147144]
				]
			},
			{
				"name": "towards",
				"labelposition": [580.0755082,36.16021297,51.03581801,13.39690223],
				"symbolposition": [549.4540174,36.7981607,27.43175218,9.569215876],
				"x": [
					[44.19941917],
					[49.94094869],
					[55.68247822],
					[88.2178122],
					[89.49370765],
					[95.23523717],
					[104.1665053],
					[111.821878],
					[115.6495644],
					[124.5808325],
					[129.0464666],
					[138.6156825],
					[139.8915779],
					[145.6331075],
					[155.8402711],
					[161.5818006],
					[164.7715392],
					[169.2371733],
					[171.1510165],
					[178.8063892],
					[184.5479187],
					[206.8760891],
					[209.42788],
					[215.8073572],
					[217.7212004],
					[225.3765731],
					[229.2042594],
					[241.9632139],
					[243.2391094],
					[259.1878025],
					[265.5672798],
					[270.0329138],
					[275.7744434],
					[278.3262343],
					[285.981607],
					[290.447241],
					[302.5682478],
					[308.3097773],
					[312.7754114],
					[323.6205227],
					[328.7241045],
					[333.1897386],
					[341.4830591],
					[345.3107454],
					[345.9486931],
					[351.0522749],
					[354.8799613],
					[369.552759],
					[372.7424976],
					[384.2255566],
					[389.9670862],
					[398.8983543],
					[407.1916747],
					[419.9506292],
					[428.2439497],
					[429.5198451],
					[433.3475315],
					[439.7270087],
					[448.6582769],
					[458.8654405],
					[464.60697],
					[464.60697],
					[476.090029],
					[478.0038722],
					[490.7628267],
					[494.5905131],
					[502.8838335],
					[504.1597289],
					[508.625363],
					[518.1945789],
					[523.2981607],
					[527.7637948],
					[529.6776379],
					[534.143272],
					[537.3330106],
					[547.5401742],
					[556.4714424],
					[562.8509197],
					[570.5062924],
					[576.8857696],
					[581.3514037],
					[587.0929332],
					[596.0242014],
					[600.4898354],
					[605.5934172],
					[611.9728945],
					[618.9903195],
					[628.5595353],
					[634.9390126],
					[640.6805421]
				],