{
	"data": {
		"imagename": "01708-10.1.1.15.4898-Figure-8",
		"difficult": 0,
		"curves": [
			{
				"name": "Face",
				"labelposition": [232.4431818,240.3884943,64.43465909,33.95880682],
				"symbolposition": [161.0426136,235.1640625,63.56392045,28.734375],
				"x": [
					[108.7982955],
					[189.7769886],
					[269.8849432],
					[342.15625]
				],
				"y": [
					[451.977983],
					[499.868608],
					[487.678267],
					[492.0319602]
				]
			},
			{
				"name": "Stereo Video",
				"labelposition": [228.9602273,273.4765625,182.8551136,35.70028409],
				"symbolposition": [163.6548295,273.4765625,60.95170455,27.86363636],
				"x": [
					[106.1860795],
					[352.6051136]
				],
				"y": [
					[519.024858],
					[514.6711648]
				]
			},
			{
				"name": "Sound",
				"labelposition": [228.0894886,314.4012784,94.91051136,29.60511364],
				"symbolposition": [161.0426136,310.0475852,58.33948864,25.25142045],
				"x": [
					[110.5397727],
					[187.1647727],
					[266.4019886],
					[346.5099432],
					[425.7471591],
					[504.1136364],
					[586.8338068]
				],
				"y": [
					[496.3856534],
					[465.0390625],
					[446.7535511],
					[462.4268466],
					[503.3515625],
					[467.6512784],
					[205.5589489]
				]
			}
		],
		"plotpos": [108.7982955,171.600142,478.90625,360.4857955],
		"xax": {
			"titlepos": [180.1988636,578.2350852,347.4247159,33.08806818],
			"minpos": [95.73721591,539.9225852,23.50994318,36.57102273],
			"maxpos": [572.03125,544.2762784,42.66619318,34.82954545],
			"type": 1
		},
		"yax": {
			"titlepos": [12.14630682,306.5646307,38.3125,163.6988636],
			"minpos": [59.16619318,521.6370739,28.734375,30.47585227],
			"maxpos": [50.45880682,152.443892,39.18323864,37.44176136],
			"type": 1
		}
	}
}
