{
	"data": {
		"imagename": "01701-10.1.1.385.5289-Figure-10",
		"difficult": 0,
		"curves": [
			{
				"name": "Test RAP",
				"labelposition": [146.9318182,40.48224432,105.8522727,20.13494318],
				"symbolposition": [100.3338068,43.35866477,46.02272727,12.65625],
				"x": [
					[120.46875],
					[316.0653409],
					[508.2102273]
				],
				"y": [
					[177.399858],
					[101.462358],
					[37.03053977]
				]
			},
			{
				"name": "Test PLSI",
				"labelposition": [146.3565341,62.91832386,107.578125,23.01136364],
				"symbolposition": [100.3338068,66.9453125,46.59801136,14.38210227],
				"x": [
					[121.0440341],
					[316.0653409],
					[507.6349432]
				],
				"y": [
					[266.568892],
					[294.7578125],
					[163.5930398]
				]
			},
			{
				"name": "LSI",
				"labelposition": [146.9318182,88.80610795,39.11931818,19.55965909],
				"symbolposition": [100.3338068,93.40838068,44.87215909,10.35511364],
				"x": [
					[119.3181818],
					[314.9147727],
					[507.0596591]
				],
				"y": [
					[334.4524148],
					[233.2024148],
					[189.4808239]
				]
			}
		],
		"plotpos": [81.92471591,34.15411932,463.6789773,325.0355114],
		"xax": {
			"titlepos": [233.7997159,382.7762784,163.3806818,21.86079545],
			"minpos": [69.26846591,365.5177557,30.49005682,19.55965909],
			"maxpos": [525.46875,364.3671875,40.84517045,20.13494318],
			"type": 1
		},
		"yax": {
			"titlepos": [4.261363636,88.23082386,22.43607955,217.4573864],
			"minpos": [24.39630682,349.9850852,53.50142045,17.83380682],
			"maxpos": [29.57386364,23.79900568,49.47443182,22.43607955],
			"type": 1
		}
	}
}
