{
	"data": {
		"imagename": "01719-10.1.1.108.3046-Figure-2",
		"difficult": 0,
		"curves": [
			{
				"name": "Simple Shrinkage",
				"labelposition": [97.50284091,34.95099432,94.35227273,13.03551136],
				"symbolposition": [59.63778409,36.81321023,37.24431818,8.069602273],
				"x": [
					[42.25710227],
					[58.39630682],
					[78.25994318],
					[101.2272727],
					[119.8494318],
					[140.3338068],
					[162.6803977],
					[186.8892045],
					[218.546875],
					[252.0667614],
					[292.4147727],
					[332.7627841],
					[375.59375],
					[412.8380682],
					[438.9090909],
					[472.4289773],
					[512.7769886],
					[550.0213068]
				],
				"y": [
					[142.959517],
					[180.8245739],
					[223.0348011],
					[259.6583807],
					[282.0049716],
					[293.7990057],
					[298.7649148],
					[297.5234375],
					[282.6257102],
					[255.9339489],
					[216.2066761],
					[174.6171875],
					[131.7862216],
					[104.4737216],
					[82.12713068],
					[65.98792614],
					[53.57315341],
					[40.53764205]
				]
			},
			{
				"name": "IRLS - 1st iteration",
				"labelposition": [97.50284091,46.74502841,100.5596591,13.65625],
				"symbolposition": [57.77556818,49.22798295,37.86505682,10.55255682],
				"x": [
					[42.87784091],
					[122.953125],
					[219.1676136],
					[324.6931818],
					[427.7357955],
					[553.125]
				],
				"y": [
					[139.2350852],
					[161.5816761],
					[183.928267],
					[204.412642],
					[223.0348011],
					[239.7947443]
				]
			},
			{
				"name": "IRLS - 5th iteration",
				"labelposition": [97.50284091,61.02201705,101.1803977,13.03551136],
				"symbolposition": [57.15482955,62.88423295,39.72727273,8.690340909],
				"x": [
					[43.49857955],
					[61.5],
					[75.15625],
					[88.19176136],
					[106.1931818],
					[121.0909091],
					[138.4715909],
					[160.8181818],
					[184.40625],
					[225.375],
					[273.171875],
					[327.1761364],
					[365.6619318],
					[420.2869318],
					[472.4289773],
					[513.3977273],
					[550.6420455]
				],
				"y": [
					[143.5802557],
					[209.3785511],
					[252.8302557],
					[287.5916193],
					[315.524858],
					[328.5603693],
					[332.2848011],
					[327.9396307],
					[309.9382102],
					[267.1072443],
					[209.3785511],
					[152.2705966],
					[117.509233],
					[83.98934659],
					[62.26349432],
					[49.22798295],
					[41.77911932]
				]
			}
		],
		"plotpos": [42.25710227,24.3984375,510.2471591,384.8579545],
		"xax": {
			"titlepos": [292.4147727,424.1541193,13.65625,11.79403409],
			"minpos": [37.91193182,412.3600852,9.931818182,11.79403409],
			"maxpos": [549.4005682,412.9808239,8.069602273,10.55255682],
			"type": 1
		},
		"yax": {
			"titlepos": [5.012784091,165.9268466,14.89772727,103.6633523],
			"minpos": [19.91051136,401.8075284,19.86363636,14.27698864],
			"maxpos": [20.53125,16.32883523,18.62215909,14.89772727],
			"type": 1
		}
	}
}
