{
	"data": {
		"imagename": "01712-10.1.1.297.6691-Figure-4",
		"difficult": 0,
		"curves": [
			{
				"name": "Density-weighted uncertainty sampling",
				"labelposition": [117.84375,24.0546875,214.453125,16.171875],
				"symbolposition": [77.0625,23.3515625,40.78125,13.359375],
				"x": [
					[64.40625],
					[102.375],
					[141.046875],
					[179.015625],
					[219.09375],
					[259.171875],
					[300.65625],
					[338.625],
					[378],
					[418.078125],
					[456.046875],
					[495.421875],
					[537.609375],
					[576.984375],
					[613.546875],
					[653.625]
				],
				"y": [
					[374.2109375],
					[346.7890625],
					[336.2421875],
					[308.8203125],
					[336.2421875],
					[334.1328125],
					[211.0859375],
					[232.1796875],
					[194.2109375],
					[231.4765625],
					[174.5234375],
					[182.9609375],
					[137.2578125],
					[68.3515625],
					[69.7578125],
					[54.9921875]
				]
			},
			{
				"name": "Uncertainty sampling",
				"labelposition": [119.953125,39.5234375,118.125,14.0625],
				"symbolposition": [79.171875,38.8203125,38.671875,13.359375],
				"x": [
					[64.40625],
					[101.671875],
					[143.15625],
					[183.234375],
					[221.90625],
					[260.578125],
					[297.84375],
					[341.4375],
					[382.21875],
					[415.96875],
					[455.34375],
					[499.640625],
					[574.171875],
					[614.953125],
					[655.734375]
				],
				"y": [
					[372.8046875],
					[436.7890625],
					[439.6015625],
					[400.9296875],
					[375.6171875],
					[346.7890625],
					[386.1640625],
					[320.0703125],
					[336.2421875],
					[319.3671875],
					[265.2265625],
					[252.5703125],
					[159.7578125],
					[166.0859375],
					[71.8671875]
				]
			}
		],
		"plotpos": [61.59375,13.5078125,592.734375,435.9375],
		"xax": {
			"titlepos": [205.734375,466.3203125,303.046875,26.71875],
			"minpos": [55.96875,452.2578125,14.765625,16.875],
			"maxpos": [646.59375,450.8515625,18.28125,13.359375],
			"type": 1
		},
		"yax": {
			"titlepos": [6.046875,104.2109375,26.71875,251.71875],
			"minpos": [28.546875,441.7109375,30.234375,12.65625],
			"maxpos": [32.765625,5.7734375,28.125,16.171875],
			"type": 1
		}
	}
}
