{
	"data": {
		"imagename": "01722-10.1.1.132.6365-Figure-5",
		"difficult": 0,
		"curves": [
			{
				"name": "pan-str 1.5",
				"labelposition": [525.5169409,162.7284608,62.78315586,15.5517909],
				"symbolposition": [504.7812197,163.304453,20.15972894,8.639883833],
				"x": [
					[151.1219748],
					[381.5188771]
				],
				"y": [
					[182.8881897],
					[110.8891578]
				]
			},
			{
				"name": "str-pan 1.5",
				"labelposition": [525.5169409,180.5842207,63.35914811,10.94385286],
				"symbolposition": [505.357212,181.160213,18.43175218,9.791868345],
				"x": [
					[149.3939981],
					[382.6708616]
				],
				"y": [
					[171.3683446],
					[215.1437561]
				]
			},
			{
				"name": "str-pan 2",
				"labelposition": [524.3649564,213.9917715,54.71926428,13.24782188],
				"symbolposition": [504.2052275,215.1437561,20.7357212,9.215876089],
				"x": [
					[151.1219748],
					[379.214908]
				],
				"y": [
					[154.088577],
					[199.5919652]
				]
			},
			{
				"name": "pan-str 2",
				"labelposition": [525.5169409,195.5600194,55.87124879,16.70377541],
				"symbolposition": [505.9332043,197.2879961,17.85575992,10.94385286],
				"x": [
					[150.5459826],
					[379.7909003]
				],
				"y": [
					[167.9123911],
					[93.03339787]
				]
			}
		],
		"plotpos": [34.19554695,41.77008712,460.7938045,301.2439497],
		"xax": {
			"titlepos": [246.7366893,371.2376573,37.43949661,19.58373669],
			"minpos": [144.2100678,352.2299129,13.82381413,19.58373669],
			"maxpos": [372.303001,354.5338819,17.85575992,16.70377541],
			"type": 1
		},
		"yax": {
			"titlepos": [4.819941917,157.5445305,13.82381413,64.51113262],
			"minpos": [20.37173282,337.8301065,12.09583737,14.39980639],
			"maxpos": [22.09970958,34.2821878,8.063891578,13.82381413],
			"type": 1
		}
	}
}
