{
	"data": {
		"imagename": "01730-10.1.1.408.3616-Figure-5",
		"difficult": 0,
		"curves": [
			{
				"name": "Distributed Coding",
				"labelposition": [183.5951705,173.8444602,140.2571023,21.64204545],
				"symbolposition": [159.4559659,179.2549716,23.72301136,9.15625],
				"x": [
					[57.07244318],
					[375.4602273]
				],
				"y": [
					[26.92826705],
					[26.51207386]
				]
			},
			{
				"name": "Independent Coding",
				"labelposition": [184.0113636,196.7350852,153.1590909,19.14488636],
				"symbolposition": [159.8721591,201.7294034,24.13920455,9.15625],
				"x": [
					[56.24005682],
					[93.69744318],
					[127.8252841],
					[163.2017045],
					[198.578125],
					[235.203125],
					[269.3309659],
					[306.3721591],
					[341.7485795],
					[375.0440341]
				],
				"y": [
					[160.5262784],
					[133.8899148],
					[113.4964489],
					[99.76207386],
					[87.27627841],
					[79.36860795],
					[71.87713068],
					[63.55326705],
					[58.14275568],
					[55.22940341]
				]
			}
		],
		"plotpos": [54.57528409,4.453835227,321.3011364,244.3053977],
		"xax": {
			"titlepos": [100.3565341,270.4012784,212.6747159,22.05823864],
			"minpos": [85.37357955,253.337358,12.48579545,19.56107955],
			"maxpos": [363.8068182,254.5859375,21.22585227,17.06392045],
			"type": 1
		},
		"yax": {
			"titlepos": [4.632102273,87.27627841,23.30681818,90.73011364],
			"minpos": [39.17613636,239.602983,14.15056818,21.64204545],
			"maxpos": [41.25710227,16.10724432,12.48579545,21.22585227],
			"type": 1
		}
	}
}
