{
	"data": {
		"imagename": "01734-10.1.1.172.6955-Figure-4",
		"difficult": 0,
		"curves": [
			{
				"name": "Casanova",
				"labelposition": [81.73011364,31.5078125,67.02698864,15.66051136],
				"symbolposition": [153.1420455,34.01349432,46.35511364,10.02272727],
				"x": [
					[62.31107955],
					[102.4019886],
					[153.1420455],
					[160.6590909],
					[165.6704545],
					[173.8139205],
					[203.2556818],
					[212.0255682],
					[219.5426136],
					[223.9275568],
					[232.6974432],
					[243.9730114],
					[247.7315341],
					[260.2599432],
					[264.0184659],
					[274.6676136],
					[283.4375],
					[295.3394886],
					[308.4943182],
					[318.5170455],
					[320.3963068],
					[325.4076705],
					[327.9133523],
					[331.671875],
					[337.3096591],
					[345.453125],
					[352.9701705],
					[363.6193182],
					[366.125],
					[378.6534091],
					[384.9176136],
					[392.4346591],
					[399.9517045],
					[407.46875],
					[433.7784091]
				],
				"y": [
					[392.9524148],
					[393.5788352],
					[387.9410511],
					[382.303267],
					[381.6768466],
					[373.5333807],
					[366.0163352],
					[358.4992898],
					[347.2237216],
					[344.7180398],
					[328.431108],
					[320.9140625],
					[313.397017],
					[307.1328125],
					[296.4836648],
					[288.3401989],
					[264.5362216],
					[252.0078125],
					[222.5660511],
					[205.0262784],
					[184.3544034],
					[179.9694602],
					[163.6825284],
					[155.5390625],
					[140.5049716],
					[113.568892],
					[87.88565341],
					[77.23650568],
					[67.21377841],
					[60.32315341],
					[45.2890625],
					[39.65127841],
					[23.36434659],
					[18.97940341],
					[16.47372159]
				]
			},
			{
				"name": "CASS",
				"labelposition": [108.0397727,45.2890625,46.98153409,16.28693182],
				"symbolposition": [155.0213068,48.42116477,45.10227273,10.64914773],
				"x": [
					[516.4659091],
					[516.4659091]
				],
				"y": [
					[13.34161932],
					[394.2052557]
				]
			}
		],
		"plotpos": [61.68465909,12.08877841,543.7329545,382.1164773],
		"xax": {
			"titlepos": [196.3650568,422.3941761,274.9985795,17.53977273],
			"minpos": [41.01278409,398.5901989,35.70596591,18.16619318],
			"maxpos": [590.3835227,401.0958807,28.18892045,16.28693182],
			"type": 2
		},
		"yax": {
			"titlepos": [2.801136364,129.8558239,21.29829545,147.2088068],
			"minpos": [39.75994318,386.0617898,18.16619318,16.91335227],
			"maxpos": [40.38636364,3.318892045,16.28693182,16.91335227],
			"type": 1
		}
	}
}
