{
	"data": {
		"imagename": "01735-10.1.1.164.5853-Figure-2",
		"difficult": 0,
		"curves": [
			{
				"name": "P(50)",
				"labelposition": [314.390625,14.2109375,37.265625,17.578125],
				"symbolposition": [277.125,14.9140625,33.75,14.0625],
				"x": [
					[72.515625],
					[129.46875],
					[185.71875],
					[238.453125],
					[351.65625],
					[404.390625],
					[570.328125]
				],
				"y": [
					[407.2578125],
					[355.2265625],
					[324.2890625],
					[321.4765625],
					[317.2578125],
					[308.1171875],
					[306.7109375]
				]
			},
			{
				"name": "P(30)",
				"labelposition": [314.390625,32.4921875,36.5625,16.875],
				"symbolposition": [275.71875,33.8984375,38.671875,14.765625],
				"x": [
					[71.8125],
					[128.765625],
					[187.828125],
					[237.046875],
					[349.546875],
					[408.609375],
					[570.328125]
				],
				"y": [
					[321.4765625],
					[282.8046875],
					[254.6796875],
					[241.3203125],
					[239.2109375],
					[232.1796875],
					[229.3671875]
				]
			},
			{
				"name": "P(20)",
				"labelposition": [315.09375,50.7734375,35.859375,15.46875],
				"symbolposition": [275.71875,50.7734375,37.265625,16.875],
				"x": [
					[72.515625],
					[129.46875],
					[184.3125],
					[240.5625],
					[348.84375],
					[406.5],
					[568.21875]
				],
				"y": [
					[201.9453125],
					[159.7578125],
					[129.5234375],
					[119.6796875],
					[118.2734375],
					[107.0234375],
					[104.9140625]
				]
			}
		],
		"plotpos": [72.515625,88.0390625,496.40625,347.34375],
		"xax": {
			"titlepos": [225.796875,472.6484375,176.484375,21.09375],
			"minpos": [58.453125,448.0390625,26.71875,15.46875],
			"maxpos": [552.75,447.3359375,34.453125,18.28125],
			"type": 1
		},
		"yax": {
			"titlepos": [4.3125,204.0546875,21.796875,136.40625],
			"minpos": [25.40625,428.3515625,37.265625,16.171875],
			"maxpos": [30.328125,79.6015625,30.9375,15.46875],
			"type": 1
		}
	}
}
