{
	"data": {
		"imagename": "01740-10.1.1.152.5996-Figure-1",
		"difficult": 0,
		"curves": [
			{
				"name": "Positive Precision",
				"labelposition": [475.0497159,7.746448864,131.9616477,19.83238636],
				"symbolposition": [436.1477273,10.03480114,39.66477273,16.01846591],
				"x": [
					[133.3224432],
					[243.1633523],
					[351.4786932],
					[456.7428977],
					[567.3465909]
				],
				"y": [
					[304.4694602],
					[116.0617898],
					[94.70383523],
					[105.3828125],
					[100.806108]
				]
			},
			{
				"name": "Positive Recall",
				"labelposition": [473.5241477,29.10440341,115.9431818,17.54403409],
				"symbolposition": [432.3338068,30.62997159,41.19034091,14.49289773],
				"x": [
					[133.3224432],
					[242.4005682],
					[349.1903409],
					[456.7428977],
					[563.5326705]
				],
				"y": [
					[203.0191761],
					[155.7265625],
					[95.46661932],
					[75.63423295],
					[79.44815341]
				]
			},
			{
				"name": "Positive F-measure",
				"labelposition": [475.8125,48.93678977,139.5894886,16.78125],
				"symbolposition": [436.1477273,49.69957386,37.37642045,13.73011364],
				"x": [
					[131.796875],
					[243.9261364],
					[349.1903409],
					[454.4545455],
					[564.2954545]
				],
				"y": [
					[265.5674716],
					[136.6569602],
					[96.22940341],
					[91.65269886],
					[90.12713068]
				]
			}
		],
		"plotpos": [79.16477273,58.09019886,529.3721591,396.6477273],
		"xax": {
			"titlepos": [285.8792614,482.1981534,121.2826705,27.46022727],
			"minpos": [122.6434659,464.6541193,26.69744318,22.88352273],
			"maxpos": [544.4630682,467.7052557,47.29261364,14.49289773],
			"type": 3
		},
		"yax": {
			"titlepos": [4.411931818,240.3955966,19.06960227,65.59943182],
			"minpos": [32.63494318,445.584517,34.32528409,16.01846591],
			"maxpos": [28.82102273,43.59730114,38.90198864,22.12073864],
			"type": 1
		}
	}
}
