{
	"data": {
		"imagename": "01748-10.1.1.422.6729-Figure-5",
		"difficult": 0,
		"curves": [
			{
				"name": "Photoreflector 2",
				"labelposition": [444.8877057,64.30929332,117.2817038,20.76863504],
				"symbolposition": [421.0648596,66.75266215,21.99031946,10.99515973],
				"x": [
					[76.54985479],
					[354.4830591],
					[419.232333],
					[461.3804453],
					[492.5333979],
					[515.1345595],
					[527.3514037],
					[537.7357212],
					[548.1200387],
					[558.5043562],
					[570.7212004],
					[590.268151],
					[601.874153],
					[612.2584705]
				],
				"y": [
					[290.9317522],
					[288.4883833],
					[286.6558567],
					[279.9365924],
					[270.1631171],
					[239.0101646],
					[209.0788964],
					[169.9849952],
					[144.9404647],
					[111.3441433],
					[99.12729913],
					[67.97434656],
					[44.15150048],
					[40.48644724]
				]
			},
			{
				"name": "Photoreflector 1",
				"labelposition": [441.2226525,34.37802517,124.6118103,20.15779284],
				"symbolposition": [422.8973863,36.21055179,20.15779284,14.66021297],
				"x": [
					[77.77153921],
					[86.32333011],
					[96.70764763],
					[118.6979671],
					[129.0822846],
					[141.2991288],
					[151.0726041],
					[161.4569216],
					[173.0629235],
					[183.447241],
					[194.4424008],
					[204.8267183],
					[227.42788],
					[261.0242014],
					[296.4530494],
					[350.8180058],
					[450.3852856],
					[611.6476283]
				],
				"y": [
					[71.63939981],
					[99.73814134],
					[116.8417231],
					[127.8368829],
					[150.4380445],
					[165.0982575],
					[188.9211036],
					[217.6306873],
					[239.0101646],
					[243.28606],
					[259.1679574],
					[268.3305905],
					[281.1582769],
					[294.5968054],
					[299.4835431],
					[301.3160697],
					[304.3702807],
					[304.3702807]
				]
			}
		],
		"plotpos": [76.54985479,16.66360116,535.0977735,308.4753146],
		"xax": {
			"titlepos": [253.0832527,366.0653437,131.3310745,25.04453049],
			"minpos": [60.66795741,340.409971,32.98547919,21.37947725],
			"maxpos": [601.874153,340.409971,23.21200387,18.93610842],
			"type": 1
		},
		"yax": {
			"titlepos": [3.248789932,127.8368829,25.6553727,98.34559535],
			"minpos": [46.61858664,316.5871249,17.71442401,20.76863504],
			"maxpos": [33.79090029,9.333494676,29.93126815,25.6553727],
			"type": 1
		}
	}
}
