{
	"data": {
		"imagename": "01755-10.1.1.34.3648-Figure-9",
		"difficult": 0,
		"curves": [
			{
				"name": "K-means",
				"labelposition": [68.85382381,17.08760891,51.9874153,14.76185866],
				"symbolposition": [123.4085189,19.01306873,44.28557599,12.1945789],
				"x": [
					[115.7066796],
					[176.0377541],
					[235.0851888],
					[293.4908035],
					[350.6127783],
					[409.660213],
					[468.7076476],
					[524.5459826],
					[582.3097773]
				],
				"y": [
					[366.8794773],
					[304.6229429],
					[263.5464666],
					[220.5445305],
					[178.8262343],
					[135.8242982],
					[101.8078412],
					[71.00048403],
					[26.71490803]
				]
			},
			{
				"name": "X-means",
				"labelposition": [65.6447241,31.20764763,55.196515,14.12003872],
				"symbolposition": [124.0503388,31.84946757,45.56921588,12.1945789],
				"x": [
					[117.6321394],
					[176.0377541],
					[294.7744434],
					[350.6127783],
					[407.7347531],
					[468.7076476],
					[526.4714424],
					[581.6679574]
				],
				"y": [
					[378.4322362],
					[329.6539206],
					[286.6519845],
					[284.0847047],
					[260.3373669],
					[241.0827686],
					[241.7245886],
					[223.7536302]
				]
			}
		],
		"plotpos": [57.9428848,12.59486931,585.981607,401.7792836],
		"xax": {
			"titlepos": [328.7909003,434.2705712,44.28557599,14.12003872],
			"minpos": [48.95740561,418.2250726,17.32913843,17.97095837],
			"maxpos": [622.7444337,418.2250726,40.43465634,17.97095837],
			"type": 1
		},
		"yax": {
			"titlepos": [1.462729913,186.5280736,13.47821878,53.27105518],
			"minpos": [32.27008712,406.6723136,21.82187803,16.68731849],
			"maxpos": [22.642788,4.251210068,30.16553727,16.68731849],
			"type": 1
		}
	}
}
