{
	"data": {
		"imagename": "01754-10.1.1.129.1999-Figure-4",
		"difficult": 0,
		"curves": [
			{
				"name": "HISOSOM",
				"labelposition": [471.3096591,84.31676136,77.85227273,21.97443182],
				"symbolposition": [373.3664773,88.71164773,91.66477273,16.32386364],
				"x": [
					[65.09659091],
					[86.44318182],
					[114.0681818],
					[148.5994318],
					[186.2698864],
					[231.4744318],
					[273.5397727],
					[335.0681818],
					[390.3181818],
					[433.6392045],
					[492.0284091],
					[544.7670455],
					[593.1107955],
					[611.9460227]
				],
				"y": [
					[85.57244318],
					[108.8025568],
					[140.8224432],
					[172.8423295],
					[208.0014205],
					[241.2769886],
					[263.8792614],
					[295.2713068],
					[315.3622159],
					[331.0582386],
					[348.0099432],
					[361.1946023],
					[380.0298295],
					[383.1690341]
				]
			},
			{
				"name": "GHSOM",
				"labelposition": [471.3096591,113.1974432,63.41193182,21.97443182],
				"symbolposition": [365.8323864,116.9644886,97.94318182,15.06818182],
				"x": [
					[83.93181818],
					[109.6732955],
					[125.3693182],
					[141.0653409],
					[182.5028409],
					[200.7102273],
					[225.1960227],
					[294.8863636],
					[367.7159091],
					[440.5454545],
					[482.6107955],
					[546.0227273],
					[584.3210227],
					[608.8068182]
				],
				"y": [
					[152.1235795],
					[193.5610795],
					[197.9559659],
					[218.046875],
					[241.2769886],
					[253.8338068],
					[263.8792614],
					[291.5042614],
					[321.640625],
					[344.8707386],
					[356.171875],
					[372.4957386],
					[386.3082386],
					[390.0752841]
				]
			},
			{
				"name": "SOM",
				"labelposition": [466.9147727,140.8224432,47.71590909,20.71875],
				"symbolposition": [365.2045455,141.4502841,96.6875,18.20738636],
				"x": [
					[65.72443182],
					[80.16477273],
					[95.23295455],
					[127.8806818],
					[174.3409091],
					[224.5681818],
					[269.1448864],
					[326.90625],
					[382.7840909],
					[438.6619318],
					[492.0284091],
					[540.3721591],
					[580.5539773],
					[615.7130682]
				],
				"y": [
					[165.3082386],
					[180.3764205],
					[196.0724432],
					[223.0696023],
					[253.2059659],
					[283.9701705],
					[305.9446023],
					[324.1519886],
					[341.1036932],
					[353.0326705],
					[368.7286932],
					[384.4247159],
					[391.9588068],
					[392.5866477]
				]
			},
			{
				"name": "K-NN",
				"labelposition": [470.6818182,167.8196023,47.08806818,20.09090909],
				"symbolposition": [368.9715909,172.8423295,94.80397727,13.18465909],
				"x": [
					[63.84090909],
					[73.88636364],
					[87.69886364],
					[114.6960227],
					[151.7386364],
					[206.3607955],
					[266.0056818],
					[311.8380682],
					[332.5568182],
					[348.2528409]
				],
				"y": [
					[242.5326705],
					[253.2059659],
					[272.0411932],
					[298.4105114],
					[324.1519886],
					[351.1491477],
					[370.6122159],
					[385.0525568],
					[390.0752841],
					[398.2372159]
				]
			}
		],
		"plotpos": [59.44602273,12.74289773,571.9630682,386.75],
		"xax": {
			"titlepos": [314.3494318,422.0951705,59.01704545,17.57954545],
			"minpos": [52.53977273,403.8877841,11.30113636,13.18465909],
			"maxpos": [621.3636364,404.515625,17.57954545,15.69602273],
			"type": 1
		},
		"yax": {
			"titlepos": [4.196022727,165.3082386,22.60227273,92.92045455],
			"minpos": [43.75,394.4701705,12.55681818,13.18465909],
			"maxpos": [28.05397727,5.836647727,28.88068182,13.8125],
			"type": 1
		}
	}
}
