{
	"data": {
		"imagename": "01751-10.1.1.386.3715-Figure-1",
		"difficult": 0,
		"curves": [
			{
				"name": "Associate 1",
				"labelposition": [450.1534091,38.85014205,110.9971591,30.55539773],
				"symbolposition": [414.609375,38.2265625,33.67329545,23.07244318],
				"x": [
					[100.9488636],
					[145.8465909],
					[210.0752841],
					[251.8551136],
					[279.2926136],
					[301.7414773],
					[362.2286932],
					[427.7045455],
					[466.9900568],
					[514.3821023],
					[548.0553977],
					[560.5269886],
					[582.3522727]
				],
				"y": [
					[8.294744318],
					[188.509233],
					[202.8515625],
					[268.3274148],
					[285.787642],
					[290.7762784],
					[323.2024148],
					[341.2862216],
					[340.0390625],
					[343.7805398],
					[340.662642],
					[339.415483],
					[341.9098011]
				]
			},
			{
				"name": "Associate 2",
				"labelposition": [450.1534091,80.00639205,113.4914773,27.4375],
				"symbolposition": [412.7386364,74.39417614,37.41477273,24.94318182],
				"x": [
					[118.4090909],
					[145.8465909],
					[250.6079545],
					[277.421875],
					[299.8707386],
					[365.3465909],
					[425.8338068],
					[470.1079545],
					[493.1803977],
					[517.5],
					[533.0894886],
					[548.6789773],
					[560.5269886],
					[579.8579545]
				],
				"y": [
					[6.424005682],
					[111.8089489],
					[236.524858],
					[257.7265625],
					[250.8671875],
					[268.9509943],
					[266.4566761],
					[263.962358],
					[276.4339489],
					[283.2933239],
					[292.647017],
					[291.399858],
					[292.647017],
					[282.0461648]
				]
			},
			{
				"name": "Associate 3",
				"labelposition": [448.2826705,123.0333807,120.3508523,26.19034091],
				"symbolposition": [412.7386364,117.4211648,35.54403409,20.578125],
				"x": [
					[114.6676136],
					[146.4701705],
					[210.0752841],
					[251.2315341],
					[276.1747159],
					[296.7528409],
					[364.0994318],
					[427.0809659],
					[468.8607955],
					[496.2982955],
					[533.0894886],
					[546.8082386],
					[561.7741477],
					[580.4815341]
				],
				"y": [
					[7.047585227],
					[86.2421875],
					[138.6228693],
					[208.4637784],
					[181.0262784],
					[224.6768466],
					[222.1825284],
					[234.0305398],
					[260.8444602],
					[260.8444602],
					[253.3615057],
					[278.928267],
					[275.8103693],
					[263.962358]
				]
			}
		],
		"plotpos": [80.37073864,11.41264205,505.7230114,349.2045455],
		"xax": {
			"titlepos": [264.9502841,409.256392,138.4346591,27.4375],
			"minpos": [72.88778409,379.3245739,18.08380682,21.82528409],
			"maxpos": [490.6860795,373.712358,54.875,31.17897727],
			"type": 2
		},
		"yax": {
			"titlepos": [3.046875,110.5617898,29.30823864,147.7883523],
			"minpos": [41.08522727,350.0163352,29.30823864,25.56676136],
			"maxpos": [30.484375,44.46235795,36.16761364,26.19034091],
			"type": 1
		}
	}
}
