{
	"data": {
		"imagename": "01769-10.1.1.182.9583-Figure-6",
		"difficult": 0,
		"curves": [
			{
				"name": "NMF",
				"labelposition": [600.3727009,161.2996128,38.32429816,18.18780252],
				"symbolposition": [565.2962246,161.9491772,34.42691191,16.88867377],
				"x": [
					[145.0280736],
					[258.7018393],
					[374.3242982],
					[488.6476283]
				],
				"y": [
					[232.1021297],
					[231.4525653],
					[122.9753146],
					[122.3257502]
				]
			},
			{
				"name": "ONMF",
				"labelposition": [600.3727009,189.8804453,46.11907067,16.88867377],
				"symbolposition": [565.2962246,187.9317522,34.42691191,20.78606002],
				"x": [
					[145.0280736],
					[260.6505324],
					[376.2729913],
					[486.0493708]
				],
				"y": [
					[307.4515973],
					[172.9917715],
					[165.196999],
					[119.0779284]
				]
			},
			{
				"name": "LPNMF",
				"labelposition": [601.0222652,215.8630203,53.2642788,18.83736689],
				"symbolposition": [562.6979671,216.5125847,38.32429816,16.88867377],
				"x": [
					[145.0280736],
					[261.3000968],
					[486.0493708]
				],
				"y": [
					[229.5038722],
					[68.41190707],
					[68.41190707]
				]
			}
		],
		"plotpos": [87.21684414,20.99370765,456.6437561,287.7570184],
		"xax": {
			"titlepos": [274.9409487,350.3228461,79.8964182,28.58083253],
			"minpos": [125.5411423,322.3915779,38.97386254,20.13649564],
			"maxpos": [469.160697,323.6907067,40.27299129,22.73475315],
			"type": 1
		},
		"yax": {
			"titlepos": [22.90997096,124.9240077,25.33301065,94.83639884],
			"minpos": [58.63601162,299.6568248,18.18780252,19.48693127],
			"maxpos": [50.84123911,13.19893514,25.33301065,19.48693127],
			"type": 1
		}
	}
}
