{
	"data": {
		"imagename": "01765-10.1.1.117.6081-Figure-4",
		"difficult": 0,
		"curves": [
			{
				"name": "Better",
				"labelposition": [427.1420455,25.85298295,81.26846591,30.5625],
				"symbolposition": [354.2088068,32.79900568,60.43039773,18.75426136],
				"x": [
					[100.6789773],
					[240.2940341],
					[380.6036932],
					[486.8778409],
					[512.578125],
					[554.2542614]
				],
				"y": [
					[364.818892],
					[287.7180398],
					[366.9026989],
					[383.5731534],
					[388.4353693],
					[388.4353693]
				]
			},
			{
				"name": "No change",
				"labelposition": [422.9744318,61.27769886,132.6690341,30.5625],
				"symbolposition": [353.5142045,67.52911932,61.125,17.36505682],
				"x": [
					[99.28977273],
					[145.1335227],
					[193.0610795],
					[239.5994318],
					[286.8323864],
					[332.6761364],
					[377.1306818],
					[425.0582386],
					[470.9019886],
					[559.8110795]
				],
				"y": [
					[121.0134943],
					[7.793323864],
					[18.90696023],
					[101.5646307],
					[216.1740057],
					[302.3046875],
					[351.6214489],
					[372.459517],
					[387.0461648],
					[390.5191761]
				]
			},
			{
				"name": "Worse",
				"labelposition": [425.0582386,91.14559659,84.74147727,35.42471591],
				"symbolposition": [352.125,100.8700284,56.26278409,14.58664773],
				"x": [
					[102.7627841],
					[198.6178977],
					[240.9886364],
					[324.3409091],
					[395.8849432],
					[478.5426136],
					[561.2002841]
				],
				"y": [
					[360.6512784],
					[307.1669034],
					[314.1129261],
					[353.0106534],
					[371.7649148],
					[384.962358],
					[389.8245739]
				]
			}
		],
		"plotpos": [100.6789773,7.793323864,463.9943182,383.4204545],
		"xax": {
			"titlepos": [239.5994318,459.9794034,179.2073864,28.47869318],
			"minpos": [88.17613636,420.3870739,25.70028409,34.73011364],
			"maxpos": [548.6974432,420.3870739,31.25710227,30.5625],
			"type": 1
		},
		"yax": {
			"titlepos": [6.907670455,75.86434659,26.39488636,268.8110795],
			"minpos": [39.55397727,266.1853693,32.64630682,61.81960227],
			"maxpos": [41.63778409,66.83451705,27.78409091,61.125],
			"type": 1
		}
	}
}
