{
	"data": {
		"imagename": "01787-10.1.1.324.4610-Figure-4",
		"difficult": 0,
		"curves": [
			{
				"name": "AdaBoost",
				"labelposition": [455.5426136,279.7492898,63.62642045,16.49573864],
				"symbolposition": [424.9076705,280.5348011,28.27840909,14.13920455],
				"x": [
					[56.50284091],
					[122.4857955],
					[192.3963068],
					[259.9502841],
					[329.0752841],
					[398.2002841],
					[466.5397727],
					[538.0213068],
					[601.6477273],
					[669.9872159]
				],
				"y": [
					[283.6768466],
					[251.4708807],
					[197.2705966],
					[223.1924716],
					[149.3544034],
					[168.9921875],
					[120.290483],
					[85.72798295],
					[95.15411932],
					[93.58309659]
				]
			},
			{
				"name": "Bayes Classifier",
				"labelposition": [453.1860795,297.0305398,105.2585227,14.13920455],
				"symbolposition": [422.5511364,298.6015625,27.49289773,10.21164773],
				"x": [
					[56.50284091],
					[127.1988636],
					[193.1818182],
					[262.3068182],
					[330.6463068],
					[398.9857955],
					[467.3252841],
					[533.3082386],
					[604.0042614],
					[669.9872159]
				],
				"y": [
					[200.412642],
					[148.568892],
					[128.931108],
					[127.3600852],
					[108.5078125],
					[102.2237216],
					[134.4296875],
					[114.7919034],
					[135.2151989],
					[168.9921875]
				]
			}
		],
		"plotpos": [669.9872159,515.4026989,0.7855113636,0.7855113636],
		"xax": {
			"titlepos": [273.3039773,535.8259943,182.2386364,15.71022727],
			"minpos": [47.07670455,518.5447443,21.99431818,17.28125],
			"maxpos": [658.9900568,520.9012784,25.921875,14.13920455],
			"type": 1
		},
		"yax": {
			"titlepos": [2.302556818,199.6271307,22.77982955,143.7485795],
			"minpos": [20.36931818,463.5589489,31.42045455,18.06676136],
			"maxpos": [18.79829545,33.88423295,32.99147727,21.99431818],
			"type": 1
		}
	}
}
