{
	"data": {
		"imagename": "01784-10.1.1.158.3226-Figure-6",
		"difficult": 0,
		"curves": [
			{
				"name": "Machine Translation",
				"labelposition": [223.5866409,26.96272991,174.982575,21.9535334],
				"symbolposition": [153.2061955,28.25411423,69.08906099,18.07938045],
				"x": [
					[161.6001936],
					[254.5798645],
					[344.9767667],
					[435.3736689],
					[528.3533398],
					[615.5217812]
				],
				"y": [
					[276.8455954],
					[263.9317522],
					[240.0411423],
					[170.9520813],
					[201.2996128],
					[179.9917715]
				]
			},
			{
				"name": "English",
				"labelposition": [220.3581801,54.72749274,68.44336883,20.66214908],
				"symbolposition": [153.8518877,56.01887706,66.50629235,16.78799613],
				"x": [
					[162.8915779],
					[255.8712488],
					[342.3939981],
					[432.7909003],
					[526.4162633],
					[614.2303969]
				],
				"y": [
					[259.4119071],
					[115.4225557],
					[113.4854792],
					[99.28025169],
					[41.16795741],
					[41.81364956]
				]
			}
		],
		"plotpos": [116.4017425,12.75750242,543.6727977,304.1210068],
		"xax": {
			"titlepos": [357.8906099,360.1398838,69.08906099,21.30784124],
			"minpos": [138.3552759,335.6035818,48.42691191,27.76476283],
			"maxpos": [601.3165537,333.6665053,40.03291384,34.22168441],
			"type": 1
		},
		"yax": {
			"titlepos": [2.114230397,5.654888674,59.40367861,293.1442401],
			"minpos": [67.32913843,308.4845111,29.05614714,25.18199419],
			"maxpos": [65.39206196,5.009196515,32.28460794,20.66214908],
			"type": 1
		}
	}
}
