{
	"data": {
		"imagename": "01799-10.1.1.4.8719-Figure-1",
		"difficult": 0,
		"curves": [
			{
				"name": "unlexicalized PCFG",
				"labelposition": [265.1605114,245.587358,159.9460227,16.86505682],
				"symbolposition": [235.2386364,248.8515625,29.37784091,11.42471591],
				"x": [
					[75.29261364],
					[92.15767045],
					[110.1107955],
					[153.6335227],
					[195.5241477],
					[236.8707386],
					[279.3053977],
					[322.2840909],
					[361.4545455],
					[402.2571023],
					[447.9559659],
					[488.7585227]
				],
				"y": [
					[236.3387784],
					[174.318892],
					[125.3558239],
					[120.459517],
					[103.5944602],
					[92.16974432],
					[82.37713068],
					[81.83309659],
					[74.21661932],
					[55.17542614],
					[49.73508523],
					[47.55894886]
				]
			},
			{
				"name": "lexicalized PCFG (Collins)",
				"labelposition": [265.7045455,263.540483,209.9971591,21.21732955],
				"symbolposition": [235.7826705,268.4367898,27.74573864,11.96875],
				"x": [
					[76.38068182],
					[113.375],
					[156.3536932],
					[196.0681818],
					[237.9588068],
					[278.7613636],
					[321.1960227],
					[361.4545455],
					[402.8011364],
					[444.6917614],
					[487.1264205]
				],
				"y": [
					[169.4225852],
					[81.83309659],
					[82.37713068],
					[93.80184659],
					[82.37713068],
					[91.08167614],
					[74.21661932],
					[86.18536932],
					[74.21661932],
					[75.84872159],
					[91.08167614]
				]
			},
			{
				"name": "lexicalized PCFG (C&R)",
				"labelposition": [263.5284091,283.6697443,202.3806818,21.21732955],
				"symbolposition": [236.3267045,288.5660511,26.11363636,14.14488636],
				"x": [
					[74.20454545],
					[90.52556818],
					[111.7428977],
					[153.0894886],
					[194.9801136],
					[236.8707386],
					[277.1292614],
					[321.1960227],
					[361.4545455],
					[405.5213068],
					[446.8678977],
					[488.7585227]
				],
				"y": [
					[329.368608],
					[332.0887784],
					[197.1683239],
					[190.6399148],
					[196.0802557],
					[166.1583807],
					[161.806108],
					[156.365767],
					[158.5419034],
					[128.6200284],
					[128.6200284],
					[131.884233]
				]
			}
		],
		"plotpos": [50.26704545,13.82883523,456.4446023,320.4360795],
		"xax": {
			"titlepos": [175.9389205,362.0106534,205.6448864,19.58522727],
			"minpos": [62.77982955,338.0731534,16.32102273,17.40909091],
			"maxpos": [472.4375,338.0731534,32.09801136,17.40909091],
			"type": 1
		},
		"yax": {
			"titlepos": [4.024147727,140.0447443,19.58522727,68.54829545],
			"minpos": [25.24147727,326.1044034,21.76136364,17.953125],
			"maxpos": [24.69744318,4.580255682,22.84943182,20.12926136],
			"type": 1
		}
	}
}
