{
	"data": {
		"imagename": "01797-10.1.1.170.977-Figure-4",
		"difficult": 0,
		"curves": [
			{
				"name": "mean sampling",
				"labelposition": [446.5042614,28.26491477,121.0951705,18.06392045],
				"symbolposition": [388.9673295,30.27201705,54.19176136,12.04261364],
				"x": [
					[76.52840909],
					[97.26846591],
					[129.3821023],
					[162.8338068],
					[274.5625],
					[372.2414773],
					[490.6605114],
					[593.0227273]
				],
				"y": [
					[32.27911932],
					[152.7052557],
					[202.2137784],
					[238.3416193],
					[317.9566761],
					[332.006392],
					[327.9921875],
					[350.0703125]
				]
			},
			{
				"name": "k-means sampling",
				"labelposition": [445.1661932,51.01207386,139.1590909,17.39488636],
				"symbolposition": [386.9602273,50.34303977,56.19886364,10.70454545],
				"x": [
					[75.859375],
					[98.60653409],
					[129.3821023],
					[158.8196023],
					[279.9147727],
					[384.953125],
					[594.3607955]
				],
				"y": [
					[160.7336648],
					[291.8643466],
					[316.618608],
					[321.9708807],
					[370.8103693],
					[392.8884943],
					[412.290483]
				]
			}
		],
		"plotpos": [67.83096591,14.21519886,527.1988636,416.1392045],
		"xax": {
			"titlepos": [248.4701705,453.1015625,162.5752841,16.72585227],
			"minpos": [63.14772727,436.3757102,14.04971591,16.72585227],
			"maxpos": [585.6633523,434.368608,18.73295455,21.40909091],
			"type": 1
		},
		"yax": {
			"titlepos": [4.941761364,134.6413352,20.74005682,179.3011364],
			"minpos": [38.39346591,418.9808239,26.09232955,18.06392045],
			"maxpos": [27.68892045,4.848721591,37.46590909,17.39488636],
			"type": 1
		}
	}
}
