{
	"data": {
		"imagename": "01793-10.1.1.308.4951-Figure-3",
		"difficult": 0,
		"curves": [
			{
				"name": "constraint baseline",
				"labelposition": [234.2997159,238.8629261,104.7514205,12.82670455],
				"symbolposition": [210.7840909,237.1526989,23.515625,13.25426136],
				"x": [
					[35.05823864],
					[56.43607955],
					[96.62642045],
					[180.4275568],
					[344.609375]
				],
				"y": [
					[260.240767],
					[190.5490057],
					[120.4296875],
					[83.65980114],
					[66.12997159]
				]
			},
			{
				"name": "GE",
				"labelposition": [234.2997159,252.9723011,23.08806818,11.54403409],
				"symbolposition": [209.9289773,253.8274148,24.37073864,10.26136364],
				"x": [
					[36.34090909],
					[55.15340909],
					[97.48153409],
					[180.8551136],
					[343.3267045]
				],
				"y": [
					[151.2137784],
					[92.2109375],
					[79.38423295],
					[61.42684659],
					[48.60014205]
				]
			}
		],
		"plotpos": [35.05823864,25.51207386,310.8338068,245.8451705],
		"xax": {
			"titlepos": [129.1207386,288.459517,123.1363636,11.11647727],
			"minpos": [42.32670455,273.9225852,26.08096591,14.53693182],
			"maxpos": [334.3480114,273.4950284,21.80539773,13.68181818],
			"type": 1
		},
		"yax": {
			"titlepos": [2.991477273,121.712358,13.68181818,54.29971591],
			"minpos": [17.52840909,264.943892,15.81960227,14.109375],
			"maxpos": [15.390625,19.52627841,17.10227273,15.81960227],
			"type": 1
		}
	}
}
