{
	"data": {
		"imagename": "01792-10.1.1.14.8277-Figure-1",
		"difficult": 0,
		"curves": [
			{
				"name": "\"Simard\"",
				"labelposition": [392.5852273,375.3487216,82.09943182,22.32528409],
				"symbolposition": [479.0056818,380.3899148,62.65482955,16.56392045],
				"x": [
					[104.5170455],
					[183.015625],
					[256.4730114],
					[334.2514205],
					[409.8693182],
					[487.6477273],
					[560.3849432]
				],
				"y": [
					[394.7933239],
					[336.459517],
					[209.709517],
					[114.647017],
					[157.8572443],
					[152.8160511],
					[178.7421875]
				]
			},
			{
				"name": "\"DICE\"",
				"labelposition": [409.8693182,397.6740057,64.81534091,18.72443182],
				"symbolposition": [479.0056818,401.274858,63.375,17.28409091],
				"x": [
					[103.796875],
					[180.8551136],
					[334.2514205],
					[409.8693182],
					[484.7670455],
					[560.3849432]
				],
				"y": [
					[395.5134943],
					[207.5490057],
					[57.75355114],
					[78.63849432],
					[44.0703125],
					[64.95525568]
				]
			},
			{
				"name": "\"LCSR\"",
				"labelposition": [401.2272727,416.3984375,73.45738636,21.60511364],
				"symbolposition": [479.0056818,420.7194602,57.61363636,12.96306818],
				"x": [
					[106.6775568],
					[180.8551136],
					[257.1931818],
					[332.0909091],
					[409.8693182],
					[483.3267045],
					[561.1051136]
				],
				"y": [
					[394.7933239],
					[417.118608],
					[112.4865057],
					[121.8487216],
					[49.83167614],
					[92.32173295],
					[150.6555398]
				]
			}
		],
		"plotpos": [106.6775568,15.26349432,453.7073864,430.6619318],
		"xax": {
			"titlepos": [255.0326705,482.6541193,152.6761364,23.765625],
			"minpos": [95.875,454.5674716,19.44460227,26.64630682],
			"maxpos": [553.9034091,456.727983,15.12357955,19.44460227],
			"type": 1
		},
		"yax": {
			"titlepos": [3.693181818,177.3018466,30.24715909,108.7457386],
			"minpos": [41.86221591,435.8430398,56.17329545,23.765625],
			"maxpos": [38.98153409,5.181107955,59.05397727,20.88494318],
			"type": 1
		}
	}
}
