{
	"data": {
		"imagename": "01795-10.1.1.160.6206-Figure-5",
		"difficult": 0,
		"curves": [
			{
				"name": "Cont CRF",
				"labelposition": [114.4900568,15.49502841,72.53409091,13.94886364],
				"symbolposition": [69.15625,14.79758523,47.42613636,16.73863636],
				"x": [
					[56.60227273],
					[74.03835227],
					[91.47443182],
					[106.1207386],
					[122.859375],
					[137.5056818],
					[154.2443182],
					[170.9829545],
					[189.8139205],
					[204.4602273],
					[221.8963068],
					[238.6349432],
					[253.9786932],
					[272.8096591],
					[302.7997159],
					[355.8053977],
					[414.390625],
					[451.3551136],
					[485.5298295],
					[516.9147727],
					[567.1306818],
					[597.8181818],
					[615.2542614],
					[632.6903409],
					[646.6392045]
				],
				"y": [
					[235.1896307],
					[221.9382102],
					[250.5333807],
					[200.3174716],
					[198.225142],
					[235.1896307],
					[192.6455966],
					[181.4865057],
					[177.3018466],
					[177.3018466],
					[138.2450284],
					[122.2038352],
					[113.834517],
					[96.3984375],
					[92.21377841],
					[85.93678977],
					[84.54190341],
					[76.17258523],
					[71.29048295],
					[74.77769886],
					[58.73650568],
					[53.15696023],
					[51.76207386],
					[48.97230114],
					[38.51065341]
				]
			},
			{
				"name": "CRF",
				"labelposition": [116.5823864,32.23366477,29.29261364,14.64630682],
				"symbolposition": [67.76136364,31.53622159,48.12357955,15.34375],
				"x": [
					[59.39204545],
					[77.52556818],
					[88.68465909],
					[106.1207386],
					[122.1619318],
					[139.5980114],
					[155.6392045],
					[170.9829545],
					[187.7215909],
					[205.1576705],
					[221.1988636],
					[239.3323864],
					[255.3735795],
					[268.625],
					[287.4559659],
					[304.8920455],
					[320.9332386],
					[337.671875],
					[352.3181818],
					[370.4517045],
					[385.0980114],
					[401.8366477],
					[418.5752841],
					[435.3139205],
					[451.3551136],
					[466.6988636],
					[483.4375],
					[501.5710227],
					[516.2173295],
					[531.5610795],
					[548.2997159],
					[565.0383523],
					[581.0795455],
					[596.4232955],
					[613.1619318],
					[629.9005682],
					[647.3366477]
				],
				"y": [
					[337.7137784],
					[327.9495739],
					[342.5958807],
					[413.7350852],
					[415.8274148],
					[348.1754261],
					[327.9495739],
					[333.5291193],
					[373.9808239],
					[379.5603693],
					[329.3444602],
					[327.2521307],
					[278.431108],
					[284.7080966],
					[251.928267],
					[265.1796875],
					[121.506392],
					[279.1285511],
					[252.6257102],
					[129.178267],
					[204.5021307],
					[320.975142],
					[267.272017],
					[346.0830966],
					[205.1995739],
					[332.134233],
					[280.5234375],
					[293.774858],
					[331.4367898],
					[259.600142],
					[276.3387784],
					[194.040483],
					[260.9950284],
					[271.4566761],
					[274.2464489],
					[274.943892],
					[250.5333807]
				]
			},
			{
				"name": "Active Regions",
				"labelposition": [117.9772727,49.66974432,98.33948864,13.94886364],
				"symbolposition": [69.85369318,45.48508523,44.63636364,19.52840909],
				"x": [
					[58.69460227],
					[92.86931818],
					[110.3053977],
					[122.859375],
					[139.5980114],
					[155.6392045],
					[170.2855114],
					[187.0241477],
					[202.3678977],
					[220.5014205],
					[234.4502841],
					[256.7684659],
					[270.0198864],
					[285.3636364],
					[300.7073864],
					[321.6306818],
					[331.3948864],
					[353.015625],
					[369.0568182],
					[384.4005682],
					[399.7443182],
					[418.5752841],
					[436.7088068],
					[468.09375],
					[482.7400568],
					[514.125],
					[535.0482955],
					[552.484375],
					[567.1306818],
					[582.4744318],
					[598.515625],
					[613.859375],
					[630.5980114],
					[648.0340909]
				],
				"y": [
					[221.240767],
					[213.568892],
					[212.8714489],
					[217.056108],
					[191.9481534],
					[247.743608],
					[233.7947443],
					[187.7634943],
					[177.3018466],
					[156.3785511],
					[139.6399148],
					[173.8146307],
					[139.6399148],
					[136.1526989],
					[131.2705966],
					[144.522017],
					[148.009233],
					[134.0603693],
					[135.4552557],
					[101.2805398],
					[87.33167614],
					[120.1115057],
					[95.00355114],
					[92.21377841],
					[127.7833807],
					[72.68536932],
					[127.0859375],
					[116.6242898],
					[107.5575284],
					[95.70099432],
					[106.162642],
					[123.5987216],
					[122.2038352],
					[76.17258523]
				]
			}
		],
		"plotpos": [57.29971591,4.3359375,591.4318182,440.7840909],
		"xax": {
			"titlepos": [323.7230114,466.0433239,59.28267045,23.71306818],
			"minpos": [116.5823864,451.397017,18.83096591,17.43607955],
			"maxpos": [603.3977273,451.397017,23.71306818,20.92329545],
			"type": 1
		},
		"yax": {
			"titlepos": [4.294034091,156.3785511,22.31818182,145.0681818],
			"minpos": [30.09943182,385.1399148,25.10795455,22.31818182],
			"maxpos": [28.70454545,3.638494318,27.89772727,25.10795455],
			"type": 1
		}
	}
}
