{
	"data": {
		"imagename": "01800-10.1.1.43.8138-Figure-8",
		"difficult": 0,
		"curves": [
			{
				"name": "H-SMART with special policies",
				"labelposition": [260.6349432,266.0276989,174.5625,17.00284091],
				"symbolposition": [210.1931818,268.2947443,51.00852273,11.90198864],
				"x": [
					[40.73153409],
					[42.99857955],
					[46.39914773],
					[49.79971591],
					[56.60085227],
					[61.13494318],
					[67.93607955],
					[72.47017045],
					[95.70738636],
					[111.0099432],
					[133.1136364],
					[140.4815341],
					[158.6178977],
					[219.828125],
					[307.109375],
					[376.8210227],
					[490.1732955]
				],
				"y": [
					[362.943892],
					[181.5802557],
					[135.6725852],
					[117.5362216],
					[99.96661932],
					[101.6669034],
					[95.99928977],
					[94.86576705],
					[88.63139205],
					[89.19815341],
					[87.49786932],
					[86.36434659],
					[87.49786932],
					[88.63139205],
					[86.36434659],
					[82.96377841],
					[82.39701705]
				]
			},
			{
				"name": "H-SMART with uniform policies",
				"labelposition": [264.0355114,283.5973011,174.5625,16.43607955],
				"symbolposition": [210.1931818,284.7308239,52.70880682,13.60227273],
				"x": [
					[40.73153409],
					[42.43181818],
					[46.96590909],
					[48.09943182],
					[57.734375],
					[68.50284091],
					[83.80539773],
					[103.0752841],
					[125.1789773],
					[151.25],
					[194.890625],
					[279.9048295],
					[348.4829545],
					[412.5269886],
					[488.4730114]
				],
				"y": [
					[364.6441761],
					[243.3572443],
					[205.9509943],
					[191.2151989],
					[174.7791193],
					[157.7762784],
					[147.5745739],
					[140.7734375],
					[136.2393466],
					[133.9723011],
					[132.272017],
					[129.4382102],
					[128.8714489],
					[125.4708807],
					[123.7705966]
				]
			}
		],
		"plotpos": [42.43181818,31.95525568,446.6079545,333.2556818],
		"xax": {
			"titlepos": [162.0184659,378.8132102,208.0014205,18.703125],
			"minpos": [37.33096591,369.7450284,7.934659091,9.634943182],
			"maxpos": [485.6392045,366.9112216,11.33522727,10.76846591],
			"type": 1
		},
		"yax": {
			"titlepos": [2.191761364,123.7705966,22.67045455,155.859375],
			"minpos": [30.52982955,360.6768466,9.068181818,10.76846591],
			"maxpos": [29.96306818,24.58735795,10.20170455,13.03551136],
			"type": 1
		}
	}
}
