{
	"data": {
		"imagename": "01805-10.1.1.31.8125-Figure-7",
		"difficult": 0,
		"curves": [
			{
				"name": "Naive Bayesian Classifier",
				"labelposition": [274.921875,66.39985795,249.5497159,24.75426136],
				"symbolposition": [527.8167614,69.07599432,44.15625,19.40198864],
				"x": [
					[94.28267045],
					[156.5028409],
					[218.0539773],
					[278.2670455],
					[336.4730114],
					[458.2372159],
					[519.1193182],
					[578.6633523]
				],
				"y": [
					[20.23650568],
					[87.13991477],
					[168.0930398],
					[251.053267],
					[266.4410511],
					[307.9211648],
					[309.928267],
					[321.9708807]
				]
			},
			{
				"name": "Expandable Bayesian Network",
				"labelposition": [232.1036932,87.13991477,287.6846591,29.4375],
				"symbolposition": [525.8096591,88.47798295,44.82528409,20.07102273],
				"x": [
					[97.62784091],
					[154.4957386],
					[214.0397727],
					[275.5909091],
					[336.4730114],
					[459.5752841],
					[519.1193182],
					[577.9943182]
				],
				"y": [
					[19.56747159],
					[158.0575284],
					[174.1143466],
					[273.8004261],
					[329.9992898],
					[330.6683239],
					[338.696733],
					[365.4580966]
				]
			}
		],
		"plotpos": [95.62073864,14.21519886,483.0426136,382.6875],
		"xax": {
			"titlepos": [262.8792614,443.7350852,147.1875,25.42329545],
			"minpos": [85.58522727,405.600142,18.73295455,21.40909091],
			"maxpos": [565.2826705,405.600142,26.09232955,22.078125],
			"type": 1
		},
		"yax": {
			"titlepos": [5.301136364,120.5916193,24.08522727,170.6036932],
			"minpos": [67.52130682,384.8600852,16.72585227,22.078125],
			"maxpos": [58.15482955,4.1796875,26.09232955,21.40909091],
			"type": 1
		}
	}
}
