{
	"data": {
		"imagename": "01804-10.1.1.19.5706-Figure-7",
		"difficult": 0,
		"curves": [
			{
				"name": "AR(10)",
				"labelposition": [77.24394966,134.3238141,61.52468538,21.37173282],
				"symbolposition": [146.5401742,139.5048403,55.69603098,11.65730881],
				"x": [
					[125.8160697],
					[185.3978703],
					[245.6272991],
					[301.9709584],
					[362.2003872],
					[421.1345595],
					[540.945789],
					[596.6418199],
					[654.928364]
				],
				"y": [
					[121.3712488],
					[99.35188771],
					[134.3238141],
					[89.6374637],
					[159.5813166],
					[144.6858664],
					[149.8668925],
					[162.1718296],
					[177.0672798]
				]
			},
			{
				"name": "AR(20)",
				"labelposition": [79.83446273,155.695547,58.93417231,17.48596321],
				"symbolposition": [146.5401742,158.9336883,55.69603098,13.60019361],
				"x": [
					[125.8160697],
					[183.4549855],
					[243.6844143],
					[300.6757018],
					[364.7909003],
					[421.1345595],
					[479.4211036],
					[539.6505324],
					[597.9370765],
					[655.5759923]
				],
				"y": [
					[18.39835431],
					[19.04598258],
					[61.14181994],
					[43.00822846],
					[49.48451113],
					[60.49419167],
					[66.32284608],
					[66.32284608],
					[88.34220716],
					[123.3141336]
				]
			},
			{
				"name": "AR(30)",
				"labelposition": [80.482091,173.1815102,58.28654405,20.07647628],
				"symbolposition": [142.6544046,175.124395,60.22942885,12.95256534],
				"x": [
					[125.8160697],
					[185.3978703],
					[244.3320426],
					[303.2662149],
					[362.2003872],
					[419.1916747],
					[476.8305905],
					[539.0029042],
					[597.2894482],
					[654.928364]
				],
				"y": [
					[81.86592449],
					[82.51355276],
					[74.09438529],
					[76.03727009],
					[91.5803485],
					[97.4090029],
					[105.1805421],
					[135.6190707],
					[145.9811229],
					[144.0382381]
				]
			},
			{
				"name": "AR(40)",
				"labelposition": [79.83446273,193.9056147,60.22942885,16.19070668],
				"symbolposition": [143.9496612,195.8484995,58.93417231,9.714424008],
				"x": [
					[127.1113262],
					[184.750242],
					[244.9796709],
					[301.9709584],
					[361.552759],
					[479.4211036],
					[539.0029042],
					[599.232333],
					[656.2236205]
				],
				"y": [
					[111.0091965],
					[134.3238141],
					[140.1524685],
					[118.1331075],
					[134.9714424],
					[132.3809293],
					[165.409971],
					[154.4002904],
					[168.000484]
				]
			}
		],
		"plotpos": [66.23426912,13.86495644,589.3417231,195.5837367],
		"xax": {
			"titlepos": [326.5808325,245.7158761,70.59148112,20.07647628],
			"minpos": [59.11035818,219.1631171,16.19070668,20.72410455],
			"maxpos": [647.804453,219.8107454,20.72410455,20.07647628],
			"type": 1
		},
		"yax": {
			"titlepos": [1.471442401,81.86592449,23.31461762,64.76282672],
			"minpos": [34.50048403,197.7913843,24.60987415,23.31461762],
			"maxpos": [32.55759923,3.502904163,25.90513069,25.25750242],
			"type": 1
		}
	}
}
