{
	"data": {
		"imagename": "01807-10.1.1.359.7510-Figure-4",
		"difficult": 0,
		"curves": [
			{
				"name": "SROCC",
				"labelposition": [473.0355114,337.8274148,69.53267045,21.29829545],
				"symbolposition": [426.0539773,339.7066761,45.10227273,16.91335227],
				"x": [
					[80.89630682],
					[90.91903409],
					[110.9644886],
					[131.6363636],
					[194.2784091],
					[311.4190341],
					[552.5909091]
				],
				"y": [
					[312.7705966],
					[211.290483],
					[200.6413352],
					[146.1427557],
					[102.2933239],
					[75.35724432],
					[48.42116477]
				]
			},
			{
				"name": "LCC",
				"labelposition": [473.0355114,361.0049716,41.34375,20.04545455],
				"symbolposition": [422.2954545,364.1370739,50.11363636,15.03409091],
				"x": [
					[82.14914773],
					[90.91903409],
					[110.9644886],
					[130.3835227],
					[193.0255682],
					[312.671875],
					[552.5909091]
				],
				"y": [
					[358.4992898],
					[241.9850852],
					[234.4680398],
					[171.1995739],
					[120.459517],
					[90.39133523],
					[62.82883523]
				]
			}
		],
		"plotpos": [72.75284091,13.96803977,479.8380682,378.3579545],
		"xax": {
			"titlepos": [234.3693182,417.3828125,148.4616477,21.29829545],
			"minpos": [64.609375,398.5901989,18.16619318,17.53977273],
			"maxpos": [526.28125,397.337358,55.125,16.91335227],
			"type": 1
		},
		"yax": {
			"titlepos": [2.59375,150.5276989,26.30965909,110.8764205],
			"minpos": [28.90340909,381.0504261,41.34375,20.671875],
			"maxpos": [31.40909091,5.824573864,37.58522727,18.16619318],
			"type": 1
		}
	}
}
