{
	"data": {
		"imagename": "01818-10.1.1.163.4787-Figure-2",
		"difficult": 0,
		"curves": [
			{
				"name": "WSJ+Medicine",
				"labelposition": [962.9728945,254.481607,150.5101646,27.15972894],
				"symbolposition": [881.4937076,259.0082285,72.42594385,19.23814134],
				"x": [
					[84.80832527],
					[94.99322362],
					[105.178122],
					[107.4414327],
					[109.7047435],
					[117.6263311],
					[165.1558567],
					[190.0522749],
					[205.8954501],
					[234.1868345],
					[252.2933204],
					[385.8286544],
					[410.7250726],
					[520.4956438],
					[1043.320426]
				],
				"y": [
					[261.2715392],
					[234.1118103],
					[264.6665053],
					[237.5067764],
					[218.268635],
					[220.5319458],
					[187.71394],
					[160.554211],
					[143.5793804],
					[141.3160697],
					[103.9714424],
					[80.20667957],
					[84.73330106],
					[55.31026137],
					[48.52032914]
				]
			},
			{
				"name": "WSJ+BioBooks",
				"labelposition": [958.446273,285.036302,169.7483059,26.02807357],
				"symbolposition": [880.3620523,288.4312682,73.55759923,20.36979671],
				"x": [
					[80.28170378],
					[99.51984511],
					[147.0493708],
					[177.6040658],
					[182.1306873],
					[200.2371733],
					[216.0803485],
					[238.713456],
					[257.9515973],
					[278.321394],
					[299.8228461],
					[313.4027106],
					[323.5876089],
					[357.5372701],
					[364.3272023]
				],
				"y": [
					[475.1544046],
					[376.7003872],
					[322.3809293],
					[252.2182962],
					[272.5880929],
					[265.7981607],
					[237.5067764],
					[238.6384318],
					[257.8765731],
					[247.6916747],
					[251.0866409],
					[234.1118103],
					[230.7168441],
					[245.428364],
					[234.1118103]
				]
			},
			{
				"name": "WSJ+NANC",
				"labelposition": [962.9728945,313.3276864,129.0087125,28.29138432],
				"symbolposition": [880.3620523,316.7226525,74.6892546,21.50145208],
				"x": [
					[240.9767667],
					[407.3301065],
					[578.2100678],
					[742.3000968],
					[912.0484027],
					[1165.539206]
				],
				"y": [
					[432.1515005],
					[418.571636],
					[414.0450145],
					[426.4932236],
					[423.0982575],
					[428.7565344]
				]
			},
			{
				"name": "WSJ (baseline)",
				"labelposition": [960.7095837,342.750726,160.6950629,27.15972894],
				"symbolposition": [888.2836399,348.4090029,63.37270087,18.10648596],
				"x": [
					[79.1500484],
					[1163.275895]
				],
				"y": [
					[567.9501452],
					[566.8184898]
				]
			}
		],
		"plotpos": [78.01839303,7.780735721,1084.125847,613.357212],
		"xax": {
			"titlepos": [462.7812197,641.5077444,320.2584705,22.63310745],
			"minpos": [68.96515005,622.2696031,16.97483059,15.84317522],
			"maxpos": [1039.92546,621.1379477,75.82090997,22.63310745],
			"type": 1
		},
		"yax": {
			"titlepos": [3.329138432,179.7923524,28.29138432,267.070668],
			"minpos": [29.357212,610.9530494,47.52952565,18.10648596],
			"maxpos": [28.22555663,10.04404647,49.7928364,21.50145208],
			"type": 1
		}
	}
}
