{
	"data": {
		"imagename": "01826-10.1.1.306.7559-Figure-3",
		"difficult": 0,
		"curves": [
			{
				"name": "ID3",
				"labelposition": [549.5,39.99644886,22.06107955,12.09801136],
				"symbolposition": [519.6107955,42.13139205,28.46590909,9.251420455],
				"x": [
					[65.57954545],
					[84.79403409],
					[100.4502841],
					[121.7997159],
					[136.7443182],
					[174.4616477],
					[228.546875],
					[321.0610795],
					[404.3238636],
					[498.2613636],
					[585.7940341]
				],
				"y": [
					[308.9992898],
					[297.6129261],
					[333.9069602],
					[342.446733],
					[316.115767],
					[325.3671875],
					[429.2677557],
					[422.1512784],
					[422.1512784],
					[430.6910511],
					[429.2677557]
				]
			},
			{
				"name": "JSV",
				"labelposition": [548.7883523,54.22940341,29.17755682,11.38636364],
				"symbolposition": [521.7457386,54.94105114,26.33096591,9.963068182],
				"x": [
					[64.86789773],
					[232.8167614],
					[308.9630682],
					[335.2940341],
					[401.4772727],
					[506.8011364],
					[586.5056818]
				],
				"y": [
					[432.8259943],
					[432.8259943],
					[438.5191761],
					[437.8075284],
					[433.537642],
					[434.9609375],
					[439.2308239]
				]
			},
			{
				"name": "C45",
				"labelposition": [548.7883523,67.75071023,29.17755682,12.09801136],
				"symbolposition": [521.7457386,69.17400568,24.90767045,9.251420455],
				"x": [
					[63.44460227],
					[82.65909091],
					[99.73863636],
					[119.6647727],
					[136.7443182],
					[585.7940341]
				],
				"y": [
					[64.19247159],
					[102.6214489],
					[102.6214489],
					[76.29048295],
					[336.0419034],
					[336.0419034]
				]
			}
		],
		"plotpos": [48.5,32.16832386,538.7173295,425.5653409],
		"xax": {
			"titlepos": [213.6022727,474.1015625,204.9545455,26.33096591],
			"minpos": [44.23011364,462.0035511,7.828125,12.80965909],
			"maxpos": [580.1008523,459.868608,14.94460227,16.36789773],
			"type": 1
		},
		"yax": {
			"titlepos": [4.377840909,151.0134943,21.34943182,189.2982955],
			"minpos": [24.30397727,447.0589489,19.92613636,17.79119318],
			"maxpos": [22.88068182,23.62855114,22.77272727,17.07954545],
			"type": 1
		}
	}
}
