{
	"data": {
		"imagename": "01829-10.1.1.359.7646-Figure-4",
		"difficult": 0,
		"curves": [
			{
				"name": "SROCC",
				"labelposition": [471.15625,337.8274148,72.66477273,21.29829545],
				"symbolposition": [424.1747159,338.4538352,46.98153409,19.41903409],
				"x": [
					[80.26988636],
					[90.29261364],
					[110.9644886],
					[132.2627841],
					[193.0255682],
					[313.2982955],
					[551.9644886]
				],
				"y": [
					[310.8913352],
					[211.9169034],
					[201.2677557],
					[148.022017],
					[102.9197443],
					[75.98366477],
					[46.54190341]
				]
			},
			{
				"name": "LCC",
				"labelposition": [471.15625,362.2578125,46.35511364,20.04545455],
				"symbolposition": [424.1747159,364.1370739,46.98153409,16.91335227],
				"x": [
					[80.89630682],
					[90.91903409],
					[110.9644886],
					[128.5042614],
					[193.6519886],
					[313.9247159],
					[551.9644886]
				],
				"y": [
					[358.4992898],
					[241.9850852],
					[236.9737216],
					[170.5731534],
					[121.712358],
					[90.39133523],
					[62.82883523]
				]
			}
		],
		"plotpos": [73.37926136,12.08877841,479.8380682,380.2372159],
		"xax": {
			"titlepos": [237.5014205,418.6356534,147.2088068,19.41903409],
			"minpos": [65.23579545,398.5901989,23.17755682,18.79261364],
			"maxpos": [523.1491477,397.337358,58.88352273,16.28693182],
			"type": 1
		},
		"yax": {
			"titlepos": [2.59375,148.022017,25.05681818,114.6349432],
			"minpos": [30.78267045,382.9296875,38.21164773,18.79261364],
			"maxpos": [31.40909091,2.692471591,38.83806818,21.29829545],
			"type": 1
		}
	}
}
