{
	"data": {
		"imagename": "01838-10.1.1.400.9810-Figure-1",
		"difficult": 0,
		"curves": [
			{
				"name": "metric-LR",
				"labelposition": [533.5852273,360.9410511,78.60085227,21.70880682],
				"symbolposition": [493.1619318,365.4325284,40.42329545,13.47443182],
				"x": [
					[79.19744318],
					[91.92329545],
					[92.671875],
					[106.1463068],
					[110.6377841],
					[125.609375],
					[133.0951705],
					[136.8380682],
					[157.7982955],
					[173.5184659],
					[176.5127841],
					[190.7357955],
					[196.7244318],
					[203.4616477],
					[213.1931818],
					[219.1818182],
					[228.1647727],
					[252.8678977],
					[264.8451705],
					[278.3196023],
					[345.6917614],
					[431.7784091],
					[623.4147727]
				],
				"y": [
					[463.4964489],
					[295.0660511],
					[251.6484375],
					[208.2308239],
					[185.7734375],
					[172.2990057],
					[134.8700284],
					[115.4069602],
					[95.1953125],
					[89.20667614],
					[83.21803977],
					[79.47514205],
					[67.49786932],
					[63.75497159],
					[51.77769886],
					[51.77769886],
					[42.79474432],
					[43.54332386],
					[35.30894886],
					[33.81178977],
					[31.56605114],
					[27.07457386],
					[13.60014205]
				]
			},
			{
				"name": "metric-MDT",
				"labelposition": [535.0823864,387.1413352,89.82954545,19.46306818],
				"symbolposition": [494.6590909,389.3870739,38.92613636,13.47443182],
				"x": [
					[80.69460227],
					[83.68892045],
					[81.44318182],
					[90.42613636],
					[94.16903409],
					[110.6377841],
					[109.8892045],
					[112.8835227],
					[119.6207386],
					[130.8494318],
					[133.0951705],
					[144.3238636],
					[173.5184659],
					[217.6846591],
					[228.9133523],
					[232.65625],
					[252.1193182],
					[259.6051136],
					[304.5198864],
					[367.4005682],
					[402.5838068],
					[497.6534091],
					[590.4772727],
					[615.1803977]
				],
				"y": [
					[448.524858],
					[402.8615057],
					[311.5348011],
					[297.3117898],
					[267.368608],
					[226.9453125],
					[205.9850852],
					[204.4879261],
					[179.0362216],
					[170.053267],
					[159.5731534],
					[158.8245739],
					[100.4353693],
					[77.22940341],
					[75.73224432],
					[60.76065341],
					[57.01775568],
					[50.28053977],
					[43.54332386],
					[29.3203125],
					[23.33167614],
					[21.0859375],
					[18.84019886],
					[14.34872159]
				]
			},
			{
				"name": "LSA",
				"labelposition": [532.8366477,408.850142,37.42897727,18.71448864],
				"symbolposition": [492.4133523,413.3416193,38.92613636,11.22869318],
				"x": [
					[78.44886364],
					[79.19744318],
					[81.44318182],
					[89.67755682],
					[92.671875],
					[101.6548295],
					[103.1519886],
					[121.1178977],
					[153.3068182],
					[161.5411932],
					[166.78125],
					[182.5014205],
					[195.2272727],
					[216.1875],
					[216.9360795],
					[225.9190341],
					[231.1590909],
					[247.6278409],
					[255.8622159],
					[261.8508523],
					[283.5596591],
					[306.0170455],
					[326.9772727],
					[338.2059659],
					[402.5838068],
					[499.1505682],
					[551.5511364],
					[614.4318182]
				],
				"y": [
					[440.290483],
					[299.5575284],
					[280.8430398],
					[270.3629261],
					[241.1683239],
					[232.9339489],
					[197.0021307],
					[186.522017],
					[179.7848011],
					[173.0475852],
					[167.8075284],
					[143.852983],
					[133.3728693],
					[111.6640625],
					[106.4240057],
					[100.4353693],
					[90.70383523],
					[80.97230114],
					[80.22372159],
					[71.24076705],
					[66.74928977],
					[61.50923295],
					[53.27485795],
					[46.53764205],
					[44.29190341],
					[42.04616477],
					[19.58877841],
					[11.35440341]
				]
			}
		],
		"plotpos": [76.95170455,14.34872159,546.4630682,450.6448864],
		"xax": {
			"titlepos": [246.8792614,500.1768466,210.3508523,25.45170455],
			"minpos": [71.71164773,471.7308239,14.22301136,23.20596591],
			"maxpos": [611.4375,471.7308239,17.21732955,19.46306818],
			"type": 1
		},
		"yax": {
			"titlepos": [0.5965909091,143.1044034,34.43465909,201.3678977],
			"minpos": [52.99715909,453.0163352,17.21732955,20.96022727],
			"maxpos": [53.74573864,4.6171875,14.97159091,17.21732955],
			"type": 1
		}
	}
}
