{
	"data": {
		"imagename": "01839-10.1.1.153.4725-Figure-3",
		"difficult": 0,
		"curves": [
			{
				"name": "idioms only",
				"labelposition": [147.7571023,242.2038352,83.09517045,16.37642045],
				"symbolposition": [107.7258523,245.2365057,36.99857955,9.098011364],
				"x": [
					[92.5625],
					[182.9360795],
					[189.6079545],
					[253.9005682],
					[260.5724432],
					[286.046875],
					[301.2102273],
					[320.6193182],
					[373.9943182],
					[379.453125],
					[383.0923295],
					[394.0099432],
					[404.9275568],
					[415.8451705],
					[432.828125]
				],
				"y": [
					[18.99928977],
					[20.21235795],
					[24.45809659],
					[22.03196023],
					[28.70383523],
					[34.76917614],
					[47.50639205],
					[64.48934659],
					[88.75071023],
					[97.84872159],
					[99.06178977],
					[133.0276989],
					[163.3544034],
					[179.7308239],
					[342.2819602]
				]
			},
			{
				"name": "with call",
				"labelposition": [146.5440341,260.399858,62.47301136,16.98295455],
				"symbolposition": [107.7258523,263.4325284,36.99857955,12.13068182],
				"x": [
					[94.38210227],
					[199.9190341],
					[253.9005682],
					[275.1292614],
					[281.1946023],
					[309.7017045],
					[319.40625],
					[328.5042614],
					[378.8465909],
					[388.5511364],
					[401.2883523],
					[410.3863636],
					[420.0909091],
					[432.2215909]
				],
				"y": [
					[17.78622159],
					[19.60582386],
					[22.03196023],
					[23.8515625],
					[26.88423295],
					[34.76917614],
					[47.50639205],
					[63.8828125],
					[88.14417614],
					[97.84872159],
					[134.240767],
					[165.7805398],
					[183.3700284],
					[341.068892]
				]
			},
			{
				"name": "with overlap",
				"labelposition": [146.5440341,277.9893466,88.55397727,17.58948864],
				"symbolposition": [107.1193182,281.022017,35.78551136,10.91761364],
				"x": [
					[93.16903409],
					[267.8508523],
					[307.8821023],
					[362.4701705],
					[372.1747159],
					[392.1903409],
					[399.46875],
					[406.140625],
					[406.140625],
					[407.9602273],
					[414.0255682],
					[418.8778409],
					[430.4019886]
				],
				"y": [
					[18.39275568],
					[21.42542614],
					[28.09730114],
					[40.22798295],
					[41.44105114],
					[53.57173295],
					[60.24360795],
					[74.80042614],
					[100.881392],
					[326.5120739],
					[339.2492898],
					[341.6754261],
					[341.6754261]
				]
			},
			{
				"name": "all model components",
				"labelposition": [147.7571023,295.5788352,151.6335227,20.62215909],
				"symbolposition": [107.7258523,299.2180398,29.72017045,10.91761364],
				"x": [
					[92.5625],
					[275.1292614],
					[310.3082386],
					[371.5681818],
					[382.4857955],
					[397.0426136],
					[408.5667614],
					[414.0255682],
					[417.6647727],
					[417.0582386],
					[419.484375],
					[424.3366477],
					[430.4019886]
				],
				"y": [
					[17.78622159],
					[20.81889205],
					[25.06463068],
					[39.62144886],
					[40.22798295],
					[51.14559659],
					[57.2109375],
					[70.5546875],
					[85.71803977],
					[105.7336648],
					[334.397017],
					[341.6754261],
					[341.6754261]
				]
			}
		],
		"plotpos": [78.61221591,5.049005682,366.3465909,349.3636364],
		"xax": {
			"titlepos": [234.4914773,403.5419034,57.62073864,22.44176136],
			"minpos": [71.33380682,371.3955966,41.24431818,19.40909091],
			"maxpos": [418.8778409,372.0021307,27.90056818,21.83522727],
			"type": 1
		},
		"yax": {
			"titlepos": [2.188920455,134.8473011,29.11363636,90.98011364],
			"minpos": [44.03977273,327.725142,17.58948864,32.14630682],
			"maxpos": [43.43323864,4.442471591,16.98295455,30.32670455],
			"type": 1
		}
	}
}
