{
	"data": {
		"imagename": "01840-10.1.1.215.3899-Figure-6",
		"difficult": 0,
		"curves": [
			{
				"name": "EP",
				"labelposition": [360.8423295,159.0035511,30.35795455,19.265625],
				"symbolposition": [338.6576705,164.2578125,22.18465909,9.340909091],
				"x": [
					[71.85795455],
					[80.61505682],
					[105.1349432],
					[131.40625],
					[165.2670455],
					[196.2088068],
					[231.2372159],
					[252.8380682],
					[299.5426136],
					[349.1661932],
					[474.6846591]
				],
				"y": [
					[341.1512784],
					[309.0419034],
					[260.5859375],
					[199.8700284],
					[159.0035511],
					[129.8132102],
					[107.0447443],
					[102.3742898],
					[93.03338068],
					[90.11434659],
					[88.94673295]
				]
			},
			{
				"name": "BvSB",
				"labelposition": [359.6747159,183.5234375,56.04545455,20.43323864],
				"symbolposition": [338.6576705,187.0262784,20.43323864,11.67613636],
				"x": [
					[73.02556818],
					[87.62073864],
					[99.88068182],
					[112.140625],
					[127.9034091],
					[146.0014205],
					[155.3423295],
					[178.6946023],
					[204.3821023],
					[223.0639205],
					[261.5951705],
					[474.6846591]
				],
				"y": [
					[339.9836648],
					[275.7649148],
					[226.1413352],
					[187.6100852],
					[157.8359375],
					[130.9808239],
					[125.7265625],
					[108.7961648],
					[98.28764205],
					[95.36860795],
					[91.28196023],
					[88.36292614]
				]
			},
			{
				"name": "Random",
				"labelposition": [359.6747159,208.0433239,75.89488636,18.68181818],
				"symbolposition": [338.6576705,212.1299716,21.01704545,9.924715909],
				"x": [
					[71.85795455],
					[85.86931818],
					[99.88068182],
					[109.8053977],
					[125.5681818],
					[140.7471591],
					[158.2613636],
					[181.6136364],
					[209.6363636],
					[246.4161932],
					[291.3693182],
					[475.2684659]
				],
				"y": [
					[343.4865057],
					[272.2620739],
					[217.9680398],
					[187.0262784],
					[151.9978693],
					[131.5646307],
					[115.2180398],
					[101.2066761],
					[93.6171875],
					[90.69815341],
					[88.36292614],
					[88.36292614]
				]
			}
		],
		"plotpos": [68.35511364,42.2421875,406.9133523,315.2556818],
		"xax": {
			"titlepos": [131.40625,381.4339489,277.3082386,28.02272727],
			"minpos": [63.10085227,363.3359375,12.25994318,19.265625],
			"maxpos": [459.5056818,361.0007102,32.69318182,20.43323864],
			"type": 1
		},
		"yax": {
			"titlepos": [4.720170455,81.94105114,28.60653409,239.3607955],
			"minpos": [53.75994318,348.1569602,12.84375,17.51420455],
			"maxpos": [32.74289773,32.90127841,33.86079545,19.84943182],
			"type": 1
		}
	}
}
