{
	"data": {
		"imagename": "01849-10.1.1.309.2750-Figure-4",
		"difficult": 0,
		"curves": [
			{
				"name": "AdaGP-UCB",
				"labelposition": [248.2633107,102.3944821,113.0803485,25.0696999],
				"symbolposition": [193.856728,108.2618587,53.8731849,12.80154889],
				"x": [
					[56.77347531],
					[59.97386254],
					[62.64085189],
					[67.44143272],
					[81.84317522],
					[85.04356244],
					[93.57792836],
					[95.17812197],
					[111.1800581],
					[117.0474347],
					[261.0648596],
					[264.2652469]
				],
				"y": [
					[246.4119071],
					[82.65876089],
					[61.32284608],
					[59.1892546],
					[62.38964182],
					[50.65488867],
					[48.52129719],
					[39.98693127],
					[39.4535334],
					[18.65101646],
					[18.65101646],
					[14.38383349]
				]
			},
			{
				"name": "GP-UCB",
				"labelposition": [248.7967086,131.731365,81.60987415,31.47047435],
				"symbolposition": [194.3901258,140.7991288,52.80638916,13.33494676],
				"x": [
					[56.77347531],
					[59.97386254],
					[63.17424976],
					[81.84317522],
					[86.11035818],
					[91.44433688],
					[97.31171346]
				],
				"y": [
					[246.4119071],
					[69.857212],
					[60.25605034],
					[60.78944821],
					[48.52129719],
					[49.05469506],
					[40.52032914]
				]
			},
			{
				"name": "random search",
				"labelposition": [247.196515,167.4690223,129.6156825,24.53630203],
				"symbolposition": [194.9235237,173.8697967,51.20619555,12.80154889],
				"x": [
					[53.03969022],
					[56.77347531],
					[59.97386254],
					[64.2410455],
					[69.5750242],
					[77.57599226],
					[92.51113262],
					[120.2478219],
					[218.39303],
					[372.0116167],
					[535.7647628]
				],
				"y": [
					[245.3451113],
					[168.0024201],
					[107.1950629],
					[82.65876089],
					[68.25701839],
					[56.52226525],
					[50.65488867],
					[47.45450145],
					[44.25411423],
					[42.65392062],
					[42.12052275]
				]
			}
		],
		"plotpos": [50.37270087,13.31703775,486.9922556,243.2294288],
		"xax": {
			"titlepos": [231.1945789,269.8814134,120.0145208,25.0696999],
			"minpos": [43.43852856,256.0130687,14.4017425,20.26911907],
			"maxpos": [524.0300097,258.6800581,26.13649564,14.4017425],
			"type": 1
		},
		"yax": {
			"titlepos": [3.967086157,6.38286544,24.53630203,256.0309777],
			"minpos": [28.50338819,213.3412391,20.80251694,16.00193611],
			"maxpos": [38.10454985,5.84946757,10.66795741,12.80154889],
			"type": 1
		}
	}
}
