{
	"data": {
		"imagename": "01841-10.1.1.301.9223-Figure-2",
		"difficult": 0,
		"curves": [
			{
				"name": "Learned DS",
				"labelposition": [551.5696023,305.8245739,86.22443182,21.234375],
				"symbolposition": [516.8224432,307.7549716,35.390625,14.15625],
				"x": [
					[74.11789773],
					[88.27414773],
					[121.734375],
					[135.2471591],
					[143.6122159],
					[155.1946023],
					[168.7073864],
					[180.2897727],
					[193.1590909],
					[201.5241477],
					[215.0369318],
					[227.2627841],
					[238.8451705],
					[249.7840909],
					[274.8792614],
					[285.1747159],
					[296.7571023],
					[318.6349432],
					[335.3650568],
					[345.0170455],
					[355.9559659],
					[367.5383523],
					[377.8338068],
					[389.4161932],
					[400.9985795],
					[412.5809659],
					[426.09375],
					[435.7457386],
					[458.9105114],
					[474.3536932],
					[496.875],
					[506.5269886],
					[518.109375],
					[532.9090909],
					[546.421875],
					[554.7869318],
					[569.5866477],
					[580.5255682],
					[601.1164773],
					[613.3423295],
					[624.9247159]
				],
				"y": [
					[213.165483],
					[204.1569602],
					[168.1228693],
					[182.9225852],
					[177.131392],
					[144.9580966],
					[119.8629261],
					[114.071733],
					[130.8018466],
					[136.5930398],
					[96.0546875],
					[104.4197443],
					[94.12428977],
					[74.17684659],
					[84.47230114],
					[71.60298295],
					[87.68963068],
					[68.38565341],
					[77.39417614],
					[79.32457386],
					[70.95951705],
					[83.18536932],
					[103.7762784],
					[73.53338068],
					[79.96803977],
					[94.12428977],
					[71.60298295],
					[72.24644886],
					[58.09019886],
					[66.45525568],
					[62.59446023],
					[63.88139205],
					[63.88139205],
					[79.32457386],
					[72.88991477],
					[72.88991477],
					[80.61150568],
					[83.18536932],
					[79.96803977],
					[79.32457386],
					[68.38565341]
				]
			},
			{
				"name": "Learned HS",
				"labelposition": [552.8565341,332.2066761,83.65056818,15.44318182],
				"symbolposition": [518.7528409,332.850142,34.10369318,13.51278409],
				"x": [
					[74.11789773],
					[84.41335227],
					[99.85653409],
					[117.8735795],
					[132.0298295],
					[147.4730114],
					[157.125],
					[166.7769886],
					[177.7159091],
					[189.9417614],
					[201.5241477],
					[214.3934659],
					[226.6193182],
					[236.2713068],
					[249.140625],
					[261.3664773],
					[274.2357955],
					[285.1747159],
					[307.6960227],
					[321.8522727],
					[332.1477273],
					[343.0866477],
					[354.0255682],
					[364.9644886],
					[379.1207386],
					[391.3465909],
					[402.9289773],
					[413.8678977],
					[426.09375],
					[438.9630682],
					[449.2585227],
					[460.8409091],
					[483.3622159],
					[497.5184659],
					[520.6832386],
					[531.6221591],
					[542.5610795],
					[554.7869318],
					[566.3693182],
					[578.5951705],
					[603.046875],
					[614.6292614],
					[625.5681818]
				],
				"y": [
					[164.2620739],
					[165.5490057],
					[153.9666193],
					[144.3146307],
					[146.8884943],
					[144.3146307],
					[123.0802557],
					[99.91548295],
					[87.04616477],
					[104.4197443],
					[88.9765625],
					[105.7066761],
					[54.22940341],
					[70.31605114],
					[61.95099432],
					[60.02059659],
					[65.81178977],
					[60.02059659],
					[72.88991477],
					[65.81178977],
					[99.91548295],
					[73.53338068],
					[89.62002841],
					[82.54190341],
					[90.26349432],
					[64.52485795],
					[85.11576705],
					[72.24644886],
					[65.81178977],
					[83.82883523],
					[88.33309659],
					[78.68110795],
					[76.75071023],
					[85.11576705],
					[77.39417614],
					[85.11576705],
					[87.68963068],
					[77.39417614],
					[79.96803977],
					[91.55042614],
					[81.8984375],
					[80.61150568],
					[85.11576705]
				]
			}
		],
		"plotpos": [67.68323864,14.33451705,573.328125,384.1491477],
		"xax": {
			"titlepos": [283.8877841,428.7265625,138.3451705,20.59090909],
			"minpos": [66.39630682,413.9268466,17.37357955,16.08664773],
			"maxpos": [612.6988636,406.8487216,37.96448864,17.37357955],
			"type": 1
		},
		"yax": {
			"titlepos": [5.267045455,61.95099432,26.38210227,295.9943182],
			"minpos": [42.58806818,390.118608,15.44318182,18.01704545],
			"maxpos": [35.50994318,6.612926136,24.45170455,19.94744318],
			"type": 1
		}
	}
}
