{
	"data": {
		"imagename": "01858-10.1.1.158.1102-Figure-2",
		"difficult": 0,
		"curves": [
			{
				"name": "FE",
				"labelposition": [510.9701705,32.19389205,18.71448864,16.29971591],
				"symbolposition": [466.9005682,33.40127841,40.44744318,12.07386364],
				"x": [
					[120.3806818],
					[125.2102273],
					[129.4360795],
					[138.4914773],
					[142.1136364],
					[151.1690341],
					[158.4133523],
					[165.0539773],
					[171.6946023],
					[180.1463068],
					[184.3721591],
					[193.4275568],
					[198.2571023],
					[206.1051136],
					[213.3494318],
					[221.1974432],
					[226.6306818],
					[234.4786932],
					[239.3082386],
					[247.7599432],
					[254.4005682],
					[261.0411932],
					[268.8892045],
					[274.9261364],
					[281.5667614],
					[288.8110795],
					[295.4517045],
					[303.2997159],
					[309.3366477],
					[316.5809659],
					[323.8252841],
					[330.4659091],
					[336.5028409],
					[344.9545455],
					[350.9914773],
					[358.2357955],
					[364.8764205],
					[372.7244318],
					[378.1576705],
					[388.4204545],
					[393.8536932],
					[398.0795455],
					[406.53125],
					[414.3792614],
					[419.8125],
					[428.2642045],
					[434.3011364],
					[441.5454545],
					[446.375],
					[457.2414773],
					[460.8636364],
					[468.7116477],
					[474.1448864],
					[483.2002841],
					[490.4446023],
					[498.2926136],
					[503.7258523],
					[510.9701705],
					[517.0071023],
					[525.4588068],
					[530.2883523]
				],
				"y": [
					[263.4083807],
					[12.27201705],
					[177.6839489],
					[64.18963068],
					[178.8913352],
					[100.4112216],
					[178.8913352],
					[120.9367898],
					[177.0802557],
					[133.6143466],
					[177.0802557],
					[140.8586648],
					[177.0802557],
					[148.7066761],
					[178.8913352],
					[151.725142],
					[177.0802557],
					[155.3473011],
					[178.8913352],
					[157.1583807],
					[175.2691761],
					[160.7805398],
					[178.8913352],
					[162.5916193],
					[180.7024148],
					[162.5916193],
					[177.0802557],
					[163.1953125],
					[178.8913352],
					[165.006392],
					[178.8913352],
					[166.2137784],
					[179.4950284],
					[168.024858],
					[178.8913352],
					[168.024858],
					[177.0802557],
					[168.024858],
					[177.6839489],
					[166.2137784],
					[178.8913352],
					[171.647017],
					[177.0802557],
					[169.8359375],
					[177.6839489],
					[171.647017],
					[177.6839489],
					[173.4580966],
					[175.8728693],
					[171.647017],
					[179.4950284],
					[173.4580966],
					[177.0802557],
					[171.647017],
					[177.6839489],
					[173.4580966],
					[178.8913352],
					[173.4580966],
					[177.6839489],
					[171.647017],
					[177.0802557]
				]
			},
			{
				"name": "DFE",
				"labelposition": [510.3664773,49.09730114,31.99573864,18.11079545],
				"symbolposition": [468.7116477,52.11576705,38.63636364,10.26278409],
				"x": [
					[124.0028409],
					[125.8139205],
					[128.8323864],
					[129.4360795],
					[130.6434659],
					[133.0582386],
					[138.4914773],
					[143.3210227],
					[147.546875],
					[152.3764205],
					[156.6022727],
					[162.0355114],
					[165.6576705],
					[170.4872159],
					[175.9204545],
					[178.9389205],
					[184.9758523],
					[188.5980114],
					[192.2201705],
					[200.0681818],
					[205.5014205],
					[213.3494318],
					[219.3863636],
					[227.8380682],
					[231.4602273],
					[233.2713068],
					[239.9119318],
					[243.5340909],
					[247.7599432],
					[254.4005682],
					[261.0411932],
					[272.5113636],
					[277.3409091],
					[282.7741477],
					[288.8110795],
					[298.4701705],
					[303.9034091],
					[311.1477273],
					[317.1846591],
					[323.8252841],
					[331.0696023],
					[341.9360795],
					[345.5582386],
					[350.9914773],
					[358.2357955],
					[366.6875],
					[370.9133523],
					[379.3650568],
					[385.4019886],
					[392.0426136],
					[398.0795455],
					[408.3423295],
					[415.5866477],
					[419.2088068],
					[427.0568182],
					[437.9232955],
					[441.5454545],
					[446.9786932],
					[457.8451705],
					[463.2784091],
					[474.1448864],
					[478.9744318],
					[485.6150568],
					[494.0667614],
					[501.9147727],
					[507.3480114],
					[513.3849432],
					[517.6107955],
					[525.4588068]
				],
				"y": [
					[13.47940341],
					[197.0021307],
					[288.7634943],
					[321.9666193],
					[331.022017],
					[331.022017],
					[231.412642],
					[317.1370739],
					[318.3444602],
					[269.4453125],
					[315.9296875],
					[315.9296875],
					[281.5191761],
					[312.9112216],
					[312.3075284],
					[288.7634943],
					[312.3075284],
					[311.7038352],
					[290.5745739],
					[311.7038352],
					[296.0078125],
					[311.100142],
					[294.8004261],
					[311.100142],
					[310.4964489],
					[298.4225852],
					[311.100142],
					[309.8927557],
					[299.6299716],
					[308.6853693],
					[300.2336648],
					[309.8927557],
					[301.4410511],
					[311.100142],
					[303.8558239],
					[309.2890625],
					[303.8558239],
					[309.8927557],
					[303.2521307],
					[309.2890625],
					[303.8558239],
					[309.8927557],
					[301.4410511],
					[309.2890625],
					[303.8558239],
					[309.8927557],
					[303.8558239],
					[309.2890625],
					[303.8558239],
					[308.6853693],
					[305.0632102],
					[309.2890625],
					[303.8558239],
					[306.8742898],
					[303.8558239],
					[308.6853693],
					[303.8558239],
					[310.4964489],
					[305.0632102],
					[308.6853693],
					[305.6669034],
					[309.8927557],
					[305.6669034],
					[308.6853693],
					[305.6669034],
					[308.6853693],
					[305.6669034],
					[308.6853693],
					[305.6669034]
				]
			}
		],
		"plotpos": [65.44460227,11.06463068,492.0099432,354.3678977],
		"xax": {
			"titlepos": [271.9076705,405.2762784,80.89488636,18.71448864],
			"minpos": [107.0994318,377.506392,13.28125,19.921875],
			"maxpos": [544.7769886,376.9026989,27.76988636,18.71448864],
			"type": 1
		},
		"yax": {
			"titlepos": [3.264204545,93.77059659,21.73295455,193.1818182],
			"minpos": [35.25994318,356.3771307,21.12926136,20.52556818],
			"maxpos": [31.63778409,3.8203125,25.95880682,15.69602273],
			"type": 1
		}
	}
}
