{
	"data": {
		"imagename": "01855-10.1.1.207.5424-Figure-3",
		"difficult": 0,
		"curves": [
			{
				"name": "(b,n)-early",
				"labelposition": [425.2230114,304.7478693,86.83806818,20.13636364],
				"symbolposition": [515.8366477,305.3771307,58.52130682,17.61931818],
				"x": [
					[146.4602273],
					[342.1605114],
					[545.4119318]
				],
				"y": [
					[346.2791193],
					[286.4992898],
					[193.9978693]
				]
			},
			{
				"name": "(b,n)-late",
				"labelposition": [434.0326705,324.884233,79.91619318,18.24857955],
				"symbolposition": [513.9488636,326.1427557,61.03835227,13.84375],
				"x": [
					[176.6647727],
					[371.7357955],
					[576.2457386]
				],
				"y": [
					[242.4509943],
					[128.5546875],
					[89.54048295]
				]
			},
			{
				"name": "(b,e,n)-early",
				"labelposition": [408.2329545,340.615767,103.828125,20.765625],
				"symbolposition": [513.3196023,344.3913352,61.03835227,13.21448864],
				"x": [
					[154.640625],
					[357.2627841],
					[559.2556818]
				],
				"y": [
					[366.415483],
					[230.4950284],
					[137.3643466]
				]
			},
			{
				"name": "(b,e,n)-late",
				"labelposition": [420.8181818,361.381392,91.24289773,17.61931818],
				"symbolposition": [515.8366477,361.381392,56.63352273,13.84375],
				"x": [
					[189.8792614],
					[390.6136364],
					[589.4602273]
				],
				"y": [
					[289.6455966],
					[127.9254261],
					[46.12144886]
				]
			}
		],
		"plotpos": [96.11931818,15.28764205,493.9701705,370.6349432],
		"xax": {
			"titlepos": [215.6789773,418.0149148,254.8508523,23.91193182],
			"minpos": [85.421875,390.3274148,27.6875,25.17045455],
			"maxpos": [435.9204545,390.9566761,38.38494318,23.28267045],
			"type": 2
		},
		"yax": {
			"titlepos": [2.359375,171.9737216,20.765625,61.66761364],
			"minpos": [48.92471591,375.225142,42.78977273,18.87784091],
			"maxpos": [48.29545455,3.9609375,41.53125,22.65340909],
			"type": 1
		}
	}
}
