{
	"data": {
		"imagename": "01869-10.1.1.163.6250-Figure-3",
		"difficult": 0,
		"curves": [
			{
				"name": "50 clusters",
				"labelposition": [386.7889642,35.11761859,78.36979671,16.94482091],
				"symbolposition": [355.5469506,38.29477251,31.24201355,10.06098742],
				"x": [
					[56.89448209],
					[65.36689255],
					[81.25266215],
					[86.01839303],
					[87.60696999],
					[152.7386254],
					[191.9235237],
					[523.9361084]
				],
				"y": [
					[14.4661181],
					[59.47579864],
					[77.47967086],
					[105.5445305],
					[140.4932236],
					[235.2783156],
					[261.2250726],
					[281.3470474]
				]
			},
			{
				"name": "100 clusters",
				"labelposition": [388.3775411,55.76911907,84.1945789,19.06292352],
				"symbolposition": [357.1355276,59.47579864,30.18296225,12.17909003],
				"x": [
					[70.66214908],
					[90.25459826],
					[109.8470474],
					[201.9845111],
					[249.1122943],
					[370.9031946],
					[523.9361084]
				],
				"y": [
					[41.47192643],
					[85.42255566],
					[224.1582769],
					[233.6897386],
					[244.8097773],
					[257.518393],
					[270.2270087]
				]
			},
			{
				"name": "35 clusters",
				"labelposition": [385.7299129,76.95014521,79.95837367,19.06292352],
				"symbolposition": [358.7241045,81.71587609,26.47628267,10.06098742],
				"x": [
					[81.25266215],
					[85.48886738],
					[161.2110358],
					[275.588577],
					[522.8770571]
				],
				"y": [
					[99.71974831],
					[146.8475315],
					[232.1011617],
					[248.5164569],
					[280.8175218]
				]
			},
			{
				"name": "10 clusters",
				"labelposition": [387.3184898,99.19022265,78.89932236,19.59244918],
				"symbolposition": [361.3717328,102.8969022,24.35818006,9.531461762],
				"x": [
					[86.01839303],
					[100.3155857],
					[100.8451113],
					[116.7308809],
					[221.0474347],
					[521.2884802]
				],
				"y": [
					[177.0304937],
					[227.8649564],
					[235.2783156],
					[262.8136496],
					[267.5793804],
					[289.8194579]
				]
			}
		],
		"plotpos": [41.53823814,13.93659245,487.1636012,285.4143272],
		"xax": {
			"titlepos": [242.2284608,319.4728945,99.02129719,20.65150048],
			"minpos": [36.77250726,305.7052275,10.59051307,12.70861568],
			"maxpos": [515.9932236,304.1166505,30.7124879,15.35624395],
			"type": 1
		},
		"yax": {
			"titlepos": [3.941916747,108.7216844,18.00387222,96.90319458],
			"minpos": [21.94578896,291.4080348,18.53339787,15.8857696],
			"maxpos": [20.357212,2.287028074,20.65150048,20.12197483],
			"type": 1
		}
	}
}
