{
	"data": {
		"imagename": "01868-10.1.1.400.9013-Figure-7",
		"difficult": 0,
		"curves": [
			{
				"name": "NER_MultiR",
				"labelposition": [406.8153409,17.92258523,114.1008523,27.32954545],
				"symbolposition": [353.5227273,23.38849432,46.46022727,14.34801136],
				"x": [
					[116.4389205],
					[116.4389205],
					[119.171875],
					[121.2215909],
					[128.7372159],
					[133.5198864],
					[145.8181818],
					[161.5326705],
					[171.78125],
					[187.4957386],
					[225.7571023],
					[263.3352273],
					[313.8948864],
					[367.1875],
					[518.1832386]
				],
				"y": [
					[17.23934659],
					[73.94815341],
					[125.8742898],
					[201.0305398],
					[211.2791193],
					[252.9566761],
					[274.8203125],
					[285.7521307],
					[287.8018466],
					[296.0007102],
					[310.3487216],
					[322.647017],
					[326.7464489],
					[328.7961648],
					[336.9950284]
				]
			},
			{
				"name": "NER_DNMAR",
				"labelposition": [408.8650568,43.88565341,133.9147727,25.27982955],
				"symbolposition": [351.4730114,47.30184659,49.19318182,14.34801136],
				"x": [
					[113.0227273],
					[115.0724432],
					[116.4389205],
					[122.5880682],
					[126.6875],
					[134.8863636],
					[143.7684659],
					[156.0667614],
					[171.78125],
					[172.4644886],
					[182.7130682],
					[189.5454545],
					[193.6448864],
					[197.7443182],
					[203.2102273],
					[203.2102273],
					[212.0923295],
					[215.5085227],
					[229.1732955],
					[245.5710227],
					[256.5028409],
					[269.484375],
					[300.9133523],
					[319.3607955],
					[332.3423295],
					[349.4232955],
					[359.671875],
					[384.2684659],
					[419.1136364],
					[453.2755682],
					[500.4190341],
					[516.1335227]
				],
				"y": [
					[371.8401989],
					[140.9055398],
					[126.5575284],
					[129.9737216],
					[93.76207386],
					[83.51349432],
					[87.61292614],
					[82.14701705],
					[95.81178977],
					[106.0603693],
					[123.1413352],
					[143.6384943],
					[151.837358],
					[153.2038352],
					[163.4524148],
					[172.334517],
					[182.5830966],
					[194.1981534],
					[216.7450284],
					[236.5589489],
					[240.6583807],
					[259.1058239],
					[277.553267],
					[283.0191761],
					[287.8018466],
					[295.3174716],
					[296.0007102],
					[303.5163352],
					[314.4481534],
					[322.647017],
					[330.8458807],
					[335.6285511]
				]
			}
		],
		"plotpos": [96.625,5.624289773,450.2542614,379.8806818],
		"xax": {
			"titlepos": [290.6647727,454.5120739,66.27414773,25.96306818],
			"minpos": [91.84232955,410.1015625,53.29261364,27.32954545],
			"maxpos": [513.4005682,407.368608,34.16193182,27.32954545],
			"type": 1
		},
		"yax": {
			"titlepos": [1.654829545,153.2038352,33.47869318,88.82102273],
			"minpos": [48.11505682,352.0262784,30.0625,45.09375],
			"maxpos": [48.79829545,3.574573864,28.69602273,34.16193182],
			"type": 1
		}
	}
}
