{
	"data": {
		"imagename": "01871-10.1.1.310.7786-Figure-4",
		"difficult": 0,
		"curves": [
			{
				"name": "Gibbs",
				"labelposition": [351.3636364,31.48224432,39.25994318,17.50142045],
				"symbolposition": [332.4431818,35.73934659,20.33948864,8.041193182],
				"x": [
					[44.85227273],
					[87.89630682],
					[123.8451705],
					[150.3338068],
					[170.2002841],
					[201.8920455],
					[237.3678977],
					[272.84375],
					[302.6434659],
					[336.7002841],
					[363.6619318],
					[394.8806818]
				],
				"y": [
					[29.1171875],
					[35.73934659],
					[47.09161932],
					[61.28196023],
					[77.83735795],
					[109.056108],
					[153.0461648],
					[195.1441761],
					[222.5788352],
					[244.8103693],
					[254.2705966],
					[260.8927557]
				]
			},
			{
				"name": "MAP",
				"labelposition": [352.7826705,48.98366477,32.63778409,15.609375],
				"symbolposition": [332.4431818,52.29474432,20.33948864,8.987215909],
				"x": [
					[42.96022727],
					[59.515625],
					[76.54403409],
					[86.47727273],
					[96.41051136],
					[102.0866477],
					[137.5625]
				],
				"y": [
					[84.93252841],
					[138.8558239],
					[188.9950284],
					[246.7024148],
					[241.0262784],
					[255.2166193],
					[255.2166193]
				]
			}
		],
		"plotpos": [41.06818182,26.75213068,351.9204545,271.0355114],
		"xax": {
			"titlepos": [137.5625,313.8700284,159.4048295,18.44744318],
			"minpos": [101.6136364,298.2606534,25.54261364,18.92045455],
			"maxpos": [336.7002841,297.787642,20.8125,18.44744318],
			"type": 2
		},
		"yax": {
			"titlepos": [6.065340909,100.5419034,16.08238636,132.9161932],
			"minpos": [32.55397727,292.584517,8.514204545,11.82528409],
			"maxpos": [21.67471591,50.87571023,19.39346591,18.44744318],
			"type": 1
		}
	}
}
