{
	"data": {
		"imagename": "01872-10.1.1.170.8221-Figure-5",
		"difficult": 0,
		"curves": [
			{
				"name": "Cost values",
				"labelposition": [431.964182,116.052759,71.75605034,14.22749274],
				"symbolposition": [416.499516,119.7642788,15.46466602,8.041626331],
				"x": [
					[53.38915779],
					[57.10067764],
					[67.61665053],
					[86.7928364],
					[102.2575024],
					[112.1548887],
					[123.2894482],
					[130.7124879],
					[143.0842207],
					[149.2700871],
					[152.981607],
					[161.6418199],
					[169.6834463],
					[174.6321394],
					[185.7666989],
					[188.2410455],
					[193.8083253],
					[196.9012585],
					[211.7473379],
					[219.7889642],
					[230.9235237],
					[238.3465634],
					[247.0067764],
					[266.8015489],
					[274.2245886],
					[287.8334947],
					[288.4520813],
					[294.6379477],
					[298.9680542],
					[302.0609874],
					[306.3910939],
					[313.8141336],
					[318.7628267],
					[326.1858664],
					[334.8460794],
					[341.0319458],
					[347.8363988],
					[354.0222652],
					[361.4453049],
					[368.8683446],
					[370.7241045],
					[376.2913843],
					[388.6631171],
					[396.0861568],
					[404.1277832],
					[407.839303],
					[415.2623427],
					[422.6853824],
					[424.5411423],
					[446.8102614],
					[457.9448209],
					[462.893514],
					[468.4607938],
					[504.338819],
					[515.4733785],
					[528.463698],
					[534.0309777],
					[539.5982575],
					[549.4956438],
					[558.7744434],
					[562.4859632],
					[570.5275895],
					[576.713456],
					[587.2294288],
					[591.5595353],
					[607.642788],
					[617.5401742]
				],
				"y": [
					[33.78073572],
					[39.34801549],
					[56.66844143],
					[41.82236205],
					[43.05953533],
					[24.50193611],
					[39.34801549],
					[43.67812197],
					[74.60745402],
					[81.41190707],
					[76.46321394],
					[76.46321394],
					[60.37996128],
					[61.61713456],
					[88.21636012],
					[88.21636012],
					[95.02081317],
					[92.5464666],
					[65.3286544],
					[69.04017425],
					[73.98886738],
					[76.46321394],
					[67.18441433],
					[96.25798645],
					[92.5464666],
					[117.2899322],
					[130.8988383],
					[142.0333979],
					[153.786544],
					[159.3538238],
					[163.6839303],
					[159.9724105],
					[152.5493708],
					[145.7449177],
					[145.1263311],
					[142.6519845],
					[140.1776379],
					[140.1776379],
					[136.4661181],
					[130.8988383],
					[126.5687318],
					[122.857212],
					[100.5880929],
					[97.49515973],
					[104.2996128],
					[104.2996128],
					[92.5464666],
					[91.92787996],
					[95.02081317],
					[80.17473379],
					[73.37028074],
					[64.09148112],
					[65.94724105],
					[84.50484027],
					[84.50484027],
					[88.21636012],
					[83.26766699],
					[69.04017425],
					[58.52420136],
					[41.20377541],
					[25.12052275],
					[20.79041626],
					[20.79041626],
					[17.69748306],
					[19.55324298],
					[56.66844143],
					[57.90561471]
				]
			},
			{
				"name": "Selected global minimum values",
				"labelposition": [433.8199419,130.2802517,187.4317522,17.32042594],
				"symbolposition": [417.1181026,129.0430784,14.22749274,15.46466602],
				"x": [
					[282.2662149],
					[285.9777348],
					[287.8334947],
					[295.875121],
					[300.2052275],
					[303.9167473],
					[311.339787],
					[314.4327202],
					[319.3814134],
					[323.0929332],
					[332.3717328],
					[336.7018393],
					[346.5992256],
					[358.3523717],
					[363.3010649],
					[370.7241045],
					[378.1471442],
					[381.8586641],
					[388.6631171],
					[394.8489835],
					[400.4162633],
					[407.2207164],
					[413.4065828]
				],
				"y": [
					[104.2996128],
					[116.6713456],
					[130.2802517],
					[142.6519845],
					[155.642304],
					[164.9211036],
					[161.8281704],
					[157.4980639],
					[148.8378509],
					[143.8891578],
					[145.1263311],
					[146.3635044],
					[136.4661181],
					[138.321878],
					[134.6103582],
					[126.5687318],
					[124.0943853],
					[113.5784124],
					[99.35091965],
					[99.35091965],
					[102.4438529],
					[104.9181994],
					[102.4438529]
				]
			},
			{
				"name": "Ground truth",
				"labelposition": [433.8199419,145.7449177,76.08615682,16.08325266],
				"symbolposition": [412.7879961,142.6519845,22.26911907,22.26911907],
				"x": 191.9525653,
				"y": 95.02081317
			}
		],
		"plotpos": [52.77057115,10.27444337,570.3368829,154.6466602],
		"xax": {
			"titlepos": [318.7628267,163.6839303,53.81703775,16.08325266],
			"minpos": [47.20329138,166.7768635,12.37173282,11.75314618],
			"maxpos": [609.4985479,166.7768635,27.2178122,12.99031946],
			"type": 1
		},
		"yax": {
			"titlepos": [3.283639884,52.33833495,16.7018393,68.04453049],
			"minpos": [18.12971926,156.2608906,34.64085189,12.99031946],
			"maxpos": [17.51113262,4.08857696,33.40367861,14.84607938],
			"type": 1
		}
	}
}
