{
	"data": {
		"imagename": "01889-10.1.1.129.1999-Figure-5",
		"difficult": 0,
		"curves": [
			{
				"name": "HISOSOM",
				"labelposition": [452.2571023,274.5433239,73.62357955,18.87784091],
				"symbolposition": [381.1505682,277.0603693,67.96022727,16.36079545],
				"x": [
					[61.48579545],
					[103.0170455],
					[133.2215909],
					[153.9872159],
					[172.8650568],
					[220.6889205],
					[236.4204545],
					[262.8494318],
					[272.9176136],
					[288.0198864],
					[301.8636364],
					[325.7755682],
					[349.0582386],
					[425.828125],
					[442.8181818],
					[469.8764205],
					[503.8565341],
					[551.6803977]
				],
				"y": [
					[225.4609375],
					[205.3245739],
					[192.1100852],
					[173.2322443],
					[162.5348011],
					[118.4865057],
					[101.4964489],
					[94.57457386],
					[87.0234375],
					[83.24786932],
					[67.51633523],
					[58.70667614],
					[51.15553977],
					[36.68252841],
					[35.42400568],
					[31.01917614],
					[28.50213068],
					[24.7265625]
				]
			},
			{
				"name": "GHSOM",
				"labelposition": [452.8863636,299.7137784,56.63352273,18.87784091],
				"symbolposition": [381.1505682,301.6015625,67.96022727,16.36079545],
				"x": [
					[62.11505682],
					[127.5582386],
					[143.9190341],
					[159.6505682],
					[189.8551136],
					[218.8011364],
					[238.3082386],
					[267.2542614],
					[288.6491477],
					[322],
					[365.4190341],
					[405.0625],
					[442.8181818],
					[473.6519886],
					[514.5539773],
					[561.7485795]
				],
				"y": [
					[281.4651989],
					[227.977983],
					[221.6853693],
					[204.6953125],
					[190.8515625],
					[175.1200284],
					[167.568892],
					[148.6910511],
					[121.0035511],
					[95.20383523],
					[74.43821023],
					[59.3359375],
					[46.75071023],
					[39.82883523],
					[40.45809659],
					[39.82883523]
				]
			},
			{
				"name": "SOM",
				"labelposition": [452.2571023,323.6257102,36.49715909,16.99005682],
				"symbolposition": [380.5213068,322.9964489,66.07244318,17.61931818],
				"x": [
					[59.59801136],
					[100.5],
					[140.7727273],
					[169.0894886],
					[189.8551136],
					[216.9133523],
					[237.0497159],
					[269.7713068],
					[298.0880682],
					[338.9900568],
					[350.9460227],
					[360.3849432],
					[390.5894886],
					[403.8039773],
					[440.9303977],
					[471.7642045],
					[507.6321023],
					[559.2315341]
				],
				"y": [
					[294.0504261],
					[272.0262784],
					[238.6754261],
					[219.7975852],
					[199.6612216],
					[182.6711648],
					[158.1299716],
					[141.1399148],
					[121.0035511],
					[91.42826705],
					[90.16974432],
					[80.73082386],
					[67.51633523],
					[64.37002841],
					[52.4140625],
					[46.12144886],
					[42.97514205],
					[34.79474432]
				]
			},
			{
				"name": "K-NN",
				"labelposition": [450.3693182,348.1669034,49.08238636,13.84375],
				"symbolposition": [377.375,347.537642,64.18465909,16.36079545],
				"x": [
					[59.59801136],
					[91.06107955],
					[142.6605114],
					[181.6747159],
					[219.4303977],
					[267.2542614],
					[287.390625],
					[319.4829545],
					[359.7556818],
					[409.4673295],
					[498.1931818],
					[561.1193182]
				],
				"y": [
					[357.6058239],
					[356.3473011],
					[347.537642],
					[336.2109375],
					[319.850142],
					[303.4893466],
					[289.6455966],
					[282.7237216],
					[275.1725852],
					[269.509233],
					[262.587358],
					[261.3288352]
				]
			}
		],
		"plotpos": [58.96875,25.98508523,567.59375,376.2982955],
		"xax": {
			"titlepos": [189.8551136,424.3075284,310.2258523,16.99005682],
			"minpos": [37.57386364,407.3174716,33.98011364,18.87784091],
			"maxpos": [614.6065341,406.6882102,25.79971591,20.13636364],
			"type": 2
		},
		"yax": {
			"titlepos": [3.59375,90.79900568,22.65340909,255.4801136],
			"minpos": [31.28125,395.990767,25.17045455,14.47301136],
			"maxpos": [43.86647727,16.54616477,11.32670455,13.84375],
			"type": 1
		}
	}
}
