{
	"data": {
		"imagename": "01881-10.1.1.379.9427-Figure-6",
		"difficult": 0,
		"curves": [
			{
				"name": "Manual",
				"labelposition": [118.6605114,395.759233,85.87357955,28.08948864],
				"symbolposition": [75.32244318,398.9694602,43.33806818,17.65625],
				"x": [
					[80.94034091],
					[112.2400568],
					[119.4630682],
					[128.2911932],
					[133.9090909],
					[143.5397727],
					[149.1576705],
					[191.6931818],
					[223.7954545],
					[227.8082386],
					[247.8721591],
					[251.0823864],
					[255.0951705],
					[286.3948864],
					[344.1789773],
					[361.0326705],
					[373.0710227],
					[382.7017045],
					[398.7528409],
					[423.6321023],
					[439.6832386],
					[459.7471591],
					[493.4545455],
					[546.4232955],
					[567.2897727]
				],
				"y": [
					[13.7421875],
					[17.75497159],
					[60.29048295],
					[60.29048295],
					[81.15696023],
					[84.3671875],
					[107.6413352],
					[132.5205966],
					[168.6356534],
					[179.8714489],
					[199.9353693],
					[223.209517],
					[235.2478693],
					[256.9169034],
					[303.4651989],
					[332.3572443],
					[345.1981534],
					[359.6441761],
					[372.4850852],
					[386.1285511],
					[407.7975852],
					[426.256392],
					[439.899858],
					[450.3330966],
					[455.1484375]
				]
			},
			{
				"name": "Words",
				"labelposition": [117.0553977,424.6512784,73.03267045,27.28693182],
				"symbolposition": [75.32244318,427.8615057,41.73295455,20.06392045],
				"x": [
					[111.4375],
					[118.6605114],
					[129.09375],
					[131.5014205],
					[168.4190341],
					[184.4701705],
					[205.3366477],
					[210.9545455],
					[223.7954545],
					[248.6747159],
					[261.515625],
					[271.9488636],
					[288],
					[302.4460227],
					[316.8920455],
					[326.5227273],
					[335.3508523],
					[346.5866477],
					[368.2556818],
					[384.3068182],
					[389.9247159],
					[399.5553977],
					[413.1988636],
					[430.8551136],
					[438.078125],
					[456.5369318],
					[462.1548295],
					[466.9701705],
					[475.7982955],
					[507.9005682],
					[524.7542614],
					[538.3977273],
					[564.0795455]
				],
				"y": [
					[20.16264205],
					[77.14417614],
					[77.94673295],
					[97.20809659],
					[142.1512784],
					[137.3359375],
					[150.9794034],
					[167.8330966],
					[175.056108],
					[182.2791193],
					[199.1328125],
					[211.1711648],
					[209.5660511],
					[226.4197443],
					[223.209517],
					[271.3629261],
					[265.7450284],
					[301.8600852],
					[305.8728693],
					[317.1086648],
					[337.975142],
					[350.0134943],
					[354.8288352],
					[360.446733],
					[372.4850852],
					[364.459517],
					[386.931108],
					[388.5362216],
					[398.1669034],
					[398.1669034],
					[412.6129261],
					[425.4538352],
					[426.256392]
				]
			},
			{
				"name": "Templates",
				"labelposition": [118.6605114,452.740767,113.9630682,30.49715909],
				"symbolposition": [77.73011364,455.9509943,40.93039773,17.65625],
				"x": [
					[76.125],
					[118.6605114],
					[131.5014205],
					[145.1448864],
					[156.3806818],
					[163.6036932],
					[176.4446023],
					[192.4957386],
					[212.5596591],
					[220.5852273],
					[227.0056818],
					[229.4133523],
					[228.6107955],
					[247.0696023],
					[253.4900568],
					[270.34375],
					[275.9616477],
					[291.2102273],
					[302.4460227],
					[317.6946023],
					[324.9176136],
					[332.9431818],
					[341.7713068],
					[353.0071023],
					[370.6633523],
					[387.5170455],
					[418.8167614],
					[462.1548295],
					[495.0596591],
					[541.6079545],
					[568.8948864]
				],
				"y": [
					[47.44957386],
					[48.25213068],
					[55.47514205],
					[57.8828125],
					[77.94673295],
					[92.39275568],
					[102.0234375],
					[107.6413352],
					[111.6541193],
					[119.6796875],
					[136.5333807],
					[152.584517],
					[168.6356534],
					[194.3174716],
					[211.1711648],
					[224.0120739],
					[247.2862216],
					[261.7322443],
					[281.7961648],
					[312.2933239],
					[344.3955966],
					[369.274858],
					[386.1285511],
					[401.3771307],
					[415.8231534],
					[421.4410511],
					[427.8615057],
					[436.6896307],
					[438.2947443],
					[443.912642],
					[443.1100852]
				]
			},
			{
				"name": "Words + Templates",
				"labelposition": [119.4630682,480.8302557,211.0724432,25.68181818],
				"symbolposition": [76.125,486.4481534,43.33806818,14.44602273],
				"x": [
					[75.32244318],
					[109.0298295],
					[119.4630682],
					[149.1576705],
					[153.9730114],
					[161.1960227],
					[164.40625],
					[172.4318182],
					[177.2471591],
					[204.5340909],
					[218.9801136],
					[224.5980114],
					[229.4133523],
					[240.6491477],
					[248.6747159],
					[255.0951705],
					[264.7258523],
					[274.3565341],
					[291.2102273],
					[296.828125],
					[300.0383523],
					[320.1022727],
					[323.3125],
					[336.1534091],
					[343.3764205],
					[356.2173295],
					[369.8607955],
					[380.2940341],
					[389.9247159],
					[411.59375],
					[422.8295455],
					[428.4474432],
					[433.2627841],
					[454.9318182],
					[463.7599432],
					[475.7982955],
					[481.4161932],
					[491.046875],
					[500.6775568],
					[517.53125],
					[526.359375],
					[540.8053977],
					[568.0923295]
				],
				"y": [
					[13.7421875],
					[15.34730114],
					[73.93394886],
					[63.50071023],
					[71.52627841],
					[75.5390625],
					[86.77485795],
					[83.56463068],
					[94.80042614],
					[90.78764205],
					[98.01065341],
					[96.40553977],
					[119.6796875],
					[122.087358],
					[120.4822443],
					[155.7947443],
					[177.4637784],
					[182.2791193],
					[211.1711648],
					[215.9865057],
					[240.0632102],
					[230.4325284],
					[268.1526989],
					[265.7450284],
					[289.0191761],
					[295.4396307],
					[298.649858],
					[329.9495739],
					[342.790483],
					[345.1981534],
					[359.6441761],
					[359.6441761],
					[371.6825284],
					[370.0774148],
					[381.3132102],
					[381.3132102],
					[398.9694602],
					[400.5745739],
					[416.6257102],
					[415.8231534],
					[422.243608],
					[427.8615057],
					[425.4538352]
				]
			}
		],
		"plotpos": [68.09943182,14.54474432,500.7954545,499.1903409],
		"xax": {
			"titlepos": [283.1846591,541.022017,73.03267045,21.66903409],
			"minpos": [64.08664773,520.9580966,14.44602273,22.47159091],
			"maxpos": [560.0667614,518.5504261,15.24857955,25.68181818],
			"type": 1
		},
		"yax": {
			"titlepos": [3.092329545,218.3941761,25.68181818,101.9247159],
			"minpos": [49.640625,504.1044034,16.85369318,21.66903409],
			"maxpos": [53.65340909,4.111505682,12.03835227,24.87926136],
			"type": 1
		}
	}
}
