{
	"data": {
		"imagename": "01888-10.1.1.187.6381-Figure-2",
		"difficult": 0,
		"curves": {
			"name": "Sensor model",
			"labelposition": [408.4143272,20.07696031,124.5634076,25.28267183],
			"symbolposition": [541.6108422,23.16021297,62.28170378,17.26621491],
			"x": [
				[91.45595353],
				[283.2342691],
				[298.6505324],
				[311.6001936],
				[325.7831559],
				[337.499516],
				[346.1326234],
				[357.232333],
				[363.3988383],
				[369.5653437],
				[382.5150048],
				[396.6979671],
				[408.4143272],
				[420.7473379],
				[430.6137464],
				[452.8131655],
				[625.4753146]
			],
			"y": [
				[108.2579864],
				[108.874637],
				[103.9414327],
				[92.84172314],
				[76.80880929],
				[62.00919652],
				[51.52613746],
				[42.27637948],
				[43.50968054],
				[50.90948693],
				[65.70909971],
				[82.35866409],
				[95.9249758],
				[103.9414327],
				[109.4912875],
				[109.4912875],
				[109.4912875]
			]
		},
		"plotpos": [90.22265247,15.76040658,537.1026137,104.8305905],
		"xax": {
			"titlepos": [288.1674734,163.7565344,139.9796709,25.28267183],
			"minpos": [74.80638916,132.9240077,28.36592449,20.9661181],
			"maxpos": [622.392062,131.6907067,11.71636012,22.8160697],
			"type": 1
		},
		"yax": {
			"titlepos": [2.658276864,16.37705712,24.6660213,106.0638916],
			"minpos": [36.57405615,111.9578896,43.7821878,20.9661181],
			"maxpos": [38.42400774,4.660696999,42.54888674,22.8160697],
			"type": 1
		}
	}
}
