{
	"data": {
		"imagename": "01899-10.1.1.330.3821-Figure-1",
		"difficult": 0,
		"curves": [
			{
				"name": "D=10 (P)",
				"labelposition": [118.1448864,23.15553977,83.31392045,22.41193182],
				"symbolposition": [209.2542614,24.6171875,59.92755682,19.48863636],
				"x": [
					[96.22017045],
					[177.5852273],
					[257.4886364],
					[342.2642045],
					[426.0653409],
					[462.1193182]
				],
				"y": [
					[286.2521307],
					[279.9183239],
					[267.7379261],
					[252.147017],
					[230.709517],
					[218.0419034]
				]
			},
			{
				"name": "D=50 (P)",
				"labelposition": [118.1448864,44.10582386,84.77556818,21.4375],
				"symbolposition": [207.7926136,44.10582386,64.3125,19.00142045],
				"x": [
					[96.22017045],
					[137.1463068],
					[180.5085227],
					[220.4602273],
					[261.3863636],
					[301.3380682],
					[344.7002841],
					[383.1903409],
					[424.6036932],
					[463.09375]
				],
				"y": [
					[283.8160511],
					[276.0205966],
					[262.865767],
					[247.7620739],
					[224.8629261],
					[198.553267],
					[167.8586648],
					[131.3174716],
					[86.00639205],
					[49.46519886]
				]
			},
			{
				"name": "D=10 (O)",
				"labelposition": [116.1960227,63.59446023,85.75,21.92471591],
				"symbolposition": [208.2798295,64.08167614,59.92755682,19.00142045],
				"x": [
					[96.22017045],
					[464.0681818]
				],
				"y": [
					[283.8160511],
					[284.790483]
				]
			},
			{
				"name": "D=50 (O)",
				"labelposition": [115.2215909,84.54474432,85.75,21.92471591],
				"symbolposition": [208.2798295,84.05752841,63.33806818,21.4375],
				"x": [
					[94.75852273],
					[464.0681818]
				],
				"y": [
					[283.3288352],
					[285.2776989]
				]
			}
		],
		"plotpos": [94.75852273,15.84730114,369.3096591,268.9431818],
		"xax": {
			"titlepos": [270.6434659,322.306108,14.61647727,19.97585227],
			"minpos": [78.19318182,295.022017,39.95170455,21.4375],
			"maxpos": [401.7045455,294.0475852,48.234375,22.41193182],
			"type": 1
		},
		"yax": {
			"titlepos": [1.700284091,111.3416193,35.56676136,84.77556818],
			"minpos": [67.96164773,273.0973011,19.00142045,20.46306818],
			"maxpos": [52.85795455,3.666903409,31.66903409,24.36079545],
			"type": 1
		}
	}
}
