{
	"data": {
		"imagename": "01893-10.1.1.14.3698-Figure-7",
		"difficult": 0,
		"curves": [
			{
				"name": "Large Cup",
				"labelposition": [130.2215909,106.5305398,70.47727273,19.50710227],
				"symbolposition": [94.98295455,107.1598011,35.23863636,17.61931818],
				"x": [
					[54.71022727],
					[137.7727273],
					[154.1335227],
					[169.2357955],
					[186.8551136],
					[203.2159091],
					[220.8352273],
					[249.78125],
					[283.7613636],
					[301.3806818],
					[313.9659091],
					[329.6974432],
					[379.4090909],
					[432.2670455],
					[495.1931818],
					[524.1392045],
					[542.3877841],
					[558.7485795],
					[578.2556818],
					[592.0994318],
					[609.0894886],
					[624.8210227]
				],
				"y": [
					[72.55042614],
					[73.80894886],
					[68.14559659],
					[68.14559659],
					[58.07741477],
					[58.07741477],
					[65.62855114],
					[60.59446023],
					[63.74076705],
					[66.2578125],
					[66.2578125],
					[65.62855114],
					[56.18963068],
					[43.60440341],
					[23.46803977],
					[16.54616477],
					[15.28764205],
					[20.32173295],
					[48.00923295],
					[61.22372159],
					[67.51633523],
					[76.95525568]
				]
			},
			{
				"name": "Small Cup",
				"labelposition": [130.2215909,127.9254261,71.73579545,19.50710227],
				"symbolposition": [94.98295455,129.8132102,36.49715909,13.84375],
				"x": [
					[55.33948864],
					[135.8849432],
					[167.9772727],
					[203.2159091],
					[218.9474432],
					[266.1420455],
					[284.390625],
					[314.5951705],
					[347.3167614],
					[379.4090909],
					[410.2428977],
					[444.2230114],
					[477.5738636],
					[498.3394886],
					[510.2954545],
					[527.9147727],
					[540.5],
					[575.109375],
					[593.3579545],
					[609.0894886],
					[622.9332386]
				],
				"y": [
					[339.9865057],
					[340.615767],
					[330.5475852],
					[310.4112216],
					[304.7478693],
					[306.6356534],
					[301.6015625],
					[299.084517],
					[297.8259943],
					[297.196733],
					[300.9723011],
					[301.6015625],
					[304.7478693],
					[305.3771307],
					[304.7478693],
					[299.7137784],
					[299.084517],
					[280.2066761],
					[277.6896307],
					[275.1725852],
					[275.8018466]
				]
			},
			{
				"name": "Small Cup or Small Ball",
				"labelposition": [131.4801136,149.3203125,160.4616477,18.87784091],
				"symbolposition": [95.61221591,148.6910511,37.75568182,18.87784091],
				"x": [
					[55.96875],
					[137.7727273],
					[154.1335227],
					[167.3480114],
					[184.9673295],
					[198.8110795],
					[218.9474432],
					[235.9375],
					[250.4105114],
					[281.2443182],
					[314.5951705],
					[335.3607955],
					[493.3053977],
					[529.1732955],
					[544.9048295],
					[560.6363636],
					[575.109375],
					[595.2457386],
					[621.6747159]
				],
				"y": [
					[317.962358],
					[316.7038352],
					[323.6257102],
					[323.6257102],
					[335.5816761],
					[340.615767],
					[334.3231534],
					[334.9524148],
					[336.2109375],
					[333.0646307],
					[328.0305398],
					[328.0305398],
					[343.7620739],
					[339.9865057],
					[339.9865057],
					[327.4012784],
					[321.7379261],
					[317.962358],
					[312.928267]
				]
			},
			{
				"name": "Small Ball",
				"labelposition": [132.109375,169.4566761,69.21875,16.99005682],
				"symbolposition": [93.72443182,173.2322443,36.49715909,10.06818182],
				"x": [
					[55.33948864],
					[135.8849432],
					[184.3380682],
					[216.4303977],
					[248.5227273],
					[269.9176136],
					[316.4829545],
					[383.1846591],
					[458.6960227],
					[493.3053977],
					[527.2855114],
					[559.3778409],
					[592.0994318],
					[606.5724432],
					[624.8210227]
				],
				"y": [
					[286.4992898],
					[286.4992898],
					[302.8600852],
					[314.8160511],
					[316.0745739],
					[316.0745739],
					[324.2549716],
					[332.4353693],
					[339.9865057],
					[345.0205966],
					[360.7521307],
					[377.1129261],
					[360.7521307],
					[362.0106534],
					[355.7180398]
				]
			}
		],
		"plotpos": [55.96875,13.39985795,567.59375,375.6690341],
		"xax": {
			"titlepos": [220.8352273,419.9026989,238.4900568,22.02414773],
			"minpos": [33.94460227,398.5078125,44.67755682,20.13636364],
			"maxpos": [608.4602273,397.2492898,26.42897727,18.24857955],
			"type": 1
		},
		"yax": {
			"titlepos": [3.740056818,87.65269886,22.65340909,226.5340909],
			"minpos": [34.57386364,380.8884943,15.10227273,15.73153409],
			"maxpos": [23.24715909,3.331676136,25.17045455,16.99005682],
			"type": 1
		}
	}
}
