{
	"data": {
		"imagename": "01900-10.1.1.331.4770-Figure-7",
		"difficult": 0,
		"curves": [
			{
				"name": "Base Condition",
				"labelposition": [173.3155857,84.01355276,114.1761859,14.89254598],
				"symbolposition": [149.1151985,82.77250726,22.95934172,11.78993224],
				"x": [
					[106.2991288],
					[127.3969022],
					[141.6689255],
					[144.1510165],
					[155.3204259],
					[173.9361084],
					[202.4801549],
					[212.4085189],
					[226.6805421],
					[240.9525653],
					[257.0861568],
					[268.8760891],
					[285.6302033],
					[305.4869313],
					[321],
					[330.3078412],
					[342.0977735],
					[375.6060019],
					[383.0522749],
					[394.2216844],
					[406.6321394],
					[410.9757986],
					[414.6989351],
					[451.9303001],
					[474.2691191],
					[479.8538238],
					[485.4385286],
					[494.7463698],
					[504.054211],
					[513.3620523],
					[522.6698935],
					[536.9419167],
					[550.5934172],
					[554.9370765],
					[567.3475315],
					[572.3117135],
					[582.2400774],
					[587.2042594],
					[589.6863504],
					[596.5121007],
					[604.5788964],
					[613.8867377],
					[621.9535334],
					[626.2971926],
					[627.5382381],
					[630.6408519]
				],
				"y": [
					[342.1510165],
					[335.3252662],
					[332.2226525],
					[326.6379477],
					[324.1558567],
					[324.1558567],
					[316.089061],
					[312.3659245],
					[309.2633107],
					[296.8528558],
					[287.5450145],
					[282.5808325],
					[278.2371733],
					[270.7909003],
					[265.8267183],
					[263.3446273],
					[246.5905131],
					[242.8673766],
					[237.2826718],
					[235.4211036],
					[224.2516941],
					[221.7696031],
					[215.5643756],
					[202.5333979],
					[200.0513069],
					[191.3639884],
					[185.7792836],
					[183.9177154],
					[178.9535334],
					[178.3330106],
					[169.0251694],
					[162.1994192],
					[154.1326234],
					[143.5837367],
					[142.9632139],
					[134.2758955],
					[131.7938045],
					[124.3475315],
					[111.9370765],
					[102.0087125],
					[97.04453049],
					[94.5624395],
					[83.39303001],
					[67.25943853],
					[54.22846079],
					[44.92061955]
				]
			},
			{
				"name": "F1 Condition",
				"labelposition": [173.3155857,102.0087125,93.69893514,16.75411423],
				"symbolposition": [149.1151985,102.6292352,22.95934172,11.16940949],
				"x": [
					[115.60697],
					[123.053243],
					[139.8073572],
					[151.5972894],
					[177.0387222],
					[181.3823814],
					[186.9670862],
					[198.1364956],
					[204.9622459],
					[239.0909971],
					[250.8809293],
					[260.1887706],
					[280.6660213],
					[288.1122943],
					[301.7637948],
					[311.071636],
					[330.928364],
					[340.2362052],
					[344.5798645],
					[353.8877057],
					[357.6108422],
					[371.8828654],
					[392.3601162],
					[399.8063892],
					[408.4937076],
					[410.9757986],
					[433.3146176],
					[444.4840271],
					[448.2071636],
					[462.4791868],
					[475.5101646],
					[479.8538238],
					[483.5769603],
					[505.2952565],
					[507.7773475],
					[516.464666],
					[522.0493708],
					[530.1161665],
					[530.7366893],
					[535.0803485],
					[537.5624395],
					[554.9370765],
					[585.3426912],
					[595.8915779],
					[612.0251694],
					[618.8509197],
					[625.0561471],
					[629.3998064]
				],
				"y": [
					[342.1510165],
					[339.0484027],
					[336.5663117],
					[327.2584705],
					[326.017425],
					[319.1916747],
					[310.5043562],
					[299.9554695],
					[296.8528558],
					[294.9912875],
					[293.1297193],
					[280.7192643],
					[278.2371733],
					[275.1345595],
					[273.2729913],
					[265.2061955],
					[254.0367861],
					[252.7957406],
					[249.6931268],
					[250.3136496],
					[242.8673766],
					[237.2826718],
					[237.2826718],
					[231.6979671],
					[233.5595353],
					[229.8363988],
					[226.1132623],
					[207.4975799],
					[195.7076476],
					[190.1229429],
					[172.7483059],
					[171.5072604],
					[165.9225557],
					[155.9941917],
					[142.9632139],
					[141.1016457],
					[141.7221684],
					[115.0396902],
					[109.4549855],
					[109.4549855],
					[102.0087125],
					[97.04453049],
					[90.839303],
					[77.80832527],
					[62.91577928],
					[62.91577928],
					[41.19748306],
					[25.06389158]
				]
			},
			{
				"name": "Guess Condition",
				"labelposition": [173.3155857,121.2449177,124.1045499,12.41045499],
				"symbolposition": [149.1151985,119.3833495,24.20038722,12.41045499],
				"x": [
					[106.2991288],
					[136.7047435],
					[156.5614714],
					[190.6902227],
					[202.4801549],
					[231.6447241],
					[250.2604066],
					[274.4607938],
					[296.7996128],
					[329.6873185],
					[365.6776379],
					[397.3242982],
					[409.1142304],
					[451.9303001],
					[477.9922556],
					[501.57212],
					[512.7415295],
					[553.0755082],
					[571.070668],
					[597.1326234],
					[606.4404647],
					[618.8509197],
					[630.0203291]
				],
				"y": [
					[340.909971],
					[332.2226525],
					[324.1558567],
					[309.2633107],
					[305.5401742],
					[294.9912875],
					[285.6834463],
					[276.375605],
					[267.0677638],
					[244.7289448],
					[230.4569216],
					[211.2207164],
					[201.2923524],
					[180.8151016],
					[165.3020329],
					[149.1684414],
					[139.8606002],
					[120.624395],
					[115.660213],
					[95.803485],
					[92.0803485],
					[82.77250726],
					[77.18780252]
				]
			}
		],
		"plotpos": [75.89351404,13.89448209,554.1268151,327.0154889],
		"xax": {
			"titlepos": [306.107454,373.1771539,101.1452081,21.71829622],
			"minpos": [71.54985479,348.3562439,16.13359148,24.82090997],
			"maxpos": [623.8151016,346.4946757,15.51306873,17.37463698],
			"type": 1
		},
		"yax": {
			"titlepos": [5.15392062,54.84898354,21.71829622,240.142304],
			"minpos": [36.80058083,332.8431752,33.50822846,21.09777348],
			"maxpos": [29.35430784,3.966118103,37.85188771,21.09777348],
			"type": 1
		}
	}
}
