{
	"data": {
		"imagename": "01911-10.1.1.36.2083-Figure-4",
		"difficult": 0,
		"curves": [
			{
				"name": "complete-data estimation",
				"labelposition": [535.4695063,20.45934172,173.7444337,13.36495644],
				"symbolposition": [712.9264279,21.94433688,34.89738625,10.39496612],
				"x": [
					[88.48596321],
					[128.5808325],
					[164.9632139],
					[201.3455954],
					[238.4704743],
					[277.0803485],
					[313.4627299],
					[349.1026137],
					[426.3223621],
					[462.7047435],
					[499.8296225],
					[537.696999],
					[574.0793804],
					[609.7192643],
					[649.071636],
					[687.6815102],
					[727.0338819],
					[760.446273]
				],
				"y": [
					[367.2057115],
					[339.7333011],
					[320.428364],
					[284.7884802],
					[281.8184898],
					[264.7410455],
					[258.8010649],
					[279.5909971],
					[288.5009681],
					[288.5009681],
					[290.7284608],
					[319.6858664],
					[327.8533398],
					[322.6558567],
					[324.8833495],
					[342.7032914],
					[355.3257502],
					[361.2657309]
				]
			},
			{
				"name": "incomplete-data estimation",
				"labelposition": [520.6195547,32.339303,190.0793804,14.10745402],
				"symbolposition": [715.8964182,33.82429816,33.41239109,10.39496612],
				"x": [
					[89.22846079],
					[127.0958374],
					[165.7057115],
					[201.3455954],
					[239.2129719],
					[279.3078412],
					[315.6902227],
					[352.0726041],
					[388.4549855],
					[464.9322362],
					[500.57212],
					[575.5643756],
					[611.946757],
					[649.8141336],
					[684.7115198],
					[723.321394],
					[758.9612778]
				],
				"y": [
					[196.4312682],
					[166.731365],
					[149.6539206],
					[146.6839303],
					[113.2715392],
					[109.5590513],
					[93.96660213],
					[87.28412391],
					[78.37415295],
					[70.20667957],
					[59.81171346],
					[51.64424008],
					[46.44675702],
					[51.64424008],
					[50.15924492],
					[55.35672798],
					[55.35672798]
				]
			}
		],
		"plotpos": [88.48596321,10.80687318,672.7028074,360.8538238],
		"xax": {
			"titlepos": [353.5575992,387.9956438,144.7870281,13.36495644],
			"minpos": [110.018393,376.1156825,34.15488867,17.07744434],
			"maxpos": [712.9264279,376.1156825,22.2749274,16.33494676],
			"type": 1
		},
		"yax": {
			"titlepos": [5.326234269,167.4738625,18.5624395,51.97483059],
			"minpos": [59.5285576,364.2357212,23.75992256,19.30493708],
			"maxpos": [58.78606002,3.381897386,23.75992256,15.59244918],
			"type": 1
		}
	}
}
