{
	"data": {
		"imagename": "01918-10.1.1.126.1046-Figure-4",
		"difficult": 0,
		"curves": [
			{
				"name": "BBF search",
				"labelposition": [158.9502841,288.352983,104.9701705,25.42755682],
				"symbolposition": [270.4403409,294.8728693,39.77130682,13.69176136],
				"x": [
					[80.71164773],
					[202.6335227],
					[324.5553977],
					[444.5213068],
					[565.7911932]
				],
				"y": [
					[13.21377841],
					[14.51775568],
					[37.33735795],
					[70.58877841],
					[128.615767]
				]
			},
			{
				"name": "Restricted search",
				"labelposition": [108.0951705,311.8245739,155.1732955,24.77556818],
				"symbolposition": [271.7443182,315.7365057,42.37926136,13.69176136],
				"x": [
					[79.40767045],
					[201.9815341],
					[324.5553977],
					[445.1732955],
					[565.1392045]
				],
				"y": [
					[13.86576705],
					[28.86150568],
					[171.647017],
					[260.3174716],
					[296.1768466]
				]
			}
		],
		"plotpos": [80.05965909,15.16974432,485.0795455,383.3693182],
		"xax": {
			"titlepos": [235.2329545,433.0944602,180.6008523,24.77556818],
			"minpos": [72.88778409,405.7109375,17.60369318,22.16761364],
			"maxpos": [554.0553977,405.0589489,23.47159091,25.42755682],
			"type": 1
		},
		"yax": {
			"titlepos": [3.125,47.1171875,24.77556818,324.6903409],
			"minpos": [54.63210227,385.4992898,20.21164773,22.16761364],
			"maxpos": [53.98011364,4.0859375,20.21164773,24.12357955],
			"type": 1
		}
	}
}
