{
	"data": {
		"imagename": "01929-10.1.1.409.1857-Figure-7",
		"difficult": 0,
		"curves": [
			{
				"name": "Grassmannian Approach",
				"labelposition": [144.5062924,198.8436592,154.6621491,16.44046467],
				"symbolposition": [108.5808325,198.8436592,34.70764763,15.22265247],
				"x": [
					[101.2739593],
					[190.7831559],
					[283.3368829],
					[375.8906099],
					[467.2265247],
					[557.9535334]
				],
				"y": [
					[53.31510165],
					[55.75072604],
					[64.88431752],
					[68.53775411],
					[77.0624395],
					[77.6713456]
				]
			},
			{
				"name": "KNN",
				"labelposition": [146.3330106,215.2841239,31.66311713,14.61374637],
				"symbolposition": [108.5808325,213.4574056,36.53436592,18.26718296],
				"x": [
					[101.2739593],
					[192.6098742],
					[284.5546951],
					[375.8906099],
					[465.3998064],
					[557.9535334]
				],
				"y": [
					[80.71587609],
					[88.02274927],
					[100.8097773],
					[108.1166505],
					[119.0769603],
					[138.5619555]
				]
			}
		],
		"plotpos": [99.44724105,39.91916747,459.7241045,199.1122943],
		"xax": {
			"titlepos": [290.03485,255.4719264,77.93998064,18.87608906],
			"minpos": [93.96708616,242.6848984,14.00484027,12.17812197],
			"maxpos": [546.9932236,241.4670862,25.57405615,17.04937076],
			"type": 1
		},
		"yax": {
			"titlepos": [58.65053243,60.62197483,20.70280736,156.4888674],
			"minpos": [82.39787028,229.8978703,16.44046467,15.83155857],
			"maxpos": [79.96224589,33.83010649,17.65827686,15.22265247],
			"type": 1
		}
	}
}
