{
	"data": {
		"imagename": "01926-10.1.1.159.7326-Figure-6",
		"difficult": 0,
		"curves": [
			{
				"name": "Static",
				"labelposition": [73.25,349.9765625,29.484375,11.5625],
				"symbolposition": [48.96875,352.2890625,23.125,9.25],
				"x": [
					[42.03125],
					[48.96875],
					[54.75],
					[61.6875],
					[69.78125],
					[74.984375],
					[80.765625],
					[87.703125],
					[92.90625],
					[101],
					[111.984375],
					[120.65625],
					[127.59375],
					[131.0625],
					[144.9375],
					[150.140625],
					[155.921875],
					[165.171875],
					[170.953125],
					[176.734375],
					[183.09375],
					[189.453125],
					[194.65625],
					[204.484375],
					[210.265625],
					[216.625],
					[229.34375],
					[234.546875],
					[243.21875],
					[254.78125],
					[259.984375],
					[266.34375],
					[275.015625],
					[279.0625],
					[284.84375],
					[291.203125],
					[302.765625],
					[312.015625],
					[317.21875],
					[324.15625],
					[331.09375],
					[339.765625],
					[346.125],
					[349.59375],
					[357.109375],
					[364.046875],
					[369.25],
					[377.921875],
					[386.59375],
					[393.53125],
					[396.421875],
					[402.203125],
					[409.140625],
					[414.34375],
					[425.90625],
					[435.15625],
					[439.78125],
					[447.296875],
					[451.34375],
					[454.8125],
					[460.59375],
					[467.53125],
					[480.25],
					[480.828125],
					[487.765625]
				],
				"y": [
					[176.5390625],
					[219.3203125],
					[182.3203125],
					[184.0546875],
					[229.7265625],
					[221.0546875],
					[155.7265625],
					[181.7421875],
					[214.6953125],
					[169.6015625],
					[170.1796875],
					[219.3203125],
					[210.6484375],
					[188.6796875],
					[158.0390625],
					[185.7890625],
					[201.3984375],
					[171.9140625],
					[220.4765625],
					[189.8359375],
					[220.4765625],
					[209.4921875],
					[207.7578125],
					[188.6796875],
					[187.5234375],
					[227.4140625],
					[195.0390625],
					[221.6328125],
					[221.0546875],
					[199.0859375],
					[223.3671875],
					[230.8828125],
					[181.7421875],
					[227.9921875],
					[216.4296875],
					[221.6328125],
					[208.9140625],
					[218.7421875],
					[194.4609375],
					[214.6953125],
					[157.4609375],
					[217.5859375],
					[205.4453125],
					[209.4921875],
					[188.6796875],
					[219.3203125],
					[214.1171875],
					[219.8984375],
					[248.2265625],
					[234.3515625],
					[214.6953125],
					[233.7734375],
					[90.3984375],
					[115.8359375],
					[122.7734375],
					[151.1015625],
					[233.1953125],
					[245.9140625],
					[284.0703125],
					[304.8828125],
					[343.0390625],
					[295.6328125],
					[285.2265625],
					[304.3046875],
					[321.0703125]
				]
			},
			{
				"name": "Dynamic",
				"labelposition": [72.09375,362.1171875,42.78125,11.5625],
				"symbolposition": [48.390625,363.2734375,21.390625,8.671875],
				"x": [
					[42.03125],
					[49.546875],
					[54.75],
					[62.84375],
					[66.890625],
					[80.765625],
					[85.96875],
					[94.640625],
					[99.84375],
					[106.78125],
					[113.71875],
					[117.1875],
					[132.21875],
					[140.3125],
					[151.875],
					[157.078125],
					[162.859375],
					[170.953125],
					[176.15625],
					[183.671875],
					[190.609375],
					[197.546875],
					[203.328125],
					[209.6875],
					[216.625],
					[221.25],
					[228.1875],
					[235.125],
					[242.0625],
					[249.578125],
					[254.203125],
					[261.71875],
					[266.34375],
					[275.015625],
					[278.484375],
					[286],
					[294.671875],
					[299.875],
					[306.8125],
					[313.171875],
					[318.953125],
					[324.15625],
					[329.359375],
					[336.296875],
					[344.390625],
					[351.90625],
					[357.109375],
					[362.3125],
					[369.25],
					[376.1875],
					[384.28125],
					[389.484375],
					[394.6875],
					[400.46875],
					[409.140625],
					[414.34375],
					[421.28125],
					[426.484375],
					[431.6875],
					[441.515625],
					[447.875],
					[454.234375],
					[464.640625],
					[473.3125],
					[479.671875],
					[486.609375]
				],
				"y": [
					[127.9765625],
					[131.4453125],
					[118.1484375],
					[134.9140625],
					[170.1796875],
					[112.3671875],
					[134.9140625],
					[119.3046875],
					[131.4453125],
					[125.0859375],
					[101.9609375],
					[126.2421875],
					[134.9140625],
					[131.4453125],
					[97.9140625],
					[121.0390625],
					[121.0390625],
					[138.3828125],
					[141.8515625],
					[126.8203125],
					[185.2109375],
					[126.8203125],
					[138.3828125],
					[133.1796875],
					[140.6953125],
					[123.3515625],
					[124.5078125],
					[148.7890625],
					[127.9765625],
					[125.0859375],
					[138.3828125],
					[140.1171875],
					[150.5234375],
					[125.0859375],
					[133.7578125],
					[121.0390625],
					[129.7109375],
					[118.1484375],
					[121.6171875],
					[134.9140625],
					[133.1796875],
					[119.3046875],
					[117.5703125],
					[127.9765625],
					[119.3046875],
					[185.2109375],
					[124.5078125],
					[127.9765625],
					[127.9765625],
					[196.7734375],
					[145.3203125],
					[153.9921875],
					[148.7890625],
					[150.5234375],
					[60.3359375],
					[64.9609375],
					[94.4453125],
					[94.4453125],
					[103.1171875],
					[160.9296875],
					[174.8046875],
					[152.8359375],
					[166.7109375],
					[173.6484375],
					[171.3359375],
					[207.7578125]
				]
			}
		],
		"plotpos": [36.25,26.8046875,455.5625,356.703125],
		"xax": {
			"titlepos": [243.21875,394.4921875,43.9375,10.40625],
			"minpos": [37.40625,381.7734375,7.515625,12.140625],
			"maxpos": [473.890625,384.6640625,20.8125,12.71875],
			"type": 1
		},
		"yax": {
			"titlepos": [3.875,170.1796875,11.5625,67.0625],
			"minpos": [19.484375,377.1484375,16.1875,12.71875],
			"maxpos": [17.171875,30.2734375,16.765625,13.875],
			"type": 1
		}
	}
}
