{
	"data": {
		"imagename": "01934-10.1.1.188.2108-Figure-4",
		"difficult": 0,
		"curves": [
			{
				"name": "Inter-reflections",
				"labelposition": [97.21164773,20.70525568,136.5596591,21.36647727],
				"symbolposition": [66.55539773,23.02769886,31.12073864,14.39914773],
				"x": [
					[58.19460227],
					[83.27698864],
					[119.0426136],
					[149.234375],
					[278.8267045],
					[311.8053977],
					[339.6747159],
					[361.0411932]
				],
				"y": [
					[141.9367898],
					[145.1882102],
					[147.5106534],
					[147.5106534],
					[149.368608],
					[146.1171875],
					[144.7237216],
					[143.3302557]
				]
			},
			{
				"name": "Sub-surface Scattering",
				"labelposition": [97.67613636,42.07173295,184.8664773,21.36647727],
				"symbolposition": [69.34232955,44.85866477,28.33380682,12.54119318],
				"x": [
					[58.19460227],
					[360.5767045]
				],
				"y": [
					[149.368608],
					[150.7620739]
				]
			}
		],
		"plotpos": [57.73011364,12.80894886,305.1690341,274.5127841],
		"xax": {
			"titlepos": [120.4360795,304.5078125,183.4730114,21.36647727],
			"minpos": [52.15625,290.5731534,9.754261364,17.18607955],
			"maxpos": [355.4673295,291.037642,11.14772727,14.86363636],
			"type": 1
		},
		"yax": {
			"titlepos": [3.384943182,125.2151989,24.61789773,43.66193182],
			"minpos": [34.04119318,280.3544034,22.29545455,15.328125],
			"maxpos": [34.04119318,4.912642045,20.90198864,16.25710227],
			"type": 1
		}
	}
}
