{
	"data": {
		"imagename": "01938-10.1.1.378.5484-Figure-1",
		"difficult": 0,
		"curves": [
			{
				"name": "compound features",
				"labelposition": [320.1452081,180.1573088,172.3349468,23.73475315],
				"symbolposition": [271.1277832,182.2212004,48.50145208,16.51113262],
				"x": [
					[62.15876089],
					[151.9380445],
					[240.6853824],
					[332.0125847],
					[423.8557599],
					[511.0551791]
				],
				"y": [
					[67.15924492],
					[64.57938045],
					[53.22797677],
					[61.99951597],
					[42.90851888],
					[96.05372701]
				]
			},
			{
				"name": "cluster features",
				"labelposition": [319.6292352,206.4719264,145.5043562,22.18683446],
				"symbolposition": [275.2555663,209.0517909,43.34172314,15.47918683],
				"x": [
					[62.15876089],
					[150.9060987],
					[241.7173282],
					[335.1084221],
					[511.571152]
				],
				"y": [
					[123.9162633],
					[113.0808325],
					[150.2308809],
					[113.0808325],
					[111.5329138]
				]
			},
			{
				"name": "direct use",
				"labelposition": [319.6292352,230.2066796,93.3910939,22.70280736],
				"symbolposition": [272.6757018,236.3983543,47.46950629,9.287512101],
				"x": [
					[63.19070668],
					[513.1190707]
				],
				"y": [
					[269.9365924],
					[269.4206196]
				]
			}
		],
		"plotpos": [62.15876089,12.982091,450.4443369,273.981607],
		"xax": {
			"titlepos": [196.8276864,310.6984511,174.3988383,20.63891578],
			"minpos": [48.74346563,292.6393998,25.79864472,12.38334947],
			"maxpos": [495.5759923,291.0914811,35.60212972,15.99515973],
			"type": 1
		},
		"yax": {
			"titlepos": [0.7579864472,36.20087125,28.3785092,236.8315586],
			"minpos": [26.04065828,277.6761859,33.02226525,15.47918683],
			"maxpos": [26.04065828,2.146660213,33.02226525,20.12294288],
			"type": 1
		}
	}
}
