{
	"data": {
		"imagename": "01948-10.1.1.148.6547-Figure-2",
		"difficult": 0,
		"curves": [
			{
				"name": "Buyer Buying 100% of Time",
				"labelposition": [206.4275568,20.8984375,221.9985795,17.484375],
				"symbolposition": [431.6051136,21.95809659,58.81107955,14.83522727],
				"x": [
					[84.56676136],
					[105.2301136],
					[129.0724432],
					[151.3252841],
					[173.578125],
					[194.2414773],
					[218.6136364],
					[239.8068182],
					[261.5298295],
					[283.7826705],
					[305.5056818],
					[329.8778409],
					[352.1306818],
					[372.7940341],
					[396.6363636],
					[417.2997159],
					[435.84375],
					[461.2755682],
					[504.1917614]
				],
				"y": [
					[237.5987216],
					[259.8515625],
					[263.5603693],
					[239.1882102],
					[219.0546875],
					[213.756392],
					[216.4055398],
					[219.584517],
					[207.3984375],
					[206.868608],
					[194.1526989],
					[194.1526989],
					[185.6754261],
					[170.3103693],
					[168.1910511],
					[170.3103693],
					[187.2649148],
					[190.9737216],
					[189.9140625]
				]
			},
			{
				"name": "Buyer Buying 80% of Time",
				"labelposition": [214.375,37.85298295,210.3423295,19.07386364],
				"symbolposition": [430.5454545,38.91264205,58.28125,16.42471591],
				"x": [
					[82.44744318],
					[105.2301136],
					[129.0724432],
					[149.7357955],
					[174.1079545],
					[193.1818182],
					[217.5539773],
					[237.6875],
					[264.7088068],
					[284.8423295],
					[304.4460227],
					[329.3480114],
					[373.8536932],
					[417.2997159],
					[463.9247159],
					[502.0724432]
				],
				"y": [
					[285.2833807],
					[309.6555398],
					[290.5816761],
					[277.865767],
					[288.462358],
					[296.4098011],
					[293.2308239],
					[278.3955966],
					[266.209517],
					[261.4410511],
					[266.209517],
					[263.0305398],
					[259.8515625],
					[261.9708807],
					[263.0305398],
					[266.209517]
				]
			},
			{
				"name": "Buyer Buying 40% of Time",
				"labelposition": [213.8451705,55.33735795,212.9914773,18.01420455],
				"symbolposition": [433.1946023,57.45667614,51.92329545,13.24573864],
				"x": [
					[84.03693182],
					[105.2301136],
					[129.0724432],
					[151.3252841],
					[173.0482955],
					[194.7713068],
					[219.6732955],
					[262.0596591],
					[306.0355114],
					[328.2883523],
					[348.9517045],
					[396.1065341],
					[440.0823864],
					[482.9985795],
					[503.1321023]
				],
				"y": [
					[278.3955966],
					[304.3572443],
					[295.350142],
					[267.7990057],
					[254.0234375],
					[250.3146307],
					[241.3075284],
					[287.9325284],
					[290.5816761],
					[284.2237216],
					[285.8132102],
					[282.1044034],
					[282.634233],
					[282.634233],
					[281.5745739]
				]
			},
			{
				"name": "Buyer Buying 20% of Time",
				"labelposition": [213.8451705,71.76207386,212.9914773,22.78267045],
				"symbolposition": [431.6051136,75.47088068,56.16193182,13.24573864],
				"x": [
					[83.50710227],
					[104.7002841],
					[129.0724432],
					[152.3849432],
					[175.6974432],
					[218.0838068],
					[261],
					[285.9019886],
					[374.3835227],
					[417.2997159],
					[461.8053977],
					[483.5284091],
					[506.3110795]
				],
				"y": [
					[313.3643466],
					[317.602983],
					[304.8870739],
					[293.2308239],
					[316.0134943],
					[316.5433239],
					[303.2975852],
					[314.9538352],
					[314.4240057],
					[311.2450284],
					[309.6555398],
					[306.4765625],
					[299.5887784]
				]
			}
		],
		"plotpos": [61.25426136,12.42116477,443.4673295,303.5923295],
		"xax": {
			"titlepos": [257.8210227,348.8629261,41.32670455,23.84232955],
			"minpos": [58.60511364,324.490767,13.24573864,22.78267045],
			"maxpos": [495.1846591,323.431108,23.84232955,21.19318182],
			"type": 1
		},
		"yax": {
			"titlepos": [2.443181818,61.16548295,21.72301136,209.8125],
			"minpos": [37.41193182,304.8870739,16.42471591,24.37215909],
			"maxpos": [29.99431818,1.824573864,23.84232955,20.66335227],
			"type": 1
		}
	}
}
