{
	"data": {
		"imagename": "01942-10.1.1.183.8389-Figure-3",
		"difficult": 0,
		"curves": [
			{
				"name": "VF5 S",
				"labelposition": [616.7405615,248.3092933,44.93804453,17.68054211],
				"symbolposition": [584.3262343,248.3092933,19.89060987,20.62729913],
				"x": [
					[304.3843175],
					[352.2691191],
					[400.1539206],
					[448.0387222],
					[545.2817038],
					[589.4830591],
					[643.9980639],
					[688.1994192],
					[737.5575992]
				],
				"y": [
					[380.9133591],
					[162.1166505],
					[162.1166505],
					[140.7526621],
					[138.5425944],
					[153.2763795],
					[154.0130687],
					[131.1757018],
					[122.3354308]
				]
			},
			{
				"name": "VF4-S",
				"labelposition": [616.0038722,271.8833495,53.04162633,16.2071636],
				"symbolposition": [579.9060987,273.356728,22.83736689,14.73378509],
				"x": [
					[302.910939],
					[353.0058083],
					[399.4172314],
					[449.5121007],
					[545.2817038],
					[593.9031946],
					[637.3678606],
					[688.9361084],
					[738.2942885]
				],
				"y": [
					[392.7003872],
					[208.5280736],
					[208.5280736],
					[179.7971926],
					[180.5338819],
					[198.214424],
					[200.4244918],
					[168.7468538],
					[156.2231365]
				]
			},
			{
				"name": "VF3-S",
				"labelposition": [616.7405615,296.1940949,51.56824782,15.47047435],
				"symbolposition": [580.642788,294.7207164,22.10067764,16.94385286],
				"x": [
					[303.6476283],
					[352.2691191],
					[400.8906099],
					[449.5121007],
					[543.071636],
					[596.1132623],
					[642.5246854],
					[688.1994192],
					[737.5575992]
				],
				"y": [
					[370.5997096],
					[179.7971926],
					[179.7971926],
					[148.8562439],
					[145.1727977],
					[165.0634076],
					[165.0634076],
					[131.1757018],
					[137.8059051]
				]
			}
		],
		"plotpos": [303.6476283,94.34123911,450.1171346,297.6224589],
		"xax": {
			"titlepos": [512.1306873,413.3276864,58.93514037,18.41723136],
			"minpos": [331.6418199,394.910455,39.78121975,19.89060987],
			"maxpos": [727.9806389,396.3838335,22.10067764,20.62729913],
			"type": 1
		},
		"yax": {
			"titlepos": [215.2449177,148.8562439,31.67763795,190.0658277],
			"minpos": [273.4433688,381.6500484,22.10067764,21.36398838],
			"maxpos": [267.5498548,81.81752178,28.73088093,27.25750242],
			"type": 1
		}
	}
}
