{
	"data": {
		"imagename": "01944-10.1.1.149.8095-Figure-6",
		"difficult": 0,
		"curves": [
			{
				"name": "CRBM-600 (201,795)",
				"labelposition": [341.0213068,371.6384943,189.4545455,23.68181818],
				"symbolposition": [289.2173295,374.5987216,51.80397727,17.76136364],
				"x": [
					[101.9829545],
					[133.0653409],
					[164.1477273],
					[190.7897727],
					[246.2940341],
					[274.4161932],
					[301.7982955],
					[330.6605114],
					[411.3267045],
					[471.2713068],
					[548.9772727],
					[631.8636364],
					[632.6036932]
				],
				"y": [
					[438.9836648],
					[396.8004261],
					[358.3174716],
					[329.4552557],
					[278.3913352],
					[254.709517],
					[234.727983],
					[216.9666193],
					[172.5632102],
					[142.2208807],
					[102.9978693],
					[69.6953125],
					[69.6953125]
				]
			},
			{
				"name": "FCRBM-600-60 (110,445)",
				"labelposition": [341.7613636,396.0603693,224.9772727,22.20170455],
				"symbolposition": [290.6974432,398.2805398,51.06392045,14.80113636],
				"x": [
					[106.4232955],
					[133.0653409],
					[189.3096591],
					[244.0738636],
					[301.7982955],
					[357.3025568],
					[441.6690341],
					[524.5553977],
					[634.8238636]
				],
				"y": [
					[433.0632102],
					[396.0603693],
					[327.975142],
					[274.6910511],
					[231.0276989],
					[202.165483],
					[159.2421875],
					[116.318892],
					[69.6953125]
				]
			},
			{
				"name": "style-FCRBM-600-60 (110,795)",
				"labelposition": [342.5014205,416.7819602,269.3806818,24.421875],
				"symbolposition": [290.6974432,418.2620739,52.54403409,18.50142045],
				"x": [
					[104.203125],
					[135.2855114],
					[161.9275568],
					[191.5298295],
					[244.8139205],
					[303.2784091],
					[356.5625],
					[411.3267045],
					[466.8309659],
					[524.5553977],
					[633.34375],
					[632.6036932]
				],
				"y": [
					[427.8828125],
					[383.4794034],
					[347.9566761],
					[316.134233],
					[267.290483],
					[233.2478693],
					[205.865767],
					[185.884233],
					[166.6427557],
					[151.1015625],
					[119.2791193],
					[119.2791193]
				]
			},
			{
				"name": "unfac-style-CRBM-100 (218,445)",
				"labelposition": [341.0213068,441.943892,283.4417614,18.50142045],
				"symbolposition": [290.6974432,438.9836648,49.58380682,21.46164773],
				"x": [
					[106.4232955],
					[135.2855114],
					[163.4076705],
					[191.5298295],
					[220.3920455],
					[244.8139205],
					[278.1164773],
					[325.4801136],
					[382.4644886],
					[466.8309659],
					[526.7755682],
					[577.0994318],
					[631.8636364]
				],
				"y": [
					[417.522017],
					[369.4183239],
					[330.1953125],
					[297.6328125],
					[269.5106534],
					[249.5291193],
					[232.5078125],
					[206.6058239],
					[184.4041193],
					[163.6825284],
					[140.740767],
					[126.6796875],
					[114.8387784]
				]
			}
		],
		"plotpos": [76.82102273,31.21235795,556.5227273,439.59375],
		"xax": {
			"titlepos": [230.0127841,495.227983,253.8394886,25.16193182],
			"minpos": [64.24005682,475.9865057,26.64204545,19.24147727],
			"maxpos": [620.7627841,473.7663352,25.16193182,22.94176136],
			"type": 1
		},
		"yax": {
			"titlepos": [4.295454545,2.350142045,31.08238636,495.0980114],
			"minpos": [34.63778409,415.3018466,40.703125,24.421875],
			"maxpos": [45.73863636,21.59161932,28.86221591,21.46164773],
			"type": 1
		}
	}
}
