{
	"data": {
		"imagename": "01941-10.1.1.378.2929-Figure-8",
		"difficult": 0,
		"curves": [
			{
				"name": "layer 1",
				"labelposition": [152.0687318,51.48257502,66.60309777,25.52081317],
				"symbolposition": [88.57792836,57.08470474,63.49080348,13.07163601],
				"x": [
					[75.50629235],
					[81.10842207],
					[92.31268151],
					[106.0067764],
					[110.9864472],
					[124.0580833],
					[150.2013553],
					[187.5488867],
					[206.2226525],
					[260.3765731],
					[285.2749274],
					[330.714424],
					[363.7047435],
					[408.5217812],
					[447.7366893],
					[464.5430784],
					[553.5546951],
					[602.7289448],
					[640.0764763]
				],
				"y": [
					[260.0062924],
					[246.9346563],
					[242.5774443],
					[245.0672798],
					[246.3121975],
					[243.1999032],
					[241.9549855],
					[232.6181026],
					[225.7710552],
					[207.7197483],
					[196.5154889],
					[184.6887706],
					[172.8620523],
					[157.9230397],
					[149.8310745],
					[142.3615682],
					[119.9530494],
					[106.8814134],
					[97.54453049]
				]
			},
			{
				"name": "layer 2",
				"labelposition": [153.9361084,77.00338819,65.98063892,24.27589545],
				"symbolposition": [87.95546951,79.49322362,64.11326234,16.1839303],
				"x": [
					[73.01645692],
					[81.73088093],
					[96.04743466],
					[119.0784124],
					[155.803485],
					[204.3552759],
					[286.5198451],
					[396.6950629],
					[481.3494676],
					[555.4220716],
					[639.4540174]
				],
				"y": [
					[246.3121975],
					[235.107938],
					[231.9956438],
					[230.750726],
					[235.7303969],
					[242.5774443],
					[251.9143272],
					[261.8736689],
					[267.4757986],
					[270.5880929],
					[274.3228461]
				]
			},
			{
				"name": "layer 3",
				"labelposition": [153.3136496,103.1466602,67.84801549,24.27589545],
				"symbolposition": [86.71055179,108.7487899,65.35818006,11.20425944],
				"x": [
					[76.75121007],
					[112.8538238],
					[183.1916747],
					[270.3359148],
					[378.6437561],
					[490.0638916],
					[640.0764763]
				],
				"y": [
					[246.3121975],
					[248.1795741],
					[257.5164569],
					[263.1185866],
					[266.8533398],
					[266.8533398],
					[267.4757986]
				]
			},
			{
				"name": "layer 4",
				"labelposition": [153.9361084,129.2899322,64.7357212,22.40851888],
				"symbolposition": [84.84317522,133.6471442,69.0929332,14.31655373],
				"x": [
					[73.63891578],
					[92.31268151],
					[117.8334947],
					[180.0793804],
					[247.9273959],
					[330.0919652],
					[412.2565344],
					[484.4617619],
					[551.0648596],
					[639.4540174]
				],
				"y": [
					[246.3121975],
					[248.8020329],
					[252.5367861],
					[263.7410455],
					[274.9453049],
					[283.6597289],
					[291.7516941],
					[295.4864472],
					[297.9762827],
					[301.7110358]
				]
			},
			{
				"name": "layer 5",
				"labelposition": [155.1810261,153.5658277,64.11326234,23.65343659],
				"symbolposition": [87.95546951,159.1679574,65.35818006,9.959341723],
				"x": [
					[72.39399806],
					[78.61858664],
					[84.84317522],
					[96.66989351],
					[134.6398838],
					[174.4772507],
					[240.4578896],
					[292.7444337],
					[300.8363988],
					[358.1026137],
					[421.5934172],
					[516.2071636],
					[608.3310745],
					[640.0764763]
				],
				"y": [
					[246.9346563],
					[266.8533398],
					[268.7207164],
					[265.6084221],
					[270.5880929],
					[276.1902227],
					[282.4148112],
					[286.1495644],
					[284.2821878],
					[285.5271055],
					[288.0169409],
					[289.8843175],
					[288.6393998],
					[289.2618587]
				]
			}
		],
		"plotpos": [69.90416263,37.78848015,571.4172314,278.2391094],
		"xax": {
			"titlepos": [310.7957406,345.9056147,80.9196515,21.78606002],
			"minpos": [59.32236205,322.2521781,23.03097773,19.91868345],
			"maxpos": [514.9622459,320.3848015,58.51113262,28.63310745],
			"type": 1
		},
		"yax": {
			"titlepos": [3.30106486,65.79912875,26.14327202,230.3097773],
			"minpos": [29.44433688,305.445789,35.48015489,21.78606002],
			"maxpos": [31.31171346,24.71684414,35.48015489,26.76573088],
			"type": 1
		}
	}
}
