{
	"data": {
		"imagename": "01956-10.1.1.178.1826-Figure-3",
		"difficult": 0,
		"curves": [
			{
				"name": "CPT 5",
				"labelposition": [212.8896418,15.90948693,42.02226525,23.79574056],
				"symbolposition": [166.8170378,20.4661181,44.55372701,15.18877057],
				"x": [
					[102.517909],
					[447.303001],
					[474.642788],
					[496.4133591],
					[508.5643756]
				],
				"y": [
					[266.017909],
					[260.9549855],
					[260.9549855],
					[222.9830591],
					[242.7284608]
				]
			},
			{
				"name": "CPT 10",
				"labelposition": [306.553727,17.42836399,50.12294288,20.25169409],
				"symbolposition": [262,19.4535334,43.03484995,15.69506292],
				"x": [
					[105.0493708],
					[384.0164569],
					[418.4443369],
					[433.1268151],
					[447.8092933],
					[464.0106486],
					[480.2120039],
					[489.3252662],
					[494.8944821],
					[510.589545]
				],
				"y": [
					[264.4990319],
					[262.9801549],
					[258.9298161],
					[255.892062],
					[238.678122],
					[243.2347531],
					[227.5396902],
					[206.7817038],
					[186.5300097],
					[55.40029042]
				]
			},
			{
				"name": "CPT 15",
				"labelposition": [409.3310745,16.92207164,51.64181994,20.75798645],
				"symbolposition": [364.2710552,19.4535334,44.04743466,16.70764763],
				"x": [
					[104.0367861],
					[415.9128751],
					[432.1142304],
					[448.821878],
					[464.0106486],
					[478.6931268],
					[494.8944821]
				],
				"y": [
					[263.9927396],
					[261.9675702],
					[259.9424008],
					[242.7284608],
					[246.2725073],
					[198.6810261],
					[237.1592449]
				]
			}
		],
		"plotpos": [95.93610842,10.84656341,423.7666989,253.6524685],
		"xax": {
			"titlepos": [231.1161665,309.052759,149.8625363,16.20135528],
			"minpos": [96.44240077,277.1563408,13.66989351,23.28944821],
			"maxpos": [497.4259439,278.1689255,23.28944821,21.2642788],
			"type": 1
		},
		"yax": {
			"titlepos": [1.259438529,98.94143272,53.66698935,47.08518877],
			"minpos": [70.6214908,255.3857696,19.23910939,19.23910939],
			"maxpos": [64.03969022,3.252178122,22.78315586,16.70764763],
			"type": 1
		}
	}
}
