{
	"data": {
		"imagename": "01955-10.1.1.2.9380-Figure-9",
		"difficult": 0,
		"curves": [
			{
				"name": "\"Hansard-S\"",
				"labelposition": [514.0793804,10.33059051,74.41335915,13.99225557],
				"symbolposition": [593.5808325,14.14666021,40.70474347,9.54017425],
				"x": [
					[57.42303969],
					[162.3649564],
					[224.0580833],
					[299.7434656],
					[326.4559535],
					[353.1684414],
					[388.785092],
					[465.106486],
					[645.7337851]
				],
				"y": [
					[315.6161665],
					[166.7894482],
					[117.1805421],
					[61.21151985],
					[39.58712488],
					[30.04695063],
					[19.23475315],
					[9.05856728],
					[9.05856728]
				]
			},
			{
				"name": "\"Hansard-P\"",
				"labelposition": [512.1713456,22.41481123,75.68538238,12.72023233],
				"symbolposition": [591.6727977,24.32284608,41.34075508,10.17618587],
				"x": [
					[56.78702807],
					[224.0580833],
					[265.3988383],
					[301.6515005],
					[328.3639884],
					[349.3523717],
					[370.9767667],
					[402.1413359],
					[467.0145208],
					[644.4617619]
				],
				"y": [
					[340.4206196],
					[199.2260407],
					[106.3683446],
					[71.38770571],
					[51.03533398],
					[38.31510165],
					[27.50290416],
					[19.23475315],
					[10.96660213],
					[9.05856728]
				]
			},
			{
				"name": "\"Hansard-GIZA\"",
				"labelposition": [489.910939,33.86302033,97.30977735,12.72023233],
				"symbolposition": [591.0367861,35.13504356,41.34075508,12.08422072],
				"x": [
					[57.42303969],
					[162.3649564],
					[224.0580833],
					[266.6708616],
					[328.3639884],
					[390.0571152],
					[402.1413359],
					[465.106486],
					[541.42788],
					[644.4617619]
				],
				"y": [
					[327.7003872],
					[271.731365],
					[228.482575],
					[178.2376573],
					[140.0769603],
					[93.64811229],
					[73.29574056],
					[27.50290416],
					[6.514520813],
					[9.05856728]
				]
			},
			{
				"name": "\"FBIS\"",
				"labelposition": [544.607938,45.31122943,42.61277832,12.72023233],
				"symbolposition": [589.7647628,45.94724105,42.61277832,11.4482091],
				"x": [
					[57.42303969],
					[162.3649564],
					[223.4220716],
					[266.6708616],
					[300.3794773],
					[351.8964182],
					[404.0493708],
					[467.0145208],
					[541.42788],
					[570.0484027],
					[592.3088093],
					[645.0977735]
				],
				"y": [
					[348.6887706],
					[317.5242014],
					[292.7197483],
					[267.2792836],
					[245.0188771],
					[204.3141336],
					[161.7013553],
					[102.5522749],
					[35.77105518],
					[18.59874153],
					[11.60261375],
					[9.05856728]
				]
			}
		],
		"plotpos": [56.78702807,7.786544046,588.946757,347.8983543],
		"xax": {
			"titlepos": [241.8664085,377.3092933,221.3320426,15.2642788],
			"minpos": [53.60696999,359.5009681,13.99225557,15.2642788],
			"maxpos": [638.7376573,359.5009681,16.53630203,13.99225557],
			"type": 3
		},
		"yax": {
			"titlepos": [3.362052275,129.2647628,20.98838335,110.0300097],
			"minpos": [28.16650532,348.6887706,22.8964182,13.35624395],
			"maxpos": [39.61471442,2.698451113,12.08422072,11.4482091],
			"type": 1
		}
	}
}
