{
	"data": {
		"imagename": "01960-10.1.1.124.3167-Figure-5",
		"difficult": 0,
		"curves": [
			{
				"name": "s = 8",
				"labelposition": [529.8338068,24.81605114,33.97585227,12.65767045],
				"symbolposition": [498.5227273,26.1484375,27.31392045,10.65909091],
				"x": [
					[50.84090909],
					[52.83948864],
					[57.50284091],
					[64.83096591],
					[72.82528409],
					[88.14772727],
					[110.1321023],
					[156.0994318],
					[216.7230114],
					[317.984375],
					[411.9176136],
					[490.5284091],
					[568.4730114]
				],
				"y": [
					[423.865767],
					[220.0106534],
					[163.384233],
					[114.0859375],
					[86.10582386],
					[68.11860795],
					[56.79332386],
					[46.13423295],
					[36.80752841],
					[30.81178977],
					[26.1484375],
					[22.15127841],
					[19.48650568]
				]
			},
			{
				"name": "s = 5",
				"labelposition": [527.1690341,40.13849432,39.97159091,14.65625],
				"symbolposition": [496.5241477,42.80326705,29.97869318,9.992897727],
				"x": [
					[50.84090909],
					[55.50426136],
					[56.83664773],
					[62.83238636],
					[70.82670455],
					[82.15198864],
					[108.1335227],
					[140.1107955],
					[177.4176136],
					[242.7045455],
					[306.6590909],
					[386.6022727],
					[487.8636364],
					[565.8082386]
				],
				"y": [
					[423.1995739],
					[206.0205966],
					[157.3884943],
					[116.7507102],
					[92.1015625],
					[70.78338068],
					[57.45951705],
					[48.79900568],
					[40.13849432],
					[32.81036932],
					[28.81321023],
					[24.81605114],
					[20.81889205],
					[20.15269886]
				]
			},
			{
				"name": "s = 3",
				"labelposition": [529.1676136,57.45951705,37.30681818,14.65625],
				"symbolposition": [495.8579545,58.12571023,28.64630682,10.65909091],
				"x": [
					[52.17329545],
					[54.171875],
					[57.50284091],
					[63.49857955],
					[72.15909091],
					[86.14914773],
					[104.1363636],
					[140.1107955],
					[192.0738636],
					[278.6789773],
					[356.6235795],
					[442.5625],
					[490.5284091]
				],
				"y": [
					[425.1981534],
					[285.9637784],
					[224.6740057],
					[186.0348011],
					[143.3984375],
					[111.4211648],
					[92.1015625],
					[74.11434659],
					[58.12571023],
					[45.46803977],
					[38.13991477],
					[31.47798295],
					[29.47940341]
				]
			},
			{
				"name": "s = 1",
				"labelposition": [527.8352273,72.78196023,35.97443182,13.99005682],
				"symbolposition": [497.8565341,74.78053977,24.64914773,9.992897727],
				"x": [
					[52.17329545],
					[55.50426136],
					[58.16903409],
					[66.16335227],
					[77.48863636],
					[92.14488636],
					[112.1306818],
					[138.1122159],
					[173.4204545],
					[236.0426136],
					[322.6477273],
					[417.9133523],
					[489.8622159]
				],
				"y": [
					[421.8671875],
					[344.5887784],
					[293.9580966],
					[255.9850852],
					[220.6768466],
					[187.3671875],
					[158.0546875],
					[135.4041193],
					[116.084517],
					[90.76917614],
					[71.44957386],
					[56.12713068],
					[44.13565341]
				]
			}
		],
		"plotpos": [52.17329545,14.15696023,525.6264205,414.3721591],
		"xax": {
			"titlepos": [270.0184659,447.1825284,89.93607955,20.65198864],
			"minpos": [47.50994318,431.193892,9.326704545,16.65482955],
			"maxpos": [564.4758523,429.1953125,25.31534091,19.98579545],
			"type": 1
		},
		"yax": {
			"titlepos": [4.207386364,179.3728693,19.98579545,85.93892045],
			"minpos": [36.18465909,419.868608,12.65767045,15.32244318],
			"maxpos": [37.51704545,5.496448864,12.65767045,16.65482955],
			"type": 1
		}
	}
}
