{
	"data": {
		"imagename": "01961-10.1.1.144.4578-Figure-2",
		"difficult": 0,
		"curves": [
			{
				"name": "BoostMap",
				"labelposition": [421.6051136,24.55326705,111.1193182,27.77982955],
				"symbolposition": [368.7556818,26.5859375,50.81676136,21.68181818],
				"x": [
					[77.40625],
					[89.60227273],
					[126.1903409],
					[255.6036932],
					[329.4573864],
					[577.4431818]
				],
				"y": [
					[34.71661932],
					[253.5674716],
					[328.0987216],
					[350.4580966],
					[355.2009943],
					[368.0745739]
				]
			},
			{
				"name": "BoostMap-C",
				"labelposition": [419.5724432,46.91264205,143.6420455,29.8125],
				"symbolposition": [370.1107955,55.72088068,43.36363636,17.61647727],
				"x": [
					[77.40625],
					[90.95738636],
					[126.1903409],
					[191.2357955],
					[253.5710227],
					[338.265625],
					[488.6832386],
					[578.7982955]
				],
				"y": [
					[53.68821023],
					[271.1839489],
					[328.0987216],
					[357.9112216],
					[363.3316761],
					[364.009233],
					[366.0419034],
					[368.0745739]
				]
			}
		],
		"plotpos": [62.5,15.06747159,515.6207386,405.1789773],
		"xax": {
			"titlepos": [101.7982955,445.993608,435.6690341,27.10227273],
			"minpos": [56.40198864,427.022017,15.58380682,23.03693182],
			"maxpos": [554.40625,427.6995739,44.04119318,21.00426136],
			"type": 1
		},
		"yax": {
			"titlepos": [2.875,105.1825284,27.77982955,231.7244318],
			"minpos": [45.56107955,408.727983,14.90625,24.39204545],
			"maxpos": [23.87926136,3.549005682,37.265625,27.10227273],
			"type": 1
		}
	}
}
