{
	"data": {
		"imagename": "01967-10.1.1.207.8354-Figure-3",
		"difficult": 0,
		"curves": [
			{
				"name": "Schwarm & Ostendorf, Corference+Syntax+Salience",
				"labelposition": [270.2642788,336.8562439,411.1026137,20.93901258],
				"symbolposition": [222.8025169,338.2521781,46.06582769,18.84511133],
				"x": [
					[129.9728945],
					[196.9777348],
					[261.1907067],
					[322.6118103],
					[384.7308809],
					[453.1316554],
					[640.1868345]
				],
				"y": [
					[137.9356244],
					[113.5067764],
					[108.6210068],
					[93.96369797],
					[102.339303],
					[102.339303],
					[102.339303]
				]
			},
			{
				"name": "Schwarm & Ostendorf",
				"labelposition": [270.9622459,360.5871249,176.5856728,18.84511133],
				"symbolposition": [224.8964182,361.9830591,44.66989351,17.44917715],
				"x": [
					[129.2749274],
					[195.5818006],
					[257.7008712],
					[384.0329138],
					[451.7357212],
					[574.5779284],
					[637.3949661]
				],
				"y": [
					[220.9937076],
					[205.6384318],
					[207.0343659],
					[179.8136496],
					[188.1892546],
					[182.6055179],
					[184.0014521]
				]
			}
		],
		"plotpos": [68.5517909,12.99951597,633.0561471,399.2371733],
		"xax": {
			"titlepos": [241.6476283,442.947241,286.8644724,25.82478219],
			"minpos": [61.57212004,417.8204259,13.95934172,18.14714424],
			"maxpos": [679.9709584,415.7265247,40.482091,23.03291384],
			"type": 1
		},
		"yax": {
			"titlepos": [2.942884802,146.3112294,27.22071636,147.9690223],
			"minpos": [41.33107454,403.8610842,21.63697967,18.14714424],
			"maxpos": [32.95546951,4.623910939,30.0125847,16.05324298],
			"type": 1
		}
	}
}
