{
	"data": {
		"imagename": "01978-10.1.1.170.1964-Figure-4",
		"difficult": 0,
		"curves": [
			{
				"name": "|S| = 10, init. only",
				"labelposition": [377.2410455,237.8010649,126.4385286,15.44724105],
				"symbolposition": [506.5401742,238.3731849,49.20232333,13.15876089],
				"x": [
					[66.57986447],
					[195.8789932],
					[320.6011617],
					[445.3233301],
					[571.1897386]
				],
				"y": [
					[269.267667],
					[191.4593417],
					[126.8097773],
					[89.04985479],
					[55.29477251]
				]
			},
			{
				"name": "|S| = 10, joint",
				"labelposition": [402.9864472,250.3877057,102.981607,13.73088093],
				"symbolposition": [508.2565344,250.3877057,47.48596321,12.58664085],
				"x": [
					[66.57986447],
					[318.8848015],
					[445.8954501],
					[571.1897386]
				],
				"y": [
					[217.2047435],
					[118.2279768],
					[89.04985479],
					[55.29477251]
				]
			},
			{
				"name": "|S| = 20, init. only",
				"labelposition": [373.8083253,261.8301065,129.2991288,12.58664085],
				"symbolposition": [505.9680542,262.9743466,54.35140368,10.87028074],
				"x": [
					[66.00774443],
					[194.7347531],
					[318.8848015],
					[444.17909],
					[571.7618587]
				],
				"y": [
					[216.0605034],
					[126.8097773],
					[72.45837367],
					[46.71297193],
					[26.11665053]
				]
			},
			{
				"name": "|S| = 20, joint",
				"labelposition": [401.2700871,274.9888674,97.26040658,13.15876089],
				"symbolposition": [503.107454,274.4167473,54.35140368,12.58664085],
				"x": [
					[67.72410455],
					[193.018393],
					[321.7454017],
					[445.8954501],
					[570.6176186]
				],
				"y": [
					[121.660697],
					[94.19893514],
					[63.30445305],
					[43.85237173],
					[26.68877057]
				]
			}
		],
		"plotpos": [67.72410455,12.3857696,501.749274,278.0503388],
		"xax": {
			"titlepos": [215.9031946,310.4603098,212.2565344,19.45208132],
			"minpos": [53.42110358,295.0130687,31.46660213,14.30300097],
			"maxpos": [550.0212972,293.2967086,40.62052275,18.87996128],
			"type": 2
		},
		"yax": {
			"titlepos": [1.358180058,53.00629235,27.46176186,200.2420136],
			"minpos": [33.96902227,283.570668,25.74540174,13.15876089],
			"maxpos": [37.4017425,3.231848984,22.88480155,16.59148112],
			"type": 1
		}
	}
}
