{
	"data": {
		"imagename": "01971-10.1.1.220.7935-Figure-6",
		"difficult": 0,
		"curves": [
			{
				"name": "Active",
				"labelposition": [546.0832527,49.48354308,65.66311713,25.75024201],
				"symbolposition": [481.7076476,53.34607938,63.08809293,18.02516941],
				"x": [
					[70.34753146],
					[94.16650532],
					[115.410455],
					[137.9419167],
					[172.0609874],
					[201.0300097],
					[226.1364956],
					[257.6805421],
					[298.2371733],
					[352.9564376],
					[431.4946757],
					[499.732817],
					[557.0271055],
					[606.5963214],
					[647.1529526]
				],
				"y": [
					[209.7787996],
					[162.1408519],
					[133.1718296],
					[105.4903195],
					[76.52129719],
					[57.20861568],
					[45.62100678],
					[39.82720232],
					[32.74588577],
					[27.59583737],
					[19.87076476],
					[14.07696031],
					[10.85818006],
					[7.639399806],
					[6.995643756]
				]
			},
			{
				"name": "Rand2",
				"labelposition": [545.4394966,82.31510165,75.96321394,27.68151016],
				"symbolposition": [479.7763795,86.17763795,63.73184898,15.45014521],
				"x": [
					[70.34753146],
					[94.16650532],
					[124.4230397],
					[148.8857696],
					[174.6360116],
					[224.2052275],
					[281.499516],
					[354.2439497],
					[430.2071636],
					[503.5953533],
					[572.4772507],
					[641.3591481]
				],
				"y": [
					[209.1350436],
					[167.2909003],
					[140.8969022],
					[121.5842207],
					[105.4903195],
					[84.89012585],
					[68.79622459],
					[51.41481123],
					[39.82720232],
					[30.81461762],
					[21.80203291],
					[13.43320426]
				]
			},
			{
				"name": "Rand4",
				"labelposition": [547.3707648,117.0779284,70.16940949,23.81897386],
				"symbolposition": [481.7076476,117.0779284,63.73184898,14.80638916],
				"x": [
					[72.92255566],
					[97.38528558],
					[121.2042594],
					[157.2545983],
					[192.017425],
					[233.2178122],
					[277.6369797],
					[323.3436592],
					[358.750242],
					[434.0696999],
					[493.2952565],
					[543.5082285],
					[589.214908],
					[648.4404647]
				],
				"y": [
					[209.1350436],
					[162.7846079],
					[136.3906099],
					[109.3528558],
					[86.17763795],
					[75.23378509],
					[64.93368829],
					[55.27734753],
					[49.48354308],
					[39.82720232],
					[32.74588577],
					[28.88334947],
					[26.30832527],
					[23.08954501]
				]
			},
			{
				"name": "All8",
				"labelposition": [544.1519845,148.6219748,50.21297193,24.46272991],
				"symbolposition": [484.2826718,147.9782188,60.51306873,14.80638916],
				"x": [
					[70.99128751],
					[89.66021297],
					[112.1916747],
					[137.9419167],
					[146.9545015],
					[187.5111326],
					[228.7115198],
					[280.2120039],
					[327.2061955],
					[376.1316554],
					[437.9322362],
					[488.1452081],
					[561.5333979],
					[613.0338819],
					[638.1403679]
				],
				"y": [
					[209.1350436],
					[169.8659245],
					[149.2657309],
					[128.0217812],
					[119.0091965],
					[95.8339787],
					[80.38383349],
					[64.93368829],
					[57.20861568],
					[47.55227493],
					[37.89593417],
					[32.74588577],
					[25.66456922],
					[23.73330106],
					[20.51452081]
				]
			}
		],
		"plotpos": [67.12875121,4.420619555,586.4617619,209.2207164],
		"xax": {
			"titlepos": [188.1548887,245.1853824,340.5469506,27.68151016],
			"minpos": [56.18489835,221.3664085,20.60019361,23.17521781],
			"maxpos": [631.0590513,221.3664085,30.90029042,24.46272991],
			"type": 1
		},
		"yax": {
			"titlepos": [2.109390126,37.89593417,29.61277832,148.0638916],
			"minpos": [34.29719264,163.428364,30.90029042,24.46272991],
			"maxpos": [32.36592449,16.65198451,31.54404647,23.81897386],
			"type": 1
		}
	}
}
