{
	"data": {
		"imagename": "01979-10.1.1.102.7644-Figure-8",
		"difficult": 0,
		"curves": [
			{
				"name": "CC",
				"labelposition": [447.8451705,130.6015625,29.72017045,20.62215909],
				"symbolposition": [371.421875,133.0276989,72.78409091,16.37642045],
				"x": [
					[147.0042614],
					[264.671875],
					[385.9786932]
				],
				"y": [
					[102.7009943],
					[102.0944602],
					[84.50497159]
				]
			},
			{
				"name": "DP",
				"labelposition": [449.6647727,154.8629261,25.47443182,19.40909091],
				"symbolposition": [375.0610795,157.8955966,67.32528409,15.16335227],
				"x": [
					[144.578125],
					[387.1917614]
				],
				"y": [
					[255.5475852],
					[262.8259943]
				]
			},
			{
				"name": "PP",
				"labelposition": [447.2386364,176.6981534,28.50710227,20.015625],
				"symbolposition": [373.2414773,180.337358,63.68607955,14.55681818],
				"x": [
					[143.9715909],
					[267.7045455],
					[387.7982955]
				],
				"y": [
					[203.9921875],
					[187.615767],
					[248.2691761]
				]
			},
			{
				"name": "OM",
				"labelposition": [447.8451705,198.5333807,31.53977273,20.62215909],
				"symbolposition": [374.4545455,204.5987216,62.47301136,11.52414773],
				"x": [
					[144.578125],
					[267.0980114],
					[389.0113636]
				],
				"y": [
					[146.977983],
					[270.1044034],
					[321.053267]
				]
			}
		],
		"plotpos": [63.30255682,25.67116477,403.9517045,350.5767045],
		"xax": {
			"titlepos": [200.3792614,409.0007102,148.6008523,16.98295455],
			"minpos": [106.3664773,384.1328125,86.734375,21.22869318],
			"maxpos": [340.4886364,384.1328125,107.3565341,20.015625],
			"type": 1
		},
		"yax": {
			"titlepos": [1.436079545,42.04758523,23.04829545,312.3650568],
			"minpos": [26.91051136,308.9225852,26.08096591,15.76988636],
			"maxpos": [26.30397727,34.16264205,26.6875,18.19602273],
			"type": 1
		}
	}
}
