{
	"data": {
		"imagename": "01975-10.1.1.204.4872-Figure-7",
		"difficult": 0,
		"curves": [
			{
				"name": "Our Method",
				"labelposition": [424.7521781,29.82817038,100.107454,21.41335915],
				"symbolposition": [364.2594385,30.89883833,59.42207164,19.27202323],
				"x": [
					[72.50242014],
					[104.0871249],
					[145.3078412],
					[187.5992256],
					[240.0619555],
					[302.696031],
					[372.2894482],
					[424.7521781],
					[461.6902227],
					[502.375605],
					[540.9196515]
				],
				"y": [
					[171.1563408],
					[182.9336883],
					[200.0643756],
					[248.2444337],
					[265.910455],
					[276.6171346],
					[251.9917715],
					[248.2444337],
					[230.5784124],
					[194.7110358],
					[170.6210068]
				]
			},
			{
				"name": "CCA",
				"labelposition": [425.2875121,54.98886738,44.43272023,16.59535334],
				"symbolposition": [379.7841239,54.4535334,26.23136496,17.6660213],
				"x": 305.3727009,
				"y": 34.11084221
			},
			{
				"name": "CSM",
				"labelposition": [422.0755082,75.86689255,47.6447241,21.94869313],
				"symbolposition": [380.3194579,74.26089061,25.160697,21.94869313],
				"x": 304.8373669,
				"y": 141.1776379
			},
			{
				"name": "Tensor+CCA",
				"labelposition": [420.4695063,99.95692159,108.1374637,20.34269119],
				"symbolposition": [383.5314618,98.35091965,20.87802517,18.73668925],
				"x": 305.3727009,
				"y": 227.9017425
			}
		],
		"plotpos": [69.82575024,16.44482091,471.0939013,264.4549855],
		"xax": {
			"titlepos": [212.2245886,308.2018393,180.9428848,20.34269119],
			"minpos": [73.57308809,287.3238141,39.61471442,21.41335915],
			"maxpos": [502.910939,287.8591481,29.44336883,21.41335915],
			"type": 1
		},
		"yax": {
			"titlepos": [2.373668925,15.37415295,22.48402711,270.3436592],
			"minpos": [37.17037754,271.2637948,29.44336883,20.87802517],
			"maxpos": [37.70571152,4.667473379,29.97870281,21.94869313],
			"type": 1
		}
	}
}
