{
	"data": {
		"imagename": "01999-10.1.1.175.4649-Figure-6",
		"difficult": 0,
		"curves": [
			{
				"name": "Orig",
				"labelposition": [437.607938,7.900774443,35.87608906,18.46563408],
				"symbolposition": [475.0667957,11.06631171,51.70377541,11.07938045],
				"x": [
					[108.392062],
					[150.5992256],
					[197.5546951],
					[239.2342691],
					[281.9690223],
					[325.7589545],
					[366.910939],
					[452.3804453],
					[498.8083253]
				],
				"y": [
					[26.89399806],
					[117.1118103],
					[141.9085189],
					[156.6810261],
					[166.7052275],
					[169.8707648],
					[174.0914811],
					[178.839787],
					[179.8949661]
				]
			},
			{
				"name": "Del",
				"labelposition": [444.9941917,24.78363988,25.85188771,14.77250726],
				"symbolposition": [476.1219748,26.89399806,51.17618587,12.66214908],
				"x": [
					[109.9748306],
					[153.7647628],
					[196.499516],
					[239.7618587],
					[280.9138432],
					[326.8141336],
					[370.0764763],
					[455.018393],
					[498.2807357]
				],
				"y": [
					[96.53581801],
					[163.5396902],
					[180.4225557],
					[189.3915779],
					[194.6674734],
					[198.8881897],
					[200.4709584],
					[202.5813166],
					[204.1640852]
				]
			},
			{
				"name": "Copy + Del",
				"labelposition": [390.124879,38.50096805,81.24878993,18.99322362],
				"symbolposition": [476.1219748,41.13891578,49.06582769,12.66214908],
				"x": [
					[108.392062],
					[150.5992256],
					[195.9719264],
					[239.7618587],
					[283.5517909],
					[324.1761859],
					[410.7008712],
					[496.6979671]
				],
				"y": [
					[107.6151985],
					[175.1466602],
					[194.6674734],
					[204.6916747],
					[211.5503388],
					[215.2434656],
					[219.464182],
					[223.1573088]
				]
			},
			{
				"name": "Morph + Copy + Del",
				"labelposition": [325.7589545,54.85624395,149.3078412,18.46563408],
				"symbolposition": [475.0667957,56.96660213,52.23136496,12.66214908],
				"x": [
					[111.0300097],
					[152.7095837],
					[194.9167473],
					[237.1239109],
					[284.0793804],
					[323.6485963],
					[368.4937076],
					[411.2284608],
					[455.5459826],
					[499.3359148]
				],
				"y": [
					[135.0498548],
					[200.9985479],
					[217.8814134],
					[230.5435624],
					[234.2366893],
					[240.0401742],
					[243.7333011],
					[244.7884802],
					[248.481607],
					[247.9540174]
				]
			}
		],
		"plotpos": [66.7124879,5.790416263,474.303001,261.1568248],
		"xax": {
			"titlepos": [193.3339787,295.4370765,219.4772507,17.93804453],
			"minpos": [103.6437561,272.750726,17.41045499,22.68635044],
			"maxpos": [487.7289448,272.750726,23.21393998,18.46563408],
			"type": 1
		},
		"yax": {
			"titlepos": [1.818973863,75.95982575,21.1035818,126.6214908],
			"minpos": [40.33301065,257.4506292,18.99322362,20.04840271],
			"maxpos": [37.16747338,15.81461762,21.1035818,20.04840271],
			"type": 1
		}
	}
}
