{
	"data": {
		"imagename": "02003-10.1.1.386.2109-Figure-2",
		"difficult": 0,
		"curves": [
			{
				"name": "First-SLS",
				"labelposition": [404.8139205,17.38139205,53.30965909,15.40056818],
				"symbolposition": [364.5355114,17.38139205,39.09375,14.80823864],
				"x": [
					[79.03267045],
					[83.17897727],
					[90.28693182],
					[95.61789773],
					[100.3565341],
					[113.3877841],
					[125.8267045],
					[143.0042614],
					[145.3735795],
					[146.5582386],
					[148.9275568],
					[153.0738636],
					[157.2201705],
					[164.9204545],
					[178.5440341],
					[211.1221591],
					[211.1221591],
					[215.8607955],
					[222.3764205],
					[230.6690341],
					[245.4772727],
					[260.8778409],
					[288.125],
					[292.8636364],
					[293.4559659],
					[296.4176136],
					[302.3409091],
					[307.0795455],
					[317.7414773],
					[346.765625],
					[357.4275568],
					[375.1974432],
					[389.4133523],
					[407.1832386],
					[417.8451705],
					[430.8764205],
					[445.0923295]
				],
				"y": [
					[16.7890625],
					[29.8203125],
					[36.3359375],
					[39.29758523],
					[47.59019886],
					[49.95951705],
					[52.92116477],
					[55.29048295],
					[60.02911932],
					[76.02201705],
					[101.4921875],
					[124.0007102],
					[139.993608],
					[151.2478693],
					[155.9865057],
					[157.7634943],
					[174.3487216],
					[192.118608],
					[202.1882102],
					[211.0731534],
					[218.7734375],
					[221.7350852],
					[221.1427557],
					[240.0973011],
					[260.2365057],
					[281.5603693],
					[293.9992898],
					[299.9225852],
					[305.8458807],
					[308.8075284],
					[324.2080966],
					[330.7237216],
					[334.2776989],
					[333.0930398],
					[342.5703125],
					[343.162642],
					[346.1242898]
				]
			},
			{
				"name": "Best-13",
				"labelposition": [401.8522727,33.37428977,50.34801136,20.73153409],
				"symbolposition": [364.5355114,40.48224432,35.53977273,10.66193182],
				"x": [
					[77.84801136],
					[92.06392045],
					[111.6107955],
					[127.6036932],
					[128.7883523],
					[132.3423295],
					[137.6732955],
					[150.7045455],
					[161.9588068],
					[186.8366477],
					[195.7215909],
					[206.3835227],
					[212.3068182],
					[234.8153409],
					[240.1463068],
					[257.3238636],
					[286.3480114],
					[300.5639205],
					[307.671875],
					[327.21875],
					[344.3963068],
					[359.2045455],
					[364.5355114],
					[375.1974432],
					[387.6363636],
					[403.6292614],
					[439.1690341]
				],
				"y": [
					[9.681107955],
					[23.3046875],
					[36.3359375],
					[35.15127841],
					[56.47514205],
					[80.76065341],
					[94.38423295],
					[101.4921875],
					[109.7848011],
					[110.3771307],
					[124.5930398],
					[132.8856534],
					[138.8089489],
					[138.2166193],
					[147.1015625],
					[157.7634943],
					[158.3558239],
					[174.3487216],
					[175.5333807],
					[183.2336648],
					[184.4183239],
					[184.4183239],
					[185.0106534],
					[186.1953125],
					[196.8572443],
					[203.3728693],
					[203.9651989]
				]
			}
		],
		"plotpos": [61.85511364,4.942471591,398.0454545,353.6207386],
		"xax": {
			"titlepos": [231.2613636,395.287642,56.86363636,21.91619318],
			"minpos": [99.171875,368.6328125,58.640625,21.32386364],
			"maxpos": [419.6221591,369.225142,48.57102273,22.50852273],
			"type": 1
		},
		"yax": {
			"titlepos": [3.214488636,20.34303977,20.13920455,325.78125],
			"minpos": [30.46164773,267.3444602,20.13920455,45.609375],
			"maxpos": [32.23863636,45.81321023,17.17755682,47.97869318],
			"type": 1
		}
	}
}
