{
	"data": {
		"imagename": "02002-10.1.1.233.2831-Figure-5",
		"difficult": 0,
		"curves": [
			{
				"name": "ground-truth",
				"labelposition": [330.4644886,227.8259943,110.8764205,28.15909091],
				"symbolposition": [279.4261364,231.9325284,49.27840909,14.07954545],
				"x": [
					[64.12642045],
					[97.56534091],
					[108.125],
					[111.6448864],
					[118.6846591],
					[127.484375],
					[135.6974432],
					[145.0838068],
					[156.2301136],
					[169.7230114],
					[184.3892045],
					[205.5085227],
					[217.2414773],
					[514.671875]
				],
				"y": [
					[348.6754261],
					[348.6754261],
					[338.115767],
					[313.4765625],
					[266.5447443],
					[209.053267],
					[158.6015625],
					[118.1228693],
					[79.99076705],
					[54.76491477],
					[36.57883523],
					[24.84588068],
					[20.15269886],
					[21.32599432]
				]
			},
			{
				"name": "matching crf output",
				"labelposition": [330.4644886,259.5049716,164.2613636,21.70596591],
				"symbolposition": [278.2528409,260.678267,50.45170455,16.42613636],
				"x": [
					[64.12642045],
					[101.0852273],
					[111.6448864],
					[118.6846591],
					[129.2443182],
					[150.3636364],
					[166.7897727],
					[186.1491477],
					[209.0284091],
					[234.2542614],
					[269.453125],
					[305.8252841],
					[353.34375],
					[515.8451705]
				],
				"y": [
					[349.8487216],
					[348.6754261],
					[334.5958807],
					[307.0234375],
					[266.5447443],
					[187.9339489],
					[128.0958807],
					[88.79048295],
					[62.39133523],
					[43.03196023],
					[30.71235795],
					[22.49928977],
					[20.73934659],
					[20.73934659]
				]
			},
			{
				"name": "baseline output",
				"labelposition": [329.8778409,286.490767,131.4090909,26.39914773],
				"symbolposition": [277.0795455,289.4240057,52.79829545,18.77272727],
				"x": [
					[61.77982955],
					[109.8849432],
					[120.4446023],
					[132.7642045],
					[146.2571023],
					[164.4431818],
					[182.0426136],
					[196.1221591],
					[211.375],
					[232.4943182],
					[258.8934659],
					[287.6392045],
					[324.5980114],
					[353.34375],
					[517.0184659]
				],
				"y": [
					[349.8487216],
					[349.8487216],
					[336.9424716],
					[313.4765625],
					[278.8643466],
					[223.1328125],
					[167.4012784],
					[129.8558239],
					[99.93678977],
					[74.12428977],
					[53.59161932],
					[38.33877841],
					[27.19247159],
					[20.73934659],
					[20.73934659]
				]
			},
			{
				"name": "unary output",
				"labelposition": [332.2244318,318.1697443,109.1164773,21.11931818],
				"symbolposition": [280.0127841,321.102983,45.171875,12.90625],
				"x": [
					[57.67329545],
					[76.44602273],
					[120.4446023],
					[194.3622159],
					[255.9602273],
					[305.2386364],
					[344.5440341],
					[380.9161932],
					[421.3948864],
					[450.140625],
					[474.1931818],
					[492.9659091],
					[517.6051136]
				],
				"y": [
					[350.4353693],
					[349.8487216],
					[311.7166193],
					[253.6384943],
					[207.2933239],
					[170.334517],
					[132.2024148],
					[97.00355114],
					[58.28480114],
					[37.16548295],
					[26.60582386],
					[19.56605114],
					[19.56605114]
				]
			}
		],
		"plotpos": [58.84659091,6.073153409,457.5852273,359.6150568],
		"xax": {
			"titlepos": [220.7613636,389.1541193,137.8622159,21.70596591],
			"minpos": [51.80681818,371.5546875,16.42613636,17.59943182],
			"maxpos": [477.7130682,371.5546875,45.75852273,19.94602273],
			"type": 1
		},
		"yax": {
			"titlepos": [4.875,111.0830966,26.39914773,151.3551136],
			"minpos": [43.00710227,342.8089489,12.90625,17.59943182],
			"maxpos": [45.35369318,14.28622159,10.55965909,17.01278409],
			"type": 1
		}
	}
}
