{
	"data": {
		"imagename": "02024-10.1.1.367.3901-Figure-6",
		"difficult": 0,
		"curves": [
			{
				"name": "Utility Difference (50 Targets)",
				"labelposition": [474.8470474,83.25798645,150.5285576,56.4482091],
				"symbolposition": [446.9264279,87.50677638,27.92061955,19.42303969],
				"x": [
					[94.88383349],
					[130.0880929],
					[164.6853824],
					[200.4966118],
					[234.4869313],
					[269.6911907],
					[305.5024201],
					[335.2439497],
					[371.0551791],
					[409.2942885]
				],
				"y": [
					[143.3480155],
					[68.08373669],
					[54.7303969],
					[35.9143272],
					[85.68586641],
					[96.00435624],
					[92.3625363],
					[112.392546],
					[152.4525653],
					[275.6674734]
				]
			},
			{
				"name": "Utility Difference (75 Targets)",
				"labelposition": [476.0609874,165.8059051,149.3146176,49.16456922],
				"symbolposition": [450.5682478,163.9849952,26.09970958,19.42303969],
				"x": [
					[94.88383349],
					[130.0880929],
					[164.6853824],
					[198.0687318],
					[232.6660213],
					[270.9051307],
					[304.8954501],
					[339.4927396],
					[411.1151985]
				],
				"y": [
					[219.8262343],
					[188.8707648],
					[171.875605],
					[145.7758955],
					[132.4225557],
					[132.4225557],
					[147.5968054],
					[200.4031946],
					[202.2241045]
				]
			}
		],
		"plotpos": [59.07260407,11.0285576,355.6844143,272.5295257],
		"xax": {
			"titlepos": [193.2129719,324.2250726,85.58276864,20.03000968],
			"minpos": [53.60987415,299.946273,12.7463698,16.99515973],
			"maxpos": [394.7270087,296.911423,23.06485963,21.85091965],
			"type": 1
		},
		"yax": {
			"titlepos": [2.017424976,136.0643756,26.70667957,66.76669894],
			"minpos": [26.90319458,277.4883833,22.45788964,18.8160697],
			"maxpos": [29.93804453,1.924007744,16.99515973,20.63697967],
			"type": 1
		}
	}
}
