{
	"data": {
		"imagename": "02030-10.1.1.218.2225-Figure-5",
		"difficult": 0,
		"curves": [
			{
				"name": "airplanes",
				"labelposition": [353.410455,14.84075508,92.74346563,23.18586641],
				"symbolposition": [447.7715392,16.45837367,71.17521781,18.33301065],
				"x": [
					[92.97386254],
					[243.4123911],
					[538.3581801]
				],
				"y": [
					[200.3276864],
					[204.6413359],
					[185.7691191]
				]
			},
			{
				"name": "faces",
				"labelposition": [390.6156825,38.56582769,50.68538238,21.56824782],
				"symbolposition": [446.1539206,38.02662149,72.2536302,21.02904163],
				"x": [
					[92.97386254],
					[243.4123911],
					[392.7725073],
					[538.3581801]
				],
				"y": [
					[162.0440465],
					[119.9859632],
					[87.09438529],
					[101.6529526]
				]
			},
			{
				"name": "motorbikes",
				"labelposition": [329.6853824,61.75169409,116.4685382,21.02904163],
				"symbolposition": [449.3891578,63.90851888,67.93998064,13.48015489],
				"x": [
					[94.59148112],
					[245.0300097],
					[392.7725073],
					[538.3581801]
				],
				"y": [
					[214.3470474],
					[208.4157793],
					[192.2395934],
					[184.1515005]
				]
			}
		],
		"plotpos": [92.97386254,6.752662149,447.0019361,235.0939013],
		"xax": {
			"titlepos": [267.1374637,289.8359148,96.517909,24.803485],
			"minpos": [83.80735721,253.1698935,26.96030978,25.34269119],
			"maxpos": [528.1132623,252.6306873,25.88189739,24.803485],
			"type": 1
		},
		"yax": {
			"titlepos": [2.92642788,80.62391094,24.2642788,96.517909],
			"minpos": [61.69990319,227.8272023,22.10745402,29.65634076],
			"maxpos": [52.53339787,6.752662149,30.73475315,26.96030978],
			"type": 1
		}
	}
}
