{
	"data": {
		"imagename": "02036-10.1.1.149.6716-Figure-1",
		"difficult": 0,
		"curves": [
			{
				"name": "Sample=0.4",
				"labelposition": [502.6690341,23.72230114,117.2173295,23.59090909],
				"symbolposition": [456.2244318,23.72230114,45.70738636,22.85369318],
				"x": [
					[70.66051136],
					[240.2201705],
					[268.9715909],
					[295.5113636],
					[324.2627841],
					[607.3536932]
				],
				"y": [
					[145.3629261],
					[143.8884943],
					[176.3259943],
					[397.490767],
					[457.2052557],
					[457.9424716]
				]
			},
			{
				"name": "K-means",
				"labelposition": [502.6690341,48.05042614,90.67755682,24.328125],
				"symbolposition": [456.2244318,48.78764205,47.91903409,22.11647727],
				"x": [
					[68.44886364],
					[98.67471591],
					[154.703125],
					[208.5198864],
					[238.0085227],
					[267.4971591],
					[299.1974432],
					[608.828125]
				],
				"y": [
					[149.7862216],
					[152.7350852],
					[146.100142],
					[150.5234375],
					[157.1583807],
					[317.8714489],
					[460.1541193],
					[460.1541193]
				]
			},
			{
				"name": "Kd-k-means",
				"labelposition": [502.6690341,73.11576705,120.9034091,21.37926136],
				"symbolposition": [456.2244318,72.37855114,46.44460227,21.37926136],
				"x": [
					[66.23721591],
					[97.20028409],
					[128.1633523],
					[154.703125],
					[181.2428977],
					[211.46875],
					[240.2201705],
					[268.9715909],
					[297.7230114],
					[325.7372159],
					[351.5397727],
					[381.0284091],
					[411.9914773],
					[438.53125],
					[465.0710227],
					[493.8224432],
					[522.5738636],
					[551.3252841],
					[580.8139205],
					[609.5653409]
				],
				"y": [
					[178.537642],
					[178.537642],
					[180.7492898],
					[200.6541193],
					[249.3103693],
					[362.1044034],
					[448.3586648],
					[459.4169034],
					[458.6796875],
					[455.7308239],
					[448.3586648],
					[435.0887784],
					[423.2933239],
					[417.3955966],
					[410.7606534],
					[416.6583807],
					[444.6725852],
					[452.7819602],
					[457.9424716],
					[457.9424716]
				]
			}
		],
		"plotpos": [66.23721591,14.87571023,563.9701705,443.8039773],
		"xax": {
			"titlepos": [159.1264205,488.9055398,378.1917614,28.01420455],
			"minpos": [41.171875,463.8401989,46.44460227,28.01420455],
			"maxpos": [612.5142045,462.365767,33.91193182,28.75142045],
			"type": 1
		},
		"yax": {
			"titlepos": [3.573863636,70.90411932,29.48863636,340.59375],
			"minpos": [47.06960227,448.3586648,18.43039773,22.11647727],
			"maxpos": [47.80681818,3.080255682,15.48153409,22.11647727],
			"type": 1
		}
	}
}
