{
	"data": {
		"imagename": "02034-10.1.1.352.7802-Figure-6",
		"difficult": 0,
		"curves": [
			{
				"name": "1.0m",
				"labelposition": [184.928364,264.0943853,49.94191675,29.96515005],
				"symbolposition": [117.8635044,267.6616651,67.06485963,21.40367861],
				"x": [
					[146.4017425],
					[214.893514],
					[241.2913843],
					[281.9583737],
					[326.1926428],
					[680.7802517]
				],
				"y": [
					[103.5667957],
					[175.625847],
					[177.052759],
					[163.4970958],
					[177.052759],
					[178.4796709]
				]
			},
			{
				"name": "1.5m",
				"labelposition": [314.0638916,265.5212972,50.6553727,28.53823814],
				"symbolposition": [245.57212,267.6616651,67.06485963,21.40367861],
				"x": [
					[148.5421104],
					[217.0338819],
					[679.3533398],
					[677.2129719]
				],
				"y": [
					[88.58422072],
					[176.339303],
					[177.052759],
					[174.9123911]
				]
			},
			{
				"name": "2.0m",
				"labelposition": [446.053243,265.5212972,52.08228461,25.68441433],
				"symbolposition": [381.1287512,264.0943853,63.49757986,28.53823814],
				"x": [
					[148.5421104],
					[216.3204259],
					[279.8180058],
					[323.338819],
					[677.2129719]
				],
				"y": [
					[40.06921588],
					[177.7662149],
					[172.0585673],
					[175.625847],
					[177.052759]
				]
			},
			{
				"name": "2.5m",
				"labelposition": [575.1887706,265.5212972,50.6553727,27.82478219],
				"symbolposition": [513.1181026,268.375121,62.07066796,22.83059051],
				"x": [
					[212.7531462],
					[214.1800581],
					[238.4375605],
					[678.6398838]
				],
				"y": [
					[23.65972894],
					[57.19215876],
					[174.9123911],
					[177.052759]
				]
			}
		],
		"plotpos": [143.5479187,22.23281704,542.9399806,159.1006776],
		"xax": {
			"titlepos": [328.3330106,222.71394,148.3988383,32.10551791],
			"minpos": [138.553727,192.035334,22.83059051,26.39787028],
			"maxpos": [657.9496612,193.4622459,51.36882865,29.96515005],
			"type": 1
		},
		"yax": {
			"titlepos": [55.7928364,27.22700871,29.25169409,159.8141336],
			"minpos": [112.1558567,164.9240077,21.40367861,27.82478219],
			"maxpos": [90.03872217,12.95788964,43.52081317,23.54404647],
			"type": 1
		}
	}
}
