{
	"data": {
		"imagename": "02035-10.1.1.308.165-Figure-4",
		"difficult": 0,
		"curves": {
			"name": "Prop-Sub of punctuation density",
			"labelposition": [112.3977273,22.13423295,236.1519886,19.28835227],
			"symbolposition": [71.73579545,19.52769886,39.09801136,22.41619318],
			"x": [
				[99.88636364],
				[136.8991477],
				[175.4758523],
				[213.0099432],
				[248.4588068],
				[291.2059659],
				[322.484375],
				[364.1889205],
				[401.7230114],
				[439.2571023]
			],
			"y": [
				[292.6924716],
				[218.6669034],
				[252.5518466],
				[181.1328125],
				[169.1427557],
				[166.0149148],
				[158.1953125],
				[139.428267],
				[58.62571023],
				[37.7734375]
			]
		},
		"plotpos": [61.83096591,11.70809659,374.8196023,311.2201705],
		"xax": {
			"titlepos": [190.59375,346.3870739,116.2514205,19.28835227],
			"minpos": [93.63068182,328.662642,14.07528409,19.28835227],
			"maxpos": [428.8309659,328.1413352,18.76704545,17.72443182],
			"type": 1
		},
		"yax": {
			"titlepos": [2.923295455,127.959517,22.9375,89.14346591],
			"minpos": [23.25426136,314.587358,37.53409091,19.28835227],
			"maxpos": [24.81818182,4.409801136,35.97017045,19.80965909],
			"type": 1
		}
	}
}
