{
	"data": {
		"imagename": "02042-10.1.1.149.6166-Figure-2",
		"difficult": 0,
		"curves": [
			{
				"name": "P1 (DBGD)",
				"labelposition": [473.3814134,18.4090029,72.15779284,21.482091],
				"symbolposition": [423.8073572,22.26476283,49.57405615,13.21974831],
				"x": [
					[53.1035818],
					[68.52662149],
					[73.48402711],
					[80.09390126],
					[88.35624395],
					[98.27105518],
					[110.9399806],
					[126.3630203],
					[146.1926428],
					[168.7763795],
					[195.2158761],
					[227.1636012],
					[277.2884802],
					[325.2100678],
					[373.1316554],
					[413.892546],
					[455.7550823],
					[503.125847],
					[533.4211036],
					[547.1916747]
				],
				"y": [
					[14.00242014],
					[14.00242014],
					[29.42545983],
					[52.56001936],
					[77.89787028],
					[103.786544],
					[121.963698],
					[140.1408519],
					[151.7081317],
					[160.5212972],
					[169.8852856],
					[178.6984511],
					[184.7575024],
					[188.0624395],
					[192.4690223],
					[190.8165537],
					[190.8165537],
					[191.9181994],
					[194.6723136],
					[195.2231365]
				]
			},
			{
				"name": "P1 (BGD1)",
				"labelposition": [472.2797677,43.74685382,71.05614714,23.13455954],
				"symbolposition": [422.7057115,47.60261375,50.12487899,14.87221684],
				"x": [
					[67.4249758],
					[72.93320426],
					[78.44143272],
					[86.70377541],
					[92.21200387],
					[104.3301065],
					[115.8973863],
					[129.6679574],
					[154.4549855],
					[189.7076476],
					[244.7899322],
					[291.6098742],
					[341.1839303],
					[394.0629235],
					[461.8141336],
					[515.7947725],
					[547.1916747]
				],
				"y": [
					[13.45159729],
					[30.52710552],
					[55.86495644],
					[80.65198451],
					[98.82913843],
					[128.5735721],
					[149.5048403],
					[163.8262343],
					[178.1476283],
					[190.8165537],
					[200.731365],
					[207.3412391],
					[210.0953533],
					[212.2986447],
					[216.1544046],
					[215.052759],
					[215.052759]
				]
			},
			{
				"name": "P1 (BGD2)",
				"labelposition": [473.3814134,70.18635044,68.85285576,23.68538238],
				"symbolposition": [424.3581801,74.04211036,46.26911907,14.87221684],
				"x": [
					[68.52662149],
					[76.23814134],
					[82.29719264],
					[90.55953533],
					[98.82187803],
					[113.143272],
					[125.8121975],
					[146.1926428],
					[179.2420136],
					[212.8422072],
					[246.4424008],
					[277.2884802],
					[313.642788],
					[356.60697],
					[395.7153921],
					[454.1026137],
					[499.2700871],
					[545.5392062]
				],
				"y": [
					[16.20571152],
					[49.80590513],
					[82.30445305],
					[117.0062924],
					[149.5048403],
					[170.4361084],
					[191.3673766],
					[207.3412391],
					[222.7642788],
					[234.3315586],
					[242.0430784],
					[245.3480155],
					[248.6529526],
					[251.4070668],
					[253.6103582],
					[255.2628267],
					[258.0169409],
					[259.1185866]
				]
			},
			{
				"name": "P5 (DBGD)",
				"labelposition": [471.7289448,97.72749274,72.70861568,22.58373669],
				"symbolposition": [422.7057115,104.3373669,49.0232333,8.262342691],
				"x": [
					[74.03484995],
					[82.29719264],
					[88.35624395],
					[98.27105518],
					[109.8383349],
					[124.7105518],
					[148.946757],
					[183.6485963],
					[220.0029042],
					[267.3736689],
					[319.1510165],
					[362.6660213],
					[400.6727977],
					[417.7483059]
				],
				"y": [
					[14.00242014],
					[21.71393998],
					[36.03533398],
					[50.35672798],
					[61.92400774],
					[72.38964182],
					[80.65198451],
					[87.26185866],
					[92.77008712],
					[96.0750242],
					[98.82913843],
					[98.82913843],
					[100.481607],
					[100.481607]
				]
			},
			{
				"name": "P5 (BGD1)",
				"labelposition": [474.4830591,120.3112294,67.75121007,28.642788],
				"symbolposition": [422.1548887,126.9211036,51.77734753,13.77057115],
				"x": [
					[75.13649564],
					[87.25459826],
					[90.00871249],
					[104.3301065],
					[125.8121975],
					[156.107454],
					[207.8848015],
					[255.8063892],
					[329.6166505],
					[389.1055179],
					[418.8499516]
				],
				"y": [
					[14.00242014],
					[28.32381413],
					[34.38286544],
					[42.09438529],
					[54.76331075],
					[62.47483059],
					[66.33059051],
					[68.5338819],
					[70.18635044],
					[72.38964182],
					[71.83881897]
				]
			},
			{
				"name": "P5 (BGD2)",
				"labelposition": [473.3814134,150.0556631,71.05614714,22.58373669],
				"symbolposition": [423.8073572,155.0130687,47.37076476,11.56727977],
				"x": [
					[69.07744434],
					[75.13649564],
					[82.29719264],
					[92.21200387],
					[100.4743466],
					[109.8383349],
					[127.464666],
					[146.1926428],
					[174.2846079],
					[221.1045499],
					[276.1868345],
					[330.1674734],
					[381.3939981],
					[417.7483059]
				],
				"y": [
					[15.10406583],
					[25.5696999],
					[40.99273959],
					[59.72071636],
					[73.49128751],
					[85.60939013],
					[95.52420136],
					[103.786544],
					[110.947241],
					[118.6587609],
					[121.963698],
					[125.268635],
					[125.8194579],
					[126.9211036]
				]
			}
		],
		"plotpos": [51.45111326,14.00242014,496.8422072,272.106486],
		"xax": {
			"titlepos": [212.8422072,306.4893514,174.6108422,16.52468538],
			"minpos": [46.49370765,288.8630203,11.56727977,15.97386254],
			"maxpos": [532.3194579,287.7613746,34.7018393,17.07550823],
			"type": 1
		},
		"yax": {
			"titlepos": [4.631171346,95.52420136,19.82962246,111.2662149],
			"minpos": [36.02807357,277.2957406,13.21974831,14.87221684],
			"maxpos": [37.68054211,5.740077444,11.01645692,15.97386254],
			"type": 1
		}
	}
}
