{
	"data": {
		"imagename": "02058-10.1.1.50.958-Figure-2",
		"difficult": 0,
		"curves": [
			{
				"name": "Breadth First",
				"labelposition": [405.578125,32.7734375,139.453125,35.0625],
				"symbolposition": [358.5625,42.3359375,43.03125,15.140625],
				"x": [
					[92.40625],
					[97.1875],
					[104.359375],
					[113.921875],
					[113.921875],
					[125.078125],
					[128.265625],
					[135.4375],
					[142.609375],
					[154.5625],
					[157.75],
					[159.34375],
					[164.921875],
					[169.703125],
					[179.265625],
					[184.84375],
					[196],
					[200.78125],
					[207.15625],
					[216.71875],
					[230.265625],
					[240.625],
					[253.375],
					[257.359375],
					[262.9375],
					[267.71875],
					[271.703125],
					[283.65625],
					[290.03125],
					[293.21875],
					[313.140625],
					[318.71875],
					[325.09375],
					[336.25],
					[345.015625],
					[353.78125],
					[363.34375],
					[379.28125],
					[400.796875],
					[420.71875],
					[429.484375],
					[442.234375],
					[444.625],
					[454.1875],
					[470.921875],
					[482.875],
					[496.421875],
					[504.390625],
					[523.515625],
					[539.453125]
				],
				"y": [
					[367.4609375],
					[367.4609375],
					[388.1796875],
					[388.9765625],
					[294.1484375],
					[292.5546875],
					[274.2265625],
					[259.0859375],
					[165.0546875],
					[164.2578125],
					[171.4296875],
					[166.6484375],
					[113.2578125],
					[112.4609375],
					[63.8515625],
					[87.7578125],
					[96.5234375],
					[111.6640625],
					[106.8828125],
					[115.6484375],
					[136.3671875],
					[133.9765625],
					[128.3984375],
					[135.5703125],
					[131.5859375],
					[145.1328125],
					[150.7109375],
					[151.5078125],
					[152.3046875],
					[159.4765625],
					[159.4765625],
					[173.8203125],
					[173.8203125],
					[185.7734375],
					[185.7734375],
					[195.3359375],
					[210.4765625],
					[220.0390625],
					[222.4296875],
					[234.3828125],
					[234.3828125],
					[231.1953125],
					[235.9765625],
					[235.9765625],
					[231.1953125],
					[235.9765625],
					[231.9921875],
					[235.9765625],
					[238.3671875],
					[239.1640625]
				]
			},
			{
				"name": "Depth First",
				"labelposition": [407.96875,68.6328125,119.53125,41.4375],
				"symbolposition": [360.953125,81.3828125,38.25,18.328125],
				"x": [
					[113.921875],
					[118.703125],
					[130.65625],
					[137.828125],
					[150.578125],
					[152.96875],
					[168.90625],
					[178.46875],
					[198.390625],
					[203.171875],
					[219.109375],
					[219.90625],
					[232.65625],
					[249.390625],
					[253.375],
					[271.703125],
					[277.28125],
					[292.421875],
					[305.96875],
					[317.125],
					[324.296875],
					[345.8125],
					[363.34375],
					[370.515625],
					[372.90625],
					[389.640625],
					[400.796875],
					[408.765625],
					[427.890625],
					[439.84375],
					[444.625],
					[454.1875],
					[463.75],
					[478.09375],
					[485.265625],
					[492.4375],
					[498.8125],
					[509.171875],
					[515.546875],
					[527.5],
					[534.671875]
				],
				"y": [
					[386.5859375],
					[378.6171875],
					[388.1796875],
					[388.1796875],
					[396.1484375],
					[408.8984375],
					[413.6796875],
					[414.4765625],
					[432.0078125],
					[439.9765625],
					[424.8359375],
					[435.1953125],
					[428.0234375],
					[434.3984375],
					[418.4609375],
					[392.9609375],
					[408.8984375],
					[409.6953125],
					[420.0546875],
					[416.0703125],
					[419.2578125],
					[424.0390625],
					[413.6796875],
					[390.5703125],
					[390.5703125],
					[337.1796875],
					[337.9765625],
					[297.3359375],
					[320.4453125],
					[308.4921875],
					[310.8828125],
					[301.3203125],
					[300.5234375],
					[274.2265625],
					[243.1484375],
					[250.3203125],
					[250.3203125],
					[247.9296875],
					[240.7578125],
					[240.7578125],
					[239.1640625]
				]
			},
			{
				"name": "Best First",
				"labelposition": [407.96875,110.0703125,103.59375,42.234375],
				"symbolposition": [358.5625,121.2265625,43.03125,19.125],
				"x": [
					[94],
					[113.921875],
					[115.515625],
					[125.078125],
					[130.65625],
					[137.03125],
					[141.8125],
					[145.796875],
					[152.171875],
					[164.125],
					[173.6875],
					[182.453125],
					[189.625],
					[196],
					[205.5625],
					[211.9375],
					[219.90625],
					[223.890625],
					[229.46875],
					[231.859375],
					[240.625],
					[252.578125],
					[263.734375],
					[274.09375],
					[274.890625],
					[292.421875],
					[298],
					[300.390625],
					[316.328125],
					[324.296875],
					[329.078125],
					[337.046875],
					[342.625],
					[351.390625],
					[357.765625],
					[363.34375],
					[368.125],
					[376.890625],
					[393.625],
					[403.984375],
					[403.1875],
					[408.765625],
					[422.3125],
					[430.28125],
					[442.234375],
					[456.578125],
					[468.53125],
					[480.484375],
					[491.640625],
					[504.390625],
					[520.328125],
					[528.296875]
				],
				"y": [
					[366.6640625],
					[366.6640625],
					[377.0234375],
					[376.2265625],
					[388.9765625],
					[385.7890625],
					[395.3515625],
					[390.5703125],
					[404.9140625],
					[403.3203125],
					[405.7109375],
					[420.0546875],
					[407.3046875],
					[409.6953125],
					[405.7109375],
					[386.5859375],
					[381.8046875],
					[386.5859375],
					[369.0546875],
					[365.0703125],
					[378.6171875],
					[388.1796875],
					[400.1328125],
					[392.9609375],
					[409.6953125],
					[418.4609375],
					[416.0703125],
					[426.4296875],
					[408.1015625],
					[367.4609375],
					[351.5234375],
					[353.9140625],
					[357.1015625],
					[360.2890625],
					[372.2421875],
					[376.2265625],
					[359.4921875],
					[353.1171875],
					[286.1796875],
					[272.6328125],
					[248.7265625],
					[216.8515625],
					[217.6484375],
					[231.1953125],
					[235.9765625],
					[241.5546875],
					[246.3359375],
					[245.5390625],
					[238.3671875],
					[239.1640625],
					[236.7734375],
					[240.7578125]
				]
			}
		],
		"plotpos": [90.015625,21.6171875,482.90625,451.03125],
		"xax": {
			"titlepos": [509.171875,524.4453125,70.125,34.265625],
			"minpos": [73.28125,482.2109375,35.859375,35.859375],
			"maxpos": [554.59375,482.2109375,40.640625,35.0625],
			"type": 1
		},
		"yax": {
			"titlepos": [4.75,17.6328125,27.09375,139.453125],
			"minpos": [31.046875,453.5234375,53.390625,35.859375],
			"maxpos": [32.640625,4.0859375,50.203125,34.265625],
			"type": 1
		}
	}
}
