{
	"data": {
		"imagename": "02060-10.1.1.138.184-Figure-7",
		"difficult": 0,
		"curves": [
			{
				"name": "10 seconds",
				"labelposition": [322.8579545,269.772017,126.3181818,22.55681818],
				"symbolposition": [456.5071023,269.772017,74.4375,21.99289773],
				"x": [
					[115.3352273],
					[207.8181818],
					[221.3522727],
					[230.375],
					[259.1349432],
					[276.6164773],
					[351.6178977],
					[360.0767045],
					[433.9502841],
					[441.28125],
					[486.9588068],
					[493.7258523],
					[498.2372159],
					[503.8764205]
				],
				"y": [
					[48.71519886],
					[85.37002841],
					[106.7990057],
					[133.8671875],
					[130.4836648],
					[131.6115057],
					[121.4609375],
					[124.8444602],
					[118.6413352],
					[122.024858],
					[121.4609375],
					[128.227983],
					[129.9197443],
					[129.9197443]
				]
			},
			{
				"name": "15 seconds",
				"labelposition": [323.9857955,291.7649148,127.4460227,23.68465909],
				"symbolposition": [453.1235795,295.712358,79.51278409,16.91761364],
				"x": [
					[112.515625],
					[164.3963068],
					[226.9914773],
					[236.0142045],
					[243.3451705],
					[250.1122159],
					[266.4659091],
					[287.8948864],
					[373.6107955],
					[412.5213068],
					[466.09375],
					[493.7258523],
					[504.4403409],
					[507.2599432]
				],
				"y": [
					[48.15127841],
					[49.84303977],
					[64.50497159],
					[77.47514205],
					[98.34019886],
					[110.1825284],
					[115.2578125],
					[114.693892],
					[104.5433239],
					[101.7237216],
					[98.34019886],
					[97.77627841],
					[101.7237216],
					[113.0021307]
				]
			}
		],
		"plotpos": [112.515625,5.857244318,438.7301136,321.9985795],
		"xax": {
			"titlepos": [296.9176136,372.9694602,75.00142045,23.12073864],
			"minpos": [102.3650568,336.3146307,23.68465909,29.88778409],
			"maxpos": [546.1704545,338.006392,12.40625,26.50426136],
			"type": 1
		},
		"yax": {
			"titlepos": [3.115056818,111.8742898,24.24857955,118.4232955],
			"minpos": [49.92045455,312.6299716,50.75284091,27.63210227],
			"maxpos": [80.93607955,32.92542614,19.73721591,29.32386364],
			"type": 1
		}
	}
}
