{
	"data": {
		"imagename": "02066-10.1.1.408.9944-Figure-7",
		"difficult": 0,
		"curves": [
			{
				"name": "random+semcor",
				"labelposition": [355.125,329.6839489,152.2201705,19.41903409],
				"symbolposition": [511.7301136,329.6839489,65.14772727,20.04545455],
				"x": [
					[97.66619318],
					[117.0852273],
					[150.9119318],
					[184.7386364],
					[220.4446023],
					[254.2713068],
					[320.671875],
					[355.125],
					[488.5525568],
					[561.84375]
				],
				"y": [
					[140.5049716],
					[133.6143466],
					[125.4708807],
					[114.821733],
					[110.4367898],
					[103.5461648],
					[98.53480114],
					[94.14985795],
					[89.76491477],
					[87.25923295]
				]
			},
			{
				"name": "oracle+semcor",
				"labelposition": [370.1590909,351.6086648,137.1860795,16.28693182],
				"symbolposition": [511.1036932,355.3671875,61.38920455,10.64914773],
				"x": [
					[100.171875],
					[115.8323864],
					[153.4176136],
					[183.4857955],
					[219.1917614],
					[256.1505682],
					[284.9659091],
					[319.4190341],
					[353.2457386],
					[424.6576705],
					[492.3110795],
					[561.2173295]
				],
				"y": [
					[139.2521307],
					[129.8558239],
					[118.5802557],
					[110.4367898],
					[106.678267],
					[94.77627841],
					[91.01775568],
					[89.13849432],
					[89.13849432],
					[85.37997159],
					[82.24786932],
					[82.87428977]
				]
			}
		],
		"plotpos": [83.88494318,44.66264205,509.90625,330.75],
		"xax": {
			"titlepos": [241.7428977,412.3714489,192.3110795,25.05681818],
			"minpos": [76.36789773,384.8089489,17.53977273,21.92471591],
			"maxpos": [532.4019886,384.1825284,63.26846591,22.55113636],
			"type": 1
		},
		"yax": {
			"titlepos": [1.823863636,151.7805398,24.43039773,118.3934659],
			"minpos": [46.29971591,366.0163352,26.30965909,21.92471591],
			"maxpos": [45.67329545,32.76065341,29.44176136,23.17755682],
			"type": 1
		}
	}
}
