{
	"data": {
		"imagename": "02062-10.1.1.153.4833-Figure-7",
		"difficult": 0,
		"curves": [
			{
				"name": "Face vs Inanimate",
				"labelposition": [378.5511364,287.9211648,153.1022727,24.80823864],
				"symbolposition": [328.9346591,287.9211648,49.61647727,18.42897727],
				"x": [
					[125.5071023],
					[172.2883523],
					[217.6519886],
					[268.6860795],
					[314.0497159],
					[362.2485795],
					[410.4474432],
					[455.8110795],
					[552.2088068]
				],
				"y": [
					[188.6882102],
					[150.412642],
					[138.3629261],
					[129.1484375],
					[124.8955966],
					[112.1370739],
					[104.3401989],
					[105.7578125],
					[95.12571023]
				]
			},
			{
				"name": "Face vs Animal",
				"labelposition": [379.2599432,319.8174716,133.9644886,21.26420455],
				"symbolposition": [331.7698864,317.6910511,47.49005682,19.13778409],
				"x": [
					[125.5071023],
					[219.0696023],
					[267.9772727],
					[315.4673295],
					[362.2485795],
					[408.3210227],
					[498.3394886],
					[550.0823864]
				],
				"y": [
					[209.9524148],
					[158.9183239],
					[146.1598011],
					[140.4893466],
					[124.8955966],
					[131.9836648],
					[131.274858],
					[132.6924716]
				]
			},
			{
				"name": "Animal vs Inanimate",
				"labelposition": [380.6775568,349.587358,170.1136364,22.68181818],
				"symbolposition": [326.8082386,349.587358,54.578125,14.88494318],
				"x": [
					[125.5071023],
					[175.8323864],
					[220.4872159],
					[269.3948864],
					[313.3409091],
					[364.375],
					[412.5738636],
					[459.3551136],
					[504.0099432],
					[551.5]
				],
				"y": [
					[248.9367898],
					[234.0518466],
					[214.9140625],
					[200.0291193],
					[188.6882102],
					[197.193892],
					[199.3203125],
					[195.0674716],
					[197.9026989],
					[195.0674716]
				]
			},
			{
				"name": "3-class",
				"labelposition": [377.1335227,379.3572443,70.171875,21.26420455],
				"symbolposition": [323.9730114,377.9396307,52.45170455,16.30255682],
				"x": [
					[126.9247159],
					[175.1235795],
					[219.7784091],
					[267.9772727],
					[316.8849432],
					[361.5397727],
					[409.0298295],
					[457.2286932],
					[498.3394886],
					[548.6647727]
				],
				"y": [
					[306.350142],
					[274.4538352],
					[250.3544034],
					[228.381392],
					[214.9140625],
					[214.2052557],
					[207.8259943],
					[203.5731534],
					[197.193892],
					[199.3203125]
				]
			}
		],
		"plotpos": [78.01704545,44.80042614,507.5056818,394.8053977],
		"xax": {
			"titlepos": [204.8934659,470.7933239,263.6761364,27.64346591],
			"minpos": [66.67613636,445.9850852,24.80823864,26.93465909],
			"maxpos": [535.90625,447.4026989,36.14914773,24.80823864],
			"type": 1
		},
		"yax": {
			"titlepos": [4.301136364,102.2137784,29.06107955,287.7755682],
			"minpos": [43.99431818,384.318892,30.47869318,27.64346591],
			"maxpos": [32.65340909,30.62428977,43.23721591,28.35227273],
			"type": 1
		}
	}
}
