{
	"data": {
		"imagename": "02064-10.1.1.220.8705-Figure-2",
		"difficult": 0,
		"curves": [
			{
				"name": "LBFGS minibatch",
				"labelposition": [375.1164773,20.15269886,106.7698864,15.83948864],
				"symbolposition": [331.7045455,21.32599432,42.23863636,12.31960227],
				"x": [
					[52.46022727],
					[67.12642045],
					[81.20596591],
					[96.45880682],
					[111.125],
					[147.4971591],
					[183.8693182],
					[221.4147727],
					[274.2130682],
					[324.6647727],
					[362.796875],
					[415.5951705]
				],
				"y": [
					[146.2819602],
					[282.384233],
					[311.7166193],
					[325.7961648],
					[332.8359375],
					[342.8089489],
					[349.8487216],
					[353.368608],
					[358.0617898],
					[360.9950284],
					[362.1683239],
					[362.7549716]
				]
			},
			{
				"name": "CG minibatch",
				"labelposition": [375.1164773,35.40553977,86.82386364,16.42613636],
				"symbolposition": [333.4644886,37.16548295,42.23863636,14.07954545],
				"x": [
					[48.35369318],
					[51.87357955],
					[55.98011364],
					[63.01988636],
					[70.05965909],
					[84.72585227],
					[107.6051136],
					[139.2840909],
					[178.5894886],
					[236.6676136]
				],
				"y": [
					[109.9098011],
					[247.1853693],
					[285.9041193],
					[316.9964489],
					[332.2492898],
					[345.1555398],
					[355.1285511],
					[360.4083807],
					[364.5149148],
					[366.8615057]
				]
			},
			{
				"name": "SGD",
				"labelposition": [373.9431818,54.76491477,36.37215909,13.49289773],
				"symbolposition": [331.7045455,54.17826705,41.65198864,12.90625],
				"x": [
					[65.953125],
					[70.64630682],
					[79.44602273],
					[88.24573864],
					[99.97869318],
					[108.7784091],
					[116.4048295],
					[135.1775568],
					[146.3238636],
					[158.6434659],
					[166.2698864],
					[193.2556818],
					[203.8153409],
					[214.375],
					[224.9346591],
					[233.734375],
					[242.5340909],
					[250.7471591],
					[280.6661932],
					[298.265625],
					[308.2386364],
					[317.625],
					[326.4247159],
					[341.6775568],
					[359.2769886],
					[391.5426136],
					[410.9019886],
					[443.7542614],
					[455.4872159],
					[471.3267045],
					[487.7528409],
					[507.1122159]
				],
				"y": [
					[13.69957386],
					[50.65838068],
					[98.76349432],
					[138.6555398],
					[159.774858],
					[177.9609375],
					[202.0134943],
					[211.399858],
					[230.1725852],
					[233.6924716],
					[243.0788352],
					[252.4651989],
					[264.7848011],
					[263.6115057],
					[268.3046875],
					[268.8913352],
					[273.584517],
					[275.931108],
					[284.1441761],
					[287.6640625],
					[291.7705966],
					[292.943892],
					[296.4637784],
					[294.7038352],
					[299.9836648],
					[302.9169034],
					[302.3302557],
					[309.3700284],
					[309.3700284],
					[312.303267],
					[311.7166193],
					[316.4098011]
				]
			},
			{
				"name": "SGD wth inesearch",
				"labelposition": [375.703125,70.60440341,121.4360795,13.49289773],
				"symbolposition": [331.1178977,71.19105114,42.82528409,11.14630682],
				"x": [
					[51.87357955],
					[55.39346591],
					[60.67329545],
					[63.01988636],
					[65.953125],
					[76.51278409],
					[86.48579545],
					[100.5653409],
					[119.9247159],
					[149.84375],
					[179.7627841],
					[214.375],
					[254.8536932],
					[292.9857955],
					[328.1846591],
					[366.9034091]
				],
				"y": [
					[14.28622159],
					[119.2961648],
					[177.3742898],
					[206.7066761],
					[231.3458807],
					[268.3046875],
					[297.0504261],
					[313.4765625],
					[326.9694602],
					[338.115767],
					[343.3955966],
					[348.6754261],
					[353.9552557],
					[355.7151989],
					[356.8884943],
					[358.0617898]
				]
			}
		],
		"plotpos": [46.00710227,10.1796875,462.2784091,363.7215909],
		"xax": {
			"titlepos": [227.8678977,394.4339489,98.55681818,17.59943182],
			"minpos": [42.48721591,379.7677557,9.386363636,15.83948864],
			"maxpos": [486.5795455,379.181108,42.82528409,12.90625],
			"type": 1
		},
		"yax": {
			"titlepos": [4.355113636,166.8146307,17.01278409,55.73153409],
			"minpos": [33.10085227,365.6882102,11.73295455,15.83948864],
			"maxpos": [32.51420455,2.553267045,12.31960227,19.94602273],
			"type": 1
		}
	}
}
