{
	"data": {
		"imagename": "02077-10.1.1.206.937-Figure-4",
		"difficult": 0,
		"curves": [
			{
				"name": "large transition",
				"labelposition": [520.4076705,420.9879261,85.63636364,15.38778409],
				"symbolposition": [450.1590909,422.3259943,68.24147727,16.05681818],
				"x": [
					[82.19034091],
					[84.19744318],
					[88.88068182],
					[105.6065341],
					[111.6278409],
					[119.65625],
					[130.3607955],
					[135.7130682],
					[146.4176136],
					[151.7698864],
					[157.7911932],
					[166.4886364],
					[174.5170455],
					[180.5383523],
					[199.2713068],
					[204.6235795],
					[211.9829545],
					[222.0184659],
					[232.0539773],
					[235.3991477],
					[244.765625],
					[258.8153409],
					[275.5411932],
					[293.6051136],
					[308.3238636],
					[311.6690341],
					[321.7045455],
					[328.3948864],
					[339.7684659],
					[343.7826705],
					[349.1349432],
					[359.8394886],
					[365.8607955],
					[379.9105114],
					[389.2769886],
					[399.3125],
					[413.3622159],
					[420.0525568],
					[429.4190341],
					[435.4403409],
					[444.1377841],
					[451.4971591],
					[458.1875],
					[474.2443182],
					[487.625],
					[499.6676136],
					[505.6889205],
					[520.4076705],
					[546.5],
					[551.8522727],
					[565.2329545],
					[579.9517045],
					[588.6491477]
				],
				"y": [
					[7.524857955],
					[13.54616477],
					[13.54616477],
					[34.28622159],
					[50.34303977],
					[57.03338068],
					[71.75213068],
					[69.74502841],
					[83.79474432],
					[83.12571023],
					[95.16832386],
					[99.18252841],
					[97.17542614],
					[110.556108],
					[121.2606534],
					[138.6555398],
					[138.6555398],
					[150.0291193],
					[152.0362216],
					[172.1072443],
					[182.1427557],
					[186.8259943],
					[188.1640625],
					[210.2421875],
					[202.8828125],
					[204.2208807],
					[196.8615057],
					[206.227983],
					[208.2350852],
					[210.2421875],
					[206.897017],
					[208.2350852],
					[200.8757102],
					[210.2421875],
					[226.2990057],
					[214.256392],
					[202.2137784],
					[202.8828125],
					[198.868608],
					[216.2634943],
					[210.2421875],
					[198.1995739],
					[198.1995739],
					[224.2919034],
					[226.9680398],
					[228.306108],
					[228.306108],
					[236.334517],
					[229.6441761],
					[234.9964489],
					[225.6299716],
					[218.9396307],
					[224.2919034]
				]
			},
			{
				"name": "medium transition",
				"labelposition": [522.4147727,440.3899148,96.34090909,11.37357955],
				"symbolposition": [450.1590909,441.0589489,69.57954545,10.70454545],
				"x": [
					[76.16903409],
					[91.55681818],
					[96.24005682],
					[112.296875],
					[128.3536932],
					[144.4105114],
					[158.4602273],
					[168.4957386],
					[180.5383523],
					[207.2997159],
					[222.6875],
					[244.0965909],
					[276.2102273],
					[302.9715909],
					[321.0355114],
					[329.0639205],
					[355.15625],
					[373.2201705],
					[381.9176136],
					[391.953125],
					[397.9744318],
					[424.0667614],
					[437.4474432],
					[453.5042614],
					[459.5255682],
					[478.2585227],
					[499.6676136],
					[503.6818182],
					[518.4005682],
					[551.1832386],
					[563.2258523],
					[576.6065341],
					[589.3181818]
				],
				"y": [
					[174.7833807],
					[184.149858],
					[174.7833807],
					[210.2421875],
					[208.9041193],
					[216.9325284],
					[216.9325284],
					[223.6228693],
					[222.2848011],
					[226.9680398],
					[240.3487216],
					[256.4055398],
					[272.462358],
					[283.8359375],
					[281.8288352],
					[275.1384943],
					[266.4410511],
					[263.7649148],
					[266.4410511],
					[262.4268466],
					[268.4481534],
					[268.4481534],
					[270.4552557],
					[261.0887784],
					[266.4410511],
					[267.1100852],
					[276.4765625],
					[274.4694602],
					[285.8430398],
					[294.540483],
					[293.8714489],
					[297.8856534],
					[297.8856534]
				]
			},
			{
				"name": "small transition",
				"labelposition": [523.7528409,455.1086648,81.62215909,12.04261364],
				"symbolposition": [450.1590909,453.1015625,69.57954545,9.366477273],
				"x": [
					[74.16193182],
					[107.6136364],
					[119.65625],
					[140.3963068],
					[156.453125],
					[173.8480114],
					[201.2784091],
					[213.9900568],
					[229.3778409],
					[254.8011364],
					[286.9147727],
					[296.28125],
					[327.7258523],
					[373.8892045],
					[406.0028409],
					[416.0383523],
					[454.1732955],
					[476.2514205],
					[496.3224432],
					[504.3508523],
					[530.4431818],
					[549.1761364],
					[562.5568182],
					[569.9161932],
					[588.6491477]
				],
				"y": [
					[274.4694602],
					[281.1598011],
					[284.5049716],
					[283.8359375],
					[286.5120739],
					[289.1882102],
					[286.5120739],
					[288.5191761],
					[283.1669034],
					[290.5262784],
					[295.8785511],
					[297.8856534],
					[295.209517],
					[297.2166193],
					[301.899858],
					[297.8856534],
					[299.8927557],
					[293.8714489],
					[298.5546875],
					[296.5475852],
					[300.5617898],
					[303.9069602],
					[302.568892],
					[305.9140625],
					[305.9140625]
				]
			}
		],
		"plotpos": [56.09801136,7.524857955,555.2982955,379.3423295],
		"xax": {
			"titlepos": [312.3380682,424.3330966,41.48011364,24.75426136],
			"minpos": [79.51420455,395.5646307,26.09232955,24.75426136],
			"maxpos": [543.8238636,402.9240057,21.40909091,16.72585227],
			"type": 1
		},
		"yax": {
			"titlepos": [2.575284091,148.022017,20.07102273,97.67897727],
			"minpos": [27.32954545,353.415483,16.05681818,41.48011364],
			"maxpos": [27.32954545,2.841619318,19.40198864,41.48011364],
			"type": 1
		}
	}
}
