{
	"data": {
		"imagename": "02071-10.1.1.365.5478-Figure-2",
		"difficult": 0,
		"curves": [
			{
				"name": "All",
				"labelposition": [99.421875,5.631392045,27.76988636,18.71448864],
				"symbolposition": [72.25568182,6.235085227,27.76988636,18.11079545],
				"x": [
					[63.80397727],
					[308.2997159],
					[546.1548295]
				],
				"y": [
					[146.2919034],
					[99.80752841],
					[46.07883523]
				]
			},
			{
				"name": "\\Token",
				"labelposition": [181.5241477,6.235085227,65.80255682,24.75142045],
				"symbolposition": [157.9801136,6.838778409,24.14772727,16.29971591],
				"x": [
					[63.80397727],
					[308.2997159],
					[547.9659091]
				],
				"y": [
					[229.6015625],
					[204.850142],
					[204.2464489]
				]
			},
			{
				"name": "\\Context",
				"labelposition": [302.2627841,5.027698864,80.89488636,24.75142045],
				"symbolposition": [279.9261364,5.027698864,23.54403409,19.921875],
				"x": [
					[65.01136364],
					[308.2997159],
					[547.9659091]
				],
				"y": [
					[155.9509943],
					[103.4296875],
					[53.32315341]
				]
			},
			{
				"name": "\\Semantic",
				"labelposition": [435.0752841,3.8203125,92.36505682,22.94034091],
				"symbolposition": [409.7201705,6.235085227,25.95880682,19.31818182],
				"x": [
					[66.21875],
					[308.2997159],
					[548.5696023]
				],
				"y": [
					[335.2478693],
					[296.6115057],
					[248.3160511]
				]
			}
		],
		"plotpos": [65.61505682,46.68252841,482.3508523,307.8835227],
		"xax": {
			"titlepos": [159.7911932,395.6171875,295.2059659,25.95880682],
			"minpos": [25.16761364,361.8103693,87.53551136,30.18465909],
			"maxpos": [503.2926136,356.3771307,77.87642045,33.80681818],
			"type": 1
		},
		"yax": {
			"titlepos": [4.642045455,148.102983,24.14772727,101.4204545],
			"minpos": [31.20454545,342.4921875,31.39204545,19.921875],
			"maxpos": [31.20454545,34.00497159,30.78835227,22.33664773],
			"type": 1
		}
	}
}
