{
	"data": {
		"imagename": "02086-10.1.1.386.6332-Figure-6",
		"difficult": 0,
		"curves": [
			{
				"name": "SHEM",
				"labelposition": [232.1210068,4.884317522,45.71829622,18.17715392],
				"symbolposition": [181.4453049,5.985963214,49.0232333,15.42303969],
				"x": [
					[74.03484995],
					[101.5759923],
					[132.9728945],
					[157.7599226],
					[185.3010649],
					[212.8422072],
					[270.1277832],
					[298.7705712],
					[323.0067764],
					[354.9545015],
					[384.6989351],
					[409.4859632],
					[439.2303969],
					[465.1190707],
					[493.2110358],
					[521.303001],
					[549.3949661]
				],
				"y": [
					[139.8359148],
					[116.7013553],
					[118.3538238],
					[126.6161665],
					[134.8785092],
					[123.8620523],
					[128.268635],
					[118.9046467],
					[123.3112294],
					[118.3538238],
					[120.5571152],
					[131.5735721],
					[131.5735721],
					[129.9211036],
					[136.5309777],
					[136.5309777],
					[131.5735721]
				]
			},
			{
				"name": "BHEM",
				"labelposition": [336.7773475,3.78267183,47.92158761,20.93126815],
				"symbolposition": [290.5082285,7.638431752,46.26911907,17.07550823],
				"x": [
					[73.48402711],
					[104.8809293],
					[130.7696031],
					[157.7599226],
					[185.3010649],
					[213.9438529],
					[241.4849952],
					[271.7802517],
					[297.1181026],
					[325.2100678],
					[353.3020329],
					[380.8431752],
					[408.9351404],
					[437.0271055],
					[465.6698935],
					[492.660213],
					[519.0997096],
					[549.3949661]
				],
				"y": [
					[225.7642788],
					[134.8785092],
					[138.1834463],
					[100.1766699],
					[108.9898354],
					[133.7768635],
					[116.7013553],
					[91.9143272],
					[95.21926428],
					[78.6945789],
					[93.56679574],
					[96.87173282],
					[89.16021297],
					[103.481607],
					[88.60939013],
					[93.56679574],
					[100.1766699],
					[91.9143272]
				]
			}
		],
		"plotpos": [59.71345595,47.84849952,503.4520813,230.2439497],
		"xax": {
			"titlepos": [269.0261375,311.1418199,89.23330106,18.17715392],
			"minpos": [66.87415295,285.2531462,19.82962246,19.82962246],
			"maxpos": [537.8276864,285.803969,24.23620523,19.27879961],
			"type": 1
		},
		"yax": {
			"titlepos": [2.978702807,66.57647628,21.482091,198.8470474],
			"minpos": [25.5624395,264.321878,21.482091,18.72797677],
			"maxpos": [27.21490803,37.38286544,20.3804453,19.82962246],
			"type": 1
		}
	}
}
