{
	"data": {
		"imagename": "02080-10.1.1.160.3397-Figure-2",
		"difficult": 0,
		"curves": [
			{
				"name": "all 9 attributes",
				"labelposition": [292.8565341,322.5149148,179.8579545,31.82102273],
				"symbolposition": [481.015625,324.5901989,100.3053977,30.4375],
				"x": [
					[115.0738636],
					[125.4502841],
					[147.5866477],
					[164.1889205],
					[164.1889205],
					[185.6335227],
					[196.0099432],
					[244.4332386],
					[303.2329545],
					[349.5809659],
					[360.6491477],
					[412.53125],
					[420.8323864],
					[460.2627841],
					[603.4573864]
				],
				"y": [
					[402.0674716],
					[373.7052557],
					[355.0276989],
					[337.7336648],
					[335.6583807],
					[312.8302557],
					[274.7833807],
					[260.256392],
					[258.8728693],
					[221.5177557],
					[199.381392],
					[184.162642],
					[184.8544034],
					[162.0262784],
					[162.0262784]
				]
			},
			{
				"name": "best 3 attributes",
				"labelposition": [267.953125,351.568892,208.9119318,30.4375],
				"symbolposition": [478.9403409,357.102983,98.23011364,22.828125],
				"x": [
					[114.3821023],
					[123.375],
					[139.2855114],
					[145.5113636],
					[164.1889205],
					[178.7159091],
					[196.0099432],
					[227.8309659],
					[323.2940341],
					[503.84375]
				],
				"y": [
					[396.5333807],
					[374.397017],
					[281.7009943],
					[267.1740057],
					[204.915483],
					[206.990767],
					[186.2379261],
					[186.2379261],
					[171.7109375],
					[117.7535511]
				]
			}
		],
		"plotpos": [112.9985795,16.06463068,492.5340909,383.9275568],
		"xax": {
			"titlepos": [245.8167614,453.9495739,224.8224432,29.05397727],
			"minpos": [98.47159091,414.5191761,29.05397727,24.90340909],
			"maxpos": [550.8835227,413.1356534,58.79971591,29.05397727],
			"type": 1
		},
		"yax": {
			"titlepos": [4.392045455,98.38423295,34.58806818,226.8977273],
			"minpos": [79.79403409,384.7734375,22.828125,29.74573864],
			"maxpos": [55.58238636,2.921164773,47.03977273,29.05397727],
			"type": 1
		}
	}
}
