{
	"data": {
		"imagename": "02081-10.1.1.383.4716-Figure-1",
		"difficult": 0,
		"curves": [
			{
				"name": "English",
				"labelposition": [532.8778409,377.6740057,45.37926136,13.15340909],
				"symbolposition": [580.8877841,377.6740057,40.77556818,7.234375],
				"x": [
					[58.69744318],
					[88.95028409],
					[121.8338068],
					[154.7173295],
					[200.0965909],
					[247.4488636],
					[283.6207386],
					[378.3252841],
					[497.3636364],
					[580.8877841],
					[602.5909091],
					[632.1860795]
				],
				"y": [
					[421.7379261],
					[351.3671875],
					[322.4296875],
					[309.2762784],
					[307.303267],
					[304.6725852],
					[286.915483],
					[280.9964489],
					[276.3927557],
					[273.7620739],
					[273.7620739],
					[269.1583807]
				]
			},
			{
				"name": "Slovene",
				"labelposition": [524.328125,388.8544034,53.27130682,13.81107955],
				"symbolposition": [579.5724432,390.1697443,44.72159091,11.18039773],
				"x": [
					[59.35511364],
					[91.58096591],
					[153.4019886],
					[192.8622159],
					[219.1690341],
					[251.3948864],
					[288.2244318],
					[450.0113636],
					[509.2017045],
					[536.1661932],
					[632.1860795]
				],
				"y": [
					[417.134233],
					[310.5916193],
					[248.1129261],
					[227.725142],
					[209.3103693],
					[200.7606534],
					[184.9765625],
					[159.3274148],
					[149.462358],
					[143.5433239],
					[135.6512784]
				]
			},
			{
				"name": "Serbian",
				"labelposition": [526.3011364,402.0078125,50.640625,11.83806818],
				"symbolposition": [578.9147727,402.665483,43.40625,7.892045455],
				"x": [
					[60.01278409],
					[89.60795455],
					[119.8607955],
					[155.375],
					[188.9161932],
					[242.1875],
					[288.8821023],
					[336.234375],
					[386.2173295],
					[449.3536932],
					[526.9588068],
					[571.0227273],
					[634.1590909]
				],
				"y": [
					[415.818892],
					[284.2848011],
					[215.8870739],
					[173.1384943],
					[143.5433239],
					[121.1825284],
					[93.56036932],
					[77.77627841],
					[63.96519886],
					[50.15411932],
					[40.94673295],
					[34.37002841],
					[32.39701705]
				]
			}
		],
		"plotpos": [58.69744318,13.32457386,575.4616477,405.125],
		"xax": {
			"titlepos": [280.9900568,444.0987216,133.5071023,17.75710227],
			"minpos": [56.06676136,425.6839489,13.81107955,15.78409091],
			"maxpos": [617.0596591,423.053267,38.80255682,19.07244318],
			"type": 1
		},
		"yax": {
			"titlepos": [1.480113636,177.084517,14.46875,82.86647727],
			"minpos": [38.96732955,413.1882102,14.46875,14.46875],
			"maxpos": [25.81392045,2.801846591,28.9375,22.36079545],
			"type": 1
		}
	}
}
