{
	"data": {
		"imagename": "02084-10.1.1.377.6232-Figure-4",
		"difficult": 0,
		"curves": [
			{
				"name": "FVC2002 DB1A NBIS",
				"labelposition": [270.107454,43.97047435,156.1384318,17.06776379],
				"symbolposition": [252.4075508,44.60261375,17.06776379,12.642788],
				"x": [
					[74.14424008],
					[170.8615682],
					[182.2400774],
					[220.1684414],
					[239.7647628],
					[288.4394966],
					[312.4607938],
					[347.8606002],
					[428.142304],
					[456.588577],
					[517.2739593],
					[558.9951597],
					[596.9235237],
					[632.3233301],
					[638.6447241]
				],
				"y": [
					[212.7516941],
					[336.6510165],
					[275.3334947],
					[251.3121975],
					[208.9588577],
					[229.8194579],
					[221.6016457],
					[229.8194579],
					[222.8659245],
					[147.6413359],
					[150.8020329],
					[147.0091965],
					[148.9056147],
					[147.0091965],
					[151.4341723]
				]
			},
			{
				"name": "FVC2002 DB3A NBIS",
				"labelposition": [270.7395934,65.46321394,168.7812197,18.96418199],
				"symbolposition": [251.143272,67.35963214,18.33204259,10.1142304],
				"x": [
					[76.67279768],
					[118.3939981],
					[148.7366893],
					[192.3543078],
					[232.8112294],
					[288.4394966],
					[329.5285576],
					[364.928364],
					[395.9031946],
					[435.7279768],
					[469.8635044],
					[507.1597289],
					[550.7773475],
					[593.1306873],
					[626.6340755],
					[637.3804453]
				],
				"y": [
					[258.2657309],
					[260.7942885],
					[254.4728945],
					[241.8301065],
					[239.3015489],
					[224.7623427],
					[253.2086157],
					[260.1621491],
					[220.3373669],
					[205.1660213],
					[191.8910939],
					[239.3015489],
					[234.2444337],
					[247.5193611],
					[223.4980639],
					[219.0730881]
				]
			},
			{
				"name": "FVC2004 DB1A NBIS",
				"labelposition": [270.7395934,86.95595353,155.5062924,17.06776379],
				"symbolposition": [249.2468538,86.95595353,21.49273959,13.2749274],
				"x": [
					[74.77637948],
					[119.0261375],
					[161.3794773],
					[234.7076476],
					[292.8644724],
					[328.2642788],
					[368.7212004],
					[395.9031946],
					[418.660213],
					[460.3814134],
					[496.4133591],
					[535.6060019],
					[566.5808325],
					[598.1878025],
					[631.0590513]
				],
				"y": [
					[219.0730881],
					[203.2696031],
					[222.8659245],
					[222.8659245],
					[238.6694095],
					[226.0266215],
					[224.1302033],
					[231.7158761],
					[232.9801549],
					[227.2909003],
					[219.0730881],
					[212.7516941],
					[209.5909971],
					[214.6481123],
					[222.2337851]
				]
			},
			{
				"name": "FVC2002 DB2A NBIS",
				"labelposition": [465.4385286,43.33833495,152.9777348,18.33204259],
				"symbolposition": [442.6815102,45.23475315,23.38915779,12.642788],
				"x": [
					[81.72991288],
					[98.16553727],
					[210.6863504],
					[246.0861568],
					[314.357212],
					[373.1461762],
					[424.3494676],
					[475.552759],
					[515.3775411],
					[562.7879961],
					[610.1984511],
					[639.2768635]
				],
				"y": [
					[34.48838335],
					[37.64908035],
					[124.2521781],
					[113.5058083],
					[147.0091965],
					[139.4235237],
					[149.5377541],
					[158.3877057],
					[148.9056147],
					[126.1485963],
					[168.5019361],
					[141.3199419]
				]
			},
			{
				"name": "FVC2002 DB4A NBIS",
				"labelposition": [465.4385286,65.46321394,152.9777348,18.96418199],
				"symbolposition": [443.3136496,66.09535334,22.12487899,13.2749274],
				"x": [
					[74.14424008],
					[96.90125847],
					[160.1151985],
					[210.6863504],
					[257.464666],
					[290.9680542],
					[374.410455],
					[419.9244918],
					[454.6921588],
					[488.8276864],
					[521.0667957],
					[564.6844143],
					[596.9235237],
					[637.3804453]
				],
				"y": [
					[260.1621491],
					[217.8088093],
					[229.1873185],
					[193.1553727],
					[211.4874153],
					[210.8552759],
					[239.3015489],
					[243.0943853],
					[219.7052275],
					[220.3373669],
					[212.7516941],
					[212.7516941],
					[263.9549855],
					[237.4051307]
				]
			},
			{
				"name": "FVC2004 DB2A NBIS",
				"labelposition": [466.070668,88.22023233,152.3455954,17.06776379],
				"symbolposition": [444.5779284,88.85237173,19.59632139,13.2749274],
				"x": [
					[73.51210068],
					[150.0009681],
					[196.1471442],
					[247.3504356],
					[311.8286544],
					[347.8606002],
					[364.2962246],
					[416.7637948],
					[471.7599226],
					[505.8954501],
					[563.4201355],
					[605.7734753],
					[641.1732817]
				],
				"y": [
					[246.2550823],
					[262.0585673],
					[262.6907067],
					[275.3334947],
					[302.5154889],
					[279.1263311],
					[282.9191675],
					[289.2405615],
					[277.2299129],
					[277.8620523],
					[275.3334947],
					[307.5726041],
					[317.0546951]
				]
			}
		],
		"plotpos": [73.51210068,33.22410455,566.3969022,305.3233301],
		"xax": {
			"titlepos": [281.4859632,368.2579864,144.7599226,21.49273959],
			"minpos": [51.38722168,348.0295257,42.98547919,20.22846079],
			"maxpos": [625.3697967,342.9724105,27.18199419,27.18199419],
			"type": 2
		},
		"yax": {
			"titlepos": [3.344627299,45.86689255,26.54985479,269.9235237],
			"minpos": [26.10164569,329.0653437,36.03194579,19.59632139],
			"maxpos": [29.26234269,23.10987415,34.13552759,19.59632139],
			"type": 1
		}
	}
}
