{
	"data": {
		"imagename": "02101-10.1.1.324.711-Figure-4",
		"difficult": 0,
		"curves": [
			{
				"name": "D",
				"labelposition": [505.0096805,228.4980639,19.41626331,18.78993224],
				"symbolposition": [530.0629235,227.8717328,68.27008712,20.04259439],
				"x": [
					[97.89448209],
					[111.6737657],
					[149.2536302],
					[190.5914811],
					[207.5024201],
					[258.2352372],
					[313.9787028],
					[334.0212972],
					[363.4588577],
					[416.696999],
					[470.5614714],
					[521.9206196],
					[575.785092],
					[614.6176186]
				],
				"y": [
					[203.4448209],
					[127.0324298],
					[103.231849],
					[85.06824782],
					[82.56292352],
					[76.92594385],
					[71.91529526],
					[68.78363988],
					[70.03630203],
					[68.15730881],
					[66.27831559],
					[65.65198451],
					[65.02565344],
					[63.77299129]
				]
			},
			{
				"name": "D est",
				"labelposition": [476.1984511,248.5406583,47.60116167,18.78993224],
				"symbolposition": [530.0629235,247.9143272,68.27008712,19.41626331],
				"x": [
					[100.3998064],
					[111.6737657],
					[130.463698],
					[154.2642788],
					[166.1645692],
					[181.196515],
					[206.8760891],
					[233.1819942],
					[257.6089061],
					[312.0997096],
					[360.9535334],
					[417.9496612],
					[467.4298161],
					[521.2942885],
					[574.5324298],
					[613.9912875]
				],
				"y": [
					[286.1205227],
					[213.4661181],
					[191.5445305],
					[177.7652469],
					[167.1176186],
					[158.9753146],
					[153.3383349],
					[151.4593417],
					[145.8223621],
					[140.8117135],
					[134.5484027],
					[132.6694095],
					[128.911423],
					[123.2744434],
					[122.0217812],
					[119.5164569]
				]
			},
			{
				"name": "G",
				"labelposition": [501.2516941,267.3305905,23.80058083,18.78993224],
				"symbolposition": [528.1839303,267.9569216,72.02807357,18.16360116],
				"x": [
					[102.2787996],
					[111.6737657],
					[130.463698],
					[154.8906099],
					[168.0435624],
					[175.5595353],
					[205.6234269],
					[230.0503388],
					[260.1142304],
					[311.4733785],
					[365.964182],
					[411.0600194],
					[470.5614714],
					[572.0271055],
					[616.4966118]
				],
				"y": [
					[344.9956438],
					[272.9675702],
					[212.213456],
					[198.4341723],
					[192.1708616],
					[190.2918683],
					[176.5125847],
					[166.4912875],
					[166.4912875],
					[160.8543078],
					[155.2173282],
					[147.7013553],
					[147.7013553],
					[143.9433688],
					[145.8223621]
				]
			},
			{
				"name": "Monte Carlo",
				"labelposition": [418.5759923,284.2415295,108.981607,24.42691191],
				"symbolposition": [528.8102614,287.999516,79.54404647,18.78993224],
				"x": [
					[109.7947725],
					[109.7947725],
					[126.0793804],
					[153.0116167],
					[179.3175218],
					[204.9970958],
					[226.2923524],
					[256.982575],
					[275.1461762],
					[307.7153921],
					[337.1529526],
					[367.8431752],
					[412.3126815],
					[467.4298161],
					[518.1626331],
					[571.4007744],
					[614.6176186]
				],
				"y": [
					[346.874637],
					[328.7110358],
					[286.7468538],
					[271.088577],
					[257.9356244],
					[249.7933204],
					[232.2560503],
					[227.2454017],
					[221.6084221],
					[220.3557599],
					[217.2241045],
					[215.9714424],
					[212.839787],
					[210.3344627],
					[208.4554695],
					[208.4554695],
					[204.071152]
				]
			}
		],
		"plotpos": [99.14714424,13.66650532,526.7444337,333.2081317],
		"xax": {
			"titlepos": [289.5517909,376.3121975,149.0667957,20.66892546],
			"minpos": [93.51016457,351.2589545,18.78993224,20.66892546],
			"maxpos": [611.4859632,352.5116167,34.4482091,20.04259439],
			"type": 1
		},
		"yax": {
			"titlepos": [2.065827686,47.48838335,29.4375605,276.8383349],
			"minpos": [38.39303001,336.8533398,55.74346563,21.29525653],
			"maxpos": [46.53533398,4.271539206,47.60116167,16.28460794],
			"type": 1
		}
	}
}
