{
	"data": {
		"imagename": "02118-10.1.1.113.4764-Figure-2",
		"difficult": 0,
		"curves": [
			{
				"name": "toolbar3",
				"labelposition": [166.8792614,25.12428977,53.578125,14.61221591],
				"symbolposition": [80.28835227,26.20667614,76.30823864,14.61221591],
				"x": [
					[122.5014205],
					[186.9034091],
					[215.0454545],
					[240.4815341],
					[269.7059659],
					[296.2244318],
					[322.2017045],
					[353.5909091],
					[373.0738636]
				],
				"y": [
					[296.803267],
					[295.1796875],
					[292.4737216],
					[285.9794034],
					[264.3316761],
					[223.7421875],
					[227.5305398],
					[115.5035511],
					[12.67684659]
				]
			},
			{
				"name": "BB (lp_solve)",
				"labelposition": [166.3380682,40.81889205,79.55539773,16.77698864],
				"symbolposition": [83.53551136,42.44247159,74.14346591,12.44744318],
				"x": [
					[127.3721591],
					[184.1974432],
					[212.3394886],
					[242.1051136],
					[267],
					[322.7428977],
					[353.0497159],
					[381.1917614],
					[408.7926136],
					[437.4758523],
					[462.9119318],
					[493.21875]
				],
				"y": [
					[297.3444602],
					[293.0149148],
					[289.7677557],
					[283.8146307],
					[280.5674716],
					[257.2961648],
					[255.6725852],
					[191.8117898],
					[179.9055398],
					[151.2223011],
					[73.83167614],
					[51.64275568]
				]
			},
			{
				"name": "AOBB",
				"labelposition": [166.3380682,57.0546875,38.42471591,12.98863636],
				"symbolposition": [81.91193182,58.13707386,77.93181818,12.44744318],
				"x": [
					[125.7485795],
					[184.7386364],
					[218.8338068],
					[241.0227273],
					[271.3295455],
					[298.9303977],
					[323.8252841],
					[381.1917614],
					[408.7926136],
					[436.3934659],
					[462.3707386],
					[492.1363636]
				],
				"y": [
					[296.803267],
					[296.2620739],
					[294.0973011],
					[290.3089489],
					[287.0617898],
					[280.5674716],
					[283.8146307],
					[252.4254261],
					[267.037642],
					[237.272017],
					[201.0120739],
					[215.0830966]
				]
			},
			{
				"name": "AOBF",
				"labelposition": [166.8792614,73.29048295,40.58948864,11.90625],
				"symbolposition": [81.91193182,74.37286932,77.93181818,11.90625],
				"x": [
					[124.125],
					[181.4914773],
					[215.0454545],
					[244.2698864],
					[268.6235795],
					[296.765625],
					[323.8252841],
					[381.1917614],
					[407.1690341],
					[436.3934659],
					[465.6178977],
					[491.5951705]
				],
				"y": [
					[295.7208807],
					[295.1796875],
					[294.6384943],
					[291.9325284],
					[289.2265625],
					[289.2265625],
					[287.0617898],
					[265.4140625],
					[272.4495739],
					[265.9552557],
					[234.5660511],
					[242.6839489]
				]
			},
			{
				"name": "AOBB+PVO",
				"labelposition": [166.8792614,88.98508523,77.390625,13.52982955],
				"symbolposition": [80.82954545,90.60866477,78.47301136,10.82386364],
				"x": [
					[127.3721591],
					[182.0326705],
					[210.7159091],
					[239.3991477],
					[267],
					[294.6008523],
					[320.578125],
					[380.6505682],
					[405.5454545],
					[437.4758523],
					[463.9943182],
					[492.1363636]
				],
				"y": [
					[296.803267],
					[295.1796875],
					[294.0973011],
					[289.2265625],
					[288.1441761],
					[284.897017],
					[282.7322443],
					[256.2137784],
					[257.2961648],
					[220.4950284],
					[199.3884943],
					[166.9169034]
				]
			},
			{
				"name": "AOBF+PVO",
				"labelposition": [166.3380682,105.2208807,73.06107955,12.98863636],
				"symbolposition": [81.91193182,105.2208807,74.14346591,12.98863636],
				"x": [
					[125.7485795],
					[183.65625],
					[211.2571023],
					[238.3167614],
					[270.2471591],
					[298.9303977],
					[325.9900568],
					[379.5681818],
					[408.7926136],
					[435.8522727],
					[464.5355114],
					[493.21875]
				],
				"y": [
					[297.3444602],
					[295.1796875],
					[295.7208807],
					[293.556108],
					[293.0149148],
					[293.0149148],
					[291.3913352],
					[283.8146307],
					[286.5205966],
					[282.7322443],
					[268.6612216],
					[270.2848011]
				]
			}
		],
		"plotpos": [69.46448864,10.51207386,450.2727273,315.515625],
		"xax": {
			"titlepos": [277.2826705,361.7464489,35.71875,16.77698864],
			"minpos": [57.01704545,335.7691761,23.8125,17.859375],
			"maxpos": [504.0426136,336.3103693,28.68323864,16.77698864],
			"type": 1
		},
		"yax": {
			"titlepos": [1.274147727,131.1981534,21.10653409,75.76704545],
			"minpos": [48.89914773,288.6853693,12.44744318,17.859375],
			"maxpos": [28.33380682,5.100142045,35.17755682,15.69460227],
			"type": 1
		}
	}
}
