{
	"data": {
		"imagename": "02114-10.1.1.192.9439-Figure-5",
		"difficult": 0,
		"curves": [
			{
				"name": "curriculum",
				"labelposition": [346.96875,64.7890625,71.296875,17.671875],
				"symbolposition": [309.796875,66.6171875,37.171875,10.359375],
				"x": [
					[92.25],
					[95.90625],
					[98.953125],
					[105.046875],
					[110.53125],
					[120.890625],
					[130.03125],
					[139.171875],
					[157.453125],
					[157.453125],
					[159.28125],
					[161.71875],
					[172.078125],
					[186.703125],
					[201.328125],
					[220.828125],
					[236.0625],
					[248.25],
					[248.859375],
					[256.171875],
					[268.96875],
					[291.515625],
					[312.84375],
					[334.78125],
					[346.359375],
					[348.796875],
					[354.28125],
					[364.640625],
					[381.09375],
					[401.203125],
					[419.484375],
					[435.9375],
					[443.25],
					[454.828125]
				],
				"y": [
					[31.2734375],
					[40.4140625],
					[58.6953125],
					[76.9765625],
					[89.7734375],
					[99.5234375],
					[106.2265625],
					[111.7109375],
					[117.1953125],
					[136.6953125],
					[160.4609375],
					[182.3984375],
					[193.9765625],
					[203.7265625],
					[211.0390625],
					[215.3046875],
					[218.9609375],
					[218.3515625],
					[248.8203125],
					[261.6171875],
					[268.9296875],
					[278.6796875],
					[285.9921875],
					[290.2578125],
					[292.0859375],
					[310.3671875],
					[318.2890625],
					[325.6015625],
					[332.9140625],
					[339.6171875],
					[344.4921875],
					[343.8828125],
					[346.9296875],
					[348.7578125]
				]
			},
			{
				"name": "no-curriculum",
				"labelposition": [345.140625,91.6015625,98.71875,17.0625],
				"symbolposition": [311.625,92.2109375,33.515625,12.1875],
				"x": [
					[93.46875],
					[95.90625],
					[98.34375],
					[114.1875],
					[126.375],
					[137.34375],
					[150.75],
					[169.03125],
					[200.71875],
					[243.984375],
					[277.5],
					[313.453125],
					[354.28125],
					[398.15625],
					[431.0625],
					[456.65625]
				],
				"y": [
					[142.1796875],
					[167.7734375],
					[176.9140625],
					[183.0078125],
					[193.9765625],
					[216.5234375],
					[229.3203125],
					[242.7265625],
					[259.1796875],
					[277.4609375],
					[291.4765625],
					[301.2265625],
					[310.3671875],
					[317.6796875],
					[325.6015625],
					[329.8671875]
				]
			}
		],
		"plotpos": [89.203125,20.3046875,366.84375,348.5625],
		"xax": {
			"titlepos": [477.984375,370.6953125,67.03125,43.875],
			"minpos": [79.453125,384.1015625,19.5,18.890625],
			"maxpos": [434.109375,378.6171875,42.046875,28.640625],
			"type": 1
		},
		"yax": {
			"titlepos": [19.125,123.8984375,24.984375,148.6875],
			"minpos": [40.453125,359.7265625,37.171875,18.890625],
			"maxpos": [48.375,12.9921875,31.078125,18.890625],
			"type": 1
		}
	}
}
