{
	"data": {
		"imagename": "02125-10.1.1.174.8234-Figure-6",
		"difficult": 0,
		"curves": [
			{
				"name": "Full logprob",
				"labelposition": [410.8944821,229.9356244,91.00677638,21.88770571],
				"symbolposition": [370.5750242,232.2395934,39.74346563,16.12778316],
				"x": [
					[87.18683446],
					[130.3862536],
					[177.0416263],
					[266.8964182],
					[308.9438529],
					[355.5992256],
					[398.7986447],
					[443.7260407],
					[489.8054211],
					[531.2768635],
					[578.5082285]
				],
				"y": [
					[225.9036786],
					[180.4002904],
					[109.553243],
					[77.29767667],
					[65.77783156],
					[80.7536302],
					[92.27347531],
					[85.9375605],
					[96.3054211],
					[92.84946757],
					[77.87366893]
				]
			},
			{
				"name": "Lobprob per frame",
				"labelposition": [410.8944821,258.7352372,142.2700871,19.00774443],
				"symbolposition": [368.8470474,261.0392062,42.04743466,13.24782188],
				"x": [
					[87.18683446],
					[131.5382381],
					[176.4656341],
					[222.5450145],
					[266.3204259],
					[310.0958374],
					[355.5992256],
					[400.5266215],
					[443.7260407],
					[486.3494676],
					[533.0048403],
					[576.2042594]
				],
				"y": [
					[227.6316554],
					[163.1205227],
					[108.9772507],
					[121.0730881],
					[115.8891578],
					[108.9772507],
					[116.46515],
					[101.4893514],
					[100.3373669],
					[81.90561471],
					[70.96176186],
					[76.14569216]
				]
			},
			{
				"name": "Longest input first",
				"labelposition": [410.8944821,286.3828654,138.8141336,20.15972894],
				"symbolposition": [368.8470474,288.1108422,42.04743466,15.5517909],
				"x": [
					[87.76282672],
					[132.1142304],
					[220.8170378],
					[264.5924492],
					[310.0958374],
					[355.5992256],
					[398.2226525],
					[443.1500484],
					[488.6534366],
					[576.7802517]
				],
				"y": [
					[206.3199419],
					[151.0246854],
					[129.7129719],
					[109.553243],
					[115.8891578],
					[110.7052275],
					[107.8252662],
					[94.57744434],
					[110.7052275],
					[77.29767667]
				]
			}
		],
		"plotpos": [86.03484995,13.93852856,491.8973863,312.7637948],
		"xax": {
			"titlepos": [259.4085189,379.1176186,140.5421104,24.19167473],
			"minpos": [73.36302033,342.8301065,29.37560503,23.03969022],
			"maxpos": [561.2284608,342.8301065,31.67957406,21.88770571],
			"type": 1
		},
		"yax": {
			"titlepos": [3.09196515,94.00145208,20.7357212,156.0939013],
			"minpos": [32.46757018,314.606486,40.31945789,22.46369797],
			"maxpos": [35.92352372,3.570667957,39.16747338,21.31171346],
			"type": 1
		}
	}
}
