{
	"data": {
		"imagename": "02156-10.1.1.225.6901-Figure-5",
		"difficult": 0,
		"curves": [
			{
				"name": "Bilinear LSH",
				"labelposition": [192.8153409,224.693892,92.76988636,15.90340909],
				"symbolposition": [168.5184659,228.6697443,23.85511364,9.276988636],
				"x": [
					[82.375],
					[104.9048295],
					[137.5951705],
					[148.6392045],
					[166.7514205],
					[225.0639205],
					[238.7585227],
					[281.609375],
					[309.4403409],
					[334.1789773],
					[372.6122159]
				],
				"y": [
					[152.2450284],
					[142.084517],
					[130.1569602],
					[125.7393466],
					[121.7634943],
					[100.5589489],
					[100.5589489],
					[95.69957386],
					[85.98082386],
					[85.09730114],
					[82.88849432]
				]
			},
			{
				"name": "Random Hyperplane LSH",
				"labelposition": [192.8153409,243.2478693,184.65625,18.11221591],
				"symbolposition": [168.0767045,244.5731534,24.73863636,12.81107955],
				"x": [
					[91.65198864],
					[112.4147727],
					[157.4744318],
					[194.140625],
					[253.7784091],
					[316.0667614],
					[374.8210227]
				],
				"y": [
					[183.1683239],
					[181.4012784],
					[176.5419034],
					[174.774858],
					[172.5660511],
					[170.7990057],
					[169.915483]
				]
			}
		],
		"plotpos": [60.72869318,15.29900568,321.6022727,250.9204545],
		"xax": {
			"titlepos": [179.5625,284.3316761,86.14346591,22.08806818],
			"minpos": [48.359375,271.962358,24.73863636,15.01988636],
			"maxpos": [370.4034091,268.8700284,24.73863636,17.22869318],
			"type": 1
		},
		"yax": {
			"titlepos": [5.066761364,62.12571023,19.4375,164.3352273],
			"minpos": [34.22301136,258.2677557,24.296875,14.578125],
			"maxpos": [24.94602273,3.371448864,33.57386364,22.08806818],
			"type": 1
		}
	}
}
