{
	"data": {
		"imagename": "02167-10.1.1.164.4937-Figure-4",
		"difficult": 0,
		"curves": [
			{
				"name": "(e) HIER: MUC6+7 prior, tuned on MUC6",
				"labelposition": [162.6633523,80.44673295,389.8678977,27.21590909],
				"symbolposition": [131.3650568,85.88991477,19.05113636,12.24715909],
				"x": [
					[151.7769886],
					[176.9517045],
					[238.1875],
					[369.5042614],
					[617.1690341]
				],
				"y": [
					[383.2237216],
					[343.7606534],
					[268.2365057],
					[227.412642],
					[217.8870739]
				]
			},
			{
				"name": "(f) CAT: tuned on all domains",
				"labelposition": [161.9829545,109.0234375,270.1178977,27.21590909],
				"symbolposition": [130.0042614,111.7450284,22.453125,18.37073864],
				"x": [
					[142.2514205],
					[174.9105114],
					[237.5071023],
					[365.421875],
					[615.8082386]
				],
				"y": [
					[381.1825284],
					[347.8430398],
					[370.9765625],
					[364.1725852],
					[369.615767]
				]
			},
			{
				"name": "(g) HIER: all domains prior, tuned on MUC6",
				"labelposition": [162.6633523,138.2805398,406.8778409,26.53551136],
				"symbolposition": [131.3650568,142.3629261,21.09232955,18.37073864],
				"x": [
					[149.7357955],
					[174.9105114],
					[236.8267045],
					[366.1022727],
					[617.1690341]
				],
				"y": [
					[383.9041193],
					[347.8430398],
					[298.8544034],
					[239.6598011],
					[192.0319602]
				]
			},
			{
				"name": "(h) CHELBA: all domains prior, tuned on MUC6",
				"labelposition": [162.6633523,170.9396307,440.8977273,23.13352273],
				"symbolposition": [127.9630682,172.9808239,26.53551136,20.41193182],
				"x": [
					[136.1278409],
					[143.6122159],
					[176.9517045],
					[238.8678977],
					[363.3806818],
					[617.8494318]
				],
				"y": [
					[380.5021307],
					[370.9765625],
					[333.5546875],
					[272.318892],
					[225.3714489],
					[209.7223011]
				]
			}
		],
		"plotpos": [110.953125,68.87997159,508.2571023,314.34375],
		"xax": {
			"titlepos": [82.37642045,443.7791193,567.4517045,34.01988636],
			"minpos": [100.7471591,397.5120739,29.25710227,31.97869318],
			"maxpos": [598.1178977,397.5120739,53.75142045,31.29829545],
			"type": 1
		},
		"yax": {
			"titlepos": [15.69744318,205.6399148,31.97869318,47.62784091],
			"minpos": [46.99573864,367.5745739,49.66903409,29.9375],
			"maxpos": [75.57244318,49.82883523,17.69034091,31.97869318],
			"type": 1
		}
	}
}
