{
	"data": {
		"imagename": "02164-10.1.1.218.85-Figure-13",
		"difficult": 0,
		"curves": [
			{
				"name": "Without merge",
				"labelposition": [176.0894886,150.6115057,124.265625,21.56676136],
				"symbolposition": [155.5497159,154.7194602,20.88210227,13.35085227],
				"x": [
					[54.22017045],
					[80.921875],
					[125.4247159],
					[171.6392045],
					[215.7997159],
					[305.8323864]
				],
				"y": [
					[160.881392],
					[105.7663352],
					[70.84872159],
					[83.51491477],
					[60.57883523],
					[60.92116477]
				]
			},
			{
				"name": "With merge",
				"labelposition": [176.7741477,172.5205966,97.90625,21.56676136],
				"symbolposition": [156.9190341,178.3401989,19.51278409,8.558238636],
				"x": [
					[54.22017045],
					[80.921875],
					[126.7940341],
					[172.3238636],
					[217.8536932],
					[306.5170455]
				],
				"y": [
					[148.899858],
					[69.82173295],
					[24.63423295],
					[21.89559659],
					[17.4453125],
					[14.02201705]
				]
			}
		],
		"plotpos": [54.22017045,6.1484375,252.296875,192.3892045],
		"xax": {
			"titlepos": [69.625,218.3927557,223.5411932,20.88210227],
			"minpos": [75.44460227,199.5646307,11.296875,18.14346591],
			"maxpos": [294.8778409,202.303267,21.90909091,19.17045455],
			"type": 1
		},
		"yax": {
			"titlepos": [3.897727273,4.779119318,22.59375,200.9474432],
			"minpos": [41.55397727,188.9524148,11.63920455,18.48579545],
			"maxpos": [38.81534091,7.860085227,14.03551136,17.45880682],
			"type": 1
		}
	}
}
