{
	"data": {
		"imagename": "02174-10.1.1.165.8596-Figure-1",
		"difficult": 0,
		"curves": [
			{
				"name": "hinge loss",
				"labelposition": [340.0440341,21.32741477,80.859375,20.58238636],
				"symbolposition": [308.6803977,26.22798295,31.36363636,9.311079545],
				"x": [
					[63.16193182],
					[243.9928977],
					[428.2542614]
				],
				"y": [
					[16.42684659],
					[301.149858],
					[302.1299716]
				]
			},
			{
				"name": "Huber loss",
				"labelposition": [341.0241477,42.39985795,81.83948864,18.13210227],
				"symbolposition": [305.7400568,46.3203125,35.77414773,9.801136364],
				"x": [
					[64.14204545],
					[182.2457386],
					[207.7286932],
					[225.8607955],
					[250.3636364],
					[272.4161932],
					[292.5085227],
					[314.5610795],
					[323.8721591],
					[427.7642045]
				],
				"y": [
					[14.95667614],
					[198.727983],
					[230.0916193],
					[249.2038352],
					[270.2762784],
					[285.4680398],
					[294.2890625],
					[300.6598011],
					[301.6399148],
					[302.1299716]
				]
			}
		],
		"plotpos": [63.16193182,13.9765625,366.0724432,287.6633523],
		"xax": {
			"titlepos": [223.4105114,323.2024148,39.69460227,19.60227273],
			"minpos": [57.77130682,308.0106534,12.74147727,19.60227273],
			"maxpos": [420.9034091,306.540483,14.21164773,22.54261364],
			"type": 1
		},
		"yax": {
			"titlepos": [3.865056818,139.431108,19.60227273,40.18465909],
			"minpos": [48.46022727,294.2890625,11.76136364,17.15198864],
			"maxpos": [46.99005682,4.665482955,12.25142045,19.60227273],
			"type": 1
		}
	}
}
