{
	"data": {
		"imagename": "02171-10.1.1.143.5515-Figure-10",
		"difficult": 0,
		"curves": [
			{
				"name": "n=0",
				"labelposition": [425.2904163,109.3770571,43.00968054,21.78412391],
				"symbolposition": [362.7308809,108.8184898,62.00096805,23.45982575],
				"x": [
					[96.29428848],
					[332.5682478],
					[566.0493708]
				],
				"y": [
					[28.94336883],
					[73.62875121],
					[79.21442401]
				]
			},
			{
				"name": "n=1",
				"labelposition": [428.6418199,139.5396902,36.30687318,22.90125847],
				"symbolposition": [363.2894482,138.9811229,65.35237173,23.45982575],
				"x": [
					[99.08712488],
					[331.4511133],
					[567.7250726]
				],
				"y": [
					[167.4680542],
					[203.7749274],
					[195.3964182]
				]
			},
			{
				"name": "n=2",
				"labelposition": [428.0832527,172.4951597,40.77541142,21.78412391],
				"symbolposition": [362.7308809,170.8194579,64.23523717,22.90125847],
				"x": [
					[98.5285576],
					[330.892546],
					[564.3736689]
				],
				"y": [
					[167.4680542],
					[210.4777348],
					[212.7120039]
				]
			}
		],
		"plotpos": [97.41142304,17.77202323,475.3407551,287.6621491],
		"xax": {
			"titlepos": [263.8644724,361.2909003,134.6147144,25.69409487],
			"minpos": [82.88867377,321.6326234,30.16263311,29.04549855],
			"maxpos": [557.6708616,325.5425944,16.19845111,25.69409487],
			"type": 1
		},
		"yax": {
			"titlepos": [3.013552759,83.12439497,27.92836399,169.804453],
			"minpos": [44.34753146,289.2357212,37.98257502,29.60406583],
			"maxpos": [32.61761859,6.042110358,51.94675702,29.04549855],
			"type": 1
		}
	}
}
