{
	"data": {
		"imagename": "02189-10.1.1.164.1174-Figure-4",
		"difficult": 0,
		"curves": [
			{
				"name": "k-best trees",
				"labelposition": [347.8309659,276.7862216,137.3139205,32.50426136],
				"symbolposition": [491.1150568,283.4197443,102.15625,19.90056818],
				"x": [
					[183.9829545],
					[221.7940341],
					[296.7528409],
					[593.2713068]
				],
				"y": [
					[327.8643466],
					[194.5305398],
					[176.6200284],
					[172.6399148]
				]
			},
			{
				"name": "forests decoding",
				"labelposition": [283.4857955,323.2208807,208.2926136,31.17755682],
				"symbolposition": [497.7485795,325.2109375,96.84943182,25.87073864],
				"x": [
					[184.6463068],
					[186.6363636],
					[197.25],
					[262.921875]
				],
				"y": [
					[327.2009943],
					[219.0745739],
					[152.7393466],
					[43.94957386]
				]
			}
		],
		"plotpos": [156.7855114,17.41548295,463.6832386,356.2201705],
		"xax": {
			"titlepos": [154.1321023,434.6640625,461.6931818,30.51420455],
			"minpos": [166.0724432,387.5660511,35.15767045,34.49431818],
			"maxpos": [566.7372159,389.556108,42.45454545,26.53409091],
			"type": 1
		},
		"yax": {
			"titlepos": [3.551136364,114.2649148,30.51420455,177.7784091],
			"minpos": [65.90625,357.0518466,80.265625,32.50426136],
			"maxpos": [65.24289773,4.1484375,75.62215909,27.86079545],
			"type": 1
		}
	}
}
