{
	"data": {
		"imagename": "02187-10.1.1.148.4312-Figure-4",
		"difficult": 0,
		"curves": [
			{
				"name": "Sotry Boundary",
				"labelposition": [379.9644886,23.03196023,108.1534091,18.02556818],
				"symbolposition": [329.4928977,21.83025568,48.66903409,18.02556818],
				"x": [
					[75.93323864],
					[107.1775568],
					[136.0184659],
					[161.8551136],
					[191.296875],
					[217.734375],
					[246.5752841],
					[273.0127841],
					[302.4545455],
					[329.4928977],
					[354.1278409],
					[383.5696023],
					[411.8096591],
					[437.6463068],
					[465.8863636],
					[494.7272727]
				],
				"y": [
					[63.88991477],
					[51.87286932],
					[155.2194602],
					[112.5589489],
					[149.2109375],
					[109.5546875],
					[142.0007102],
					[179.8544034],
					[176.850142],
					[154.618608],
					[178.6526989],
					[206.2919034],
					[170.8416193],
					[129.9836648],
					[203.8884943],
					[197.8799716]
				]
			},
			{
				"name": "Utterance Boundary",
				"labelposition": [379.9644886,44.06178977,138.1960227,17.42471591],
				"symbolposition": [329.4928977,42.86008523,48.06818182,15.62215909],
				"x": [
					[78.33664773],
					[105.375],
					[160.6534091],
					[189.4943182],
					[218.9360795],
					[246.5752841],
					[276.0170455],
					[300.6519886],
					[327.0894886],
					[356.53125],
					[383.5696023],
					[408.8053977],
					[438.8480114],
					[465.8863636],
					[494.7272727]
				],
				"y": [
					[272.9865057],
					[275.3899148],
					[271.1839489],
					[297.0205966],
					[265.7762784],
					[291.6129261],
					[275.3899148],
					[289.8103693],
					[263.9737216],
					[292.8146307],
					[292.8146307],
					[292.8146307],
					[285.6044034],
					[300.024858],
					[291.6129261]
				]
			}
		],
		"plotpos": [52.5,10.4140625,469.8664773,370.7258523],
		"xax": {
			"titlepos": [242.9701705,405.1740057,82.91761364,16.82386364],
			"minpos": [63.91619318,384.7450284,30.04261364,19.22727273],
			"maxpos": [482.109375,384.7450284,33.046875,18.62642045],
			"type": 1
		},
		"yax": {
			"titlepos": [2.028409091,9.813210227,21.02982955,81.11505682],
			"minpos": [36.87784091,373.9296875,13.21875,18.02556818],
			"maxpos": [25.46164773,3.203835227,26.4375,18.02556818],
			"type": 1
		}
	}
}
