{
	"data": {
		"imagename": "02193-10.1.1.164.1148-Figure-3",
		"difficult": 0,
		"curves": [
			{
				"name": "constraint baseline",
				"labelposition": [209.3039773,209.662642,92.16051136,13.27414773],
				"symbolposition": [186.5482955,210.0419034,23.51420455,12.89488636],
				"x": [
					[32.56818182],
					[50.77272727],
					[87.18181818],
					[158.8622159],
					[304.8778409]
				],
				"y": [
					[229.7634943],
					[171.3572443],
					[108.0205966],
					[73.88707386],
					[59.85440341]
				]
			},
			{
				"name": "GE",
				"labelposition": [208.9247159,224.0745739,18.58380682,10.99857955],
				"symbolposition": [187.3068182,224.0745739,21.99715909,9.860795455],
				"x": [
					[32.94744318],
					[49.63494318],
					[86.80255682],
					[160.3792614],
					[304.4985795]
				],
				"y": [
					[134.1896307],
					[81.8515625],
					[71.61150568],
					[53.78622159],
					[43.16690341]
				]
			}
		],
		"plotpos": [32.94744318,24.58309659,272.3096591,214.6619318],
		"xax": {
			"titlepos": [114.4886364,254.0362216,108.46875,11.37784091],
			"minpos": [38.25710227,242.2791193,26.16903409,12.89488636],
			"maxpos": [295.3963068,241.1413352,22.37642045,11.75710227],
			"type": 1
		},
		"yax": {
			"titlepos": [4.882102273,106.8828125,12.515625,50.82102273],
			"minpos": [16.25994318,233.556108,15.17045455,12.89488636],
			"maxpos": [16.25994318,18.13565341,14.41193182,13.65340909],
			"type": 1
		}
	}
}
