{
	"data": {
		"imagename": "02192-10.1.1.329.3844-Figure-3",
		"difficult": 0,
		"curves": [
			{
				"name": "100 clauses",
				"labelposition": [454.59375,30.52485795,116.0511364,22.265625],
				"symbolposition": [572.6690341,35.24786932,47.90482955,13.49431818],
				"x": [
					[121.9588068],
					[128.03125],
					[134.1036932],
					[138.8267045],
					[146.9232955],
					[159.0681818],
					[177.2855114],
					[202.9247159],
					[241.3835227],
					[298.734375],
					[370.2542614],
					[479.5582386],
					[632.71875]
				],
				"y": [
					[98.67116477],
					[167.4921875],
					[218.0958807],
					[274.0973011],
					[335.4964489],
					[376.6541193],
					[398.2450284],
					[384.0759943],
					[340.8941761],
					[249.8075284],
					[188.4083807],
					[91.92400568],
					[15.68110795]
				]
			},
			{
				"name": "150 clauses",
				"labelposition": [457.2926136,53.46519886,112.0028409,20.91619318],
				"symbolposition": [574.0184659,54.81463068,45.20596591,16.19318182],
				"x": [
					[124.6576705],
					[128.7059659],
					[136.1278409],
					[138.1519886],
					[144.8991477],
					[157.0440341],
					[179.3096591],
					[204.2741477],
					[242.7329545],
					[298.734375],
					[371.6036932],
					[477.5340909],
					[632.71875]
				],
				"y": [
					[78.4296875],
					[128.3586648],
					[176.2634943],
					[196.5049716],
					[220.1200284],
					[233.6143466],
					[227.5419034],
					[206.6257102],
					[139.1541193],
					[81.12855114],
					[35.92258523],
					[19.0546875],
					[16.35582386]
				]
			}
		],
		"plotpos": [117.9105114,16.35582386,514.8082386,406.1789773],
		"xax": {
			"titlepos": [360.8082386,452.897017,29.6875,20.24147727],
			"minpos": [108.4644886,431.306108,17.54261364,25.63920455],
			"maxpos": [624.6221591,432.6555398,16.19318182,24.28977273],
			"type": 1
		},
		"yax": {
			"titlepos": [1.859375,139.1541193,30.36221591,169.3536932],
			"minpos": [71.35511364,411.0646307,37.109375,24.96448864],
			"maxpos": [90.24715909,4.885653409,16.19318182,22.265625],
			"type": 1
		}
	}
}
