{
	"data": {
		"imagename": "02212-10.1.1.408.715-Figure-3",
		"difficult": 0,
		"curves": [
			{
				"name": "uniform sampling f=1Hz",
				"labelposition": [397.5113636,40.48224432,140.3821023,13.62357955],
				"symbolposition": [366.1178977,39.29758523,31.98579545,14.21590909],
				"x": [
					[68.76846591],
					[100.1619318],
					[130.3707386],
					[161.171875],
					[191.3806818],
					[221.5894886],
					[254.7599432],
					[280.8224432],
					[338.8707386],
					[402.8423295],
					[463.8522727],
					[520.7159091],
					[555.6633523]
				],
				"y": [
					[46.99786932],
					[74.24502841],
					[92.01491477],
					[99.71519886],
					[106.2308239],
					[108.600142],
					[112.7464489],
					[112.1541193],
					[113.931108],
					[116.8927557],
					[117.4850852],
					[118.6697443],
					[119.2620739]
				]
			},
			{
				"name": "Poisson sampling lambda=N\/5",
				"labelposition": [397.5113636,22.71235795,171.7755682,15.40056818],
				"symbolposition": [369.0795455,23.3046875,27.24715909,13.62357955],
				"x": [
					[69.36079545],
					[129.1860795],
					[191.3806818],
					[220.4048295],
					[249.4289773],
					[280.2301136],
					[310.4389205],
					[370.8565341],
					[461.4829545],
					[552.7017045]
				],
				"y": [
					[337.8316761],
					[341.3856534],
					[342.5703125],
					[344.3473011],
					[344.3473011],
					[347.9012784],
					[348.493608],
					[347.9012784],
					[349.678267],
					[349.678267]
				]
			},
			{
				"name": "Poisson sampling lambda=N\/4",
				"labelposition": [396.3267045,57.65980114,173.5525568,13.62357955],
				"symbolposition": [365.5255682,57.65980114,30.80113636,13.03125],
				"x": [
					[68.17613636],
					[98.38494318],
					[127.4090909],
					[157.6178977],
					[188.4190341],
					[250.6136364],
					[554.4786932]
				],
				"y": [
					[166.6484375],
					[182.6413352],
					[186.1953125],
					[204.5575284],
					[209.2961648],
					[209.2961648],
					[209.8884943]
				]
			}
		],
		"plotpos": [38.55965909,13.23508523,544.3508523,370.2059659],
		"xax": {
			"titlepos": [236.3977273,397.0646307,143.9360795,18.36221591],
			"minpos": [34.41335227,386.4026989,8.884943182,11.25426136],
			"maxpos": [579.3565341,386.4026989,10.66193182,9.477272727],
			"type": 1
		},
		"yax": {
			"titlepos": [5.389204545,166.6484375,15.99289773,67.52556818],
			"minpos": [26.71306818,379.2947443,9.477272727,8.884943182],
			"maxpos": [19.60511364,6.719460227,15.99289773,11.84659091],
			"type": 1
		}
	}
}
