{
	"data": {
		"imagename": "02211-10.1.1.144.7894-Figure-5",
		"difficult": 0,
		"curves": [
			{
				"name": "OntoSearch",
				"labelposition": [286.6647727,41.13423295,83.35227273,20.83806818],
				"symbolposition": [243.5994318,44.60724432,43.75994318,13.89204545],
				"x": [
					[58.83522727],
					[111.625],
					[216.5099432],
					[267.9105114],
					[317.2272727],
					[370.7116477],
					[474.2073864],
					[524.9133523],
					[577.0085227]
				],
				"y": [
					[155.743608],
					[155.743608],
					[306.4723011],
					[323.837358],
					[318.2805398],
					[319.6697443],
					[358.5674716],
					[357.8728693],
					[387.740767]
				]
			},
			{
				"name": "Keyword",
				"labelposition": [285.9701705,69.61292614,65.29261364,18.05965909],
				"symbolposition": [240.8210227,67.52911932,44.45454545,17.36505682],
				"x": [
					[60.22443182],
					[110.9303977],
					[165.109375],
					[214.4261364],
					[265.1321023],
					[318.6164773],
					[370.7116477],
					[422.8068182],
					[474.9019886],
					[528.3863636],
					[578.3977273]
				],
				"y": [
					[300.915483],
					[301.6100852],
					[336.3401989],
					[338.4240057],
					[341.2024148],
					[347.4538352],
					[345.3700284],
					[344.6754261],
					[357.8728693],
					[357.178267],
					[387.740767]
				]
			}
		],
		"plotpos": [59.52982955,12.65553977,518.8678977,432.7372159],
		"xax": {
			"titlepos": [280.4133523,464.147017,77.79545455,23.61647727],
			"minpos": [56.05681818,448.865767,9.724431818,17.36505682],
			"maxpos": [571.4517045,448.865767,12.50284091,16.67045455],
			"type": 1
		},
		"yax": {
			"titlepos": [4.65625,174.4978693,25.00568182,114.609375],
			"minpos": [44.94318182,436.3629261,13.89204545,16.67045455],
			"maxpos": [44.24857955,4.3203125,12.50284091,16.67045455],
			"type": 1
		}
	}
}
