{
	"data": {
		"imagename": "02216-10.1.1.407.9732-Figure-6",
		"difficult": 0,
		"curves": [
			{
				"name": "No. of Subdivisions: 0",
				"labelposition": [470.6690341,17.99502841,131.7272727,15.09375],
				"symbolposition": [603.7684659,21.42542614,50.08380682,10.29119318],
				"x": [
					[135.1761364],
					[286.1136364],
					[438.4232955],
					[590.046875]
				],
				"y": [
					[162.7578125],
					[225.8771307],
					[388.477983],
					[401.5134943]
				]
			},
			{
				"name": "No. of Subdivisions: 1",
				"labelposition": [469.296875,32.40269886,134.4715909,14.40767045],
				"symbolposition": [603.7684659,33.77485795,51.45596591,13.03551136],
				"x": [
					[135.1761364],
					[285.4275568],
					[438.4232955],
					[590.7329545]
				],
				"y": [
					[187.4566761],
					[239.5987216],
					[397.397017],
					[413.1768466]
				]
			},
			{
				"name": "No. of Subdivisions: 4",
				"labelposition": [469.296875,47.49644886,135.1576705,11.66335227],
				"symbolposition": [606.5127841,46.81036932,44.59517045,11.66335227],
				"x": [
					[134.4900568],
					[286.7997159],
					[438.4232955],
					[587.3025568]
				],
				"y": [
					[203.2365057],
					[253.3203125],
					[398.7691761],
					[415.2350852]
				]
			},
			{
				"name": "TPS",
				"labelposition": [572.8948864,59.15980114,33.61789773,14.40767045],
				"symbolposition": [607.1988636,61.21803977,43.22301136,13.72159091],
				"x": [
					[135.1761364],
					[286.7997159],
					[436.3650568],
					[587.9886364]
				],
				"y": [
					[56.41548295],
					[215.5859375],
					[372.0120739],
					[403.571733]
				]
			}
		],
		"plotpos": [58.33522727,13.19247159,605.8082386,423.9971591],
		"xax": {
			"titlepos": [286.7997159,463.2606534,149.5653409,17.83806818],
			"minpos": [50.10227273,445.4225852,24.69886364,17.15198864],
			"maxpos": [650.421875,444.0504261,28.81534091,17.15198864],
			"type": 1
		},
		"yax": {
			"titlepos": [4.134943182,141.4893466,17.83806818,170.8338068],
			"minpos": [39.125,431.7009943,14.40767045,13.72159091],
			"maxpos": [30.89204545,6.331676136,24.01278409,17.15198864],
			"type": 1
		}
	}
}
