{
	"data": {
		"imagename": "02222-10.1.1.159.617-Figure-1",
		"difficult": 0,
		"curves": [
			{
				"name": "Independent learners",
				"labelposition": [384.0894886,80.04900568,108.2982955,12.83948864],
				"symbolposition": [493.5042614,81.16548295,25.12073864,11.16477273],
				"x": [
					[65.33522727],
					[122.2755682],
					[153.5369318],
					[179.2159091],
					[198.7542614],
					[221.0838068],
					[244.5298295],
					[264.6264205],
					[280.8153409],
					[302.0284091],
					[318.7755682],
					[337.1974432],
					[357.2940341],
					[377.390625],
					[401.953125],
					[432.65625],
					[460.0099432],
					[535.9303977]
				],
				"y": [
					[363.0759943],
					[361.4012784],
					[359.1683239],
					[352.4694602],
					[342.4211648],
					[326.790483],
					[297.2038352],
					[263.709517],
					[221.2833807],
					[173.8330966],
					[128.615767],
					[91.21377841],
					[64.41832386],
					[44.32173295],
					[30.92400568],
					[23.10866477],
					[20.87571023],
					[19.75923295]
				]
			},
			{
				"name": "Joint action learners",
				"labelposition": [390.7883523,93.44673295,100.4829545,11.72301136],
				"symbolposition": [492.9460227,94.56321023,24.5625,10.04829545],
				"x": [
					[64.77698864],
					[115.0184659],
					[144.046875],
					[173.6335227],
					[199.3125],
					[227.2244318],
					[242.8551136],
					[264.6264205],
					[280.2571023],
					[302.0284091],
					[320.4502841],
					[338.8721591],
					[358.96875],
					[384.0894886],
					[410.3267045],
					[437.6803977],
					[535.9303977]
				],
				"y": [
					[363.0759943],
					[359.1683239],
					[355.2606534],
					[343.537642],
					[324.5575284],
					[288.272017],
					[251.9865057],
					[204.5362216],
					[158.7606534],
					[112.4268466],
					[77.81605114],
					[54.92826705],
					[40.97230114],
					[29.80752841],
					[22.55042614],
					[19.20099432],
					[18.08451705]
				]
			}
		],
		"plotpos": [66.45170455,19.20099432,468.3622159,344.9914773],
		"xax": {
			"titlepos": [242.8551136,378.1484375,117.2301136,12.83948864],
			"minpos": [60.31107955,367.5419034,8.373579545,13.95596591],
			"maxpos": [526.9985795,366.9836648,15.63068182,14.51420455],
			"type": 1
		},
		"yax": {
			"titlepos": [3.928977273,81.16548295,16.74715909,228.3196023],
			"minpos": [36.86505682,356.3771307,24.5625,13.95596591],
			"maxpos": [50.82102273,11.38565341,7.815340909,15.07244318],
			"type": 1
		}
	}
}
