{
	"data": {
		"imagename": "02220-10.1.1.217.6984-Figure-3",
		"difficult": 0,
		"curves": [
			{
				"name": "[GR 08] 250 labeled ex. with cons",
				"labelposition": [241.3039773,19.65838068,250.5326705,18.27414773],
				"symbolposition": [496.5525568,20.24786932,56.00142045,14.14772727],
				"x": [
					[80.96306818],
					[538.9957386]
				],
				"y": [
					[116.9240057],
					[116.334517]
				]
			},
			{
				"name": "[GR 08] 250 labeled ex. w\/o cons",
				"labelposition": [244.2514205,37.34303977,250.5326705,16.50568182],
				"symbolposition": [499.5,38.52201705,52.46448864,11.20028409],
				"x": [
					[80.37357955],
					[543.1221591]
				],
				"y": [
					[310.2762784],
					[308.5078125]
				]
			},
			{
				"name": "General cons + unsupervised learning",
				"labelposition": [208.2926136,52.66974432,286.4914773,18.27414773],
				"symbolposition": [497.7315341,52.66974432,50.69602273,15.91619318],
				"x": [
					[79.19460227],
					[103.953125],
					[131.0696023],
					[155.2386364],
					[176.4602273],
					[202.9872159],
					[226.5667614],
					[247.7883523],
					[276.6732955],
					[301.4318182],
					[322.6534091],
					[346.8224432],
					[375.1178977],
					[445.8565341],
					[541.9431818]
				],
				"y": [
					[297.897017],
					[241.306108],
					[204.7578125],
					[181.7677557],
					[167.6200284],
					[154.0617898],
					[152.2933239],
					[148.1669034],
					[148.756392],
					[145.2194602],
					[148.1669034],
					[146.3984375],
					[146.9879261],
					[146.9879261],
					[148.1669034]
				]
			},
			{
				"name": "All cons. + unsupervised learning",
				"labelposition": [240.7144886,70.35440341,252.890625,20.63210227],
				"symbolposition": [496.5525568,69.76491477,54.23295455,17.09517045],
				"x": [
					[80.37357955],
					[104.5426136],
					[130.4801136],
					[154.0596591],
					[205.9346591],
					[299.6633523],
					[399.8764205],
					[543.1221591]
				],
				"y": [
					[190.0205966],
					[134.6086648],
					[120.4609375],
					[116.334517],
					[114.5660511],
					[113.3870739],
					[114.5660511],
					[115.1555398]
				]
			}
		],
		"plotpos": [80.96306818,14.94247159,486.328125,349.5667614],
		"xax": {
			"titlepos": [249.5568182,398.1100852,150.9090909,16.50568182],
			"minpos": [75.65767045,371.5830966,16.50568182,20.04261364],
			"maxpos": [557.2698864,372.1725852,23.57954545,19.453125],
			"type": 1
		},
		"yax": {
			"titlepos": [0.7926136364,167.6200284,26.52698864,44.21164773],
			"minpos": [40.87784091,353.3089489,34.19034091,24.16903409],
			"maxpos": [40.87784091,5.510653409,35.36931818,18.86363636],
			"type": 1
		}
	}
}
