{
	"data": {
		"imagename": "02221-10.1.1.137.6222-Figure-4",
		"difficult": 0,
		"curves": {
			"name": "LTAG (<= 40wds)",
			"labelposition": [431.6875,32.62713068,95.49715909,13.55823864],
			"symbolposition": [531.3110795,33.21661932,41.85369318,11.78977273],
			"x": [
				[79.17329545],
				[105.7002841],
				[132.2272727],
				[158.1647727],
				[183.5127841],
				[210.6292614],
				[238.9247159],
				[293.7471591],
				[317.9161932],
				[343.2642045],
				[371.5596591],
				[396.3181818],
				[447.6036932],
				[500.6576705],
				[528.3636364],
				[554.890625],
				[580.2386364]
			],
			"y": [
				[352.1299716],
				[287.8757102],
				[254.8643466],
				[223.6214489],
				[173.5149148],
				[144.6299716],
				[116.334517],
				[98.64985795],
				[95.11292614],
				[88.0390625],
				[76.24928977],
				[72.71235795],
				[62.1015625],
				[57.97514205],
				[44.41690341],
				[52.66974432],
				[49.1328125]
			]
		},
		"plotpos": [52.64630682,28.50071023,527.5923295,348.9772727],
		"xax": {
			"titlepos": [257.1988636,401.0575284,117.8977273,12.96875],
			"minpos": [48.51988636,382.7833807,12.37926136,14.73721591],
			"maxpos": [561.375,381.6044034,39.49573864,17.68465909],
			"type": 1
		},
		"yax": {
			"titlepos": [3.71875,178.2308239,14.14772727,47.74857955],
			"minpos": [26.11931818,371.5830966,22.99005682,17.09517045],
			"maxpos": [24.35085227,17.30042614,26.52698864,18.86363636],
			"type": 1
		}
	}
}
