{
	"data": {
		"imagename": "02228-10.1.1.408.594-Figure-6",
		"difficult": 0,
		"curves": [
			{
				"name": "Precision",
				"labelposition": [138.3969022,14.23959342,69.09002904,19.25459826],
				"symbolposition": [107.8160697,14.23959342,30.58083253,15.85672798],
				"x": [
					[173.5082285],
					[252.7918683],
					[328.1113262],
					[402.2981607],
					[482.714424],
					[556.3349468]
				],
				"y": [
					[94.65585673],
					[58.41190707],
					[44.82042594],
					[41.42255566],
					[56.71297193],
					[62.37608906]
				]
			},
			{
				"name": "F1",
				"labelposition": [137.8305905,36.32575024,19.25459826,15.85672798],
				"symbolposition": [107.249758,36.32575024,30.58083253,13.59148112],
				"x": [
					[175.2071636],
					[250.5266215],
					[327.5450145],
					[403.4307841],
					[482.1481123],
					[560.2991288]
				],
				"y": [
					[143.9249758],
					[116.1757018],
					[92.39060987],
					[83.89593417],
					[81.06437561],
					[81.06437561]
				]
			},
			{
				"name": "Recall",
				"labelposition": [138.3969022,57.27928364,43.60600194,15.29041626],
				"symbolposition": [106.1171346,56.71297193,32.27976767,13.59148112],
				"x": [
					[171.8092933],
					[251.6592449],
					[329.2439497],
					[402.2981607],
					[482.1481123],
					[559.1665053]
				],
				"y": [
					[142.2260407],
					[126.9356244],
					[107.6810261],
					[102.017909],
					[95.78848015],
					[92.95692159]
				]
			}
		],
		"plotpos": [94.79090029,10.27541142,471.1713456,134.2158761],
		"xax": {
			"titlepos": [279.4085189,182.4341723,94.00774443,20.9535334],
			"minpos": [71.57212004,158.0827686,53.23330106,20.38722168],
			"maxpos": [531.4172314,156.9501452,50.96805421,21.51984511],
			"type": 1
		},
		"yax": {
			"titlepos": [1.915779284,24.99951597,44.17231365,107.0329138],
			"minpos": [47.22071636,135.4303001,35.67763795,18.12197483],
			"maxpos": [46.08809293,4.045982575,36.81026137,18.68828654],
			"type": 1
		}
	}
}
