{
	"data": {
		"imagename": "02223-10.1.1.101.7661-Figure-6",
		"difficult": 0,
		"curves": [
			{
				"name": "Four DTs: pos qns only",
				"labelposition": [468.3125,205.5830966,143.3110795,42.35795455],
				"symbolposition": [428.0724432,209.1129261,40.24005682,16.94318182],
				"x": [
					[105.4460227],
					[147.8039773],
					[191.5738636],
					[229.6960227],
					[269.2301136],
					[309.4701705],
					[349.0042614],
					[393.4801136]
				],
				"y": [
					[150.5177557],
					[188.6399148],
					[197.1115057],
					[206.9950284],
					[220.4083807],
					[228.1740057],
					[236.6455966],
					[243.7052557]
				]
			},
			{
				"name": "Four DTs: pos + 100-wd qns",
				"labelposition": [468.3125,252.1768466,129.1917614,43.76988636],
				"symbolposition": [428.0724432,256.412642,40.24005682,16.94318182],
				"x": [
					[107.5639205],
					[147.0980114],
					[190.8678977],
					[309.4701705],
					[350.4161932],
					[393.4801136]
				],
				"y": [
					[173.8146307],
					[213.3487216],
					[224.6441761],
					[261.3544034],
					[271.943892],
					[283.9453125]
				]
			}
		],
		"plotpos": [86.38494318,115.9254261,324.0383523,266.1491477],
		"xax": {
			"titlepos": [109.6818182,448.4353693,277.4446023,31.76846591],
			"minpos": [65.20596591,399.0177557,38.12215909,30.35653409],
			"maxpos": [345.4744318,399.0177557,44.47585227,45.18181818],
			"type": 1
		},
		"yax": {
			"titlepos": [17.90625,173.8146307,29.65056818,155.3125],
			"minpos": [44.73295455,372.1910511,36.71022727,19.06107955],
			"maxpos": [48.26278409,106.7478693,28.94460227,22.59090909],
			"type": 1
		}
	}
}
