{
	"data": {
		"imagename": "02239-10.1.1.4.829-Figure-2",
		"difficult": 0,
		"curves": [
			{
				"name": "Active",
				"labelposition": [483.6008523,43.86150568,47.97443182,14.14630682],
				"symbolposition": [535.8806818,44.4765625,47.97443182,11.68607955],
				"x": [
					[99.19034091],
					[106.5710227],
					[112.1065341],
					[123.7926136],
					[158.8508523],
					[204.3650568],
					[260.9502841],
					[334.1420455],
					[454.6931818]
				],
				"y": [
					[308.9509943],
					[251.1356534],
					[225.303267],
					[191.475142],
					[157.0319602],
					[127.509233],
					[110.9026989],
					[87.53053977],
					[73.38423295]
				]
			},
			{
				"name": "Carpenter",
				"labelposition": [463.9190341,57.39275568,70.73153409,17.83664773],
				"symbolposition": [536.4957386,60.46803977,48.58948864,11.68607955],
				"x": [
					[98.57528409],
					[106.5710227],
					[112.1065341],
					[123.7926136],
					[161.9261364],
					[204.9801136],
					[259.1051136],
					[333.5269886],
					[382.1164773],
					[452.8480114],
					[518.6590909]
				],
				"y": [
					[348.3146307],
					[297.8799716],
					[273.2776989],
					[245.600142],
					[212.3870739],
					[185.9396307],
					[166.2578125],
					[147.1910511],
					[140.4254261],
					[132.4296875],
					[116.4382102]
				]
			},
			{
				"name": "EFD",
				"labelposition": [498.3622159,73.99928977,31.98295455,15.99147727],
				"symbolposition": [534.6505682,75.84446023,49.81960227,11.68607955],
				"x": [
					[96.11505682],
					[105.9559659],
					[110.2613636],
					[125.0227273],
					[160.6960227],
					[201.9048295],
					[259.1051136],
					[278.7869318],
					[331.0667614],
					[355.0539773],
					[382.1164773],
					[452.8480114],
					[520.5042614]
				],
				"y": [
					[345.8544034],
					[311.4112216],
					[294.8046875],
					[265.897017],
					[230.2237216],
					[203.1612216],
					[185.9396307],
					[182.2492898],
					[161.9524148],
					[160.7223011],
					[156.4169034],
					[147.806108],
					[134.274858]
				]
			},
			{
				"name": "EFD-index",
				"labelposition": [454.6931818,88.76065341,75.65198864,17.83664773],
				"symbolposition": [534.6505682,91.22088068,49.81960227,12.91619318],
				"x": [
					[99.80539773],
					[108.4161932],
					[111.4914773],
					[125.6377841],
					[160.6960227],
					[203.75],
					[257.875],
					[279.4019886],
					[313.2301136],
					[332.296875],
					[355.0539773],
					[384.5767045],
					[451.0028409],
					[519.2741477]
				],
				"y": [
					[350.774858],
					[318.7919034],
					[300.3401989],
					[276.352983],
					[245.600142],
					[219.7677557],
					[203.7762784],
					[200.7009943],
					[182.2492898],
					[179.1740057],
					[175.4836648],
					[171.178267],
					[163.7975852],
					[152.7265625]
				]
			}
		],
		"plotpos": [96.73011364,35.86576705,502.5014205,347.5071023],
		"xax": {
			"titlepos": [290.4730114,412.8955966,113.7855114,18.45170455],
			"minpos": [86.88920455,391.368608,17.22159091,16.60653409],
			"maxpos": [576.4744318,387.0632102,45.51420455,23.37215909],
			"type": 1
		},
		"yax": {
			"titlepos": [2.626420455,156.4169034,22.14204545,111.3252841],
			"minpos": [47.52556818,374.147017,40.59375,18.45170455],
			"maxpos": [37.06960227,26.63991477,57.20028409,23.37215909],
			"type": 2
		}
	}
}
