{
	"data": {
		"imagename": "02231-10.1.1.363.3689-Figure-8",
		"difficult": 0,
		"curves": [
			{
				"name": "Single Tuned Classifier",
				"labelposition": [363.90625,281.7578125,106.375,12.71875],
				"symbolposition": [327.484375,282.3359375,36.421875,8.671875],
				"x": [
					[44.203125],
					[507.859375]
				],
				"y": [
					[166.1328125],
					[164.9765625]
				]
			},
			{
				"name": "10%",
				"labelposition": [363.328125,296.7890625,23.125,12.140625],
				"symbolposition": [327.484375,296.2109375,36.421875,13.875],
				"x": [
					[44.78125],
					[94.5],
					[146.53125],
					[198.5625],
					[250.59375],
					[303.203125],
					[355.234375],
					[406.6875],
					[458.140625],
					[509.015625]
				],
				"y": [
					[375.9921875],
					[292.7421875],
					[236.6640625],
					[235.5078125],
					[224.5234375],
					[259.2109375],
					[236.0859375],
					[235.5078125],
					[224.5234375],
					[166.7109375]
				]
			},
			{
				"name": "25%",
				"labelposition": [363.328125,312.9765625,23.125,12.140625],
				"symbolposition": [326.90625,314.1328125,34.6875,8.671875],
				"x": [
					[44.203125],
					[94.5],
					[147.6875],
					[198.5625],
					[251.171875],
					[303.203125],
					[351.765625],
					[507.859375]
				],
				"y": [
					[282.3359375],
					[270.1953125],
					[189.2578125],
					[201.9765625],
					[200.8203125],
					[153.9921875],
					[96.7578125],
					[96.1796875]
				]
			},
			{
				"name": "50%",
				"labelposition": [363.90625,328.0078125,23.703125,13.296875],
				"symbolposition": [326.90625,329.1640625,35.265625,10.984375],
				"x": [
					[44.78125],
					[96.234375],
					[146.53125],
					[201.453125],
					[250.015625],
					[304.359375],
					[353.5],
					[456.40625],
					[510.171875]
				],
				"y": [
					[176.5390625],
					[141.8515625],
					[143.5859375],
					[155.7265625],
					[177.1171875],
					[166.1328125],
					[166.1328125],
					[141.8515625],
					[141.8515625]
				]
			}
		],
		"plotpos": [44.203125,10.0390625,463.65625,367.109375],
		"xax": {
			"titlepos": [224.578125,393.3359375,105.796875,11.5625],
			"minpos": [39.578125,380.6171875,12.140625,12.71875],
			"maxpos": [499.1875,381.1953125,23.125,10.40625],
			"type": 1
		},
		"yax": {
			"titlepos": [4.890625,145.3203125,13.296875,98.28125],
			"minpos": [17.03125,371.9453125,24.28125,12.140625],
			"maxpos": [17.609375,1.9453125,24.28125,17.34375],
			"type": 1
		}
	}
}
