{
	"data": {
		"imagename": "02233-10.1.1.163.3276-Figure-11",
		"difficult": 0,
		"curves": [
			{
				"name": "AlwaysExpanding",
				"labelposition": [341.0198864,228.3231534,137.6633523,23.91335227],
				"symbolposition": [299.65625,231.5546875,42.65625,16.15767045],
				"x": [
					[76.68039773],
					[80.55823864],
					[92.19176136],
					[105.7642045],
					[128.3849432],
					[156.8224432],
					[182.6747159],
					[207.234375],
					[231.1477273],
					[258.9389205],
					[286.7301136],
					[319.0454545],
					[356.53125],
					[394.6633523],
					[430.2102273],
					[467.6960227],
					[496.1335227]
				],
				"y": [
					[387.3146307],
					[360.8160511],
					[360.8160511],
					[347.243608],
					[318.806108],
					[280.6740057],
					[236.725142],
					[201.178267],
					[168.2166193],
					[131.3771307],
					[108.1100852],
					[82.90411932],
					[64.16122159],
					[54.46661932],
					[47.35724432],
					[41.54048295],
					[40.89417614]
				]
			},
			{
				"name": "Stationary",
				"labelposition": [342.9588068,289.7223011,77.55681818,29.08380682],
				"symbolposition": [300.3025568,296.1853693,42.00994318,13.57244318],
				"x": [
					[76.68039773],
					[80.55823864],
					[91.54545455],
					[103.8252841],
					[115.4588068],
					[134.2017045],
					[156.8224432],
					[185.2599432],
					[214.9900568],
					[247.9517045],
					[282.2059659],
					[320.984375],
					[368.1647727],
					[410.1747159],
					[448.953125],
					[476.7443182],
					[496.7798295]
				],
				"y": [
					[387.3146307],
					[360.1697443],
					[357.584517],
					[345.9509943],
					[332.3785511],
					[303.9410511],
					[263.8700284],
					[210.8728693],
					[168.2166193],
					[125.5603693],
					[91.95241477],
					[71.27059659],
					[55.11292614],
					[47.35724432],
					[42.83309659],
					[41.54048295],
					[40.89417614]
				]
			}
		],
		"plotpos": [74.74147727,14.39559659,422.0383523,372.9190341],
		"xax": {
			"titlepos": [264.7556818,431.9098011,38.77840909,21.97443182],
			"minpos": [68.27840909,403.4723011,19.38920455,20.03551136],
			"maxpos": [478.0369318,400.8870739,34.90056818,22.62073864],
			"type": 1
		},
		"yax": {
			"titlepos": [3.001420455,179.850142,22.62073864,43.94886364],
			"minpos": [46.30397727,379.5589489,18.74289773,19.38920455],
			"maxpos": [31.43892045,1.469460227,34.90056818,20.03551136],
			"type": 1
		}
	}
}
