{
	"data": {
		"imagename": "02245-10.1.1.176.6840-Figure-2",
		"difficult": 0,
		"curves": [
			{
				"name": "HMWS",
				"labelposition": [423.1055179,26.25411423,93.62536302,27.11907067],
				"symbolposition": [524.4791868,34.64811229,94.91674734,16.14230397],
				"x": [
					[92.51113262],
					[199.696031],
					[311.4007744],
					[419.8770571],
					[530.2904163],
					[636.8296225]
				],
				"y": [
					[70.16118103],
					[229.6471442],
					[263.2231365],
					[273.554211],
					[281.3025169],
					[286.4680542]
				]
			},
			{
				"name": "SA",
				"labelposition": [474.1151985,52.08180058,42.61568248,34.22168441],
				"symbolposition": [526.4162633,59.18441433,85.23136496,19.37076476],
				"x": [
					[91.86544046],
					[200.3417231],
					[310.1093901],
					[419.231365],
					[528.3533398],
					[636.8296225]
				],
				"y": [
					[70.16118103],
					[123.107938],
					[219.3160697],
					[237.3954501],
					[272.9085189],
					[280.6568248]
				]
			}
		],
		"plotpos": [91.21974831,17.86011617,545.6098742,268.607938],
		"xax": {
			"titlepos": [290.0929332,345.2260407,150.446273,27.76476283],
			"minpos": [79.59728945,301.964666,25.82768635,33.57599226],
			"maxpos": [605.1907067,301.3189739,60.04937076,32.28460794],
			"type": 2
		},
		"yax": {
			"titlepos": [2.759922556,40.45934172,32.9303001,222.7637948],
			"minpos": [56.35237173,272.9085189,23.89060987,29.7018393],
			"maxpos": [42.14714424,4.300580833,40.03291384,27.76476283],
			"type": 1
		}
	}
}
