{
	"data": {
		"imagename": "02249-10.1.1.219.1846-Figure-1",
		"difficult": 0,
		"curves": [
			{
				"name": "least-confidence",
				"labelposition": [474.953125,381.225142,99.31960227,14.28125],
				"symbolposition": [576.2201705,383.1725852,38.94886364,13.63210227],
				"x": [
					[139.9928977],
					[188.6789773],
					[234.1193182],
					[280.8579545],
					[326.2982955],
					[374.3352273],
					[419.1264205],
					[467.8125],
					[510.65625],
					[559.9914773],
					[608.0284091]
				],
				"y": [
					[395.506392],
					[237.1143466],
					[173.4978693],
					[118.3203125],
					[93.65269886],
					[83.91548295],
					[65.09019886],
					[65.09019886],
					[61.84446023],
					[58.59872159],
					[59.89701705]
				]
			},
			{
				"name": "random",
				"labelposition": [526.2357955,398.102983,46.08948864,10.38636364],
				"symbolposition": [574.2727273,396.1555398,41.54545455,12.33380682],
				"x": [
					[141.2911932],
					[188.6789773],
					[233.4701705],
					[281.5071023],
					[327.5965909],
					[372.3877841],
					[419.1264205],
					[467.1633523],
					[512.6036932],
					[559.3423295],
					[605.4318182],
					[615.1690341]
				],
				"y": [
					[394.8572443],
					[279.3089489],
					[239.0617898],
					[204.0078125],
					[150.1285511],
					[130.0049716],
					[118.3203125],
					[87.81036932],
					[75.4765625],
					[67.68678977],
					[61.84446023],
					[57.30042614]
				]
			}
		],
		"plotpos": [71.83238636,12.50923295,556.3196023,401.1732955],
		"xax": {
			"titlepos": [313.3153409,437.7009943,74.65198864,17.52698864],
			"minpos": [65.99005682,415.6299716,15.57954545,22.07102273],
			"maxpos": [613.8707386,418.2265625,33.10653409,17.52698864],
			"type": 1
		},
		"yax": {
			"titlepos": [0.4261363636,204.6569602,25.31676136,20.12357955],
			"minpos": [38.72585227,405.243608,28.5625,16.22869318],
			"maxpos": [43.91903409,4.719460227,20.77272727,13.63210227],
			"type": 1
		}
	}
}
