{
	"data": {
		"imagename": "02243-10.1.1.138.5468-Figure-6",
		"difficult": 0,
		"curves": [
			{
				"name": "Laplacianfaces",
				"labelposition": [248.0951705,73.15411932,163.5710227,30.17329545],
				"symbolposition": [195.6889205,78.71235795,52.40625,20.64488636],
				"x": [
					[97.22869318],
					[132.9602273],
					[168.6917614],
					[210.7755682],
					[243.3309659],
					[279.8565341],
					[314.7940341],
					[352.1136364],
					[387.8451705],
					[424.3707386],
					[457.7201705],
					[497.421875],
					[531.5653409],
					[569.6789773],
					[604.6164773]
				],
				"y": [
					[98.56321023],
					[308.1882102],
					[309.7762784],
					[373.2990057],
					[362.9765625],
					[315.334517],
					[300.2478693],
					[323.274858],
					[256.5759943],
					[305.806108],
					[240.6953125],
					[235.1370739],
					[175.584517],
					[180.3487216],
					[100.9453125]
				]
			},
			{
				"name": "Eigenfaces",
				"labelposition": [248.0951705,112.0617898,123.0752841,30.17329545],
				"symbolposition": [193.3068182,116.8259943,53.20028409,19.05681818],
				"x": [
					[99.61079545],
					[136.9303977],
					[171.0738636],
					[206.8053977],
					[241.7428977],
					[283.0326705],
					[317.9701705],
					[353.7017045],
					[388.6392045],
					[424.3707386],
					[462.484375],
					[495.8338068],
					[531.5653409],
					[606.9985795]
				],
				"y": [
					[374.8870739],
					[408.2365057],
					[462.2308239],
					[436.821733],
					[444.7620739],
					[450.3203125],
					[443.1740057],
					[425.7052557],
					[424.1171875],
					[409.8245739],
					[422.5291193],
					[411.412642],
					[425.7052557],
					[415.3828125]
				]
			},
			{
				"name": "OPRA-faces",
				"labelposition": [248.8892045,149.381392,137.3678977,34.14346591],
				"symbolposition": [193.3068182,156.5276989,54.78835227,19.85085227],
				"x": [
					[96.43465909],
					[134.5482955],
					[170.2798295],
					[206.8053977],
					[243.3309659],
					[279.8565341],
					[352.9076705],
					[388.6392045],
					[421.9886364],
					[460.1022727],
					[495.8338068],
					[531.5653409],
					[569.6789773],
					[603.8224432]
				],
				"y": [
					[135.8828125],
					[374.8870739],
					[439.9978693],
					[466.9950284],
					[473.3473011],
					[463.818892],
					[463.818892],
					[478.1115057],
					[480.493608],
					[475.7294034],
					[463.818892],
					[468.5830966],
					[463.818892],
					[431.2634943]
				]
			},
			{
				"name": "Fisherfaces",
				"labelposition": [248.0951705,192.259233,128.6335227,28.58522727],
				"symbolposition": [193.3068182,195.4353693,53.99431818,19.05681818],
				"x": [
					[97.22869318],
					[607.7926136]
				],
				"y": [
					[377.2691761],
					[375.681108]
				]
			}
		],
		"plotpos": [61.49715909,42.98082386,542.3252841,456.5696023],
		"xax": {
			"titlepos": [180.6022727,531.3117898,308.0852273,26.203125],
			"minpos": [53.55681818,507.490767,22.23295455,26.203125],
			"maxpos": [583.9715909,505.1086648,41.28977273,27.79119318],
			"type": 1
		},
		"yax": {
			"titlepos": [1.150568182,194.6413352,28.58522727,160.3948864],
			"minpos": [39.26420455,486.0518466,19.85085227,24.61505682],
			"maxpos": [29.73579545,30.27627841,28.58522727,26.203125],
			"type": 1
		}
	}
}
