{
	"data": {
		"imagename": "02242-10.1.1.323.8190-Figure-4",
		"difficult": 0,
		"curves": [
			{
				"name": "M=300",
				"labelposition": [94.29235237,16.53484995,70.13552759,17.25556631],
				"symbolposition": [167.767667,21.54453049,61.22942885,10.57599226],
				"x": [
					[85.9428848],
					[301.9157793],
					[353.6824782],
					[405.4491772],
					[514.5488867],
					[565.7589545]
				],
				"y": [
					[264.7923524],
					[265.3489835],
					[17.09148112],
					[74.42449177],
					[96.68973863],
					[106.1524685]
				]
			},
			{
				"name": "M=100",
				"labelposition": [94.29235237,33.79041626,66.79574056,17.25556631],
				"symbolposition": [166.0977735,35.46030978,62.34269119,12.80251694],
				"x": [
					[86.49951597],
					[300.2458858],
					[353.6824782],
					[406.5624395],
					[460.5556631],
					[513.4356244],
					[567.9854792]
				],
				"y": [
					[264.2357212],
					[264.7923524],
					[18.20474347],
					[71.64133591],
					[99.47289448],
					[101.6994192],
					[151.7962246]
				]
			},
			{
				"name": "M=10",
				"labelposition": [103.7550823,50.4893514,57.33301065,17.25556631],
				"symbolposition": [167.2110358,52.71587609,60.11616651,13.91577928],
				"x": [
					[85.9428848],
					[302.4724105],
					[353.6824782],
					[405.4491772],
					[458.8857696],
					[564.089061]
				],
				"y": [
					[264.7923524],
					[263.67909],
					[48.81945789],
					[107.8223621],
					[137.8804453],
					[231.3944821]
				]
			}
		],
		"plotpos": [85.9428848,13.19506292,480.3727009,276.6456922],
		"xax": {
			"titlepos": [301.3591481,321.0121007,48.98354308,18.36882865],
			"minpos": [70.357212,296.5203291,32.84123911,20.03872217],
			"maxpos": [563.5324298,296.5203291,11.13262343,20.59535334],
			"type": 1
		},
		"yax": {
			"titlepos": [4.118102614,98.35963214,26.71829622,113.552759],
			"minpos": [47.53533398,281.4912875,28.94482091,17.25556631],
			"maxpos": [48.09196515,3.175701839,29.50145208,20.59535334],
			"type": 1
		}
	}
}
