{
	"data": {
		"imagename": "02248-10.1.1.408.115-Figure-5",
		"difficult": 0,
		"curves": [
			{
				"name": "initialization (PCA)",
				"labelposition": [338.828125,24.5234375,179.375,23.0625],
				"symbolposition": [525.890625,28.3671875,69.1875,17.9375],
				"x": [
					[152.40625],
					[191.484375],
					[272.203125],
					[356.765625],
					[437.484375],
					[523.328125],
					[606.609375]
				],
				"y": [
					[17.4765625],
					[63.6015625],
					[127.0234375],
					[153.2890625],
					[174.4296875],
					[184.6796875],
					[194.2890625]
				]
			},
			{
				"name": "LDPP",
				"labelposition": [452.859375,46.9453125,67.90625,22.421875],
				"symbolposition": [524.609375,48.8671875,69.828125,17.296875],
				"x": [
					[106.28125],
					[188.28125],
					[271.5625],
					[356.765625],
					[439.40625],
					[524.609375],
					[605.96875]
				],
				"y": [
					[137.9140625],
					[247.4609375],
					[289.1015625],
					[319.8515625],
					[322.4140625],
					[326.2578125],
					[330.1015625]
				]
			}
		],
		"plotpos": [89.625,16.8359375,523.390625,367.71875],
		"xax": {
			"titlepos": [290.78125,426.8359375,125.5625,23.0625],
			"minpos": [124.859375,394.1640625,27.546875,26.90625],
			"maxpos": [391.359375,396.0859375,48.046875,23.703125],
			"type": 2
		},
		"yax": {
			"titlepos": [3.140625,155.2109375,33.953125,94.8125],
			"minpos": [60.15625,374.3046875,20.5,25.625],
			"maxpos": [46.0625,2.7421875,35.875,25.625],
			"type": 1
		}
	}
}
