{
	"data": {
		"imagename": "02259-10.1.1.41.7264-Figure-5",
		"difficult": 0,
		"curves": {
			"name": "Wall Street Journal sentences",
			"labelposition": [379.9772727,39.18110795,160.5085227,15.90625],
			"symbolposition": [541.2088068,39.18110795,26.75142045,13.01420455],
			"x": [
				[70.52840909],
				[73.42045455],
				[79.20454545],
				[83.54261364],
				[88.60369318],
				[101.6178977],
				[118.9701705],
				[137.7684659],
				[147.1676136],
				[167.4119318],
				[174.6420455],
				[180.4261364],
				[184.7642045],
				[191.2713068],
				[199.9474432],
				[207.1775568],
				[216.5767045],
				[223.0838068],
				[238.2670455],
				[241.8821023],
				[251.28125],
				[252.0042614],
				[255.6193182],
				[262.1264205],
				[269.3565341],
				[272.9715909],
				[285.9857955],
				[292.4928977],
				[300.4460227],
				[304.7840909],
				[319.2443182],
				[323.5823864],
				[330.8125],
				[332.9815341],
				[338.765625],
				[344.5497159],
				[361.9019886],
				[362.625],
				[368.4090909],
				[374.9161932],
				[377.8082386],
				[382.1463068],
				[396.6065341],
				[421.1889205],
				[424.8039773],
				[432.0340909],
				[438.5411932],
				[442.15625],
				[451.5553977],
				[462.4005682],
				[468.1846591],
				[473.2457386],
				[477.5838068],
				[479.7528409],
				[488.4289773],
				[492.7670455],
				[497.1051136],
				[503.6122159],
				[505.78125],
				[512.2883523],
				[518.0724432],
				[522.4105114],
				[533.9786932],
				[537.59375],
				[544.1008523],
				[546.9928977],
				[554.2230114],
				[559.2840909],
				[565.0681818],
				[571.5752841],
				[573.0213068]
			],
			"y": [
				[441.8984375],
				[424.5461648],
				[323.3245739],
				[285.0049716],
				[271.2677557],
				[256.084517],
				[237.2862216],
				[222.8259943],
				[211.9808239],
				[198.9666193],
				[186.6754261],
				[190.290483],
				[188.8444602],
				[172.9382102],
				[177.2762784],
				[172.9382102],
				[157.7549716],
				[164.9850852],
				[153.4169034],
				[142.571733],
				[151.9708807],
				[146.9098011],
				[153.4169034],
				[135.3416193],
				[142.571733],
				[138.9566761],
				[143.2947443],
				[131.0035511],
				[136.0646307],
				[131.0035511],
				[128.834517],
				[133.8955966],
				[119.4353693],
				[120.1583807],
				[137.5106534],
				[120.881392],
				[112.928267],
				[126.665483],
				[114.3742898],
				[128.834517],
				[113.6512784],
				[117.9893466],
				[111.4822443],
				[112.928267],
				[91.9609375],
				[133.1725852],
				[107.8671875],
				[97.74502841],
				[115.0973011],
				[78.94673295],
				[120.1583807],
				[122.3274148],
				[93.40696023],
				[95.57599432],
				[91.23792614],
				[62.31747159],
				[104.2521307],
				[107.1441761],
				[117.2663352],
				[92.68394886],
				[90.51491477],
				[78.22372159],
				[95.57599432],
				[94.85298295],
				[74.60866477],
				[78.94673295],
				[68.82457386],
				[65.20951705],
				[108.5901989],
				[87.62286932],
				[124.4964489]
			]
		},
		"plotpos": [68.359375,26.88991477,510.4460227,443.2059659],
		"xax": {
			"titlepos": [264.2954545,493.2322443,117.8508523,15.90625],
			"minpos": [61.85227273,477.3259943,13.01420455,14.46022727],
			"maxpos": [560.0071023,478.772017,33.98153409,14.46022727],
			"type": 1
		},
		"yax": {
			"titlepos": [4.011363636,188.1214489,18.07528409,119.296875],
			"minpos": [38.71590909,462.1427557,25.30539773,18.07528409],
			"maxpos": [36.546875,16.76775568,28.19744318,18.79829545],
			"type": 1
		}
	}
}
