{
	"data": {
		"imagename": "02257-10.1.1.47.3791-Figure-7",
		"difficult": 0,
		"curves": [
			{
				"name": "wholeface",
				"labelposition": [402.6576705,270.9580966,73.48295455,21.09232955],
				"symbolposition": [374.0809659,273.6796875,12.24715909,18.37073864],
				"x": [
					[99.88068182],
					[154.9928977],
					[211.4659091],
					[265.8977273],
					[322.3707386],
					[378.1633523],
					[486.3465909],
					[540.7784091],
					[593.8494318]
				],
				"y": [
					[370.2961648],
					[209.7223011],
					[191.3515625],
					[83.84872159],
					[83.84872159],
					[72.96235795],
					[72.96235795],
					[64.1171875],
					[62.75639205]
				]
			},
			{
				"name": "features",
				"labelposition": [401.9772727,300.2151989,61.91619318,21.09232955],
				"symbolposition": [372.0397727,303.6171875,14.28835227,14.28835227],
				"x": [
					[101.921875],
					[156.3536932],
					[211.4659091],
					[268.6193182],
					[373.4005682],
					[595.890625]
				],
				"y": [
					[237.618608],
					[130.7961648],
					[83.16832386],
					[83.16832386],
					[66.15838068],
					[62.75639205]
				]
			},
			{
				"name": "combined",
				"labelposition": [402.6576705,330.1526989,75.52414773,16.32954545],
				"symbolposition": [373.4005682,330.1526989,14.96875,21.09232955],
				"x": [
					[99.88068182],
					[157.0340909],
					[210.1051136],
					[265.2173295],
					[593.8494318]
				],
				"y": [
					[158.6924716],
					[81.80752841],
					[72.28196023],
					[53.23082386],
					[53.91122159]
				]
			}
		],
		"plotpos": [44.08806818,5.602982955,550.4417614,432.7329545],
		"xax": {
			"titlepos": [255.6917614,460.7890625,125.8735795,14.96875],
			"minpos": [40.00568182,443.7791193,11.56676136,12.92755682],
			"maxpos": [584.3238636,443.7791193,21.09232955,14.96875],
			"type": 1
		},
		"yax": {
			"titlepos": [1.223011364,162.774858,20.41193182,119.75],
			"minpos": [31.84090909,430.8515625,11.56676136,16.32954545],
			"maxpos": [32.52130682,35.54048295,10.88636364,19.05113636],
			"type": 1
		}
	}
}
