{
	"data": {
		"imagename": "02250-10.1.1.397.4420-Figure-2",
		"difficult": 0,
		"curves": [
			{
				"name": "PQ (AD)",
				"labelposition": [337.3552759,181.4719264,68.34075508,18.93223621],
				"symbolposition": [310.1113262,181.0101646,27.70571152,18.93223621],
				"x": [
					[55.21878025],
					[101.3949661],
					[156.3446273],
					[208.0619555],
					[236.2294288],
					[255.6234269],
					[285.1761859],
					[310.1113262],
					[354.4404647],
					[410.3136496],
					[456.4898354]
				],
				"y": [
					[226.7245886],
					[187.9365924],
					[137.142788],
					[90.96660213],
					[69.72555663],
					[60.49031946],
					[49.86979671],
					[45.25217812],
					[42.01984511],
					[40.17279768],
					[42.01984511]
				]
			},
			{
				"name": "ok-means (AH)",
				"labelposition": [337.3552759,202.2512101,114.9787028,18.47047435],
				"symbolposition": [310.1113262,202.2512101,27.70571152,14.31461762],
				"x": [
					[56.14230397],
					[100.0096805],
					[135.1035818],
					[177.5856728],
					[209.447241],
					[232.535334],
					[255.6234269],
					[281.0203291],
					[307.3407551],
					[334.5847047],
					[357.2110358],
					[384.9167473],
					[410.3136496],
					[456.9515973]
				],
				"y": [
					[250.2744434],
					[226.2628267],
					[204.0982575],
					[174.5454985],
					[149.1485963],
					[128.8310745],
					[109.4370765],
					[93.73717328],
					[77.11374637],
					[64.64617619],
					[54.4874153],
					[48.94627299],
					[45.71393998],
					[42.48160697]
				]
			},
			{
				"name": "ITQ (AH)",
				"labelposition": [337.8170378,220.7216844,69.72604066,18.47047435],
				"symbolposition": [309.6495644,218.4128751,28.16747338,18.93223621],
				"x": [
					[55.68054211],
					[79.69215876],
					[102.7802517],
					[126.7918683],
					[156.3446273],
					[183.1268151],
					[207.6001936],
					[228.3794773],
					[258.3939981],
					[283.3291384],
					[307.3407551],
					[330.428848],
					[355.8257502],
					[376.6050339],
					[407.0813166],
					[435.2487899],
					[456.4898354]
				],
				"y": [
					[261.8184898],
					[252.1214908],
					[240.5774443],
					[229.0333979],
					[211.0246854],
					[192.0924492],
					[170.8514037],
					[153.304453],
					[128.3693127],
					[106.6665053],
					[88.19603098],
					[72.49612778],
					[61.41384318],
					[53.10212972],
					[46.6374637],
					[42.48160697],
					[41.09632139]
				]
			},
			{
				"name": "ok-means (H)",
				"labelposition": [337.8170378,241.5009681,108.5140368,18.00871249],
				"symbolposition": [308.7260407,241.0392062,29.0909971,14.31461762],
				"x": [
					[56.60406583],
					[90.77444337],
					[131.8712488],
					[163.732817],
					[195.1326234],
					[237.1529526],
					[272.7086157],
					[308.7260407],
					[340.5876089],
					[371.9874153],
					[406.1577928],
					[435.2487899],
					[455.5663117]
				],
				"y": [
					[259.5096805],
					[247.5038722],
					[229.4951597],
					[211.0246854],
					[192.554211],
					[161.6161665],
					[132.9869313],
					[104.8194579],
					[84.04017425],
					[66.49322362],
					[55.41093901],
					[47.56098742],
					[44.79041626]
				]
			},
			{
				"name": "ITQ (H)",
				"labelposition": [337.8170378,259.5096805,57.72023233,17.08518877],
				"symbolposition": [310.1113262,259.9714424,26.32042594,14.31461762],
				"x": [
					[56.14230397],
					[85.69506292],
					[124.9448209],
					[158.1916747],
					[187.7444337],
					[228.3794773],
					[263.4733785],
					[296.2584705],
					[322.5788964],
					[353.0551791],
					[380.7608906],
					[408.0048403],
					[429.2458858],
					[457.4133591]
				],
				"y": [
					[268.2831559],
					[261.356728],
					[250.7362052],
					[236.4215876],
					[221.1834463],
					[197.1718296],
					[167.6190707],
					[144.0692159],
					[121.9046467],
					[99.27831559],
					[79.42255566],
					[64.18441433],
					[55.41093901],
					[48.94627299]
				]
			}
		],
		"plotpos": [53.37173282,41.09632139,403.1181026,241.5014521],
		"xax": {
			"titlepos": [245.9264279,300.606486,22.62633107,18.93223621],
			"minpos": [50.13939981,286.7536302,11.08228461,14.31461762],
			"maxpos": [440.7899322,284.4448209,32.78509197,20.31752178],
			"type": 2
		},
		"yax": {
			"titlepos": [5.348499516,117.2870281,20.77928364,96.50822846],
			"minpos": [41.82768635,274.28606,11.08228461,16.62342691],
			"maxpos": [43.67473379,31.39932236,8.311713456,21.2410455],
			"type": 1
		}
	}
}
