{
	"data": {
		"imagename": "02268-10.1.1.385.2109-Figure-1",
		"difficult": 0,
		"curves": [
			{
				"name": "WordNet",
				"labelposition": [142.2245886,15.00145208,78.76669894,16.64085189],
				"symbolposition": [118.3727009,13.89206196,23.85188771,17.19554695],
				"x": [
					[118.3727009],
					[209.3426912],
					[298.0939013],
					[386.8451113],
					[474.4869313],
					[565.4569216]
				],
				"y": [
					[316.2008712],
					[301.7787996],
					[245.1999032],
					[150.9017425],
					[82.1195547],
					[31.08760891]
				]
			},
			{
				"name": "ConceptNet",
				"labelposition": [118.9273959,60.48644724,24.40658277,18.85963214],
				"symbolposition": [143.8886738,61.0411423,102.0638916,21.63310745],
				"x": [
					[117.2633107],
					[208.7879961],
					[296.4298161],
					[389.0638916],
					[475.5963214],
					[566.0116167]
				],
				"y": [
					[322.3025169],
					[317.3102614],
					[293.4583737],
					[236.8794773],
					[165.3238141],
					[94.32284608]
				]
			},
			{
				"name": "Simile",
				"labelposition": [120.5914811,39.40803485,22.74249758,14.42207164],
				"symbolposition": [143.3339787,38.85333979,60.46176186,19.4143272],
				"x": [
					[118.3727009],
					[207.1239109],
					[299.7579864],
					[385.1810261],
					[475.5963214],
					[566.5663117]
				],
				"y": [
					[317.3102614],
					[297.8959342],
					[250.1921588],
					[171.9801549],
					[100.9791868],
					[47.72846079]
				]
			}
		],
		"plotpos": [117.2633107,11.11858664,447.0842207,312.8480155],
		"xax": {
			"titlepos": [245.9525653,365.0140368,176.39303,23.29719264],
			"minpos": [110.60697,344.4903195,14.9767667,18.30493708],
			"maxpos": [557.6911907,342.8262343,12.20329138,17.19554695],
			"type": 1
		},
		"yax": {
			"titlepos": [1.332042594,137.0343659,27.73475315,87.08712488],
			"minpos": [83.42691191,316.7555663,17.75024201,16.64085189],
			"maxpos": [36.27783156,5.016940949,63.23523717,14.9767667],
			"type": 1
		}
	}
}
