{
	"data": {
		"imagename": "02264-10.1.1.41.5423-Figure-1",
		"difficult": 0,
		"curves": [
			{
				"name": "Independent learners",
				"labelposition": [384.0894886,80.60724432,107.7400568,12.28125],
				"symbolposition": [491.8295455,80.60724432,27.35369318,13.95596591],
				"x": [
					[64.77698864],
					[130.6491477],
					[160.7940341],
					[189.2642045],
					[217.734375],
					[243.4133523],
					[263.5099432],
					[282.4900568],
					[301.4701705],
					[320.4502841],
					[338.3139205],
					[357.2940341],
					[377.390625],
					[404.1860795],
					[430.9815341],
					[462.2428977],
					[535.3721591]
				],
				"y": [
					[362.5177557],
					[359.7265625],
					[356.3771307],
					[347.4453125],
					[330.1399148],
					[297.2038352],
					[264.2677557],
					[221.2833807],
					[173.8330966],
					[127.4992898],
					[92.33025568],
					[62.18536932],
					[43.76349432],
					[31.48224432],
					[23.66690341],
					[18.08451705],
					[18.08451705]
				]
			},
			{
				"name": "Joint action learners",
				"labelposition": [388.5553977,93.44673295,101.5994318,12.28125],
				"symbolposition": [491.2713068,94.56321023,29.58664773,10.60653409],
				"x": [
					[65.89346591],
					[113.9019886],
					[141.8139205],
					[170.2840909],
					[196.5213068],
					[224.4332386],
					[245.0880682],
					[272.4417614],
					[302.0284091],
					[320.4502841],
					[338.3139205],
					[368.4588068],
					[394.1377841],
					[434.3309659],
					[535.9303977]
				],
				"y": [
					[361.4012784],
					[359.1683239],
					[354.7024148],
					[345.7705966],
					[326.2322443],
					[288.272017],
					[250.3117898],
					[182.7649148],
					[112.4268466],
					[79.49076705],
					[54.92826705],
					[37.06463068],
					[25.34161932],
					[21.43394886],
					[19.75923295]
				]
			}
		],
		"plotpos": [65.33522727,19.75923295,469.4786932,344.4332386],
		"xax": {
			"titlepos": [242.296875,378.1484375,117.7883523,13.95596591],
			"minpos": [55.84517045,367.5419034,16.74715909,13.39772727],
			"maxpos": [525.3238636,366.9836648,17.86363636,15.07244318],
			"type": 1
		},
		"yax": {
			"titlepos": [3.928977273,78.93252841,18.98011364,227.7613636],
			"minpos": [39.65625,353.5859375,21.21306818,17.30539773],
			"maxpos": [49.70454545,13.06036932,12.28125,12.83948864],
			"type": 1
		}
	}
}
