{
	"data": {
		"imagename": "02279-10.1.1.330.2777-Figure-2",
		"difficult": 0,
		"curves": [
			{
				"name": "projected power method",
				"labelposition": [321.7784091,9.064630682,138.1392045,17.12926136],
				"symbolposition": [280.3366477,9.6171875,41.44176136,13.81392045],
				"x": [
					[57.65625],
					[105.7286932],
					[154.90625],
					[307.9644886],
					[458.8125]
				],
				"y": [
					[318.4964489],
					[225.1143466],
					[199.696733],
					[162.1228693],
					[137.8103693]
				]
			},
			{
				"name": "root finding",
				"labelposition": [278.6789773,25.08877841,44.75710227,16.02414773],
				"symbolposition": [323.4360795,25.64133523,66.30681818,17.68181818],
				"x": [
					[55.99857955],
					[104.0710227],
					[154.90625],
					[309.6221591],
					[458.8125]
				],
				"y": [
					[351.649858],
					[210.1953125],
					[165.990767],
					[115.7080966],
					[70.3984375]
				]
			},
			{
				"name": "Langrangian",
				"labelposition": [279.7840909,44.98082386,43.65198864,13.81392045],
				"symbolposition": [323.4360795,42.77059659,64.64914773,17.12926136],
				"x": [
					[57.10369318],
					[104.0710227],
					[154.3536932]
				],
				"y": [
					[256.6100852],
					[107.9723011],
					[66.53053977]
				]
			}
		],
		"plotpos": [51.578125,31.16690341,408.3394886,319.9303977],
		"xax": {
			"titlepos": [108.4914773,372.647017,296.1704545,14.91903409],
			"minpos": [46.05255682,356.0703125,13.26136364,16.57670455],
			"maxpos": [441.1306818,357.1754261,37.02130682,14.36647727],
			"type": 1
		},
		"yax": {
			"titlepos": [2.953125,148.8615057,17.68181818,88.40909091],
			"minpos": [43.84232955,357.1754261,15.47159091,10.49857955],
			"maxpos": [21.74005682,48.84872159,25.41761364,20.99715909],
			"type": 2
		}
	}
}
