{
	"data": {
		"imagename": "02271-10.1.1.178.1133-Figure-5",
		"difficult": 0,
		"curves": [
			{
				"name": "No Adopt",
				"labelposition": [302.3139205,198.0660511,66.26136364,17.05255682],
				"symbolposition": [274.5426136,200.9893466,28.25852273,10.23153409],
				"x": [
					[52.37215909],
					[125.9417614],
					[212.1789773],
					[286.2357955],
					[349.5738636],
					[424.6051136]
				],
				"y": [
					[271.1484375],
					[228.7606534],
					[192.7066761],
					[171.756392],
					[160.5504261],
					[150.318892]
				]
			},
			{
				"name": "Single-KT",
				"labelposition": [302.3139205,215.6058239,69.18465909,18.02698864],
				"symbolposition": [273.5681818,217.5546875,28.74573864,12.66761364],
				"x": [
					[52.859375],
					[129.3522727],
					[204.3835227],
					[277.953125],
					[353.4715909],
					[428.5028409]
				],
				"y": [
					[150.318892],
					[136.1896307],
					[109.8799716],
					[116.7009943],
					[100.6228693],
					[93.80184659]
				]
			},
			{
				"name": "Average-KT",
				"labelposition": [302.3139205,235.0944602,83.31392045,15.10369318],
				"symbolposition": [273.5681818,236.068892,29.23295455,10.23153409],
				"x": [
					[52.859375],
					[128.8650568],
					[277.4659091],
					[352.4971591],
					[429.4772727]
				],
				"y": [
					[188.8089489],
					[158.6015625],
					[134.727983],
					[137.1640625],
					[120.1115057]
				]
			},
			{
				"name": "Multi-KT",
				"labelposition": null,
				"symbolposition": null,
				"x": [
					[52.859375],
					[128.3778409],
					[202.4346591],
					[277.953125],
					[352.4971591],
					[428.015625]
				],
				"y": [
					[136.1896307],
					[109.3927557],
					[102.084517],
					[93.31463068],
					[91.36576705],
					[85.51917614]
				]
			}
		],
		"plotpos": [51.88494318,12.43678977,375.15625,293.7911932],
		"xax": {
			"titlepos": [173.2017045,321.818892,135.4460227,17.53977273],
			"minpos": [47.5,311.100142,10.23153409,12.66761364],
			"maxpos": [419.2457386,309.1512784,13.15482955,17.53977273],
			"type": 1
		},
		"yax": {
			"titlepos": [3.650568182,100.6228693,19.00142045,119.3678977],
			"minpos": [22.16477273,300.868608,29.23295455,11.20596591],
			"maxpos": [26.54971591,5.128551136,25.33522727,17.05255682],
			"type": 1
		}
	}
}
