{
	"data": {
		"imagename": "02277-10.1.1.221.5301-Figure-2",
		"difficult": 0,
		"curves": [
			{
				"name": "M1",
				"labelposition": [383.5042614,272.5305398,29.11363636,14.55681818],
				"symbolposition": [412.0113636,270.1044034,36.99857955,21.83522727],
				"x": [
					[88.12215909],
					[93.58096591],
					[95.40056818],
					[105.7116477],
					[118.4488636],
					[144.5298295],
					[203.3636364],
					[297.3764205],
					[445.3707386]
				],
				"y": [
					[350.7734375],
					[295.5788352],
					[267.678267],
					[249.4822443],
					[242.8103693],
					[234.318892],
					[228.8600852],
					[226.4339489],
					[225.8274148]
				]
			},
			{
				"name": "M1-M2",
				"labelposition": [381.6846591,302.8572443,30.93323864,15.76988636],
				"symbolposition": [412.6178977,302.8572443,80.66903409,18.80255682],
				"x": [
					[140.2840909],
					[157.2670455],
					[172.4303977],
					[202.7571023],
					[231.8707386],
					[259.7713068],
					[297.3764205],
					[354.390625],
					[385.3238636],
					[415.6505682],
					[444.7642045],
					[475.6974432],
					[509.0568182]
				],
				"y": [
					[233.1058239],
					[134.240767],
					[123.3231534],
					[126.962358],
					[113.618608],
					[105.7336648],
					[104.5205966],
					[103.3075284],
					[108.1598011],
					[100.274858],
					[99.66832386],
					[96.02911932],
					[101.4879261]
				]
			},
			{
				"name": "M1-M2-M12",
				"labelposition": [383.5042614,336.2166193,30.32670455,14.55681818],
				"symbolposition": [412.6178977,334.397017,123.7329545,16.37642045],
				"x": [
					[203.9701705],
					[217.3139205],
					[233.6903409],
					[265.2301136],
					[291.3110795],
					[323.4573864],
					[354.390625],
					[384.7173295],
					[414.4375],
					[445.3707386]
				],
				"y": [
					[128.7819602],
					[88.14417614],
					[74.80042614],
					[57.2109375],
					[49.93252841],
					[54.17826705],
					[44.47372159],
					[65.70241477],
					[74.19389205],
					[42.65411932]
				]
			}
		],
		"plotpos": [80.23721591,12.93394886,460.9659091,343.2982955],
		"xax": {
			"titlepos": [242.7883523,399.9026989,133.4375,25.47443182],
			"minpos": [72.35227273,375.6413352,19.40909091,21.83522727],
			"maxpos": [515.1221591,375.6413352,43.67045455,21.83522727],
			"type": 1
		},
		"yax": {
			"titlepos": [3.207386364,16.57315341,29.11363636,343.9048295],
			"minpos": [32.92755682,345.3146307,32.14630682,20.015625],
			"maxpos": [41.41903409,3.229403409,23.04829545,18.19602273],
			"type": 1
		}
	}
}
