{
	"data": {
		"imagename": "02272-10.1.1.54.1881-Figure-11",
		"difficult": 0,
		"curves": [
			{
				"name": "HIERARCHIC: RANDOM CLUSTERING (OPTIMAL SIZE)",
				"labelposition": [376.7301136,31.46661932,514.3607955,26.24289773],
				"symbolposition": [899.4886364,37.76491477,45.13778409,15.74573864],
				"x": [
					[135.2954545],
					[414.5198864],
					[690.5951705],
					[961.421875]
				],
				"y": [
					[679.1413352],
					[678.0916193],
					[645.5504261],
					[75.5546875]
				]
			},
			{
				"name": "HIERARCHIC: BOTTOM-UP CLUSTERING (OPTIMAL SIZE)",
				"labelposition": [341.0397727,56.65980114,551.1008523,22.04403409],
				"symbolposition": [899.4886364,56.65980114,46.1875,18.89488636],
				"x": [
					[135.2954545],
					[418.71875],
					[689.5454545],
					[961.421875]
				],
				"y": [
					[679.1413352],
					[679.1413352],
					[668.6441761],
					[554.225142]
				]
			}
		],
		"plotpos": [133.1960227,13.62144886,827.1761364,665.5198864],
		"xax": {
			"titlepos": [444.9616477,711.6825284,217.2911932,25.19318182],
			"minpos": [125.8480114,691.7379261,19.94460227,24.14346591],
			"maxpos": [945.6761364,691.7379261,30.44176136,23.09375],
			"type": 1
		},
		"yax": {
			"titlepos": [4.080965909,192.0731534,26.24289773,332.7599432],
			"minpos": [101.7045455,666.5447443,24.14346591,26.24289773],
			"maxpos": [45.01988636,3.124289773,80.828125,24.14346591],
			"type": 1
		}
	}
}
