{
	"data": {
		"imagename": "02274-10.1.1.329.1800-Figure-4",
		"difficult": 0,
		"curves": [
			{
				"name": "m=6",
				"labelposition": [399.2627841,22.49928977,56.31818182,22.29261364],
				"symbolposition": [460.2741477,24.84588068,70.984375,15.83948864],
				"x": [
					[141.1377841],
					[236.1747159],
					[328.8650568],
					[515.4190341]
				],
				"y": [
					[334.5958807],
					[335.7691761],
					[336.3558239],
					[338.115767]
				]
			},
			{
				"name": "m=8",
				"labelposition": [401.0227273,44.79190341,50.45170455,22.87926136],
				"symbolposition": [462.6207386,47.13849432,65.11789773,18.18607955],
				"x": [
					[141.7244318],
					[183.9630682],
					[279.5866477],
					[372.8636364],
					[471.4204545],
					[514.2457386]
				],
				"y": [
					[54.17826705],
					[216.0930398],
					[294.7038352],
					[312.8899148],
					[319.3430398],
					[319.9296875]
				]
			},
			{
				"name": "m=10",
				"labelposition": [386.3565341,70.01775568,67.46448864,19.94602273],
				"symbolposition": [459.1008523,71.19105114,71.57102273,19.94602273],
				"x": [
					[139.9644886],
					[186.8963068],
					[235.0014205],
					[281.3465909],
					[328.2784091],
					[376.3835227],
					[420.3821023],
					[470.8338068],
					[514.8323864]
				],
				"y": [
					[104.6299716],
					[221.959517],
					[270.6512784],
					[292.943892],
					[300.5703125],
					[304.6768466],
					[308.7833807],
					[318.1697443],
					[318.756392]
				]
			},
			{
				"name": "m=12",
				"labelposition": [388.1164773,92.89701705,67.46448864,26.39914773],
				"symbolposition": [460.8607955,95.83025568,72.15767045,20.53267045],
				"x": [
					[141.1377841],
					[187.4829545],
					[232.0681818],
					[280.7599432],
					[327.1051136],
					[374.6235795],
					[423.3153409],
					[468.4872159],
					[517.1789773]
				],
				"y": [
					[121.6427557],
					[218.4396307],
					[250.118608],
					[290.0106534],
					[291.1839489],
					[308.196733],
					[309.9566761],
					[316.9964489],
					[319.9296875]
				]
			}
		],
		"plotpos": [101.2457386,17.21946023,449.9588068,322.0696023],
		"xax": {
			"titlepos": [331.7982955,386.8075284,21.70596591,24.63920455],
			"minpos": [127.6448864,346.3288352,31.67897727,27.57244318],
			"maxpos": [497.2329545,348.6754261,43.41193182,23.46590909],
			"type": 1
		},
		"yax": {
			"titlepos": [3.275568182,71.19105114,26.98579545,213.5397727],
			"minpos": [73.67329545,324.6228693,16.42613636,28.74573864],
			"maxpos": [32.60795455,4.313210227,61.59801136,27.57244318],
			"type": 1
		}
	}
}
