{
	"data": {
		"imagename": "02280-10.1.1.366.1909-Figure-6",
		"difficult": 0,
		"curves": [
			{
				"name": "Precision",
				"labelposition": [106.7153921,14.72071636,30.26718296,14.57308809],
				"symbolposition": [136.4220716,14.16021297,62.77637948,16.81510165],
				"x": [
					[170.0522749],
					[248.5227493],
					[323.6302033],
					[398.1771539],
					[477.768635],
					[552.8760891]
				],
				"y": [
					[95.43320426],
					[58.43998064],
					[42.74588577],
					[41.06437561],
					[56.19796709],
					[62.92400774]
				]
			},
			{
				"name": "F1",
				"labelposition": [106.1548887,36.01984511,30.82768635,14.0125847],
				"symbolposition": [135.3010649,34.89883833,18.49661181,16.81510165],
				"x": [
					[168.9312682],
					[248.5227493],
					[322.5091965],
					[399.8586641],
					[476.6476283],
					[552.8760891]
				],
				"y": [
					[140.8339787],
					[115.6113262],
					[89.82817038],
					[83.10212972],
					[79.73910939],
					[79.73910939]
				]
			},
			{
				"name": "Recall",
				"labelposition": [107.8363988,56.19796709,28.5856728,15.69409487],
				"symbolposition": [136.4220716,56.19796709,40.35624395,17.37560503],
				"x": [
					[170.6127783],
					[248.5227493],
					[323.6302033],
					[399.2981607],
					[476.0871249],
					[550.0735721]
				],
				"y": [
					[141.9549855],
					[126.2608906],
					[108.3247822],
					[99.91723136],
					[93.75169409],
					[92.07018393]
				]
			}
		],
		"plotpos": [93.26331075,9.676185866,469.1413359,133.3998064],
		"xax": {
			"titlepos": [272.0638916,180.0692159,104.2536302,22.98063892],
			"minpos": [67.48015489,153.7255566,53.80832527,24.66214908],
			"maxpos": [525.411423,155.4070668,49.32429816,20.17812197],
			"type": 2
		},
		"yax": {
			"titlepos": [2.461761859,24.80977735,43.15876089,105.374637],
			"minpos": [44.49951597,138.0314618,41.47725073,15.69409487],
			"maxpos": [46.18102614,4.071151985,35.31171346,20.17812197],
			"type": 1
		}
	}
}
