{
	"data": {
		"imagename": "02281-10.1.1.170.1964-Figure-3",
		"difficult": 0,
		"curves": [
			{
				"name": "J-LIS",
				"labelposition": [186.9670862,16.86689255,45.2981607,11.78993224],
				"symbolposition": [239.7115198,18.10793804,53.36495644,11.16940949],
				"x": [
					[101.3349468],
					[152.8383349],
					[211.1674734],
					[262.6708616],
					[315.4152953],
					[370.0212972],
					[422.1452081],
					[475.5101646],
					[529.4956438],
					[582.8606002]
				],
				"y": [
					[243.357696],
					[258.250242],
					[244.5987415],
					[203.0237173],
					[130.4225557],
					[77.67812197],
					[33.62100678],
					[39.20571152],
					[28.03630203],
					[37.96466602]
				]
			},
			{
				"name": "Structured SVM",
				"labelposition": [106.2991288,26.79525653,129.6892546,16.75411423],
				"symbolposition": [236.6089061,28.65682478,58.32913843,13.65150048],
				"x": [
					[102.5759923],
					[582.2400774]
				],
				"y": [
					[261.9733785],
					[261.3528558]
				]
			}
		],
		"plotpos": [74.03194579,13.7642788,561.5730881,271.7889642],
		"xax": {
			"titlepos": [168.3514037,309.1331075,376.6573088,13.03097773],
			"minpos": [82.71926428,289.8969022,37.85188771,15.51306873],
			"maxpos": [569.2090997,290.517425,29.16456922,16.13359148],
			"type": 2
		},
		"yax": {
			"titlepos": [1.430784124,83.88334947,33.50822846,134.6534366],
			"minpos": [43.62633107,276.2454017,21.09777348,18.61568248],
			"maxpos": [44.24685382,6.318005808,24.82090997,16.75411423],
			"type": 1
		}
	}
}
