{
	"data": {
		"imagename": "02290-10.1.1.21.3312-Figure-6",
		"difficult": 0,
		"curves": [
			{
				"name": "13 lines",
				"labelposition": [72.85227273,31.22798295,34.70454545,13.73721591],
				"symbolposition": [114.0639205,29.05894886,66.51704545,19.52130682],
				"x": [
					[51.88494318],
					[80.08238636],
					[110.4488636],
					[136.4772727],
					[166.1207386],
					[192.8721591],
					[221.0696023],
					[247.8210227],
					[282.5255682],
					[331.6903409],
					[360.6107955],
					[386.6392045],
					[417.0056818],
					[444.4801136],
					[473.4005682],
					[498.7059659],
					[531.9644886],
					[585.4673295],
					[612.21875]
				],
				"y": [
					[457.8046875],
					[352.2450284],
					[304.5262784],
					[245.962358],
					[230.056108],
					[188.8444602],
					[164.2620739],
					[144.740767],
					[130.2805398],
					[101.3600852],
					[73.88565341],
					[82.56178977],
					[59.42542614],
					[70.27059659],
					[63.04048295],
					[40.62713068],
					[36.2890625],
					[13.15269886],
					[13.15269886]
				]
			},
			{
				"name": "20 lines",
				"labelposition": [71.40625,52.91832386,32.53551136,12.29119318],
				"symbolposition": [109.7258523,50.02627841,66.51704545,18.07528409],
				"x": [
					[55.5],
					[83.69744318],
					[109.7258523],
					[136.4772727],
					[166.84375],
					[192.1491477],
					[228.2997159],
					[251.4360795],
					[273.1264205],
					[307.1079545],
					[322.2911932],
					[369.2869318],
					[393.1463068],
					[417.0056818],
					[444.4801136],
					[473.4005682],
					[501.5980114],
					[527.6264205],
					[557.9928977],
					[611.4957386]
				],
				"y": [
					[454.1896307],
					[445.5134943],
					[428.884233],
					[425.2691761],
					[412.977983],
					[407.193892],
					[392.0106534],
					[381.8884943],
					[379.7194602],
					[360.9211648],
					[357.306108],
					[337.7848011],
					[326.9396307],
					[326.2166193],
					[304.5262784],
					[305.9723011],
					[284.2819602],
					[277.0518466],
					[260.4225852],
					[253.1924716]
				]
			},
			{
				"name": "30 lines",
				"labelposition": [111.8948864,68.82457386,66.51704545,20.24431818],
				"symbolposition": [72.12926136,71.71661932,38.31960227,13.73721591],
				"x": [
					[59.11505682],
					[109.7258523],
					[166.1207386],
					[205.8863636],
					[266.6193182],
					[310],
					[332.4133523],
					[366.3948864],
					[390.2542614],
					[460.3863636],
					[501.5980114],
					[531.2414773],
					[551.4857955],
					[584.7443182],
					[607.8806818]
				],
				"y": [
					[456.3586648],
					[443.3444602],
					[433.2223011],
					[426.7151989],
					[410.8089489],
					[402.8558239],
					[402.1328125],
					[390.5646307],
					[389.8416193],
					[365.259233],
					[360.9211648],
					[350.0759943],
					[347.9069602],
					[331.2776989],
					[330.5546875]
				]
			},
			{
				"name": "50 lines",
				"labelposition": [110.4488636,90.51491477,67.24005682,16.62926136],
				"symbolposition": [69.23721591,92.68394886,39.04261364,11.56818182],
				"x": [
					[64.17613636],
					[110.4488636],
					[195.0411932],
					[294.8167614],
					[360.6107955],
					[417.0056818],
					[448.8181818],
					[488.5838068],
					[539.9176136],
					[583.2982955],
					[609.3267045]
				],
				"y": [
					[457.0816761],
					[450.5745739],
					[438.2833807],
					[426.7151989],
					[412.977983],
					[410.8089489],
					[402.1328125],
					[396.3487216],
					[390.5646307],
					[381.8884943],
					[380.4424716]
				]
			}
		],
		"plotpos": [51.88494318,13.87571023,558.8877841,441.7599432],
		"xax": {
			"titlepos": [299.1548295,485.2791193,57.11789773,22.41335227],
			"minpos": [43.20880682,462.865767,17.35227273,17.35227273],
			"maxpos": [602.8196023,462.1427557,14.46022727,18.07528409],
			"type": 1
		},
		"yax": {
			"titlepos": [2.720170455,62.31747159,23.13636364,354.2755682],
			"minpos": [34.53267045,446.2365057,15.18323864,20.96732955],
			"maxpos": [25.13352273,3.753551136,25.30539773,21.69034091],
			"type": 1
		}
	}
}
