{
	"data": {
		"imagename": "02296-10.1.1.331.5335-Figure-3",
		"difficult": 0,
		"curves": [
			{
				"name": "proposed",
				"labelposition": [499.5696023,27.61292614,108.4517045,26.02840909],
				"symbolposition": [435.9446023,26.16690341,61.45596591,23.13636364],
				"x": [
					[87.453125],
					[143.125],
					[200.9659091],
					[259.5298295],
					[313.0326705],
					[367.2585227],
					[423.6534091],
					[477.8792614],
					[534.2741477],
					[592.8380682],
					[644.171875]
				],
				"y": [
					[36.2890625],
					[177.9992898],
					[269.0987216],
					[321.1555398],
					[356.5830966],
					[375.381392],
					[394.1796875],
					[403.5788352],
					[412.977983],
					[422.3771307],
					[424.5461648]
				]
			},
			{
				"name": "betweenness",
				"labelposition": [497.4005682,53.64133523,135.9261364,21.69034091],
				"symbolposition": [441.0056818,50.74928977,56.39488636,23.859375],
				"x": [
					[89.62215909],
					[142.4019886],
					[200.2428977],
					[258.0838068],
					[312.3096591],
					[365.8125],
					[421.484375],
					[480.0482955],
					[532.1051136],
					[591.3920455],
					[646.3409091]
				],
				"y": [
					[38.45809659],
					[85.45383523],
					[115.8203125],
					[210.5348011],
					[230.056108],
					[279.943892],
					[303.0802557],
					[311.0333807],
					[313.9254261],
					[324.0475852],
					[324.0475852]
				]
			}
		],
		"plotpos": [88.89914773,13.15269886,558.1647727,441.0369318],
		"xax": {
			"titlepos": [210.3650568,483.8330966,315.2329545,23.859375],
			"minpos": [82.39204545,462.1427557,15.90625,19.52130682],
			"maxpos": [626.8196023,458.5276989,38.31960227,25.30539773],
			"type": 1
		},
		"yax": {
			"titlepos": [2.860795455,91.9609375,29.64346591,289.9275568],
			"minpos": [46.24147727,440.4524148,39.765625,25.30539773],
			"maxpos": [33.95028409,3.030539773,50.61079545,21.69034091],
			"type": 1
		}
	}
}
