{
	"data": {
		"imagename": "02297-10.1.1.163.2174-Figure-5",
		"difficult": 0,
		"curves": [
			{
				"name": "PPR (Leamed with ADL)",
				"labelposition": [228.859375,17.6953125,166.625,15.015625],
				"symbolposition": [396.453125,18.6640625,52.3125,12.109375],
				"x": [
					[94.6875],
					[209.484375],
					[230.3125],
					[459.90625]
				],
				"y": [
					[117.9609375],
					[116.5078125],
					[293.3046875],
					[290.8828125]
				]
			},
			{
				"name": "FSC (leamed with Baum-Welch)",
				"labelposition": [174.609375,31.7421875,219.421875,15.984375],
				"symbolposition": [400.328125,33.6796875,47.953125,12.109375],
				"x": [
					[94.203125],
					[114.546875],
					[132.46875],
					[150.390625],
					[171.21875],
					[189.625],
					[209.96875],
					[248.71875],
					[266.15625],
					[361.09375],
					[383.859375],
					[404.203125],
					[460.390625]
				],
				"y": [
					[116.0234375],
					[117.4765625],
					[135.3984375],
					[134.9140625],
					[240.5078125],
					[256.0078125],
					[292.3359375],
					[256.4921875],
					[290.8828125],
					[291.8515625],
					[273.9296875],
					[291.8515625],
					[291.8515625]
				]
			},
			{
				"name": "Random FSC",
				"labelposition": [302.96875,47.7265625,92.03125,14.046875],
				"symbolposition": [397.90625,49.6640625,50.375,11.140625],
				"x": [
					[93.234375],
					[459.90625]
				],
				"y": [
					[117.4765625],
					[116.5078125]
				]
			}
		],
		"plotpos": [74.34375,13.8203125,384.109375,278.03125],
		"xax": {
			"titlepos": [232.25,319.9453125,69.265625,18.890625],
			"minpos": [71.4375,297.1796875,11.140625,18.890625],
			"maxpos": [448.28125,296.2109375,28.578125,22.28125],
			"type": 1
		},
		"yax": {
			"titlepos": [3.625,116.0234375,18.40625,76.53125],
			"minpos": [53.515625,283.1328125,15.5,15.5],
			"maxpos": [39.953125,5.1015625,30.515625,17.4375],
			"type": 1
		}
	}
}
