{
	"data": {
		"imagename": "02291-10.1.1.164.3770-Figure-2",
		"difficult": 0,
		"curves": [
			{
				"name": "Both",
				"labelposition": [1142.919652,222.8659245,49.23717328,30.48015489],
				"symbolposition": [1080.787028,222.8659245,63.30493708,28.13552759],
				"x": [
					[89.00968054],
					[96.04356244],
					[103.0774443],
					[124.17909],
					[159.3484995],
					[247.2720232],
					[373.8818974],
					[409.0513069],
					[613.0338819],
					[719.714424],
					[853.3581801],
					[996.3804453]
				],
				"y": [
					[69.2928364],
					[184.1795741],
					[127.9085189],
					[103.2899322],
					[107.9791868],
					[138.4593417],
					[149.0101646],
					[149.0101646],
					[201.7642788],
					[246.3121975],
					[307.2725073],
					[363.5435624]
				]
			},
			{
				"name": "Syntax",
				"labelposition": [1145.264279,265.0692159,63.30493708,24.61858664],
				"symbolposition": [1080.787028,263.8969022,64.47725073,24.61858664],
				"x": [
					[87.83736689],
					[86.66505324],
					[107.7666989],
					[126.5237173],
					[159.3484995],
					[246.0997096],
					[377.3988383],
					[563.7967086],
					[778.3301065],
					[877.9767667]
				],
				"y": [
					[61.08664085],
					[184.1795741],
					[125.5638916],
					[110.3238141],
					[117.357696],
					[149.0101646],
					[180.6626331],
					[227.5551791],
					[321.3402711],
					[376.4390126]
				]
			},
			{
				"name": "Surface",
				"labelposition": [1144.091965,302.5832527,64.47725073,24.61858664],
				"symbolposition": [1077.270087,297.8939981,67.99419167,32.82478219],
				"x": [
					[91.35430784],
					[89.00968054],
					[92.52662149],
					[103.0774443],
					[121.8344627],
					[158.1761859],
					[247.2720232],
					[397.3281704],
					[587.2429816],
					[758.4007744],
					[902.5953533]
				],
				"y": [
					[77.49903195],
					[156.0440465],
					[184.1795741],
					[138.4593417],
					[103.2899322],
					[122.0469506],
					[149.0101646],
					[164.250242],
					[213.4874153],
					[324.857212],
					[370.5774443]
				]
			}
		],
		"plotpos": [85.49273959,10.67715392,954.2633107,439.6176186],
		"xax": {
			"titlepos": [500.4917715,508.910455,124.2652469,26.96321394],
			"minpos": [76.1142304,471.3964182,23.44627299,28.13552759],
			"maxpos": [1013.96515,470.2241045,44.54791868,30.48015489],
			"type": 1
		},
		"yax": {
			"titlepos": [2.258470474,187.696515,24.61858664,91.44046467],
			"minpos": [47.97870281,437.3993224,26.96321394,32.82478219],
			"maxpos": [51.49564376,4.815585673,17.58470474,22.27395934],
			"type": 1
		}
	}
}
