{
	"data": {
		"imagename": "02302-10.1.1.217.7345-Figure-5",
		"difficult": 0,
		"curves": [
			{
				"name": "254 examples",
				"labelposition": [90.18323864,23.76491477,129.6732955,21.35795455],
				"symbolposition": [222.1448864,25.29048295,64.83664773,16.78125],
				"x": [
					[66.53693182],
					[126.0340909],
					[182.4801136],
					[241.2144886],
					[299.9488636],
					[357.9204545],
					[417.4176136],
					[474.6264205],
					[537.1747159],
					[592.8579545]
				],
				"y": [
					[193.865767],
					[167.1683239],
					[125.2151989],
					[94.70383523],
					[78.68536932],
					[55.0390625],
					[73.34588068],
					[71.8203125],
					[65.71803977],
					[58.09019886]
				]
			},
			{
				"name": "127 examples",
				"labelposition": [91.70880682,41.30894886,126.6221591,23.64630682],
				"symbolposition": [222.1448864,41.30894886,63.31107955,20.59517045],
				"x": [
					[62.72301136],
					[122.2201705],
					[180.9545455],
					[238.1633523],
					[298.4232955],
					[357.9204545],
					[418.1803977],
					[534.8863636],
					[593.6207386]
				],
				"y": [
					[300.6555398],
					[198.4424716],
					[184.712358],
					[141.9964489],
					[116.0617898],
					[113.0106534],
					[77.15980114],
					[96.9921875],
					[90.88991477]
				]
			},
			{
				"name": "85 examples",
				"labelposition": [101.625,61.90411932,114.4176136,22.88352273],
				"symbolposition": [224.4332386,62.66690341,58.734375,17.54403409],
				"x": [
					[62.72301136],
					[119.9318182],
					[180.1917614],
					[240.4517045],
					[300.7116477],
					[355.6321023],
					[420.46875],
					[477.6775568],
					[536.4119318],
					[594.3835227]
				],
				"y": [
					[409.7336648],
					[251.837358],
					[151.149858],
					[119.8757102],
					[120.6384943],
					[90.12713068],
					[80.97372159],
					[83.26207386],
					[77.92258523],
					[80.2109375]
				]
			}
		],
		"plotpos": [62.72301136,15.37428977,530.8977273,460.7215909],
		"xax": {
			"titlepos": [285.4559659,514.2350852,86.95738636,22.12073864],
			"minpos": [58.14630682,483.7237216,15.25568182,25.93465909],
			"maxpos": [591.3323864,482.9609375,9.153409091,28.98579545],
			"type": 1
		},
		"yax": {
			"titlepos": [2.463068182,182.4240057,27.46022727,132.7244318],
			"minpos": [28.39772727,466.1796875,22.88352273,24.40909091],
			"maxpos": [23.82102273,3.932528409,32.79971591,23.64630682],
			"type": 1
		}
	}
}
