{
	"data": {
		"imagename": "02310-10.1.1.224.9900-Figure-6",
		"difficult": 0,
		"curves": [
			{
				"name": "Generative (largeRuleSet)",
				"labelposition": [393.375,8.1171875,176.109375,19.5],
				"symbolposition": [355.59375,8.7265625,35.953125,16.453125],
				"x": [
					[114.890625],
					[128.296875],
					[144.75],
					[173.390625],
					[203.859375],
					[246.515625],
					[288.5625],
					[348.28125],
					[408.609375],
					[478.078125],
					[538.40625]
				],
				"y": [
					[356.0703125],
					[296.9609375],
					[269.5390625],
					[229.9296875],
					[203.7265625],
					[182.3984375],
					[166.5546875],
					[154.9765625],
					[148.2734375],
					[140.9609375],
					[136.6953125]
				]
			},
			{
				"name": "Generative (smallRuleSet)",
				"labelposition": [393.375,26.3984375,177.328125,18.890625],
				"symbolposition": [355.59375,28.8359375,36.5625,12.796875],
				"x": [
					[115.5],
					[130.125],
					[142.921875],
					[159.375],
					[173.390625],
					[189.234375],
					[203.859375],
					[231.28125],
					[258.09375],
					[291],
					[319.03125],
					[349.5],
					[389.71875],
					[432.375],
					[479.90625],
					[521.34375],
					[535.359375]
				],
				"y": [
					[361.5546875],
					[300.6171875],
					[269.5390625],
					[245.7734375],
					[231.1484375],
					[215.3046875],
					[201.2890625],
					[192.1484375],
					[177.5234375],
					[171.4296875],
					[162.2890625],
					[155.5859375],
					[151.3203125],
					[144.0078125],
					[142.1796875],
					[138.5234375],
					[137.3046875]
				]
			},
			{
				"name": "Logistic (largeRuleSet)",
				"labelposition": [393.984375,44.6796875,157.21875,18.890625],
				"symbolposition": [355.59375,45.8984375,37.78125,15.234375],
				"x": [
					[114.890625],
					[131.953125],
					[142.921875],
					[164.859375],
					[188.015625],
					[231.890625],
					[535.359375]
				],
				"y": [
					[327.4296875],
					[278.6796875],
					[256.7421875],
					[250.0390625],
					[242.7265625],
					[239.0703125],
					[237.2421875]
				]
			},
			{
				"name": "Logistic (smallRuleSet)",
				"labelposition": [392.15625,62.9609375,156.609375,18.28125],
				"symbolposition": [355.59375,64.7890625,36.5625,14.625],
				"x": [
					[115.5],
					[131.34375],
					[142.921875],
					[161.203125],
					[188.625],
					[231.28125],
					[537.1875]
				],
				"y": [
					[326.2109375],
					[277.4609375],
					[260.3984375],
					[248.8203125],
					[242.1171875],
					[239.0703125],
					[236.6328125]
				]
			},
			{
				"name": "Our Method (largeRuleSet)",
				"labelposition": [393.375,80.0234375,179.765625,20.109375],
				"symbolposition": [355.59375,83.0703125,36.5625,14.015625],
				"x": [
					[115.5],
					[130.125],
					[145.96875],
					[157.546875],
					[188.625],
					[217.265625],
					[262.359375],
					[306.234375],
					[364.734375],
					[461.625],
					[535.359375]
				],
				"y": [
					[324.9921875],
					[270.7578125],
					[238.4609375],
					[218.3515625],
					[193.9765625],
					[177.5234375],
					[162.2890625],
					[153.1484375],
					[145.8359375],
					[133.0390625],
					[127.5546875]
				]
			},
			{
				"name": "Our Method (smallRuleSet)",
				"labelposition": [393.984375,100.1328125,180.984375,15.234375],
				"symbolposition": [356.8125,98.3046875,33.515625,17.0625],
				"x": [
					[115.5],
					[130.125],
					[144.75],
					[158.765625],
					[192.890625],
					[216.65625],
					[261.75],
					[318.421875],
					[389.71875],
					[465.28125],
					[537.1875]
				],
				"y": [
					[321.9453125],
					[268.3203125],
					[234.1953125],
					[212.2578125],
					[187.8828125],
					[171.4296875],
					[156.8046875],
					[145.8359375],
					[136.6953125],
					[131.8203125],
					[129.3828125]
				]
			}
		],
		"plotpos": [65.53125,111.7109375,507,271.171875],
		"xax": {
			"titlepos": [292.21875,404.8203125,52.40625,20.71875],
			"minpos": [94.171875,392.6328125,14.015625,17.0625],
			"maxpos": [525.609375,392.0234375,18.28125,15.84375],
			"type": 1
		},
		"yax": {
			"titlepos": [2.765625,206.1640625,23.15625,87.140625],
			"minpos": [27.75,354.2421875,28.03125,18.890625],
			"maxpos": [14.953125,98.9140625,39,23.765625],
			"type": 1
		}
	}
}
