{
	"data": {
		"imagename": "02316-10.1.1.374.4400-Figure-4",
		"difficult": 0,
		"curves": [
			{
				"name": "System SV3",
				"labelposition": [499.84375,16.98082386,73.03267045,12.92613636],
				"symbolposition": [576.7542614,19.56605114,39.42471591,9.048295455],
				"x": [
					[57.76988636],
					[86.85369318],
					[117.2301136],
					[145.6676136],
					[178.6292614],
					[207.0667614],
					[236.1505682],
					[264.5880682],
					[301.4275568],
					[325.9872159],
					[357.65625],
					[447.4928977],
					[481.7471591],
					[510.8309659],
					[537.3295455],
					[567.7059659],
					[598.0823864],
					[625.8735795]
				],
				"y": [
					[317.5134943],
					[262.5774148],
					[214.7507102],
					[186.3132102],
					[168.2166193],
					[152.7052557],
					[119.743608],
					[119.0973011],
					[129.4382102],
					[148.8274148],
					[112.634233],
					[121.0362216],
					[117.8046875],
					[107.4637784],
					[71.91690341],
					[95.18394886],
					[99.70809659],
					[84.84303977]
				]
			},
			{
				"name": "MFC SV3",
				"labelposition": [509.5383523,30.55326705,63.33806818,13.57244318],
				"symbolposition": [574.1690341,31.84588068,42.65625,10.34090909],
				"x": [
					[57.12357955],
					[87.5],
					[116.5838068],
					[146.3139205],
					[177.3366477],
					[238.0894886],
					[296.2571023],
					[327.9261364],
					[358.3025568],
					[388.6789773],
					[419.7017045],
					[449.4318182],
					[479.8082386],
					[509.5383523],
					[543.1463068],
					[572.2301136],
					[598.0823864],
					[626.5198864]
				],
				"y": [
					[375.681108],
					[326.5617898],
					[289.7223011],
					[216.6896307],
					[196.0078125],
					[125.5603693],
					[133.3160511],
					[103.5859375],
					[106.1711648],
					[99.06178977],
					[119.0973011],
					[117.8046875],
					[111.3416193],
					[82.2578125],
					[82.90411932],
					[82.2578125],
					[63.51491477],
					[29.26065341]
				]
			}
		],
		"plotpos": [55.83096591,13.10298295,570.6889205,402.6491477],
		"xax": {
			"titlepos": [309.1832386,436.4339489,64.63068182,18.09659091],
			"minpos": [51.953125,419.6299716,16.15767045,16.15767045],
			"maxpos": [590.9730114,420.2762784,19.38920455,12.92613636],
			"type": 1
		},
		"yax": {
			"titlepos": [-0.3977272727,203.1171875,28.4375,18.74289773],
			"minpos": [29.33238636,407.350142,23.91335227,16.15767045],
			"maxpos": [33.21022727,2.762073864,21.328125,18.74289773],
			"type": 1
		}
	}
}
