{
	"data": {
		"imagename": "02323-10.1.1.360.7425-Figure-5",
		"difficult": 0,
		"curves": [
			{
				"name": "Averages",
				"labelposition": [399.1036932,53.51349432,89.44176136,20.13920455],
				"symbolposition": [498.6150568,55.8828125,60.41761364,14.21590909],
				"x": [
					[108.8622159],
					[128.4090909],
					[146.1789773],
					[171.0568182],
					[188.8267045],
					[231.4744318],
					[265.2372159],
					[323.2855114],
					[421.6122159],
					[577.9872159]
				],
				"y": [
					[96.16122159],
					[191.5262784],
					[224.696733],
					[239.5049716],
					[241.8742898],
					[242.4666193],
					[242.4666193],
					[245.428267],
					[245.428267],
					[245.428267]
				]
			},
			{
				"name": "Copies",
				"labelposition": [419.8352273,71.28338068,69.89488636,23.10085227],
				"symbolposition": [498.0227273,70.09872159,59.23295455,21.91619318],
				"x": [
					[106.4928977],
					[126.6321023],
					[146.1789773],
					[167.5028409],
					[188.8267045],
					[206.0042614],
					[226.7357955],
					[245.6903409],
					[286.5610795],
					[360.0099432],
					[482.0298295],
					[577.9872159]
				],
				"y": [
					[129.3316761],
					[207.5191761],
					[227.0660511],
					[233.5816761],
					[238.3203125],
					[237.727983],
					[238.912642],
					[241.8742898],
					[241.2819602],
					[269.7137784],
					[269.1214489],
					[270.8984375]
				]
			},
			{
				"name": "Scoring",
				"labelposition": [415.0965909,92.60724432,75.81818182,20.73153409],
				"symbolposition": [498.6150568,94.9765625,59.82528409,17.17755682],
				"x": [
					[107.6775568],
					[128.4090909],
					[146.1789773],
					[165.7258523],
					[187.6420455],
					[207.78125],
					[226.7357955],
					[243.3210227],
					[262.8678977],
					[323.8778409],
					[361.7869318],
					[421.6122159],
					[480.2528409],
					[520.53125],
					[579.171875]
				],
				"y": [
					[92.60724432],
					[129.9240057],
					[191.5262784],
					[221.1427557],
					[233.5816761],
					[243.6512784],
					[243.6512784],
					[246.6129261],
					[251.3515625],
					[272.6754261],
					[285.1143466],
					[292.2223011],
					[298.1455966],
					[301.6995739],
					[308.2151989]
				]
			},
			{
				"name": "Full",
				"labelposition": [450.6363636,110.3771307,40.27840909,22.50852273],
				"symbolposition": [496.8380682,115.115767,62.19460227,16.58522727],
				"x": [
					[107.0852273],
					[126.6321023],
					[146.1789773],
					[168.6875],
					[185.2727273],
					[224.3664773],
					[262.8678977],
					[323.8778409],
					[425.1661932],
					[518.7542614],
					[577.9872159]
				],
				"y": [
					[131.1086648],
					[208.1115057],
					[242.4666193],
					[259.6441761],
					[276.2294034],
					[288.6683239],
					[299.3302557],
					[307.0305398],
					[312.3615057],
					[320.6541193],
					[320.6541193]
				]
			},
			{
				"name": "Only Weight",
				"labelposition": [372.4488636,131.1086648,117.8735795,23.10085227],
				"symbolposition": [498.0227273,136.4396307,65.15625,14.21590909],
				"x": [
					[126.6321023],
					[165.7258523],
					[205.4119318],
					[246.2826705],
					[323.8778409],
					[403.8423295],
					[482.0298295],
					[576.2102273]
				],
				"y": [
					[57.65980114],
					[122.8160511],
					[171.9794034],
					[201.0035511],
					[233.5816761],
					[257.8671875],
					[274.4524148],
					[286.8913352]
				]
			}
		],
		"plotpos": [86.94602273,44.62855114,494.0028409,306.8267045],
		"xax": {
			"titlepos": [293.0767045,389.3643466,86.48011364,25.47017045],
			"minpos": [81.02272727,360.3401989,18.95454545,22.50852273],
			"maxpos": [565.5482955,356.7862216,31.39346591,27.83948864],
			"type": 1
		},
		"yax": {
			"titlepos": [2.242897727,120.446733,29.02414773,157.5596591],
			"minpos": [45.48295455,336.0546875,34.35511364,26.65482955],
			"maxpos": [44.890625,32.78196023,37.90909091,24.87784091],
			"type": 1
		}
	}
}
