{
	"data": {
		"imagename": "02336-10.1.1.376.3400-Figure-6",
		"difficult": 0,
		"curves": [
			{
				"name": "Init. Set",
				"labelposition": [525.8025568,26.26775568,87.10227273,23.22727273],
				"symbolposition": [482.9772727,25.54190341,43.55113636,24.67897727],
				"x": [
					[61.98295455],
					[655.7301136]
				],
				"y": [
					[447.2620739],
					[452.3430398]
				]
			},
			{
				"name": "+ by C Only",
				"labelposition": [527.9801136,51.67258523,116.8622159,25.40482955],
				"symbolposition": [482.9772727,49.49502841,45.00284091,23.953125],
				"x": [
					[60.53125],
					[151.2627841],
					[183.9261364],
					[215.1377841],
					[248.5269886],
					[278.2869318],
					[339.984375],
					[402.4076705],
					[435.0710227],
					[469.1860795],
					[498.2201705],
					[530.1576705],
					[558.4659091],
					[588.9517045],
					[621.6150568],
					[653.5525568]
				],
				"y": [
					[90.86860795],
					[221.522017],
					[223.6995739],
					[177.9708807],
					[156.1953125],
					[180.1484375],
					[182.3259943],
					[180.1484375],
					[180.8742898],
					[186.681108],
					[187.4069602],
					[193.2137784],
					[186.681108],
					[195.3913352],
					[193.2137784],
					[206.2791193]
				]
			},
			{
				"name": "+ by E+C",
				"labelposition": [526.5284091,76.3515625,100.8934659,23.953125],
				"symbolposition": [482.9772727,77.80326705,45.00284091,19.59801136],
				"x": [
					[60.53125],
					[89.56534091],
					[120.7769886],
					[183.9261364],
					[216.5894886],
					[247.8011364],
					[275.3835227],
					[309.4985795],
					[369.7443182],
					[404.5852273],
					[434.3451705],
					[469.1860795],
					[521.4474432],
					[559.1917614],
					[592.5809659],
					[622.3409091],
					[653.5525568]
				],
				"y": [
					[41.51065341],
					[43.68821023],
					[108.2890625],
					[172.1640625],
					[143.1299716],
					[139.5007102],
					[161.2762784],
					[186.681108],
					[154.0177557],
					[159.0987216],
					[177.9708807],
					[171.4382102],
					[183.0518466],
					[204.1015625],
					[196.1171875],
					[191.0362216],
					[197.568892]
				]
			}
		],
		"plotpos": [60.53125,13.92826705,592.2954545,446.3991477],
		"xax": {
			"titlepos": [215.8636364,487.9098011,280.1789773,23.22727273],
			"minpos": [55.45028409,466.8600852,10.88778409,19.59801136],
			"maxpos": [642.6647727,467.5859375,17.42045455,22.50142045],
			"type": 1
		},
		"yax": {
			"titlepos": [3.914772727,93.04616477,23.953125,299.7769886],
			"minpos": [24.23863636,449.4396307,34.11505682,26.13068182],
			"maxpos": [26.41619318,5.218039773,31.21164773,24.67897727],
			"type": 1
		}
	}
}
