{
	"data": {
		"imagename": "02342-10.1.1.152.6531-Figure-4",
		"difficult": 0,
		"curves": [
			{
				"name": "ML 1",
				"labelposition": [504.0553977,23.67542614,34.921875,18.41335227],
				"symbolposition": [455.1647727,25.58025568,50.16051136,12.06392045],
				"x": [
					[98.32670455],
					[164.3607955],
					[232.9346591],
					[293.2542614],
					[363.7329545],
					[415.1633523],
					[452.625],
					[494.53125]
				],
				"y": [
					[96.69389205],
					[138.600142],
					[186.2208807],
					[242.7308239],
					[305.5901989],
					[341.7819602],
					[367.8146307],
					[393.8473011]
				]
			},
			{
				"name": "ML 2",
				"labelposition": [504.6903409,41.45383523,36.82670455,17.77840909],
				"symbolposition": [457.0696023,41.45383523,47.62073864,17.14346591],
				"x": [
					[101.5014205],
					[171.9801136],
					[239.9190341],
					[311.6676136],
					[344.6846591],
					[377.0667614],
					[438.0213068],
					[469.7684659],
					[502.1505682]
				],
				"y": [
					[45.8984375],
					[85.26491477],
					[130.9808239],
					[182.4112216],
					[207.1740057],
					[240.1910511],
					[305.5901989],
					[340.5120739],
					[367.1796875]
				]
			},
			{
				"name": "CL",
				"labelposition": [503.4204545,60.50213068,22.22301136,15.23863636],
				"symbolposition": [456.4346591,57.96235795,46.35085227,17.77840909],
				"x": [
					[105.9460227],
					[137.6931818],
					[180.234375],
					[211.9815341],
					[278.015625],
					[318.0170455],
					[352.3039773],
					[382.78125],
					[417.0681818],
					[446.9105114],
					[479.2926136],
					[507.2301136]
				],
				"y": [
					[21.77059659],
					[40.18394886],
					[45.8984375],
					[65.58167614],
					[98.59872159],
					[125.2663352],
					[148.1242898],
					[181.1413352],
					[216.6981534],
					[260.509233],
					[308.1299716],
					[345.5916193]
				]
			},
			{
				"name": "MCL",
				"labelposition": [504.6903409,75.74076705,33.01704545,17.77840909],
				"symbolposition": [455.1647727,77.64559659,49.52556818,15.23863636],
				"x": [
					[105.3110795],
					[138.328125],
					[177.0596591],
					[251.3480114],
					[321.1917614],
					[393.5752841],
					[425.9573864],
					[462.7840909],
					[494.53125],
					[523.1036932]
				],
				"y": [
					[22.40553977],
					[38.9140625],
					[43.35866477],
					[62.40696023],
					[83.99502841],
					[111.9325284],
					[132.8856534],
					[154.4737216],
					[188.1257102],
					[254.7947443]
				]
			}
		],
		"plotpos": [59.59517045,14.15127841,493.9857955,389.8551136],
		"xax": {
			"titlepos": [281.1903409,428.134233,46.35085227,18.41335227],
			"minpos": [39.91193182,409.0859375,35.55681818,25.39772727],
			"maxpos": [539.6122159,408.4509943,26.03267045,26.66761364],
			"type": 2
		},
		"yax": {
			"titlepos": [1.815340909,173.522017,19.68323864,69.20880682],
			"minpos": [24.03835227,393.8473011,33.01704545,20.31818182],
			"maxpos": [21.49857955,2.722301136,33.01704545,21.58806818],
			"type": 1
		}
	}
}
