{
	"data": {
		"imagename": "02340-10.1.1.409.3238-Figure-1",
		"difficult": 0,
		"curves": [
			{
				"name": "Words",
				"labelposition": [430.6164773,250.0774148,46.70454545,16.93039773],
				"symbolposition": [481.4076705,250.0774148,35.61221591,18.68181818],
				"x": [
					[104.8522727],
					[153.3082386],
					[246.7173295],
					[337.7911932],
					[427.1136364],
					[521.1065341]
				],
				"y": [
					[279.8515625],
					[223.806108],
					[180.0205966],
					[157.2521307],
					[143.240767],
					[120.4723011]
				]
			},
			{
				"name": "Senses (Paradigmatic)",
				"labelposition": [327.2826705,265.256392,148.2869318,18.09801136],
				"symbolposition": [477.3210227,267.5916193,39.11505682,15.17897727],
				"x": [
					[106.6036932],
					[153.8920455],
					[246.1335227],
					[337.7911932],
					[428.8650568],
					[519.9389205]
				],
				"y": [
					[220.303267],
					[171.8473011],
					[164.2578125],
					[151.9978693],
					[144.9921875],
					[143.240767]
				]
			},
			{
				"name": "Clusters (Syntagmatic)",
				"labelposition": [323.1960227,281.0191761,154.7088068,19.84943182],
				"symbolposition": [480.8238636,286.2734375,37.36363636,11.09232955],
				"x": [
					[104.8522727],
					[153.8920455],
					[243.2144886],
					[521.6903409]
				],
				"y": [
					[63.25923295],
					[64.42684659],
					[60.92400568],
					[59.75639205]
				]
			}
		],
		"plotpos": [60.48295455,12.46803977,505.5767045,356.1221591],
		"xax": {
			"titlepos": [252.5553977,387.8558239,119.0965909,19.84943182],
			"minpos": [54.64488636,376.1796875,12.84375,12.25994318],
			"maxpos": [505.34375,372.0930398,35.61221591,20.43323864],
			"type": 1
		},
		"yax": {
			"titlepos": [3.269886364,146.743608,21.01704545,96.328125],
			"minpos": [37.71448864,362.7521307,17.51420455,15.17897727],
			"maxpos": [31.87642045,5.462357955,23.35227273,13.42755682],
			"type": 1
		}
	}
}
