{
	"data": {
		"imagename": "02347-10.1.1.397.4173-Figure-1",
		"difficult": 0,
		"curves": [
			{
				"name": "MART",
				"labelposition": [511.3988383,23.38964182,57.1713456,20.17812197],
				"symbolposition": [486.1761859,24.5106486,24.66214908,12.89157793],
				"x": [
					[67.48015489],
					[73.64569216],
					[90.4607938],
					[109.517909],
					[131.9380445],
					[170.6127783],
					[212.090029],
					[272.0638916],
					[330.3562439],
					[404.3426912],
					[463.195547]
				],
				"y": [
					[16.66360116],
					[34.0392062],
					[55.33833495],
					[82.24249758],
					[99.05759923],
					[115.3121975],
					[126.5222652],
					[139.4138432],
					[147.2608906],
					[155.107938],
					[164.6364956]
				]
			},
			{
				"name": "MaxEnt",
				"labelposition": [510.8383349,55.33833495,65.57889642,16.81510165],
				"symbolposition": [488.4181994,58.70135528,21.85963214,8.407550823],
				"x": [
					[69.16166505],
					[71.96418199],
					[73.64569216],
					[75.32720232],
					[76.4482091],
					[79.25072604],
					[87.09777348],
					[102.7918683],
					[145.3901258],
					[207.0454985],
					[465.4375605]
				],
				"y": [
					[38.5232333],
					[53.65682478],
					[67.66940949],
					[108.0256534],
					[132.6878025],
					[150.6239109],
					[161.8339787],
					[165.7575024],
					[166.8785092],
					[169.1205227],
					[166.8785092]
				]
			}
		],
		"plotpos": [65.23814134,14.982091,401.8809293,172.6350436],
		"xax": {
			"titlepos": [233.9496612,223.4893514,60.53436592,20.73862536],
			"minpos": [56.83059051,201.0692159,15.69409487,18.49661181],
			"maxpos": [453.106486,199.9482091,22.98063892,21.29912875],
			"type": 1
		},
		"yax": {
			"titlepos": [4.703775411,62.62487899,20.17812197,85.196515],
			"minpos": [38.3339787,179.2095837,14.0125847,18.49661181],
			"maxpos": [40.57599226,7.135043562,10.64956438,21.29912875],
			"type": 1
		}
	}
}
