{
	"data": {
		"imagename": "02343-10.1.1.377.331-Figure-4",
		"difficult": 0,
		"curves": [
			{
				"name": "Weighted PDB",
				"labelposition": [304.8373669,31.32284608,139.1868345,23.01936108],
				"symbolposition": [449.9128751,34.53484995,74.41142304,17.13068732],
				"x": [
					[105.1577928],
					[203.6592449],
					[348.1994192],
					[386.2081317],
					[543.5963214]
				],
				"y": [
					[24.36350436],
					[109.481607],
					[154.9849952],
					[164.0856728],
					[197.8117135]
				]
			},
			{
				"name": "Weighted ANN",
				"labelposition": [297.3426912,52.20087125,149.893514,28.37270087],
				"symbolposition": [452.589545,59.16021297,70.12875121,16.59535334],
				"x": [
					[104.6224589],
					[203.1239109],
					[353.017425],
					[543.0609874]
				],
				"y": [
					[109.481607],
					[168.3683446],
					[219.7604066],
					[222.9724105]
				]
			}
		],
		"plotpos": [104.0871249,22.22216844,441.6505324,225.910939],
		"xax": {
			"titlepos": [259.8693127,295.7778316,133.2981607,20.34269119],
			"minpos": [103.5517909,258.304453,44.96805421,26.23136496],
			"maxpos": [512.0116167,258.839787,40.1500484,25.69603098],
			"type": 1
		},
		"yax": {
			"titlepos": [3.979670862,3.485479187,24.62536302,265.5256534],
			"minpos": [53.76573088,237.9617619,42.8267183,32.12003872],
			"maxpos": [35.02904163,10.98015489,56.21006776,23.01936108],
			"type": 2
		}
	}
}
