{
	"data": {
		"imagename": "02359-10.1.1.19.7552-Figure-7",
		"difficult": 0,
		"curves": [
			{
				"name": "Passive (Random Sampling)",
				"labelposition": [379.6036932,340.462358,152.8465909,16.37642045],
				"symbolposition": [533.6633523,344.7080966,39.42471591,13.34375],
				"x": [
					[61.77982955],
					[69.66477273],
					[76.94318182],
					[93.31960227],
					[123.0397727],
					[190.9715909],
					[317.1306818],
					[573.6946023],
					[585.21875],
					[584.0056818]
				],
				"y": [
					[350.7734375],
					[299.2180398],
					[249.4822443],
					[200.959517],
					[165.1740057],
					[134.8473011],
					[106.946733],
					[82.68536932],
					[81.47230114],
					[82.68536932]
				]
			},
			{
				"name": "Active (Algorithm A)",
				"labelposition": [425.7002841,356.8387784,106.75,13.34375],
				"symbolposition": [537.9090909,358.0518466,35.78551136,11.52414773],
				"x": [
					[62.99289773],
					[67.84517045],
					[74.51704545],
					[81.18892045],
					[88.46732955],
					[101.2045455],
					[112.1221591],
					[116.9744318],
					[135.7769886],
					[153.9730114],
					[168.5298295],
					[197.0369318],
					[227.3636364],
					[249.8053977],
					[283.7713068],
					[346.8508523],
					[376.5710227],
					[445.7159091],
					[474.8295455],
					[582.1860795]
				],
				"y": [
					[345.9211648],
					[245.8430398],
					[198.5333807],
					[166.993608],
					[141.5191761],
					[136.0603693],
					[132.4211648],
					[120.290483],
					[110.5859375],
					[110.5859375],
					[92.99644886],
					[85.71803977],
					[86.93110795],
					[71.16122159],
					[64.48934659],
					[67.52201705],
					[55.39133523],
					[51.75213068],
					[52.35866477],
					[51.14559659]
				]
			},
			{
				"name": "Active (20,000 Sent. Size Pool)",
				"labelposition": [365.6534091,367.756392,168.0099432,14.55681818],
				"symbolposition": [535.4829545,367.756392,40.03125,15.16335227],
				"x": [
					[64.20596591],
					[71.484375],
					[74.51704545],
					[78.76278409],
					[85.43465909],
					[93.92613636],
					[106.6633523],
					[115.7613636],
					[127.8920455],
					[141.2357955],
					[155.7926136],
					[187.9389205],
					[214.0198864],
					[241.3139205],
					[264.3622159],
					[316.5241477],
					[356.5553977],
					[405.6846591],
					[440.2571023],
					[489.3863636],
					[586.4318182]
				],
				"y": [
					[345.9211648],
					[290.7265625],
					[250.0887784],
					[220.368608],
					[194.8941761],
					[179.7308239],
					[156.6825284],
					[138.4865057],
					[129.3884943],
					[117.8643466],
					[103.9140625],
					[89.96377841],
					[83.8984375],
					[75.40696023],
					[69.94815341],
					[63.8828125],
					[61.45667614],
					[58.42400568],
					[55.99786932],
					[52.35866477],
					[50.5390625]
				]
			}
		],
		"plotpos": [60.56676136,12.32741477,524.6519886,373.0184659],
		"xax": {
			"titlepos": [243.1335227,407.181108,155.2727273,16.98295455],
			"minpos": [53.28835227,390.1981534,13.34375,16.37642045],
			"maxpos": [560.3508523,390.1981534,47.30965909,16.98295455],
			"type": 1
		},
		"yax": {
			"titlepos": [3.552556818,171.2393466,18.19602273,55.80113636],
			"minpos": [25.38778409,378.0674716,29.72017045,18.19602273],
			"maxpos": [25.38778409,3.8359375,30.32670455,16.98295455],
			"type": 1
		}
	}
}
