{
	"data": {
		"imagename": "02369-10.1.1.101.7661-Figure-7",
		"difficult": 0,
		"curves": [
			{
				"name": "pos qns only",
				"labelposition": [473.6079545,241.8487216,99.94176136,21.26420455],
				"symbolposition": [433.9147727,244.6839489,40.40198864,15.59375],
				"x": [
					[101.484375],
					[128.4190341],
					[156.0625],
					[185.1235795],
					[209.2230114],
					[239.7017045],
					[265.21875],
					[293.5710227],
					[321.2144886],
					[375.7926136],
					[404.1448864]
				],
				"y": [
					[153.2478693],
					[205.6995739],
					[229.7990057],
					[253.1896307],
					[262.4041193],
					[268.0745739],
					[275.8714489],
					[277.2890625],
					[277.9978693],
					[280.1242898],
					[281.5419034]
				]
			},
			{
				"name": "pos + 100-wd qns",
				"labelposition": [472.1903409,269.4921875,136.0909091,19.13778409],
				"symbolposition": [433.2059659,271.618608,38.984375,12.75852273],
				"x": [
					[103.6107955],
					[128.4190341],
					[158.8977273],
					[186.5411932],
					[209.9318182],
					[240.4105114],
					[294.2798295],
					[322.6321023],
					[372.2485795],
					[404.1448864]
				],
				"y": [
					[189.397017],
					[235.4694602],
					[266.6569602],
					[280.8330966],
					[290.756392],
					[295.7180398],
					[300.6796875],
					[302.806108],
					[304.9325284],
					[301.3884943]
				]
			}
		],
		"plotpos": [88.72585227,117.0987216,325.3423295,290.6107955],
		"xax": {
			"titlepos": [204.9701705,453.0731534,97.81534091,21.26420455],
			"minpos": [92.97869318,424.7208807,18.42897727,17.72017045],
			"maxpos": [391.3863636,422.5944602,25.51704545,23.390625],
			"type": 1
		},
		"yax": {
			"titlepos": [18.55397727,190.8146307,28.35227273,150.9758523],
			"minpos": [50.45028409,397.7862216,29.76988636,20.55539773],
			"maxpos": [49.74147727,106.4666193,31.1875,22.68181818],
			"type": 1
		}
	}
}
