{
	"data": {
		"imagename": "02363-10.1.1.132.5967-Figure-3",
		"difficult": 0,
		"curves": [
			{
				"name": "TFIDF",
				"labelposition": [556.196515,83.55614714,41.99515973,17.15295257],
				"symbolposition": [524.8480155,84.73910939,31.93998064,14.78702807],
				"x": [
					[77.09680542],
					[116.1345595],
					[161.678606],
					[203.6737657],
					[245.0774443],
					[287.0726041],
					[372.2458858],
					[416.60697],
					[457.4191675],
					[494.6824782]
				],
				"y": [
					[86.51355276],
					[139.1553727],
					[150.9849952],
					[162.8146176],
					[171.6868345],
					[175.8272023],
					[203.035334],
					[210.1331075],
					[214.2734753],
					[213.6819942]
				]
			},
			{
				"name": "TDSR",
				"labelposition": [556.7879961,146.2531462,37.26331075,14.19554695],
				"symbolposition": [523.0735721,148.0275895,33.12294288,13.0125847],
				"x": [
					[75.91384318],
					[117.9090029],
					[162.2700871],
					[201.3078412],
					[242.7115198],
					[287.0726041],
					[327.2933204],
					[368.696999],
					[409.5091965],
					[453.8702807],
					[496.4569216]
				],
				"y": [
					[75.86689255],
					[134.4235237],
					[150.9849952],
					[161.0401742],
					[172.8697967],
					[179.9675702],
					[192.3886738],
					[206.5842207],
					[210.7245886],
					[211.9075508],
					[213.6819942]
				]
			},
			{
				"name": "OKAPI",
				"labelposition": [556.196515,102.4835431,41.99515973,19.51887706],
				"symbolposition": [524.8480155,106.6239109,31.34849952,13.60406583],
				"x": [
					[75.32236205],
					[119.0919652],
					[160.4956438],
					[202.4908035],
					[245.0774443],
					[327.8848015],
					[369.8799613],
					[410.6921588],
					[455.6447241],
					[495.2739593]
				],
				"y": [
					[123.7768635],
					[156.8998064],
					[164.589061],
					[169.9123911],
					[174.052759],
					[195.9375605],
					[204.8097773],
					[210.1331075],
					[213.6819942],
					[213.6819942]
				]
			},
			{
				"name": "KL",
				"labelposition": [555.0135528,123.7768635,23.06776379,18.92739593],
				"symbolposition": [523.6650532,127.3257502,31.34849952,12.42110358],
				"x": [
					[75.91384318],
					[119.0919652],
					[159.9041626],
					[203.6737657],
					[247.4433688],
					[286.4811229],
					[327.2933204],
					[370.4714424],
					[410.6921588],
					[456.8276864],
					[494.6824782]
				],
				"y": [
					[95.3857696],
					[145.0701839],
					[153.9424008],
					[165.1805421],
					[172.2783156],
					[180.5590513],
					[196.5290416],
					[205.4012585],
					[210.1331075],
					[213.6819942],
					[212.4990319]
				]
			}
		],
		"plotpos": [77.09680542,27.36544046,422.3175218,186.9080348],
		"xax": {
			"titlepos": [260.4559535,252.1282672,50.86737657,16.56147144],
			"minpos": [70.59051307,227.8775411,14.78702807,18.92739593],
			"maxpos": [489.3591481,226.1030978,12.42110358,20.11035818],
			"type": 1
		},
		"yax": {
			"titlepos": [17.357212,81.19022265,18.92739593,77.48402711],
			"minpos": [55.21200387,207.1757018,13.60406583,18.92739593],
			"maxpos": [54.62052275,20.26766699,10.64666021,20.7018393],
			"type": 1
		}
	}
}
