{
	"data": {
		"imagename": "02365-10.1.1.15.3037-Figure-1",
		"difficult": 0,
		"curves": [
			{
				"name": "Sub",
				"labelposition": [1080.173282,45.91723136,52.66698935,31.60019361],
				"symbolposition": [1018.143272,50.59874153,62.03000968,26.91868345],
				"x": [
					[135.678606],
					[181.3233301],
					[218.7754114],
					[260.9090029],
					[299.5314618],
					[334.642788],
					[382.6282672],
					[458.7028074],
					[503.1771539],
					[544.1403679],
					[576.910939],
					[622.5556631],
					[662.3484995],
					[699.8005808],
					[739.5934172],
					[784.0677638],
					[822.6902227],
					[862.4830591],
					[903.446273],
					[939.7279768],
					[981.8615682],
					[1022.824782],
					[1061.447241],
					[1104.75121],
					[1146.884802],
					[1181.996128]
				],
				"y": [
					[409.9046467],
					[388.8378509],
					[258.9259439],
					[324.4670862],
					[395.8601162],
					[397.0304937],
					[378.304453],
					[399.3712488],
					[374.7933204],
					[388.8378509],
					[420.4380445],
					[381.8155857],
					[367.7710552],
					[354.8969022],
					[358.4080348],
					[385.3267183],
					[423.9491772],
					[375.963698],
					[361.9191675],
					[399.3712488],
					[367.7710552],
					[386.4970958],
					[340.8523717],
					[423.9491772],
					[409.9046467],
					[165.2957406]
				]
			},
			{
				"name": "Del",
				"labelposition": [1083.684414,88.05082285,42.13359148,28.08906099],
				"symbolposition": [1015.802517,91.56195547,64.37076476,29.25943853],
				"x": [
					[140.3601162],
					[178.982575],
					[215.2642788],
					[259.7386254],
					[298.3610842],
					[341.6650532],
					[382.6282672],
					[422.4211036],
					[459.8731849],
					[499.6660213],
					[541.7996128],
					[578.0813166],
					[626.0667957],
					[662.3484995],
					[703.3117135],
					[743.1045499],
					[778.2158761],
					[820.3494676],
					[858.9719264],
					[901.1055179],
					[942.0687318],
					[981.8615682],
					[1020.484027],
					[1060.276864],
					[1102.410455],
					[1143.373669],
					[1181.996128]
				],
				"y": [
					[346.7042594],
					[388.8378509],
					[360.7487899],
					[358.4080348],
					[368.9414327],
					[393.5193611],
					[407.5638916],
					[402.8823814],
					[386.4970958],
					[386.4970958],
					[365.4303001],
					[397.0304937],
					[379.4748306],
					[379.4748306],
					[374.7933204],
					[381.8155857],
					[406.393514],
					[418.0972894],
					[388.8378509],
					[372.4525653],
					[379.4748306],
					[381.8155857],
					[385.3267183],
					[393.5193611],
					[420.4380445],
					[411.0750242],
					[292.8668925]
				]
			},
			{
				"name": "Total",
				"labelposition": [1083.684414,130.1844143,58.51887706,29.25943853],
				"symbolposition": [1014.632139,133.695547,66.71151985,25.74830591],
				"x": [
					[139.1897386],
					[177.8121975],
					[218.7754114],
					[257.3978703],
					[299.5314618],
					[338.1539206],
					[381.4578896],
					[423.5914811],
					[458.7028074],
					[503.1771539],
					[538.2884802],
					[574.5701839],
					[623.7260407],
					[661.178122],
					[697.4598258],
					[743.1045499],
					[781.7270087],
					[819.17909],
					[862.4830591],
					[901.1055179],
					[939.7279768],
					[981.8615682],
					[1021.654405],
					[1060.276864],
					[1104.75121],
					[1144.544046],
					[1185.50726]
				],
				"y": [
					[337.3412391],
					[353.7265247],
					[193.3848015],
					[263.607454],
					[345.5338819],
					[366.6006776],
					[363.089545],
					[368.9414327],
					[365.4303001],
					[340.8523717],
					[332.6597289],
					[400.5416263],
					[338.5116167],
					[330.3189739],
					[312.7633107],
					[318.6151985],
					[374.7933204],
					[423.9491772],
					[344.3635044],
					[312.7633107],
					[356.0672798],
					[330.3189739],
					[354.8969022],
					[315.1040658],
					[423.9491772],
					[402.8823814],
					[38.89496612]
				]
			}
		],
		"plotpos": [116.9525653,18.99854792,1083.769603,402.6098742],
		"xax": {
			"titlepos": [596.8073572,481.2976767,125.2303969,29.25943853],
			"minpos": [121.6340755,437.9937076,38.62245886,31.60019361],
			"maxpos": [1173.803485,443.8455954,15.21490803,24.57792836],
			"type": 3
		},
		"yax": {
			"titlepos": [2.255566312,133.695547,31.60019361,189.6011617],
			"minpos": [58.43368829,402.8823814,36.28170378,38.62245886],
			"maxpos": [40.87802517,4.954017425,56.17812197,29.25943853],
			"type": 1
		}
	}
}
