{
	"data": {
		"imagename": "02360-10.1.1.158.6509-Figure-10",
		"difficult": 0,
		"curves": [
			{
				"name": "E8",
				"labelposition": [390.9588068,236.6328125,22.32528409,20.60795455],
				"symbolposition": [353.1775568,234.915483,36.06392045,19.46306818],
				"x": [
					[45.203125],
					[53.21732955],
					[64.09375],
					[70.96306818],
					[79.54971591],
					[90.99857955],
					[99.58522727],
					[108.171875],
					[125.9176136],
					[134.5042614],
					[145.3806818],
					[155.6846591],
					[163.6988636],
					[171.7130682],
					[183.734375],
					[189.4588068],
					[198.6178977],
					[208.3494318],
					[218.0809659],
					[226.0951705],
					[235.2542614],
					[244.9857955],
					[254.7173295],
					[265.0213068],
					[269.0284091],
					[282.7670455],
					[293.0710227],
					[298.2230114],
					[313.1065341],
					[318.8309659],
					[326.8451705],
					[337.7215909],
					[346.3082386],
					[362.9090909],
					[373.7855114],
					[384.0894886],
					[394.3934659],
					[401.2627841],
					[412.7116477],
					[418.4360795],
					[429.8849432],
					[437.3267045],
					[448.7755682],
					[457.9346591],
					[465.9488636],
					[473.390625],
					[495.1434659]
				],
				"y": [
					[308.1882102],
					[308.1882102],
					[313.912642],
					[287.5802557],
					[288.1526989],
					[306.4708807],
					[296.7393466],
					[264.1100852],
					[285.8629261],
					[254.9509943],
					[234.915483],
					[234.915483],
					[280.7109375],
					[241.7848011],
					[229.7634943],
					[214.3075284],
					[224.6115057],
					[224.6115057],
					[195.4169034],
					[194.272017],
					[220.0319602],
					[193.6995739],
					[183.9680398],
					[222.8941761],
					[202.8586648],
					[205.1484375],
					[188.5475852],
					[208.5830966],
					[202.2862216],
					[202.2862216],
					[185.1129261],
					[223.4666193],
					[205.7208807],
					[184.540483],
					[201.1413352],
					[193.6995739],
					[176.5262784],
					[205.7208807],
					[209.727983],
					[195.4169034],
					[208.0106534],
					[170.2294034],
					[173.0916193],
					[174.8089489],
					[201.1413352],
					[162.787642],
					[161.0703125]
				]
			},
			{
				"name": "E2",
				"labelposition": [390.9588068,260.102983,23.47017045,20.60795455],
				"symbolposition": [354.3224432,261.8203125,34.91903409,16.02840909],
				"x": [
					[46.92045455],
					[54.93465909],
					[65.23863636],
					[72.10795455],
					[84.12926136],
					[89.28125],
					[100.1576705],
					[112.1789773],
					[115.6136364],
					[129.3522727],
					[132.2144886],
					[147.6704545],
					[153.3948864],
					[164.84375],
					[171.140625],
					[180.8721591],
					[192.8934659],
					[200.9076705],
					[209.4943182],
					[217.5085227],
					[228.3849432],
					[238.1164773],
					[243.8409091],
					[257.0071023],
					[263.3039773],
					[274.7528409],
					[283.9119318],
					[289.6363636],
					[299.9403409],
					[320.5482955],
					[329.1349432],
					[337.7215909],
					[348.0255682],
					[365.1988636],
					[372.0681818],
					[384.0894886],
					[392.6761364],
					[402.9801136],
					[409.8494318],
					[420.1534091],
					[430.4573864],
					[438.4715909],
					[456.7897727],
					[465.3764205],
					[474.5355114],
					[481.9772727],
					[494.5710227]
				],
				"y": [
					[305.8984375],
					[280.7109375],
					[277.2762784],
					[282.428267],
					[276.131392],
					[258.3856534],
					[276.131392],
					[261.8203125],
					[261.8203125],
					[246.3643466],
					[246.3643466],
					[228.618608],
					[228.0461648],
					[225.1839489],
					[213.162642],
					[217.7421875],
					[208.0106534],
					[183.3955966],
					[205.7208807],
					[189.1200284],
					[187.4026989],
					[203.431108],
					[183.9680398],
					[176.5262784],
					[203.431108],
					[194.272017],
					[195.4169034],
					[178.243608],
					[195.9893466],
					[191.4098011],
					[179.9609375],
					[205.1484375],
					[191.4098011],
					[179.9609375],
					[193.1271307],
					[190.2649148],
					[171.3742898],
					[194.8444602],
					[201.1413352],
					[155.9183239],
					[194.272017],
					[161.0703125],
					[166.7947443],
					[173.6640625],
					[155.9183239],
					[151.3387784],
					[144.4694602]
				]
			},
			{
				"name": "E2 gauss",
				"labelposition": [389.2414773,285.8629261,71.55539773,22.32528409],
				"symbolposition": [354.8948864,285.8629261,34.34659091,20.60795455],
				"x": [
					[42.34090909],
					[56.65198864],
					[62.94886364],
					[72.10795455],
					[79.54971591],
					[89.85369318],
					[97.86789773],
					[110.4616477],
					[125.9176136],
					[137.3664773],
					[144.2357955],
					[157.4019886],
					[171.7130682],
					[183.1619318],
					[193.4659091],
					[210.6392045],
					[216.3636364],
					[230.6747159],
					[236.3991477],
					[244.4133523],
					[257.0071023],
					[265.0213068],
					[274.7528409],
					[281.6221591],
					[293.0710227],
					[301.6576705],
					[311.9616477],
					[318.8309659],
					[330.8522727],
					[336.0042614],
					[350.8877841],
					[363.4815341],
					[373.7855114],
					[384.0894886],
					[392.1036932],
					[402.4076705],
					[409.8494318],
					[418.4360795],
					[428.7400568],
					[437.8991477],
					[454.5],
					[467.09375],
					[477.3977273],
					[483.1221591],
					[490.5639205]
				],
				"y": [
					[308.7606534],
					[295.022017],
					[276.131392],
					[287.5802557],
					[285.8629261],
					[261.8203125],
					[279.5660511],
					[266.9723011],
					[246.3643466],
					[245.7919034],
					[238.350142],
					[236.6328125],
					[216.024858],
					[224.0390625],
					[216.5973011],
					[216.024858],
					[195.9893466],
					[195.4169034],
					[209.1555398],
					[193.1271307],
					[183.3955966],
					[212.0177557],
					[202.2862216],
					[202.8586648],
					[187.975142],
					[208.5830966],
					[200.568892],
					[200.568892],
					[185.6853693],
					[214.8799716],
					[199.9964489],
					[186.8302557],
					[202.2862216],
					[196.5617898],
					[179.9609375],
					[205.1484375],
					[210.3004261],
					[163.3600852],
					[194.8444602],
					[169.6569602],
					[171.946733],
					[183.3955966],
					[131.8757102],
					[80.35582386],
					[58.03053977]
				]
			},
			{
				"name": "E1",
				"labelposition": null,
				"symbolposition": null,
				"x": [
					[45.77556818],
					[61.80397727],
					[70.96306818],
					[82.984375],
					[91.57102273],
					[98.44034091],
					[108.7443182],
					[119.0482955],
					[125.3451705],
					[136.2215909],
					[148.2428977],
					[153.9673295],
					[160.8366477],
					[172.8579545],
					[180.8721591],
					[192.8934659],
					[201.4801136],
					[208.3494318],
					[218.6534091],
					[228.3849432],
					[236.3991477],
					[248.9928977],
					[255.8622159],
					[267.3110795],
					[271.890625],
					[283.3394886],
					[291.3536932],
					[301.6576705],
					[308.5269886],
					[318.8309659],
					[328.5625],
					[336.0042614],
					[346.3082386],
					[354.8948864],
					[368.0610795],
					[372.0681818],
					[381.7997159],
					[392.1036932],
					[402.9801136],
					[409.2769886],
					[418.4360795],
					[428.1676136],
					[438.4715909],
					[445.3409091],
					[456.2173295],
					[467.09375],
					[475.6803977],
					[491.1363636]
				],