{
	"data": {
		"imagename": "02377-10.1.1.208.6786-Figure-4",
		"difficult": 0,
		"curves": [
			{
				"name": "GPLVM",
				"labelposition": [347.1775568,26.47514205,76.14630682,22.77272727],
				"symbolposition": [290.2457386,27.8984375,56.22017045,20.63778409],
				"x": [
					[102.3707386],
					[149.3394886],
					[196.3082386],
					[239.71875],
					[285.9758523],
					[333.65625],
					[377.7784091],
					[425.4588068],
					[469.5809659],
					[517.2613636],
					[564.2301136],
					[606.9289773]
				],
				"y": [
					[388.7038352],
					[387.9921875],
					[444.212358],
					[405.071733],
					[404.3600852],
					[338.1768466],
					[330.3487216],
					[265.5887784],
					[242.1044034],
					[210.7919034],
					[197.9822443],
					[445.6356534]
				]
			},
			{
				"name": "SMA",
				"labelposition": [347.8892045,52.80610795,51.23863636,20.63778409],
				"symbolposition": [291.6690341,58.49928977,54.796875,9.963068182],
				"x": [
					[104.5056818],
					[149.3394886],
					[194.1732955],
					[242.5653409],
					[283.8409091],
					[335.0795455],
					[379.9133523],
					[425.4588068],
					[470.2926136],
					[517.2613636],
					[562.0951705],
					[609.7755682]
				],
				"y": [
					[375.8941761],
					[374.4708807],
					[445.6356534],
					[399.3785511],
					[401.5134943],
					[279.821733],
					[283.3799716],
					[127.5291193],
					[138.915483],
					[22.91690341],
					[62.76917614],
					[444.9240057]
				]
			}
		],
		"plotpos": [81.02130682,14.37713068,547.96875,434.1051136],
		"xax": {
			"titlepos": [186.3451705,475.524858,337.3210227,24.90767045],
			"minpos": [97.38920455,452.7521307,17.07954545,24.90767045],
			"maxpos": [591.2727273,454.1754261,36.29403409,22.06107955],
			"type": 1
		},
		"yax": {
			"titlepos": [2.740056818,133.9339489,28.46590909,204.2428977],
			"minpos": [37.61079545,435.6725852,29.88920455,28.46590909],
			"maxpos": [25.51278409,4.4140625,53.37357955,24.90767045],
			"type": 1
		}
	}
}
