{
	"data": {
		"imagename": "02371-10.1.1.329.1800-Figure-2",
		"difficult": 0,
		"curves": [
			{
				"name": "m=6",
				"labelposition": [400.8451705,240.1271307,52.46448864,22.99005682],
				"symbolposition": [460.3835227,244.2535511,68.97017045,17.68465909],
				"x": [
					[139.7017045],
					[515.2059659]
				],
				"y": [
					[54.43821023],
					[62.69105114]
				]
			},
			{
				"name": "m=8",
				"labelposition": [400.8451705,266.0646307,53.05397727,21.22159091],
				"symbolposition": [459.2045455,264.2961648,70.73863636,22.99005682],
				"x": [
					[140.2911932],
					[186.8607955],
					[235.7883523],
					[327.7485795],
					[377.265625],
					[422.0667614],
					[516.3849432]
				],
				"y": [
					[143.4509943],
					[46.77485795],
					[37.93252841],
					[37.93252841],
					[39.11150568],
					[43.82741477],
					[40.29048295]
				]
			},
			{
				"name": "m=10",
				"labelposition": [384.9289773,287.2862216,66.61221591,22.40056818],
				"symbolposition": [459.2045455,289.6441761,67.79119318,17.68465909],
				"x": [
					[140.2911932],
					[188.0397727],
					[234.609375],
					[280],
					[326.5696023],
					[375.4971591],
					[423.8352273],
					[467.4573864],
					[515.7954545]
				],
				"y": [
					[185.3046875],
					[84.50213068],
					[63.87002841],
					[63.87002841],
					[68.5859375],
					[50.31178977],
					[39.70099432],
					[37.93252841],
					[43.23792614]
				]
			},
			{
				"name": "m=12",
				"labelposition": [388.4659091,312.0447443,66.61221591,21.81107955],
				"symbolposition": [460.3835227,314.9921875,70.73863636,15.91619318],
				"x": [
					[139.7017045],
					[186.2713068],
					[235.7883523],
					[281.7684659],
					[328.3380682],
					[374.3181818],
					[420.2982955],
					[469.8153409],
					[518.7428977]
				],
				"y": [
					[297.897017],
					[139.9140625],
					[56.20667614],
					[59.74360795],
					[55.02769886],
					[65.04900568],
					[65.04900568],
					[56.79616477],
					[70.35440341]
				]
			}
		],
		"plotpos": [101.3849432,17.88991477,450.9588068,323.0397727],
		"xax": {
			"titlepos": [328.3380682,388.678267,25.9375,24.16903409],
			"minpos": [129.6803977,350.3615057,24.75852273,24.75852273],
			"maxpos": [494.5738636,351.540483,46.56960227,24.16903409],
			"type": 1
		},
		"yax": {
			"titlepos": [4.708806818,157.009233,20.63210227,43.03267045],
			"minpos": [25.93039773,325.0134943,67.79119318,31.83238636],
			"maxpos": [24.16193182,4.331676136,68.38068182,28.88494318],
			"type": 1
		}
	}
}
