{
	"data": {
		"imagename": "02372-10.1.1.33.1481-Figure-10",
		"difficult": 0,
		"curves": [
			{
				"name": "Network",
				"labelposition": [174.9460227,3.239346591,78.26704545,25.04545455],
				"symbolposition": [102.9403409,1.674005682,64.17897727,19.56676136],
				"x": [
					[108.4190341],
					[206.2528409],
					[310.3480114],
					[407.3991477],
					[506.015625],
					[606.1974432]
				],
				"y": [
					[369.5291193],
					[347.6143466],
					[248.2151989],
					[196.5589489],
					[166.8174716],
					[189.5149148]
				]
			},
			{
				"name": "Opponent",
				"labelposition": [426.1832386,6.370028409,86.87642045,23.48011364],
				"symbolposition": [351.046875,6.370028409,67.30965909,14.08806818],
				"x": [
					[112.3323864],
					[210.9488636],
					[308.7826705],
					[407.3991477],
					[506.015625],
					[607.7627841]
				],
				"y": [
					[199.6896307],
					[248.2151989],
					[288.131392],
					[360.9197443],
					[401.618608],
					[429.7947443]
				]
			}
		],
		"plotpos": [109.984375,76.02769886,496.2130682,406.2059659],
		"xax": {
			"titlepos": [260.2571023,527.6285511,191.7542614,21.13210227],
			"minpos": [98.24431818,498.6697443,23.48011364,23.48011364],
			"maxpos": [596.8053977,501.0177557,18.00142045,18.78409091],
			"type": 1
		},
		"yax": {
			"titlepos": [1.975852273,161.3387784,27.39346591,238.7144886],
			"minpos": [70.85085227,471.2762784,30.52414773,23.48011364],
			"maxpos": [63.80681818,68.98366477,35.22017045,22.69744318],
			"type": 1
		}
	}
}
