{
	"data": {
		"imagename": "02378-10.1.1.294.5591-Figure-2",
		"difficult": 0,
		"curves": [
			{
				"name": "malaria",
				"labelposition": [116.3494318,17.62428977,43.26136364,13.21875],
				"symbolposition": [162.6150568,19.42684659,36.65198864,10.81534091],
				"x": [
					[47.25142045],
					[101.9289773],
					[163.2159091],
					[223.9019886],
					[282.1846591],
					[339.8664773],
					[396.3465909],
					[455.8309659],
					[517.71875],
					[574.1988636]
				],
				"y": [
					[15.22088068],
					[151.6143466],
					[244.7464489],
					[288.0078125],
					[244.1455966],
					[243.5447443],
					[289.209517],
					[291.0120739],
					[381.1399148],
					[336.0759943]
				]
			},
			{
				"name": "calculus",
				"labelposition": [112.7443182,30.84303977,48.06818182,11.41619318],
				"symbolposition": [162.6150568,30.84303977,39.65625,11.41619318],
				"x": [
					[46.65056818],
					[103.1306818],
					[163.2159091],
					[279.78125],
					[574.1988636]
				],
				"y": [
					[151.0134943],
					[289.209517],
					[289.8103693],
					[382.9424716],
					[378.7365057]
				]
			},
			{
				"name": "HIV",
				"labelposition": [134.375,41.65838068,24.63494318,10.81534091],
				"symbolposition": [161.4133523,43.4609375,36.65198864,9.012784091],
				"x": [
					[45.44886364],
					[103.7315341],
					[163.2159091],
					[219.6960227],
					[280.3821023],
					[338.6647727],
					[397.5482955],
					[455.2301136],
					[572.3963068]
				],
				"y": [
					[12.81747159],
					[151.6143466],
					[151.6143466],
					[289.209517],
					[199.6825284],
					[336.0759943],
					[293.415483],
					[335.475142],
					[244.1455966]
				]
			},
			{
				"name": "organic farming",
				"labelposition": [76.09232955,53.07457386,82.91761364,16.22301136],
				"symbolposition": [161.4133523,53.07457386,43.86221591,13.81960227],
				"x": [
					[46.65056818],
					[104.9332386],
					[163.2159091],
					[222.7002841],
					[279.1803977],
					[336.8622159],
					[398.1491477],
					[455.2301136],
					[515.3153409],
					[575.4005682]
				],
				"y": [
					[152.8160511],
					[244.7464489],
					[291.0120739],
					[381.740767],
					[242.943892],
					[383.5433239],
					[379.9382102],
					[292.8146307],
					[383.5433239],
					[380.5390625]
				]
			}
		],
		"plotpos": [44.24715909,12.81747159,530.5525568,368.3224432],
		"xax": {
			"titlepos": [282.7855114,402.1697443,51.67329545,18.62642045],
			"minpos": [41.24289773,386.5475852,14.42045455,17.42471591],
			"maxpos": [562.7826705,386.5475852,21.02982955,14.42045455],
			"type": 1
		},
		"yax": {
			"titlepos": [3.389204545,116.7649148,18.02556818,167.0369318],
			"minpos": [27.42329545,376.3330966,13.21875,12.61789773],
			"maxpos": [30.42755682,6.808948864,9.613636364,12.61789773],
			"type": 1
		}
	}
}
