{
	"data": {
		"imagename": "02395-10.1.1.159.1507-Figure-2",
		"difficult": 0,
		"curves": [
			{
				"name": "pressure",
				"labelposition": [575.4762827,120.8320426,55.05421104,18.55759923],
				"symbolposition": [543.928364,122.0692159,31.54791868,14.84607938],
				"x": [
					[121.4336883],
					[214.2216844],
					[307.6282672],
					[398.5605034],
					[491.3484995]
				],
				"y": [
					[167.2260407],
					[129.4922556],
					[122.6878025],
					[110.9346563],
					[90.52129719]
				]
			},
			{
				"name": "tilt",
				"labelposition": [574.2391094,151.7613746,22.88770571,17.93901258],
				"symbolposition": [544.5469506,154.2357212,30.3107454,14.22749274],
				"x": [
					[121.4336883],
					[212.9845111],
					[305.7725073],
					[397.9419167],
					[491.3484995]
				],
				"y": [
					[133.8223621],
					[133.8223621],
					[123.9249758],
					[141.2454017],
					[127.6364956]
				]
			},
			{
				"name": "inair",
				"labelposition": [575.4762827,183.92788,30.3107454,17.32042594],
				"symbolposition": [543.3097773,187.6393998,30.92933204,14.22749274],
				"x": [
					[121.4336883],
					[214.8402711],
					[307.6282672],
					[399.7976767],
					[489.4927396]
				],
				"y": [
					[123.9249758],
					[111.553243],
					[123.9249758],
					[122.0692159],
					[122.6878025]
				]
			}
		],
		"plotpos": [75.65827686,23.09535334,461.4656341,270.3223621],
		"xax": {
			"titlepos": [263.7086157,331.7700871,85.36495644,21.65053243],
			"minpos": [113.392062,304.5522749,20.41335915,22.26911907],
			"maxpos": [480.21394,305.1708616,24.12487899,22.88770571],
			"type": 1
		},
		"yax": {
			"titlepos": [13.79961278,110.9346563,20.41335915,98.97386254],
			"minpos": [50.91481123,284.1389158,16.7018393,17.93901258],
			"maxpos": [49.67763795,15.67231365,18.55759923,16.7018393],
			"type": 1
		}
	}
}
