{
	"data": {
		"imagename": "02399-10.1.1.145.4824-Figure-1",
		"difficult": 0,
		"curves": [
			{
				"name": "size=10",
				"labelposition": [353.9318182,40.35440341,56.62073864,14.29261364],
				"symbolposition": [329.1946023,41.45383523,23.63778409,9.894886364],
				"x": [
					[94.46590909],
					[159.3323864],
					[224.1988636],
					[297.8607955],
					[349.5340909],
					[424.2954545]
				],
				"y": [
					[71.13849432],
					[189.3274148],
					[228.9069602],
					[261.3401989],
					[276.1825284],
					[287.1768466]
				]
			},
			{
				"name": "size=20",
				"labelposition": [352.8323864,55.19673295,60.46875,13.74289773],
				"symbolposition": [327.5454545,55.74644886,23.08806818,10.44460227],
				"x": [
					[98.31392045],
					[126.3494318],
					[160.4318182],
					[230.2457386],
					[295.1122159],
					[354.4815341],
					[420.9971591]
				],
				"y": [
					[66.19105114],
					[139.852983],
					[215.1640625],
					[249.7961648],
					[269.5859375],
					[280.0305398],
					[287.1768466]
				]
			},
			{
				"name": "size=50",
				"labelposition": [352.2826705,70.0390625,62.66761364,14.29261364],
				"symbolposition": [326.4460227,71.68821023,25.83664773,10.99431818],
				"x": [
					[96.66477273],
					[127.4488636],
					[161.53125],
					[232.4446023],
					[299.5099432],
					[352.8323864],
					[422.0965909]
				],
				"y": [
					[60.14417614],
					[144.8004261],
					[234.4041193],
					[261.3401989],
					[271.7848011],
					[277.8316761],
					[281.6796875]
				]
			}
		],
		"plotpos": [81.27272727,8.470880682,355.1164773,296.8465909],
		"xax": {
			"titlepos": [161.53125,360.2890625,195.6988636,24.1875],
			"minpos": [75.22585227,324.5575284,41.77840909,21.98863636],
			"maxpos": [410.0028409,324.5575284,28.03551136,19.78977273],
			"type": 1
		},
		"yax": {
			"titlepos": [5.411931818,18.91548295,31.88352273,282.5539773],
			"minpos": [44.99147727,279.4808239,16.49147727,32.43323864],
			"maxpos": [42.24289773,5.172585227,22.53835227,28.03551136],
			"type": 1
		}
	}
}
