{
	"data": {
		"imagename": "02398-10.1.1.294.5591-Figure-3",
		"difficult": 0,
		"curves": [
			{
				"name": "Shark",
				"labelposition": [69.67613636,18.22514205,31.84517045,12.01704545],
				"symbolposition": [104.5255682,19.42684659,39.65625,9.613636364],
				"x": [
					[63.66761364],
					[71.47869318],
					[74.48295455],
					[80.49147727],
					[85.89914773],
					[91.30681818],
					[94.91193182],
					[100.9204545],
					[106.328125],
					[111.7357955],
					[117.1434659],
					[121.3494318],
					[127.9588068],
					[135.1690341],
					[141.1775568],
					[146.5852273],
					[153.7954545],
					[157.4005682],
					[162.2073864],
					[166.4133523],
					[173.0227273],
					[177.2286932],
					[183.2372159],
					[188.0440341],
					[193.4517045],
					[200.0610795],
					[204.2670455],
					[210.2755682],
					[215.6832386],
					[218.0866477],
					[223.4943182],
					[229.5028409],
					[233.1079545],
					[239.7173295],
					[245.7258523],
					[250.5326705],
					[255.9403409],
					[260.7471591],
					[267.3565341],
					[270.9616477],
					[275.7684659],
					[278.7727273],
					[285.9829545],
					[290.7897727],
					[295.5965909],
					[301.0042614],
					[305.8110795],
					[310.0170455],
					[316.0255682],
					[320.8323864],
					[328.0426136],
					[331.6477273],
					[337.65625],
					[341.8622159],
					[345.4673295],
					[352.6775568],
					[355.6818182],
					[363.4928977],
					[368.2997159],
					[374.3082386],
					[379.1150568],
					[383.3210227],
					[388.7286932],
					[393.5355114],
					[399.5440341],
					[404.9517045],
					[408.5568182],
					[413.3636364],
					[420.5738636],
					[424.1789773],
					[429.5866477],
					[435.5951705],
					[437.3977273],
					[444.0071023],
					[448.2130682],
					[454.8224432],
					[460.2301136],
					[466.2386364],
					[471.0454545],
					[473.4488636],
					[480.6590909],
					[487.2684659],
					[491.4744318],
					[496.8821023],
					[501.6889205],
					[506.4957386],
					[516.109375],
					[523.9204545],
					[527.5255682],
					[531.7315341],
					[536.5383523],
					[541.9460227],
					[546.7528409],
					[552.1605114],
					[558.1690341],
					[564.1775568],
					[567.7826705],
					[570.7869318]
				],
				"y": [
					[323.4580966],
					[305.4325284],
					[326.462358],
					[360.1100852],
					[342.6853693],
					[362.5134943],
					[376.3330966],
					[187.0646307],
					[75.30610795],
					[51.87286932],
					[41.65838068],
					[41.05752841],
					[90.32741477],
					[114.3615057],
					[74.70525568],
					[66.29332386],
					[116.7649148],
					[57.28053977],
					[71.70099432],
					[123.975142],
					[52.47372159],
					[108.352983],
					[66.29332386],
					[137.193892],
					[84.31889205],
					[111.9580966],
					[152.8160511],
					[117.365767],
					[111.3572443],
					[99.94105114],
					[104.147017],
					[91.52911932],
					[117.365767],
					[123.975142],
					[190.6697443],
					[131.1853693],
					[94.53338068],
					[71.70099432],
					[90.32741477],
					[131.7862216],
					[107.1512784],
					[111.9580966],
					[165.4339489],
					[104.147017],
					[60.28480114],
					[100.5419034],
					[122.7734375],
					[118.5674716],
					[94.53338068],
					[129.9836648],
					[136.5930398],
					[137.193892],
					[61.48650568],
					[122.1725852],
					[81.91548295],
					[90.32741477],
					[132.9879261],
					[151.0134943],
					[158.8245739],
					[151.0134943],
					[122.1725852],
					[196.678267],
					[99.94105114],
					[156.4211648],
					[152.8160511],
					[152.8160511],
					[140.1981534],
					[175.0475852],
					[179.8544034],
					[131.1853693],
					[176.2492898],
					[169.0390625],
					[187.0646307],
					[178.0518466],
					[131.1853693],
					[140.1981534],
					[170.8416193],
					[99.94105114],
					[132.9879261],
					[111.3572443],
					[163.631392],
					[105.9495739],
					[142.0007102],
					[131.1853693],
					[179.8544034],
					[125.7776989],
					[173.2450284],
					[158.8245739],
					[174.446733],
					[132.9879261],
					[131.1853693],
					[167.2365057],
					[172.6441761],
					[127.5802557],
					[148.009233],
					[74.70525568],
					[138.3955966],
					[120.3700284]
				]
			},
			{
				"name": "BFS",
				"labelposition": [76.88636364,30.84303977,26.4375,10.21448864],
				"symbolposition": [104.5255682,30.2421875,40.25710227,10.81534091],
				"x": [
					[64.26846591],
					[70.27698864],
					[76.28551136],
					[81.69318182],
					[85.29829545],
					[90.10511364],
					[95.51278409],
					[100.3196023],
					[105.1264205],
					[111.7357955],
					[115.9417614],
					[123.1519886],
					[124.9545455],
					[132.1647727],
					[137.5724432],
					[153.1946023],
					[159.203125],
					[161.0056818],
					[165.8125],
					[173.0227273],
					[175.4261364],
					[183.2372159],
					[189.2457386],
					[223.4943182],
					[230.7045455],
					[233.7088068],
					[258.34375],
					[260.1463068],
					[264.3522727],
					[272.1633523],
					[274.5667614],
					[279.3735795],
					[323.2357955],
					[327.4417614],
					[332.2485795],
					[350.875],
					[353.8792614],
					[363.4928977],
					[368.2997159],
					[371.9048295],
					[382.7201705],
					[388.7286932],
					[390.53125],
					[419.3721591],
					[425.9815341],
					[430.1875],
					[504.0923295],
					[507.0965909],
					[510.7017045],
					[518.5127841],
					[528.7272727],
					[531.7315341],
					[537.1392045],
					[540.7443182],
					[553.3622159],
					[558.7698864],
					[562.375],
					[567.7826705]
				],
				"y": [
					[351.0973011],
					[375.131392],
					[346.290483],
					[212.9012784],
					[217.1072443],
					[268.1796875],
					[380.5390625],
					[328.865767],
					[344.4879261],
					[307.2350852],
					[341.4836648],
					[379.337358],
					[378.1356534],
					[366.118608],
					[381.1399148],
					[381.1399148],
					[365.5177557],
					[369.7237216],
					[352.899858],
					[235.1328125],
					[244.7464489],
					[216.506392],
					[378.1356534],
					[381.740767],
					[376.9339489],
					[382.3416193],
					[381.740767],
					[372.1271307],
					[342.084517],
					[370.3245739],
					[375.131392],
					[383.5433239],
					[381.1399148],
					[377.5348011],
					[381.1399148],
					[379.337358],
					[376.9339489],
					[380.5390625],
					[358.9083807],
					[379.337358],
					[380.5390625],
					[358.9083807],
					[379.337358],
					[379.337358],
					[375.131392],
					[380.5390625],
					[381.1399148],
					[319.852983],
					[352.899858],
					[380.5390625],
					[379.337358],
					[360.1100852],
					[328.865767],
					[381.740767],
					[380.5390625],
					[368.522017],
					[381.740767],
					[377.5348011]
				]
			}
		],
		"plotpos": [58.25994318,13.41832386,514.9303977,366.5198864],
		"xax": {
			"titlepos": [261.3480114,402.7705966,112.359375,18.62642045],
			"minpos": [58.25994318,386.5475852,12.01704545,17.42471591],
			"maxpos": [557.5681818,388.350142,34.84943182,12.01704545],
			"type": 1
		},
		"yax": {
			"titlepos": [4.784090909,86.72230114,21.63068182,230.1264205],
			"minpos": [45.64204545,373.9296875,9.012784091,16.22301136],
			"maxpos": [30.01988636,4.405539773,25.23579545,19.828125],
			"type": 1
		}
	}
}
