{
	"data": {
		"imagename": "02407-10.1.1.152.6073-Figure-3",
		"difficult": 0,
		"curves": [
			{
				"name": "smooth",
				"labelposition": [83.26911907,77.35382381,65.36011617,18.32526621],
				"symbolposition": [151.0726041,77.35382381,59.8625363,18.32526621],
				"x": [
					[127.249758],
					[218.8760891],
					[314.1674734],
					[433.892546],
					[556.6718296]
				],
				"y": [
					[291.7594385],
					[274.6558567],
					[228.231849],
					[152.4874153],
					[63.91529526]
				]
			},
			{
				"name": "bumpy",
				"labelposition": [87.54501452,95.67909003,59.8625363,20.76863504],
				"symbolposition": [152.2942885,99.34414327,62.91674734,14.66021297],
				"x": [
					[127.249758],
					[220.7086157],
					[310.5024201],
					[433.2817038],
					[554.2284608]
				],
				"y": [
					[294.8136496],
					[274.6558567],
					[219.6800581],
					[154.3199419],
					[76.1321394]
				]
			},
			{
				"name": "random",
				"labelposition": [80.82575024,115.8368829,66.58180058,17.1035818],
				"symbolposition": [152.9051307,117.6694095,58.03000968,12.82768635],
				"x": [
					[127.249758],
					[221.9303001],
					[312.945789],
					[435.7250726],
					[554.839303]
				],
				"y": [
					[280.7642788],
					[251.4438529],
					[208.6848984],
					[164.0934172],
					[81.01887706]
				]
			}
		],
		"plotpos": [66.16553727,40.70329138,548.536302,275.4898354],
		"xax": {
			"titlepos": [264.0784124,350.4002904,149.6563408,21.37947725],
			"minpos": [61.88964182,321.0798645,17.71442401,26.26621491],
			"maxpos": [598.2090997,319.2473379,31.15295257,28.09874153],
			"type": 1
		},
		"yax": {
			"titlepos": [2.027105518,142.1030978,25.04453049,74.52274927],
			"minpos": [25.23910939,302.7545983,37.26137464,26.26621491],
			"maxpos": [11.80058083,30.31897386,47.03484995,21.99031946],
			"type": 2
		}
	}
}
