{
	"data": {
		"imagename": "02406-10.1.1.360.7425-Figure-6",
		"difficult": 0,
		"curves": [
			{
				"name": "Averages",
				"labelposition": [402.0653409,149.4708807,85.29545455,18.95454545],
				"symbolposition": [495.0610795,151.2478693,65.15625,13.62357955],
				"x": [
					[131.9630682],
					[149.7329545],
					[169.2798295],
					[189.4190341],
					[227.328125],
					[245.6903409],
					[261.0909091],
					[301.3693182],
					[338.6860795],
					[374.2258523],
					[431.0894886],
					[487.3607955],
					[525.8622159],
					[580.3565341]
				],
				"y": [
					[127.5546875],
					[206.334517],
					[219.365767],
					[215.8117898],
					[200.4112216],
					[187.9723011],
					[184.4183239],
					[167.240767],
					[156.5788352],
					[147.693892],
					[133.477983],
					[127.5546875],
					[122.2237216],
					[122.2237216]
				]
			},
			{
				"name": "Copies",
				"labelposition": [418.0582386,169.0177557,71.671875,21.32386364],
				"symbolposition": [494.46875,171.9794034,65.74857955,12.43892045],
				"x": [
					[130.1860795],
					[151.5099432],
					[185.2727273],
					[223.7741477],
					[244.5056818],
					[261.6832386],
					[280.0454545],
					[297.8153409],
					[338.6860795],
					[373.6335227],
					[489.1377841],
					[578.5795455]
				],
				"y": [
					[122.2237216],
					[168.4254261],
					[156.5788352],
					[144.1399148],
					[139.993608],
					[133.477983],
					[129.3316761],
					[125.7776989],
					[138.2166193],
					[135.2549716],
					[132.8856534],
					[134.662642]
				]
			},
			{
				"name": "Scoring",
				"labelposition": [413.3196023,186.1953125,77.00284091,24.87784091],
				"symbolposition": [497.4303977,192.118608,59.82528409,14.21590909],
				"x": [
					[133.1477273],
					[149.7329545],
					[169.2798295],
					[187.0497159],
					[225.5511364],
					[261.0909091],
					[278.8607955],
					[298.4076705],
					[338.6860795],
					[373.6335227],
					[429.3125],
					[484.3991477],
					[524.6775568],
					[577.9872159]
				],
				"y": [
					[138.2166193],
					[161.9098011],
					[201.0035511],
					[225.881392],
					[262.0134943],
					[272.6754261],
					[276.2294034],
					[281.5603693],
					[292.8146307],
					[305.8458807],
					[317.100142],
					[327.7620739],
					[328.3544034],
					[327.1697443]
				]
			},
			{
				"name": "Full",
				"labelposition": [451.8210227,208.7038352,37.31676136,21.32386364],
				"symbolposition": [495.0610795,214.0348011,64.56392045,11.84659091],
				"x": [
					[131.3707386],
					[149.7329545],
					[169.2798295],
					[187.6420455],
					[204.8196023],
					[225.5511364],
					[245.0980114],
					[263.4602273],
					[283.0071023],
					[301.3693182],
					[338.09375],
					[376.0028409],
					[431.0894886],
					[486.1761364],
					[524.6775568],
					[578.5795455]
				],
				"y": [
					[127.5546875],
					[205.7421875],
					[242.4666193],
					[260.8288352],
					[274.4524148],
					[280.3757102],
					[286.8913352],
					[291.037642],
					[290.4453125],
					[287.4836648],
					[291.037642],
					[296.368608],
					[299.3302557],
					[305.2535511],
					[307.6228693],
					[307.6228693]
				]
			},
			{
				"name": "Only Height",
				"labelposition": [379.5568182,228.2507102,113.1349432,21.32386364],
				"symbolposition": [497.4303977,231.8046875,61.00994318,15.99289773],
				"x": [
					[411.5426136],
					[450.6363636],
					[486.1761364],
					[578.5795455]
				],
				"y": [
					[48.18252841],
					[74.83735795],
					[108.0078125],
					[152.4325284]
				]
			}
		],
		"plotpos": [110.6392045,46.40553977,468.5326705,303.8650568],
		"xax": {
			"titlepos": [308.4772727,389.9566761,76.41051136,25.47017045],
			"minpos": [106.4928977,361.524858,15.99289773,21.32386364],
			"maxpos": [566.7329545,358.5632102,29.61647727,27.83948864],
			"type": 1
		},
		"yax": {
			"titlepos": [2.835227273,122.2237216,27.83948864,150.4517045],
			"minpos": [58.51420455,336.0546875,46.79403409,24.87784091],
			"maxpos": [52.59090909,33.96661932,52.125,26.65482955],
			"type": 1
		}
	}
}
