{
	"data": {
		"imagename": "02417-10.1.1.14.5769-Figure-2",
		"difficult": 0,
		"curves": [
			{
				"name": "D: estimated unaffected",
				"labelposition": [452.5767045,32.81036932,144.5639205,17.32102273],
				"symbolposition": [599.1392045,37.47372159,28.64630682,10.65909091],
				"x": [
					[77.50994318],
					[96.16335227],
					[119.4801136],
					[136.1349432],
					[153.4559659],
					[183.4346591],
					[250.7201705],
					[318.671875],
					[418.6008523],
					[555.1704545],
					[637.7784091]
				],
				"y": [
					[289.2947443],
					[401.2151989],
					[409.8757102],
					[409.8757102],
					[417.2038352],
					[416.537642],
					[419.868608],
					[421.2009943],
					[424.5319602],
					[423.1995739],
					[425.8643466]
				]
			},
			{
				"name": "D: guaranteed unaffected",
				"labelposition": [443.9161932,48.79900568,152.5582386,16.65482955],
				"symbolposition": [599.8053977,51.46377841,29.97869318,11.32528409],
				"x": [
					[77.50994318],
					[98.828125],
					[115.4829545],
					[133.4701705],
					[164.1150568],
					[172.109375],
					[190.0965909],
					[208.75],
					[226.0710227],
					[282.6974432],
					[338.6576705],
					[393.9517045],
					[472.5625],
					[544.5113636],
					[598.4730114],
					[638.4446023]
				],
				"y": [
					[30.81178977],
					[113.4197443],
					[157.3884943],
					[244.6598011],
					[267.9765625],
					[277.303267],
					[320.6058239],
					[320.6058239],
					[332.5973011],
					[340.5916193],
					[341.9240057],
					[342.5901989],
					[345.9211648],
					[349.2521307],
					[353.2492898],
					[352.5830966]
				]
			}
		],
		"plotpos": [76.84375,24.81605114,562.9332386,410.375],
		"xax": {
			"titlepos": [296.0213068,454.5106534,121.9133523,13.32386364],
			"minpos": [68.84943182,441.1867898,14.65625,14.65625],
			"maxpos": [619.125,439.8544034,31.97727273,14.65625],
			"type": 1
		},
		"yax": {
			"titlepos": [0.8977272727,213.3487216,19.98579545,37.30681818],
			"minpos": [56.19176136,427.196733,14.65625,15.98863636],
			"maxpos": [56.85795455,18.8203125,11.99147727,13.32386364],
			"type": 1
		}
	}
}
