{
	"data": {
		"imagename": "02421-10.1.1.4.133-Figure-4",
		"difficult": 0,
		"curves": [
			{
				"name": "Planner",
				"labelposition": [371.4403409,121.9992898,65.12642045,22.40909091],
				"symbolposition": [314.7173295,123.399858,53.921875,14.70596591],
				"x": [
					[99.73011364],
					[526.9034091]
				],
				"y": [
					[77.18110795],
					[78.58167614]
				]
			},
			{
				"name": "Planner+SCOPE",
				"labelposition": [372.8409091,149.3103693,118.3480114,26.61079545],
				"symbolposition": [314.0170455,155.6129261,52.52130682,12.60511364],
				"x": [
					[99.02982955],
					[143.8480114],
					[185.1647727],
					[227.8821023],
					[314.0170455],
					[358.1349432],
					[400.1519886],
					[442.8693182],
					[486.9872159],
					[524.1022727]
				],
				"y": [
					[77.88139205],
					[163.3160511],
					[203.2322443],
					[291.4680398],
					[332.7848011],
					[358.6953125],
					[364.9978693],
					[376.9026989],
					[376.9026989],
					[377.602983]
				]
			}
		],
		"plotpos": [99.02982955,8.553267045,427.8735795,400.5625],
		"xax": {
			"titlepos": [238.3863636,470.040483,145.6590909,22.40909091],
			"minpos": [87.125,423.821733,24.50994318,18.20738636],
			"maxpos": [510.0965909,423.821733,32.21306818,20.30823864],
			"type": 1
		},
		"yax": {
			"titlepos": [2.390625,131.803267,32.21306818,157.5639205],
			"minpos": [75.92045455,397.9112216,17.50710227,22.40909091],
			"maxpos": [55.61221591,2.250710227,39.21590909,20.30823864],
			"type": 1
		}
	}
}
