{
	"data": {
		"imagename": "02420-10.1.1.225.1105-Figure-1",
		"difficult": 0,
		"curves": [
			{
				"name": "BNC",
				"labelposition": [561.6306818,53.52911932,43.35227273,20.12784091],
				"symbolposition": [510.5369318,52.75497159,46.44886364,19.35369318],
				"x": 110.3025568,
				"y": 108.493608
			},
			{
				"name": "AP",
				"labelposition": [558.5340909,73.65696023,30.19176136,20.90198864],
				"symbolposition": [512.0852273,73.65696023,44.90056818,21.67613636],
				"x": [
					[118.8181818],
					[166.0411932],
					[193.9105114],
					[242.6818182],
					[270.5511364],
					[295.3238636],
					[363.4488636],
					[429.2514205],
					[491.9573864]
				],
				"y": [
					[168.8771307],
					[217.6484375],
					[253.259233],
					[267.193892],
					[278.0319602],
					[284.9992898],
					[298.9339489],
					[312.868608],
					[319.0617898]
				]
			},
			{
				"name": "NYT",
				"labelposition": [561.6306818,96.10724432,41.02982955,20.90198864],
				"symbolposition": [512.0852273,98.4296875,44.12642045,14.70880682],
				"x": [
					[117.2698864],
					[159.0738636],
					[206.296875],
					[214.8125],
					[261.2613636],
					[340.2244318],
					[445.5085227],
					[484.2159091],
					[554.6633523],
					[602.6605114],
					[618.1434659]
				],
				"y": [
					[204.4879261],
					[269.5163352],
					[313.6427557],
					[318.287642],
					[331.4481534],
					[353.8984375],
					[363.962358],
					[368.6072443],
					[370.9296875],
					[377.1228693],
					[377.1228693]
				]
			},
			{
				"name": "Google",
				"labelposition": [559.3082386,119.3316761,62.70596591,20.12784091],
				"symbolposition": [510.5369318,120.1058239,46.44886364,13.93465909],
				"x": [
					[66.95028409],
					[621.2400568]
				],
				"y": [
					[363.962358],
					[363.1882102]
				]
			}
		],
		"plotpos": [64.62784091,44.23934659,565.1278409,445.1349432],
		"xax": {
			"titlepos": [128.1079545,522.662642,440.4900568,21.67613636],
			"minpos": [59.20880682,497.8899148,13.93465909,29.41761364],
			"maxpos": [596.4673295,500.9865057,26.32102273,20.90198864],
			"type": 1
		},
		"yax": {
			"titlepos": [1.921875,180.4893466,27.09517045,168.7642045],
			"minpos": [40.62926136,478.5362216,17.80539773,22.45028409],
			"maxpos": [31.33948864,28.75639205,27.09517045,30.96590909],
			"type": 1
		}
	}
}
