{
	"data": {
		"imagename": "02429-10.1.1.363.8088-Figure-4",
		"difficult": 0,
		"curves": [
			{
				"name": "Exp. - With LP",
				"labelposition": [488.7471591,236.7450284,114.0284091,20.62215909],
				"symbolposition": [442.6505682,242.8103693,36.99857955,10.91761364],
				"x": [
					[120.5809659],
					[178.2017045],
					[235.8224432],
					[300.7215909],
					[409.8977273],
					[497.8451705],
					[591.2514205]
				],
				"y": [
					[123.9296875],
					[125.1427557],
					[82.68536932],
					[62.06321023],
					[39.62144886],
					[31.73650568],
					[17.78622159]
				]
			},
			{
				"name": "Nov. - With LP",
				"labelposition": [486.9275568,259.1867898,117.6676136,18.80255682],
				"symbolposition": [439.6178977,261.6129261,38.21164773,13.95028409],
				"x": [
					[116.9417614],
					[178.8082386],
					[267.96875],
					[368.046875],
					[445.0767045],
					[529.3849432],
					[590.6448864]
				],
				"y": [
					[130.6015625],
					[141.5191761],
					[139.6995739],
					[128.7819602],
					[117.8643466],
					[108.7663352],
					[105.1271307]
				]
			},
			{
				"name": "Exp. - No LP",
				"labelposition": [486.9275568,277.3828125,103.7173295,20.015625],
				"symbolposition": [439.0113636,281.022017,33.359375,12.73721591],
				"x": [
					[116.9417614],
					[178.8082386],
					[252.1988636],
					[314.0653409],
					[409.8977273],
					[475.4034091],
					[542.7286932],
					[590.6448864]
				],
				"y": [
					[254.334517],
					[255.5475852],
					[199.1399148],
					[157.8955966],
					[111.7990057],
					[102.7009943],
					[77.83309659],
					[67.52201705]
				]
			},
			{
				"name": "Nov. - No LP",
				"labelposition": [485.1079545,298.0049716,108.5696023,18.19602273],
				"symbolposition": [440.8309659,301.6441761,38.21164773,10.31107955],
				"x": [
					[116.9417614],
					[178.8082386],
					[230.9701705],
					[317.7045455],
					[360.7684659],
					[410.5042614],
					[471.7642045],
					[530.5980114],
					[590.6448864]
				],
				"y": [
					[279.8089489],
					[295.5788352],
					[295.5788352],
					[276.1697443],
					[264.0390625],
					[259.1867898],
					[215.5163352],
					[204.5987216],
					[216.7294034]
				]
			}
		],
		"plotpos": [98.74573864,7.475142045,510.0951705,318.4303977],
		"xax": {
			"titlepos": [210.9545455,398.6896307,288.1036932,24.86789773],
			"minpos": [80.54971591,341.068892,45.49005682,41.24431818],
			"maxpos": [557.2855114,341.6754261,43.06392045,42.45738636],
			"type": 3
		},
		"yax": {
			"titlepos": [2.913352273,119.6839489,29.11363636,94.61931818],
			"minpos": [49.61647727,288.9069602,26.08096591,21.83522727],
			"maxpos": [49.61647727,59.63707386,28.50710227,26.08096591],
			"type": 1
		}
	}
}
