{
	"data": {
		"imagename": "02437-10.1.1.207.5424-Figure-2",
		"difficult": 0,
		"curves": [
			{
				"name": "(b,n)-early",
				"labelposition": [422.7784091,303.3742898,88.95170455,20.671875],
				"symbolposition": [515.4886364,307.1328125,55.75142045,13.78125],
				"x": [
					[135.8778409],
					[339.4644886],
					[544.9303977]
				],
				"y": [
					[369.774858],
					[236.9737216],
					[88.51207386]
				]
			},
			{
				"name": "(b,n)-late",
				"labelposition": [435.9332386,323.4197443,75.17045455,18.16619318],
				"symbolposition": [514.2357955,325.2990057,57.63068182,13.78125],
				"x": [
					[168.4517045],
					[368.2798295],
					[576.8778409]
				],
				"y": [
					[316.5291193],
					[166.8146307],
					[65.9609375]
				]
			},
			{
				"name": "(b,e,n)-early",
				"labelposition": [409.6235795,339.7066761,100.2272727,22.55113636],
				"symbolposition": [514.8622159,342.8387784,54.49857955,14.40767045],
				"x": [
					[145.9005682],
					[358.2571023],
					[558.0852273]
				],
				"y": [
					[338.4538352],
					[182.475142],
					[91.01775568]
				]
			},
			{
				"name": "(b,e,n)-late",
				"labelposition": [419.0198864,358.4992898,91.45738636,19.41903409],
				"symbolposition": [510.4772727,359.1257102,63.26846591,16.28693182],
				"x": [
					[181.6065341],
					[386.4460227],
					[591.9119318]
				],
				"y": [
					[282.7024148],
					[157.4183239],
					[40.90411932]
				]
			}
		],
		"plotpos": [85.76420455,13.34161932,504.2684659,370.2144886],
		"xax": {
			"titlepos": [211.0482955,416.756392,254.3267045,22.55113636],
			"minpos": [73.86221591,391.0731534,28.18892045,21.92471591],
			"maxpos": [433.4275568,392.9524148,35.70596591,16.28693182],
			"type": 2
		},
		"yax": {
			"titlepos": [-0.05539772727,80.36860795,26.93607955,238.0397727],
			"minpos": [35.02414773,371.6541193,43.84943182,23.80397727],
			"maxpos": [35.65056818,2.692471591,43.22301136,25.68323864],
			"type": 1
		}
	}
}
