{
	"data": {
		"imagename": "02433-10.1.1.2.453-Figure-1",
		"difficult": 0,
		"curves": [
			{
				"name": "AR Model",
				"labelposition": [449.4488636,122.2393466,58.46448864,14.06107955],
				"symbolposition": [423.546875,123.7194602,25.90198864,10.36079545],
				"x": [
					[98.66193182],
					[118.6434659],
					[129.0042614],
					[160.0866477],
					[194.8693182],
					[208.1903409],
					[246.6732955],
					[268.875],
					[279.2357955],
					[321.4190341],
					[339.1803977],
					[362.8622159],
					[388.0241477],
					[405.0454545],
					[438.3480114],
					[474.6107955],
					[490.1519886],
					[511.6136364],
					[545.65625],
					[578.21875]
				],
				"y": [
					[470.0660511],
					[416.0419034],
					[372.3785511],
					[330.1953125],
					[276.9112216],
					[267.290483],
					[223.6271307],
					[208.0859375],
					[203.6455966],
					[171.0830966],
					[162.2024148],
					[142.2208807],
					[130.3799716],
					[117.0589489],
					[94.85724432],
					[72.65553977],
					[62.29474432],
					[61.5546875],
					[55.63423295],
					[46.75355114]
				]
			},
			{
				"name": "ARMA Model",
				"labelposition": [450.1889205,135.5603693,71.04545455,14.80113636],
				"symbolposition": [423.546875,137.040483,25.90198864,13.32102273],
				"x": [
					[100.8821023],
					[107.5426136],
					[120.8636364],
					[138.625],
					[156.3863636],
					[165.2670455],
					[197.0894886],
					[217.8110795],
					[239.2727273],
					[280.7159091],
					[306.6178977],
					[321.4190341],
					[358.421875],
					[399.125],
					[427.2471591],
					[465.7301136],
					[516.0539773],
					[545.65625]
				],
				"y": [
					[383.4794034],
					[331.6754261],
					[279.8714489],
					[242.868608],
					[216.9666193],
					[213.2663352],
					[182.1839489],
					[170.3430398],
					[145.9211648],
					[125.9396307],
					[113.3586648],
					[102.9978693],
					[94.1171875],
					[78.57599432],
					[67.47514205],
					[59.33451705],
					[48.97372159],
					[44.53338068]
				]
			},
			{
				"name": "Stance Correlation",
				"labelposition": [450.1889205,151.1015625,101.3877841,13.32102273],
				"symbolposition": [425.0269886,153.321733,25.16193182,10.36079545],
				"x": [
					[100.8821023],
					[111.2428977],
					[123.0838068],
					[140.1051136],
					[149.7258523],
					[169.7073864],
					[185.2485795],
					[207.4502841],
					[226.6917614],
					[245.9332386],
					[270.3551136],
					[302.1775568],
					[325.1193182],
					[343.6207386],
					[383.5838068],
					[409.4857955],
					[439.0880682],
					[462.7698864],
					[490.1519886],
					[523.4545455],
					[549.3565341],
					[570.078125]
				],
				"y": [
					[344.9964489],
					[304.2933239],
					[272.4708807],
					[241.3884943],
					[237.6882102],
					[214.7464489],
					[194.7649148],
					[174.7833807],
					[151.1015625],
					[145.9211648],
					[125.1995739],
					[105.9580966],
					[101.5177557],
					[90.41690341],
					[85.9765625],
					[83.01633523],
					[76.35582386],
					[72.65553977],
					[67.47514205],
					[54.15411932],
					[54.89417614],
					[45.2734375]
				]
			},
			{
				"name": "DTW\/HMM",
				"labelposition": [450.1889205,163.6825284,68.08522727,15.54119318],
				"symbolposition": [425.7670455,166.6427557,22.20170455,10.36079545],
				"x": [
					[102.3622159],
					[107.5426136],
					[117.9034091],
					[133.4446023],
					[148.9857955],
					[165.2670455],
					[180.8082386],
					[203.75],
					[231.1321023],
					[257.7741477],
					[271.8352273],
					[296.9971591],
					[323.6392045],
					[352.5014205],
					[376.1832386],
					[410.2258523],
					[447.96875],
					[462.7698864]
				],
				"y": [
					[333.8955966],
					[286.5319602],
					[240.6484375],
					[199.2052557],
					[181.443892],
					[159.2421875],
					[151.1015625],
					[123.7194602],
					[109.6583807],
					[97.81747159],
					[85.9765625],
					[74.87571023],
					[68.21519886],
					[60.07457386],
					[54.15411932],
					[50.45383523],
					[47.49360795],
					[45.2734375]
				]
			}
		],
		"plotpos": [94.22159091,45.2734375,510.6392045,440.3338068],
		"xax": {
			"titlepos": [331.7798295,504.1086648,35.52272727,14.80113636],
			"minpos": [88.30113636,488.5674716,10.36079545,17.76136364],
			"maxpos": [590.0596591,488.5674716,24.421875,17.76136364],
			"type": 1
		},
		"yax": {
			"titlepos": [50.55823864,122.9794034,19.98153409,284.1818182],
			"minpos": [75.72017045,478.946733,16.28125,14.06107955],
			"maxpos": [68.31960227,35.65269886,23.68181818,19.24147727],
			"type": 1
		}
	}
}
