{
	"data": {
		"imagename": "02435-10.1.1.148.6426-Figure-3",
		"difficult": 0,
		"curves": [
			{
				"name": "d=5",
				"labelposition": [115.3380682,17.19105114,32.44176136,15.98579545],
				"symbolposition": [152.0113636,21.42258523,49.36789773,7.522727273],
				"x": [
					[106.875],
					[118.1590909],
					[132.2642045],
					[155.3025568],
					[167.9971591],
					[180.2215909],
					[194.3267045],
					[207.9616477],
					[215.484375],
					[232.8806818],
					[241.8139205],
					[267.6732955],
					[279.4275568],
					[290.7116477]
				],
				"y": [
					[245.693892],
					[227.8274148],
					[216.5433239],
					[201.4978693],
					[177.0490057],
					[172.3473011],
					[138.024858],
					[134.2634943],
					[111.225142],
					[103.2322443],
					[91.94815341],
					[43.05042614],
					[32.70667614],
					[13.89985795]
				]
			},
			{
				"name": "k=5",
				"labelposition": [115.3380682,32.70667614,32.44176136,15.515625],
				"symbolposition": [148.7201705,33.64701705,51.24857955,13.16477273],
				"x": [
					[106.875],
					[119.5696023],
					[130.8536932],
					[143.078125],
					[157.1832386],
					[170.3480114],
					[179.7514205],
					[206.0809659],
					[218.3053977],
					[230.5298295],
					[242.7542614],
					[255.4488636],
					[265.3224432],
					[280.3678977],
					[304.3465909],
					[317.0411932],
					[328.7954545],
					[336.7883523]
				],
				"y": [
					[248.9850852],
					[237.7009943],
					[217.9538352],
					[223.5958807],
					[205.259233],
					[196.3259943],
					[178.9296875],
					[163.884233],
					[129.5617898],
					[133.7933239],
					[125.3302557],
					[103.2322443],
					[89.12713068],
					[86.30610795],
					[59.03622159],
					[43.05042614],
					[37.40838068],
					[13.89985795]
				]
			},
			{
				"name": "d=4",
				"labelposition": [114.8678977,50.57315341,33.38210227,14.10511364],
				"symbolposition": [152.9517045,51.51349432,48.89772727,10.34375],
				"x": [
					[108.2855114],
					[118.1590909],
					[132.2642045],
					[143.5482955],
					[157.1832386],
					[169.8778409],
					[179.28125],
					[193.8565341],
					[206.5511364],
					[219.2457386],
					[229.1193182],
					[241.8139205],
					[266.7329545],
					[277.546875],
					[292.1221591],
					[303.40625],
					[314.6903409],
					[328.7954545],
					[341.4900568],
					[351.3636364],
					[366.8792614],
					[390.3877841],
					[395.5596591]
				],
				"y": [
					[256.5078125],
					[248.9850852],
					[245.2237216],
					[241.462358],
					[229.2379261],
					[217.0134943],
					[215.1328125],
					[197.7365057],
					[199.6171875],
					[183.631392],
					[160.5930398],
					[151.6598011],
					[128.6214489],
					[122.9794034],
					[119.6882102],
					[86.30610795],
					[84.89559659],
					[85.36576705],
					[59.50639205],
					[53.39417614],
					[33.64701705],
					[22.36292614],
					[15.31036932]
				]
			},
			{
				"name": "k=4",
				"labelposition": [116.2784091,64.20809659,30.56107955,16.45596591],
				"symbolposition": [151.5411932,66.55894886,50.77840909,14.57528409],
				"x": [
					[107.8153409],
					[119.0994318],
					[129.4431818],
					[144.0184659],
					[157.6534091],
					[168.4673295],
					[180.2215909],
					[194.796875],
					[218.3053977],
					[232.8806818],
					[243.2244318],
					[254.0383523],
					[266.7329545],
					[278.9573864],
					[293.0625],
					[304.3465909],
					[328.7954545],
					[341.4900568],
					[354.1846591],
					[365.46875],
					[390.3877841],
					[403.0823864],
					[416.7173295],
					[437.875],
					[451.5099432]
				],
				"y": [
					[261.209517],
					[256.037642],
					[253.2166193],
					[253.6867898],
					[246.1640625],
					[235.350142],
					[237.7009943],
					[224.0660511],
					[217.0134943],
					[203.3785511],
					[201.9680398],
					[203.3785511],
					[181.7507102],
					[187.3927557],
					[177.0490057],
					[164.3544034],
					[154.4808239],
					[141.3160511],
					[131.4424716],
					[138.024858],
					[125.3302557],
					[115.4566761],
					[101.3515625],
					[83.01491477],
					[84.42542614]
				]
			},
			{
				"name": "d=3",
				"labelposition": [113.9275568,81.13423295,33.85227273,15.04545455],
				"symbolposition": [152.0113636,84.89559659,52.65909091,7.992897727],
				"x": [
					[106.875],
					[118.1590909],
					[143.078125],
					[156.2428977],
					[168.9375],
					[179.7514205],
					[206.0809659],
					[227.7088068],
					[243.6946023],
					[255.4488636],
					[278.0170455],
					[292.1221591],
					[306.2272727],
					[315.6306818],
					[328.7954545],
					[340.0795455],
					[353.7144886],
					[375.3423295],
					[389.9176136],
					[400.7315341],
					[415.7769886],
					[428.4715909],
					[441.1661932],
					[450.5696023]
				],
				"y": [
					[284.7180398],
					[272.493608],
					[272.0234375],
					[261.209517],
					[256.037642],
					[256.037642],
					[242.4026989],
					[222.1853693],
					[232.5291193],
					[229.7080966],
					[206.1995739],
					[206.1995739],
					[193.0348011],
					[184.1015625],
					[186.4524148],
					[173.7578125],
					[166.7052557],
					[162.0035511],
					[154.0106534],
					[151.6598011],
					[138.024858],
					[145.0774148],
					[117.337358],
					[122.509233]
				]
			},
			{
				"name": "k=3",
				"labelposition": [114.8678977,97.12002841,32.44176136,15.515625],
				"symbolposition": [152.4815341,99.94105114,47.95738636,11.28409091],
				"x": [
					[107.8153409],
					[171.2883523],
					[179.28125],
					[192.4460227],
					[206.5511364],
					[220.1860795],
					[241.8139205],
					[253.5681818],
					[265.3224432],
					[279.4275568],
					[292.1221591],
					[317.5113636],
					[330.2059659],
					[354.1846591],
					[366.8792614],
					[376.7528409],
					[391.328125],
					[415.3068182],
					[427.0610795],
					[439.7556818],
					[450.5696023]
				],
				"y": [
					[283.3075284],
					[283.3075284],
					[273.4339489],
					[272.0234375],
					[265.9112216],
					[272.493608],
					[259.7990057],
					[264.5007102],
					[260.2691761],
					[259.7990057],
					[252.7464489],
					[260.7393466],
					[253.6867898],
					[252.7464489],
					[249.9254261],
					[250.3955966],
					[239.1115057],
					[235.350142],
					[231.118608],
					[241.462358],
					[232.0589489]
				]
			}
		],
		"plotpos": [105.4644886,11.54900568,346.515625,273.1690341],
		"xax": {
			"titlepos": [202.7897727,317.1598011,149.984375,13.63494318],
			"minpos": [120.5099432,290.8302557,25.859375,21.15767045],
			"maxpos": [417.1875,290.3600852,30.09090909,18.80681818],
			"type": 1
		},
		"yax": {
			"titlepos": [1.086647727,45.40127841,29.15056818,215.3380682],
			"minpos": [86.65767045,273.4339489,10.34375,21.62784091],
			"maxpos": [46.22301136,4.496448864,55.95028409,16.92613636],
			"type": 2
		}
	}
}
