{
	"data": {
		"imagename": "02436-10.1.1.186.2705-Figure-3",
		"difficult": 0,
		"curves": [
			{
				"name": "Proposed linear classifier",
				"labelposition": [110.4772727,28.61434659,213.6690341,18.74289773],
				"symbolposition": [76.20454545,30.22088068,32.13068182,13.92329545],
				"x": [
					[56.390625],
					[66.56534091],
					[74.59801136],
					[87.45028409],
					[99.23153409],
					[108.8707386],
					[116.9034091],
					[130.8267045],
					[139.3948864],
					[152.2471591],
					[162.9573864],
					[173.6676136],
					[183.3068182],
					[192.9460227],
					[206.8693182],
					[217.0440341],
					[225.6122159],
					[237.3934659],
					[249.1747159],
					[257.7428977],
					[272.7372159],
					[279.6988636],
					[290.9446023],
					[303.2613636],
					[311.8295455],
					[323.0752841],
					[345.03125],
					[355.2059659],
					[366.4517045],
					[379.3039773],
					[408.2215909],
					[418.3963068],
					[431.2485795],
					[442.4943182],
					[450.5269886],
					[462.84375]
				],
				"y": [
					[262.6328125],
					[273.8785511],
					[269.5944602],
					[272.8075284],
					[248.1740057],
					[272.272017],
					[272.272017],
					[257.8132102],
					[263.1683239],
					[276.556108],
					[253.5291193],
					[274.4140625],
					[254.600142],
					[256.7421875],
					[241.7478693],
					[237.4637784],
					[246.5674716],
					[247.102983],
					[262.6328125],
					[241.7478693],
					[271.2009943],
					[253.5291193],
					[261.0262784],
					[248.709517],
					[231.5731534],
					[259.4197443],
					[266.381392],
					[244.9609375],
					[270.665483],
					[233.7151989],
					[259.9552557],
					[256.2066761],
					[233.1796875],
					[252.993608],
					[244.9609375],
					[238.5348011]
				]
			},
			{
				"name": "Plugin linear classifier",
				"labelposition": [108.8707386,51.10582386,183.6803977,21.42045455],
				"symbolposition": [73.52698864,56.4609375,35.34375,10.17471591],
				"x": [
					[56.390625],
					[65.49431818],
					[78.34659091],
					[87.98579545],
					[99.23153409],
					[118.5099432],
					[134.0397727],
					[150.640625],
					[162.9573864],
					[172.0610795],
					[184.3778409],
					[194.0170455],
					[203.65625],
					[220.7926136],
					[226.1477273],
					[237.9289773],
					[249.1747159],
					[258.8139205],
					[269.5241477],
					[279.6988636],
					[290.4090909],
					[302.1903409],
					[312.9005682],
					[324.1463068],
					[339.140625],
					[366.4517045],
					[378.7684659],
					[388.4076705],
					[398.5823864],
					[412.5056818],
					[421.609375],
					[440.3522727],
					[452.6690341],
					[461.7727273]
				],
				"y": [
					[257.8132102],
					[263.1683239],
					[237.9992898],
					[243.3544034],
					[220.3274148],
					[216.0433239],
					[205.868608],
					[209.0816761],
					[174.2734375],
					[178.5575284],
					[161.9566761],
					[173.2024148],
					[155.5305398],
					[144.2848011],
					[136.2521307],
					[144.2848011],
					[136.2521307],
					[123.399858],
					[140.0007102],
					[107.334517],
					[115.3671875],
					[107.8700284],
					[83.23650568],
					[104.1214489],
					[85.9140625],
					[73.06178977],
					[55.92542614],
					[53.24786932],
					[41.46661932],
					[63.95809659],
					[40.93110795],
					[24.86576705],
					[37.18252841],
					[16.83309659]
				]
			},
			{
				"name": "Optimal Bayes error rate",
				"labelposition": [108.8707386,73.59730114,194.9261364,17.13636364],
				"symbolposition": [75.13352273,76.27485795,33.20170455,7.497159091],
				"x": [
					[55.85511364],
					[463.3792614]
				],
				"y": [
					[279.7691761],
					[279.2336648]
				]
			}
		],
		"plotpos": [54.24857955,14.15553977,408.0596591,320.7713068],
		"xax": {
			"titlepos": [199.9076705,356.3473011,105.4957386,18.74289773],
			"minpos": [78.34659091,338.1399148,17.13636364,19.81392045],
			"maxpos": [449.4559659,339.2109375,25.16903409,17.671875],
			"type": 1
		},
		"yax": {
			"titlepos": [5.517045455,126.6129261,17.13636364,84.61079545],
			"minpos": [18.36931818,325.8231534,34.27272727,18.74289773],
			"maxpos": [28.54403409,3.4453125,24.09801136,19.27840909],
			"type": 1
		}
	}
}
