{
	"data": {
		"imagename": "02441-10.1.1.408.1792-Figure-6",
		"difficult": 0,
		"curves": [
			{
				"name": "Brute-force Algorithm",
				"labelposition": [226.6640852,48.62971926,182.6815102,24.06582769],
				"symbolposition": [159.9361084,54.64617619,42.66214908,16.40851888],
				"x": [
					[81.72216844],
					[205.3330106],
					[241.4317522],
					[263.3097773],
					[311.4414327],
					[337.1481123],
					[492.482091],
					[509.9845111]
				],
				"y": [
					[302.9617619],
					[299.1331075],
					[300.7739593],
					[300.2270087],
					[299.1331075],
					[295.304453],
					[188.1021297],
					[42.61326234]
				]
			},
			{
				"name": "Max-Flow Algorithm",
				"labelposition": [226.1171346,72.14859632,177.2120039,25.15972894],
				"symbolposition": [161.5769603,80.35285576,39.3804453,12.03291384],
				"x": [
					[81.17521781],
					[141.339787],
					[203.1452081],
					[243.6195547],
					[264.9506292],
					[336.054211],
					[489.2003872],
					[509.4375605]
				],
				"y": [
					[300.2270087],
					[298.5861568],
					[296.3983543],
					[295.8514037],
					[295.8514037],
					[289.8349468],
					[282.1776379],
					[277.2550823]
				]
			}
		],
		"plotpos": [80.08131655,9.796224589,474.7531462,293.1655373],
		"xax": {
			"titlepos": [104.6940949,339.607454,432.6379477,28.44143272],
			"minpos": [69.6892546,312.2599226,20.23717328,26.80058083],
			"maxpos": [525.8460794,309.5251694,28.44143272,28.44143272],
			"type": 1
		},
		"yax": {
			"titlepos": [2.961277832,9.796224589,32.81703775,304.6515005],
			"minpos": [51.0929332,293.1166505,22.4249758,25.70667957],
			"maxpos": [34.1374637,8.70232333,37.73959342,23.51887706],
			"type": 1
		}
	}
}
