{
	"data": {
		"imagename": "02440-10.1.1.153.3318-Figure-3",
		"difficult": 0,
		"curves": [
			{
				"name": "SVM-once",
				"labelposition": [46.39980639,8.265730881,74.12391094,17.10551791],
				"symbolposition": [18.4607938,10.5464666,26.79864472,11.40367861],
				"x": [
					[47.54017425],
					[64.07550823],
					[81.18102614],
					[106.839303],
					[144.4714424],
					[166.1384318],
					[183.8141336],
					[207.7618587],
					[225.4375605],
					[244.8238141],
					[270.482091],
					[305.2633107],
					[346.8867377],
					[370.8344627],
					[389.6505324],
					[428.9932236],
					[452.9409487],
					[470.0464666],
					[511.6698935],
					[532.7666989],
					[551.0125847]
				],
				"y": [
					[111.4690223],
					[123.4428848],
					[126.8639884],
					[117.7410455],
					[123.4428848],
					[116.6006776],
					[108.6181026],
					[102.9162633],
					[101.2057115],
					[92.65295257],
					[85.8107454],
					[74.4070668],
					[70.41577928],
					[68.70522749],
					[67.56485963],
					[70.98596321],
					[68.70522749],
					[68.70522749],
					[64.14375605],
					[65.28412391],
					[60.15246854]
				]
			},
			{
				"name": "SVM-daily",
				"labelposition": [164.9980639,8.835914811,75.2642788,17.10551791],
				"symbolposition": [137.0590513,9.976282672,27.36882865,11.97386254],
				"x": [
					[48.11035818],
					[65.21587609],
					[84.60212972],
					[105.6989351],
					[123.9448209],
					[144.4714424],
					[164.42788],
					[185.5246854],
					[207.7618587],
					[228.2884802],
					[247.6747338],
					[269.3417231],
					[288.1577928],
					[330.3514037],
					[350.3078412],
					[371.9748306],
					[415.3088093],
					[449.5198451],
					[493.4240077],
					[531.6263311],
					[549.8722168]
				],
				"y": [
					[112.0392062],
					[111.4690223],
					[113.1795741],
					[106.3373669],
					[108.6181026],
					[116.6006776],
					[112.0392062],
					[101.7758955],
					[100.0653437],
					[101.2057115],
					[96.07405615],
					[99.49515973],
					[87.52129719],
					[86.38092933],
					[87.52129719],
					[89.23184898],
					[90.94240077],
					[91.5125847],
					[96.07405615],
					[102.9162633],
					[103.4864472]
				]
			},
			{
				"name": "SVM-multi-once",
				"labelposition": [281.8857696,7.695546951,116.3175218,18.8160697],
				"symbolposition": [253.946757,8.265730881,28.50919652,14.82478219],
				"x": [
					[44.6892546],
					[63.5053243],
					[84.60212972],
					[105.6989351],
					[143.9012585],
					[169.5595353],
					[185.5246854],
					[206.6214908],
					[224.2971926],
					[247.6747338],
					[267.6311713],
					[287.017425],
					[311.535334],
					[346.8867377],
					[371.9748306],
					[393.071636],
					[427.2826718],
					[451.2303969],
					[473.4675702],
					[513.3804453],
					[532.7666989],
					[549.8722168]
				],
				"y": [
					[109.7584705],
					[134.8465634],
					[161.6452081],
					[156.5135528],
					[173.6190707],
					[171.9085189],
					[171.9085189],
					[166.2066796],
					[163.9259439],
					[158.2241045],
					[155.9433688],
					[150.8117135],
					[149.6713456],
					[145.6800581],
					[143.9695063],
					[145.6800581],
					[147.3906099],
					[142.8291384],
					[142.2589545],
					[136.5571152],
					[128.0043562],
					[122.8727009]
				]
			},
			{
				"name": "SVM-multi",
				"labelposition": [436.9757986,7.695546951,78.11519845,16.53533398],
				"symbolposition": [409.60697,11.11665053,26.22846079,9.693126815],
				"x": [
					[49.25072604],
					[62.36495644],
					[84.60212972],
					[102.8480155],
					[125.0851888],
					[145.6118103],
					[185.5246854],
					[207.7618587],
					[226.5779284],
					[247.1045499],
					[269.3417231],
					[287.017425],
					[310.96515],
					[331.4917715],
					[367.4133591],
					[386.2294288],
					[410.1771539],
					[430.7037754],
					[469.4762827],
					[493.4240077],
					[533.9070668],
					[552.1529526]
				],
				"y": [
					[113.1795741],
					[134.2763795],
					[160.5048403],
					[158.2241045],
					[167.3470474],
					[174.1892546],
					[175.3296225],
					[170.768151],
					[170.768151],
					[168.4874153],
					[170.1979671],
					[170.1979671],
					[168.4874153],
					[169.0575992],
					[171.3383349],
					[172.4787028],
					[173.0488867],
					[172.4787028],
					[171.3383349],
					[173.6190707],
					[177.6103582],
					[177.0401742]
				]
			},
			{
				"name": "CW",
				"labelposition": [553.8635044,7.695546951,28.50919652,16.53533398],
				"symbolposition": [523.6437561,9.406098742,30.78993224,14.25459826],
				"x": [
					[47.54017425],
					[65.21587609],
					[84.03194579],
					[104.5585673],
					[125.6553727],
					[163.2875121],
					[203.7705712],
					[229.9990319],
					[267.6311713],
					[306.4036786],
					[350.3078412],
					[391.3610842],
					[428.9932236],
					[471.7570184],
					[512.8102614],
					[553.2933204]
				],
				"y": [
					[155.3731849],
					[175.8998064],
					[182.7420136],
					[185.0227493],
					[193.0053243],
					[198.1369797],
					[198.1369797],
					[201.5580833],
					[203.268635],
					[203.838819],
					[206.6897386],
					[210.1108422],
					[211.821394],
					[211.821394],
					[215.2424976],
					[218.6636012]
				]
			}
		],
		"plotpos": [48.11035818,35.06437561,504.0425944,185.8799613],
		"xax": {
			"titlepos": [279.03485,238.6200387,42.19361084,18.24588577],
			"minpos": [81.18102614,224.3654405,26.22846079,17.67570184],
			"maxpos": [536.7579864,224.9356244,31.36011617,17.10551791],
			"type": 1
		},
		"yax": {
			"titlepos": [3.065827686,43.04695063,19.95643756,172.7657309],
			"minpos": [35.56631171,213.5319458,9.122942885,15.96515005],
			"maxpos": [35.56631171,28.79235237,11.40367861,14.82478219],
			"type": 1
		}
	}
}
