{
	"data": {
		"imagename": "02453-10.1.1.124.5383-Figure-5",
		"difficult": 0,
		"curves": [
			{
				"name": "Hidden",
				"labelposition": [473.0625,31.66264205,71.42897727,22.40909091],
				"symbolposition": [551.4943182,34.46377841,44.11789773,18.20738636],
				"x": [
					[123.6207386],
					[176.1420455],
					[204.1534091],
					[224.4616477],
					[239.8678977],
					[286.7869318],
					[316.1988636],
					[351.2130682],
					[428.2443182],
					[464.6590909],
					[497.5724432],
					[562.6988636],
					[587.9090909],
					[601.9147727],
					[610.3181818]
				],
				"y": [
					[402.8132102],
					[382.5049716],
					[369.899858],
					[358.6953125],
					[345.3899148],
					[278.8629261],
					[287.9666193],
					[287.2663352],
					[281.6640625],
					[281.6640625],
					[285.165483],
					[294.9694602],
					[297.7705966],
					[297.0703125],
					[296.3700284]
				]
			},
			{
				"name": "N-Ary",
				"labelposition": [480.765625,55.47230114,62.32528409,29.41193182],
				"symbolposition": [550.09375,61.77485795,49.72017045,14.00568182],
				"x": [
					[123.6207386],
					[174.0411932],
					[201.3522727],
					[222.3607955],
					[237.0667614],
					[288.1875],
					[317.5994318],
					[334.40625],
					[349.8125],
					[401.6335227],
					[428.9446023],
					[449.2528409],
					[463.9588068],
					[477.2642045],
					[487.7684659],
					[498.2727273],
					[527.6846591],
					[546.5923295],
					[564.0994318],
					[587.2088068],
					[597.7130682],
					[602.6150568],
					[611.0184659]
				],
				"y": [
					[397.2109375],
					[334.8856534],
					[255.053267],
					[165.4169034],
					[186.4254261],
					[49.87002841],
					[64.57599432],
					[62.47514205],
					[59.67400568],
					[70.17826705],
					[124.100142],
					[126.2009943],
					[112.1953125],
					[121.2990057],
					[133.9041193],
					[150.7109375],
					[161.915483],
					[161.915483],
					[173.8203125],
					[201.8316761],
					[203.2322443],
					[194.8288352],
					[199.7308239]
				]
			}
		],
		"plotpos": [122.9204545,14.15553977,489.4985795,418.7698864],
		"xax": {
			"titlepos": [253.1732955,468.6399148,217.0880682,23.109375],
			"minpos": [116.6178977,446.2308239,25.91051136,26.61079545],
			"maxpos": [587.9090909,442.7294034,49.72017045,29.41193182],
			"type": 2
		},
		"yax": {
			"titlepos": [2.471590909,138.1058239,30.11221591,179.9730114],
			"minpos": [70.39914773,419.6200284,44.11789773,27.31107955],
			"maxpos": [50.09090909,2.950994318,66.52698864,30.8125],
			"type": 2
		}
	}
}
