{
	"data": {
		"imagename": "02469-10.1.1.296.9791-Figure-6",
		"difficult": 0,
		"curves": [
			{
				"name": "PCA",
				"labelposition": [339.078125,162.8984375,53.8125,28.828125],
				"symbolposition": [298.078125,168.6640625,40.359375,19.21875],
				"x": [
					[72.578125],
					[73.859375],
					[100.125],
					[123.1875],
					[134.71875],
					[173.15625],
					[182.765625],
					[216.71875],
					[248.75],
					[288.46875],
					[305.765625],
					[324.984375],
					[367.265625],
					[419.796875],
					[465.921875],
					[525.5],
					[562.015625]
				],
				"y": [
					[389.6796875],
					[374.3046875],
					[326.2578125],
					[294.8671875],
					[276.9296875],
					[237.2109375],
					[235.2890625],
					[201.9765625],
					[170.5859375],
					[145.6015625],
					[137.9140625],
					[121.2578125],
					[96.9140625],
					[77.0546875],
					[51.4296875],
					[31.5703125],
					[16.1953125]
				]
			},
			{
				"name": "Nowak",
				"labelposition": [340.359375,195.5703125,77.515625,26.90625],
				"symbolposition": [296.796875,199.4140625,42.28125,14.734375],
				"x": [
					[71.9375],
					[74.5],
					[75.78125],
					[89.234375],
					[103.96875],
					[130.234375],
					[157.78125],
					[189.8125],
					[230.8125],
					[287.828125],
					[339.078125],
					[402.5],
					[480.65625],
					[548.5625]
				],
				"y": [
					[389.6796875],
					[325.6171875],
					[291.0234375],
					[254.5078125],
					[219.9140625],
					[184.0390625],
					[151.3671875],
					[130.8671875],
					[104.6015625],
					[79.6171875],
					[59.1171875],
					[41.1796875],
					[25.8046875],
					[16.1953125]
				]
			},
			{
				"name": "Merl",
				"labelposition": [337.796875,225.0390625,53.171875,25.625],
				"symbolposition": [298.078125,228.8828125,39.71875,17.9375],
				"x": [
					[69.375],
					[74.5],
					[86.671875],
					[100.125],
					[115.5],
					[152.015625],
					[193.65625],
					[238.5],
					[275.015625],
					[335.234375],
					[406.34375],
					[475.53125],
					[552.40625]
				],
				"y": [
					[392.8828125],
					[317.9296875],
					[272.4453125],
					[237.8515625],
					[208.3828125],
					[171.2265625],
					[144.3203125],
					[113.5703125],
					[91.1484375],
					[70.6484375],
					[48.2265625],
					[29.6484375],
					[16.1953125]
				]
			},
			{
				"name": "Merl + Nowak, funneled",
				"labelposition": [337.796875,255.1484375,253.046875,26.90625],
				"symbolposition": [296.15625,258.9921875,41,17.9375],
				"x": [
					[70.65625],
					[71.9375],
					[80.265625],
					[92.4375],
					[111.65625],
					[138.5625],
					[177.640625],
					[214.796875],
					[243.625],
					[296.796875],
					[361.5],
					[444.140625],
					[544.71875]
				],
				"y": [
					[391.6015625],
					[312.8046875],
					[261.5546875],
					[209.0234375],
					[169.3046875],
					[141.7578125],
					[115.4921875],
					[93.7109375],
					[75.1328125],
					[60.3984375],
					[39.2578125],
					[25.1640625],
					[14.2734375]
				]
			},
			{
				"name": "Hybrid descriptor based",
				"labelposition": [339.078125,286.5390625,253.046875,27.546875],
				"symbolposition": [296.796875,289.1015625,41.640625,14.09375],
				"x": [
					[70.65625],
					[74.5],
					[78.984375],
					[88.59375],
					[107.8125],
					[141.765625],
					[199.421875],
					[255.15625],
					[327.546875],
					[392.890625],
					[479.375],
					[553.6875]
				],
				"y": [
					[390.3203125],
					[249.3828125],
					[212.2265625],
					[182.7578125],
					[151.3671875],
					[123.1796875],
					[94.3515625],
					[71.2890625],
					[52.0703125],
					[39.8984375],
					[25.1640625],
					[15.5546875]
				]
			},
			{
				"name": "This work",
				"labelposition": [338.4375,316.6484375,108.265625,24.34375],
				"symbolposition": [298.71875,319.8515625,39.078125,11.53125],
				"x": [
					[71.296875],
					[74.5],
					[76.421875],
					[78.984375],
					[82.828125],
					[84.75],
					[88.59375],
					[97.5625],
					[111.015625],
					[121.265625],
					[139.84375],
					[159.0625],
					[157.78125],
					[181.484375],
					[198.140625],
					[203.90625],
					[218.640625],
					[233.375],
					[249.390625],
					[251.953125],
					[263.484375],
					[280.78125],
					[288.46875],
					[338.4375],
					[364.0625],
					[388.40625],
					[394.8125],
					[421.71875],
					[449.90625],
					[456.3125],
					[467.84375],
					[477.453125],
					[513.96875],
					[526.78125],
					[536.390625],
					[538.953125],
					[562.65625]
				],
				"y": [
					[392.2421875],
					[380.0703125],
					[380.0703125],
					[335.2265625],
					[318.5703125],
					[282.6953125],
					[260.9140625],
					[232.0859375],
					[212.2265625],
					[208.3828125],
					[178.2734375],
					[170.5859375],
					[166.7421875],
					[159.0546875],
					[147.5234375],
					[139.8359375],
					[137.9140625],
					[123.1796875],
					[115.4921875],
					[109.7265625],
					[110.3671875],
					[97.5546875],
					[91.1484375],
					[86.6640625],
					[82.8203125],
					[73.8515625],
					[70.6484375],
					[53.9921875],
					[55.2734375],
					[43.1015625],
					[42.4609375],
					[37.9765625],
					[35.4140625],
					[31.5703125],
					[30.2890625],
					[21.3203125],
					[14.2734375]
				]
			},
			{
				"name": "This work, PIE training",
				"labelposition": [337.796875,345.4765625,241.515625,26.90625],
				"symbolposition": [297.4375,349.9609375,39.71875,11.53125],
				"x": [
					[73.21875],
					[74.5],
					[80.265625],
					[83.46875],
					[86.03125],
					[89.875],
					[96.28125],
					[109.734375],
					[132.796875],
					[163.546875],
					[216.71875],
					[269.25],
					[326.265625],
					[388.40625],
					[456.3125],
					[520.375],
					[556.25]
				],
				"y": [
					[390.3203125],
					[380.0703125],
					[380.7109375],
					[325.6171875],
					[295.5078125],
					[258.3515625],
					[234.6484375],
					[206.4609375],
					[173.1484375],
					[149.4453125],
					[116.7734375],
					[86.6640625],
					[64.8828125],
					[43.7421875],
					[30.2890625],
					[18.7578125],
					[14.9140625]
				]
			}
		],
		"plotpos": [71.9375,15.5546875,493.28125,378.609375],
		"xax": {
			"titlepos": [217.359375,422.3515625,200.515625,26.265625],
			"minpos": [64.25,400.5703125,14.734375,21.78125],
			"maxpos": [551.765625,401.2109375,24.984375,23.0625],
			"type": 1
		},
		"yax": {
			"titlepos": [4.03125,107.8046875,27.546875,191.546875],
			"minpos": [50.15625,381.9921875,19.21875,23.0625],
			"maxpos": [49.515625,5.9453125,18.578125,24.34375],
			"type": 1
		}
	}
}
