{
	"data": {
		"imagename": "02460-10.1.1.15.3331-Figure-5",
		"difficult": 0,
		"curves": [
			{
				"name": "pure",
				"labelposition": [559.1713456,35.8107454,51.75701839,28.61858664],
				"symbolposition": [494.6272991,33.98402711,64.54404647,23.74733785],
				"x": [
					[92.14036786],
					[115.2787996],
					[134.1548887],
					[154.2487899],
					[174.3426912],
					[195.6544046],
					[216.357212],
					[235.8422072],
					[261.4162633],
					[280.9012585],
					[316.8267183],
					[338.7473379],
					[359.4501452],
					[381.3707648],
					[403.2913843],
					[458.0929332],
					[479.4046467]
				],
				"y": [
					[209.3489835],
					[188.0372701],
					[171.5968054],
					[153.9385286],
					[140.5425944],
					[125.928848],
					[117.4041626],
					[118.6219748],
					[106.4438529],
					[114.9685382],
					[91.22120039],
					[95.48354308],
					[94.87463698],
					[83.9143272],
					[93.65682478],
					[72.95401742],
					[82.696515]
				]
			},
			{
				"name": "hybrid",
				"labelposition": [560.3891578,73.56292352,68.80638916,33.48983543],
				"symbolposition": [498.2807357,77.21636012,60.89060987,23.13843175],
				"x": [
					[93.96708616],
					[112.8431752],
					[135.3727009],
					[157.2933204],
					[176.1694095],
					[196.2633107],
					[216.9661181],
					[236.4511133],
					[276.6389158],
					[297.3417231],
					[319.8712488],
					[359.4501452],
					[381.3707648],
					[401.464666],
					[441.6524685],
					[463.5730881],
					[481.8402711]
				],
				"y": [
					[217.2647628],
					[180.7303969],
					[160.6364956],
					[153.9385286],
					[133.2357212],
					[114.9685382],
					[105.2260407],
					[102.7904163],
					[91.83010649],
					[93.04791868],
					[94.26573088],
					[75.99854792],
					[77.21636012],
					[83.9143272],
					[60.16698935],
					[59.55808325],
					[57.12245886]
				]
			}
		],
		"plotpos": [81.78896418,16.93465634,411.0116167,319.0667957],
		"xax": {
			"titlepos": [244.9757986,388.9762827,88.90029042,21.31171346],
			"minpos": [84.22458858,356.0953533,15.22265247,26.79186834],
			"maxpos": [445.3059051,356.0953533,40.18780252,29.22749274],
			"type": 1
		},
		"yax": {
			"titlepos": [2.631171346,54.68683446,26.18296225,250.8693127],
			"minpos": [48.29912875,324.4322362,23.74733785,26.18296225],
			"maxpos": [32.46757018,4.756534366,36.53436592,24.35624395],
			"type": 1
		}
	}
}
