{
	"data": {
		"imagename": "02462-10.1.1.180.7220-Figure-2",
		"difficult": 0,
		"curves": [
			{
				"name": "Regular Server",
				"labelposition": [350.6931818,21.86008523,118.4772727,19.93607955],
				"symbolposition": [314.8082386,24.13849432,34.74573864,9.683238636],
				"x": [
					[229.9375],
					[243.6079545],
					[258.9872159],
					[282.9105114],
					[301.1377841],
					[322.2130682],
					[354.6803977],
					[387.1477273],
					[423.0326705],
					[459.4872159],
					[499.359375]
				],
				"y": [
					[12.17684659],
					[58.31463068],
					[104.4524148],
					[155.7166193],
					[185.3359375],
					[214.3856534],
					[240.587358],
					[261.0930398],
					[279.8899148],
					[292.4211648],
					[304.9524148]
				]
			},
			{
				"name": "Demand-Adjusted",
				"labelposition": [351.2627841,43.50497159,140.1221591,19.93607955],
				"symbolposition": [314.8082386,43.50497159,35.88494318,16.51846591],
				"x": [
					[162.1548295],
					[173.546875],
					[187.7869318],
					[198.609375],
					[212.2798295],
					[224.2414773],
					[236.7727273],
					[249.3039773],
					[262.4048295],
					[284.6193182],
					[310.2514205],
					[337.5923295],
					[372.9076705],
					[399.109375],
					[437.8423295],
					[475.4360795],
					[499.9289773]
				],
				"y": [
					[11.60724432],
					[65.14985795],
					[120.9708807],
					[161.9822443],
					[192.740767],
					[216.6640625],
					[237.7393466],
					[250.2705966],
					[264.5106534],
					[282.7379261],
					[296.977983],
					[307.2308239],
					[317.4836648],
					[323.7492898],
					[329.4453125],
					[333.4325284],
					[336.2805398]
				]
			},
			{
				"name": "Controlled Server",
				"labelposition": [349.5539773,64.01065341,137.84375,18.796875],
				"symbolposition": [313.6690341,65.14985795,35.88494318,13.10085227],
				"x": [
					[123.421875],
					[127.9786932],
					[133.6747159],
					[140.5099432],
					[148.484375],
					[159.8764205],
					[174.1164773],
					[192.9133523],
					[214.5582386],
					[247.5951705],
					[279.4928977],
					[316.5170455],
					[366.6420455],
					[416.1974432],
					[463.4744318],
					[502.7769886]
				],
				"y": [
					[12.74644886],
					[43.50497159],
					[87.93394886],
					[131.2237216],
					[172.8046875],
					[212.6768466],
					[247.4225852],
					[277.6115057],
					[296.977983],
					[316.3444602],
					[327.1669034],
					[334.571733],
					[339.6981534],
					[344.8245739],
					[344.8245739],
					[346.5333807]
				]
			}
		],
		"plotpos": [60.19602273,10.46803977,439.1633523,348.5965909],
		"xax": {
			"titlepos": [194.0525568,381.2791193,179.4247159,19.36647727],
			"minpos": [53.36079545,364.1910511,13.67045455,15.94886364],
			"maxpos": [489.1065341,362.4822443,18.796875,21.64488636],
			"type": 1
		},
		"yax": {
			"titlepos": [4.944602273,95.33877841,19.93607955,175.4375],
			"minpos": [44.81676136,349.9509943,13.10085227,18.22727273],
			"maxpos": [26.01988636,4.772017045,32.46732955,17.08806818],
			"type": 1
		}
	}
}
