{
	"data": {
		"imagename": "02465-10.1.1.151.4977-Figure-1",
		"difficult": 0,
		"curves": [
			{
				"name": "wsat(plpb)-skc (p=0.1)",
				"labelposition": [345.671875,247.509233,153.9872159,18.31818182],
				"symbolposition": [507.6732955,250.3714489,48.08522727,12.02130682],
				"x": [
					[79.48579545],
					[127.5710227],
					[155.0482955],
					[175.0838068],
					[189.9673295],
					[236.3352273],
					[274.1164773],
					[553.46875]
				],
				"y": [
					[349.9765625],
					[266.9723011],
					[173.6640625],
					[97.52911932],
					[64.89985795],
					[42.00213068],
					[37.42258523],
					[35.1328125]
				]
			},
			{
				"name": "wsat(plpb)-rnp (p=0.7)",
				"labelposition": [346.2443182,267.5447443,153.4147727,15.45596591],
				"symbolposition": [505.9559659,265.2549716,49.23011364,14.31107955],
				"x": [
					[78.91335227],
					[126.9985795],
					[155.0482955],
					[173.9389205],
					[189.9673295],
					[237.4801136],
					[553.46875]
				],
				"y": [
					[348.259233],
					[161.6427557],
					[66.6171875],
					[49.44389205],
					[48.87144886],
					[35.1328125],
					[35.70525568]
				]
			},
			{
				"name": "wsatoip (p=0.2)",
				"labelposition": [394.3295455,284.1455966,107.6193182,15.45596591],
				"symbolposition": [505.9559659,282.428267,49.80255682,14.31107955],
				"x": [
					[79.48579545],
					[156.765625],
					[176.8011364],
					[188.25],
					[237.4801136],
					[285.5653409],
					[314.7599432],
					[337.6576705],
					[350.8238636],
					[551.7514205]
				],
				"y": [
					[349.4041193],
					[349.9765625],
					[343.1072443],
					[316.774858],
					[198.2791193],
					[104.3984375],
					[61.46519886],
					[40.85724432],
					[34.56036932],
					[36.27769886]
				]
			}
		],
		"plotpos": [78.34090909,36.27769886,476.8451705,313.6988636],
		"xax": {
			"titlepos": [255.7982955,382.0333807,124.2201705,20.03551136],
			"minpos": [74.90625,358.5632102,14.31107955,20.03551136],
			"maxpos": [536.2954545,356.2734375,38.35369318,22.89772727],
			"type": 2
		},
		"yax": {
			"titlepos": [4.495738636,80.35582386,22.32528409,231.2670455],
			"minpos": [54.87073864,339.6725852,16.60085227,18.890625],
			"maxpos": [52.00852273,25.97372159,18.31818182,25.75994318],
			"type": 1
		}
	}
}
