{
	"data": {
		"imagename": "02476-10.1.1.378.2413-Figure-2",
		"difficult": 0,
		"curves": [
			{
				"name": "m=1",
				"labelposition": [410.2244318,146.6143466,49.99431818,27.97301136],
				"symbolposition": [470.9318182,153.756392,78.5625,15.47443182],
				"x": [
					[161.4431818],
					[178.1079545],
					[194.1775568],
					[210.8423295],
					[224.53125],
					[245.9573864],
					[259.6463068],
					[273.3352273],
					[293.5710227],
					[309.0454545],
					[328.0909091],
					[358.4446023],
					[367.3721591],
					[387.0127841],
					[401.296875],
					[465.5752841],
					[481.6448864],
					[511.9985795]
				],
				"y": [
					[317.428267],
					[189.4666193],
					[178.7535511],
					[128.1640625],
					[107.928267],
					[90.66832386],
					[90.66832386],
					[66.26633523],
					[61.50497159],
					[71.62286932],
					[66.86150568],
					[63.88565341],
					[65.67116477],
					[53.76775568],
					[53.17258523],
					[51.38707386],
					[43.64985795],
					[64.48082386]
				]
			},
			{
				"name": "m=4",
				"labelposition": [411.4147727,181.7294034,55.35085227,21.42613636],
				"symbolposition": [472.1221591,184.1100852,74.99147727,16.66477273],
				"x": [
					[161.4431818],
					[178.1079545],
					[194.7727273],
					[227.5071023],
					[243.5767045],
					[265.0028409],
					[279.2869318],
					[321.5440341],
					[343.5653409],
					[354.8735795],
					[374.5142045],
					[406.6534091],
					[433.4360795],
					[451.2911932],
					[467.3607955],
					[508.4275568]
				],
				"y": [
					[326.3558239],
					[191.8473011],
					[123.4026989],
					[75.19389205],
					[72.21803977],
					[53.76775568],
					[49.00639205],
					[44.24502841],
					[35.91264205],
					[38.88849432],
					[26.38991477],
					[22.22372159],
					[29.9609375],
					[21.03338068],
					[23.4140625],
					[44.84019886]
				]
			},
			{
				"name": "m=16",
				"labelposition": [395.9403409,206.7265625,66.06392045,29.16335227],
				"symbolposition": [474.5028409,213.2734375,70.23011364,19.640625],
				"x": [
					[172.15625],
					[177.5127841],
					[195.3678977],
					[212.6278409],
					[229.8877841],
					[248.3380682],
					[264.4076705],
					[279.2869318],
					[295.9517045],
					[314.4019886],
					[331.0667614],
					[347.7315341],
					[363.8011364],
					[378.0852273],
					[395.9403409],
					[410.2244318],
					[424.5085227],
					[458.4332386],
					[476.2883523],
					[495.9289773],
					[510.2130682],
					[525.6875]
				],
				"y": [
					[340.0447443],
					[278.147017],
					[187.0859375],
					[140.662642],
					[116.2606534],
					[104.3572443],
					[86.50213068],
					[67.45667614],
					[66.86150568],
					[42.45951705],
					[34.72230114],
					[24.00923295],
					[31.15127841],
					[20.43821023],
					[36.5078125],
					[31.74644886],
					[32.93678977],
					[26.38991477],
					[23.4140625],
					[14.48650568],
					[9.129971591],
					[12.70099432]
				]
			},
			{
				"name": "m=24",
				"labelposition": [394.1548295,238.2705966,73.20596591,28.56818182],
				"symbolposition": [470.9318182,244.2223011,80.34801136,16.66477273],
				"x": [
					[178.703125],
					[213.2230114],
					[246.5525568],
					[282.2627841],
					[299.5227273],
					[316.7826705],
					[331.6619318],
					[345.9460227],
					[365.5866477],
					[382.8465909],
					[397.1306818],
					[428.0795455],
					[463.7897727],
					[513.7840909],
					[528.6633523]
				],
				"y": [
					[338.8544034],
					[167.4453125],
					[91.85866477],
					[69.2421875],
					[71.02769886],
					[48.41122159],
					[43.0546875],
					[43.0546875],
					[31.74644886],
					[37.69815341],
					[35.91264205],
					[40.07883523],
					[34.12713068],
					[47.22088068],
					[44.24502841]
				]
			},
			{
				"name": "m=32",
				"labelposition": [395.9403409,272.1953125,67.84943182,24.99715909],
				"symbolposition": [469.1463068,273.9808239,80.94318182,21.42613636],
				"x": [
					[178.1079545],
					[198.34375],
					[213.8181818],
					[232.8636364],
					[252.5042614],
					[285.2386364],
					[319.7585227],
					[338.8039773],
					[352.4928977],
					[366.7769886],
					[384.6321023],
					[416.7713068],
					[437.0071023],
					[453.0767045],
					[485.8110795],
					[503.6661932],
					[534.0198864]
				],
				"y": [
					[340.0447443],
					[265.053267],
					[216.8444602],
					[200.774858],
					[147.8046875],
					[122.8075284],
					[112.6896307],
					[88.8828125],
					[96.62002841],
					[81.14559659],
					[84.71661932],
					[76.97940341],
					[65.07599432],
					[73.40838068],
					[47.81605114],
					[32.34161932],
					[29.9609375]
				]
			},
			{
				"name": "m=48",
				"labelposition": [394.1548295,300.7634943,69.03977273,24.40198864],
				"symbolposition": [472.7173295,307.3103693,74.39630682,14.28409091],
				"x": [
					[197.7485795],
					[200.1292614],
					[217.984375],
					[235.2443182],
					[252.5042614],
					[269.1690341],
					[287.6193182],
					[307.2599432],
					[324.5198864],
					[340.5894886],
					[356.6590909],
					[374.5142045],
					[394.1548295],
					[429.8650568],
					[443.5539773],
					[463.1946023],
					[481.0497159],
					[498.3096591],
					[514.3792614],
					[532.234375],
					[548.3039773]
				],
				"y": [
					[338.8544034],
					[326.9509943],
					[293.6214489],
					[242.4367898],
					[188.8714489],
					[173.397017],
					[162.0887784],
					[160.303267],
					[141.2578125],
					[130.5447443],
					[115.665483],
					[112.0944602],
					[125.1882102],
					[95.4296875],
					[96.02485795],
					[81.74076705],
					[80.55042614],
					[65.67116477],
					[62.6953125],
					[66.26633523],
					[57.93394886]
				]
			}
		],
		"plotpos": [144.7784091,7.344460227,428.5227273,333.890625],
		"xax": {
			"titlepos": [232.2684659,390.0390625,250.5667614,26.78267045],
			"minpos": [138.2315341,353.1384943,24.99715909,28.56818182],
			"maxpos": [541.7571023,349.5674716,21.42613636,33.32954545],
			"type": 1
		},
		"yax": {
			"titlepos": [3.127840909,53.17258523,30.35369318,248.1860795],
			"minpos": [68.00142045,323.3799716,66.65909091,31.54403409],
			"maxpos": [78.11931818,3.178267045,60.11221591,27.37784091],
			"type": 1
		}
	}
}
