{
	"data": {
		"imagename": "02478-10.1.1.331.8430-Figure-4",
		"difficult": 0,
		"curves": [
			{
				"name": "Casanova",
				"labelposition": [84.23579545,29.00213068,65.14772727,16.91335227],
				"symbolposition": [153.1420455,33.38707386,50.74005682,11.27556818],
				"x": [
					[66.06960227],
					[99.89630682],
					[156.9005682],
					[169.4289773],
					[175.0667614],
					[207.0142045],
					[215.7840909],
					[225.1803977],
					[232.6974432],
					[243.9730114],
					[248.984375],
					[260.8863636],
					[263.3920455],
					[275.2940341],
					[284.0639205],
					[296.5923295],
					[307.2414773],
					[317.890625],
					[322.2755682],
					[329.1661932],
					[339.8153409],
					[351.0909091],
					[366.125],
					[376.7741477],
					[386.1704545],
					[390.5553977],
					[401.8309659],
					[437.5369318]
				],
				"y": [
					[394.2052557],
					[393.5788352],
					[386.0617898],
					[381.0504261],
					[371.6541193],
					[362.884233],
					[352.8615057],
					[344.0916193],
					[326.5518466],
					[322.1669034],
					[312.7705966],
					[305.2535511],
					[293.977983],
					[286.4609375],
					[263.2833807],
					[248.8757102],
					[225.6981534],
					[204.399858],
					[181.8487216],
					[159.2975852],
					[125.4708807],
					[91.01775568],
					[72.22514205],
					[61.57599432],
					[43.40980114],
					[39.02485795],
					[21.48508523],
					[15.22088068]
				]
			},
			{
				"name": "CASS",
				"labelposition": [108.0397727,45.91548295,41.34375,15.03409091],
				"symbolposition": [153.1420455,45.91548295,43.84943182,13.15482955],
				"x": [
					[516.4659091],
					[515.8394886]
				],
				"y": [
					[12.08877841],
					[391.0731534]
				]
			}
		],
		"plotpos": [61.68465909,12.08877841,542.4801136,380.8636364],
		"xax": {
			"titlepos": [193.859375,421.1413352,280.6363636,17.53977273],
			"minpos": [43.51846591,399.8430398,36.33238636,19.41903409],
			"maxpos": [591.0099432,396.7109375,26.93607955,22.55113636],
			"type": 2
		},
		"yax": {
			"titlepos": [3.427556818,125.4708807,18.79261364,157.8579545],
			"minpos": [40.38636364,384.1825284,15.66051136,16.91335227],
			"maxpos": [42.89204545,3.9453125,12.52840909,15.03409091],
			"type": 1
		}
	}
}
