{
	"data": {
		"imagename": "02474-10.1.1.231.9543-Figure-2",
		"difficult": 0,
		"curves": [
			{
				"name": "PRank",
				"labelposition": [496.1316554,268.3586641,46.4375605,16.66989351],
				"symbolposition": [417.5450145,266.5726041,78.58664085,18.45595353],
				"x": [
					[98.43562439],
					[112.7241045],
					[138.3242982],
					[166.3059051],
					[196.0735721],
					[223.4598258],
					[275.8509197],
					[306.21394],
					[331.2187803],
					[385.3959342],
					[413.9728945],
					[465.768635],
					[496.1316554],
					[519.945789],
					[546.7366893],
					[576.5043562],
					[606.2720232]
				],
				"y": [
					[6.403194579],
					[77.84559535],
					[140.357696],
					[152.8601162],
					[158.2182962],
					[142.1437561],
					[142.1437561],
					[142.1437561],
					[149.8833495],
					[135.5948693],
					[143.9298161],
					[136.785576],
					[127.8552759],
					[124.8785092],
					[120.7110358],
					[129.6413359],
					[130.2366893]
				]
			},
			{
				"name": "SIM",
				"labelposition": [495.536302,288.0053243,30.36302033,14.28848015],
				"symbolposition": [418.7357212,288.0053243,75.01452081,13.09777348],
				"x": [
					[82.95643756],
					[112.7241045],
					[138.3242982],
					[166.9012585],
					[196.0735721],
					[221.6737657],
					[280.018393],
					[304.42788],
					[330.6234269],
					[356.8189739],
					[383.6098742],
					[411.5914811],
					[438.9777348],
					[467.5546951],
					[497.3223621],
					[522.9225557],
					[549.1181026],
					[580.0764763],
					[603.8906099]
				],
				"y": [
					[8.189254598],
					[198.7023233],
					[268.9540174],
					[263.000484],
					[250.4980639],
					[219.5396902],
					[204.0605034],
					[196.32091],
					[195.1302033],
					[196.32091],
					[183.8184898],
					[182.0324298],
					[160.0043562],
					[147.5019361],
					[143.9298161],
					[149.2879961],
					[134.999516],
					[133.8088093],
					[133.8088093]
				]
			},
			{
				"name": "GG train",
				"labelposition": [499.7037754,304.6752178,52.98644724,16.07454017],
				"symbolposition": [416.9496612,304.0798645,77.39593417,16.66989351],
				"x": [
					[96.64956438],
					[111.5333979],
					[138.3242982],
					[166.9012585],
					[217.5062924],
					[248.464666],
					[303.8325266],
					[333.0048403],
					[363.3678606],
					[390.1587609],
					[412.1868345],
					[437.1916747],
					[472.3175218],
					[497.9177154],
					[523.517909],
					[552.0948693],
					[576.5043562],
					[605.0813166]
				],
				"y": [
					[6.403194579],
					[199.2976767],
					[293.9588577],
					[296.9356244],
					[281.4564376],
					[286.8146176],
					[226.6839303],
					[224.8978703],
					[233.8281704],
					[221.3257502],
					[199.2976767],
					[192.7487899],
					[196.32091],
					[189.7720232],
					[185.6045499],
					[185.6045499],
					[170.7207164],
					[165.3625363]
				]
			},
			{
				"name": "GG train+decode",
				"labelposition": [499.7037754,320.749758,100.6147144,18.45595353],
				"symbolposition": [417.5450145,323.7265247,77.99128751,13.69312682],
				"x": [
					[99.62633107],
					[110.9380445],
					[135.9428848],
					[166.9012585],
					[193.0968054],
					[222.2691191],
					[248.464666],
					[275.2555663],
					[305.0232333],
					[331.2187803],
					[360.3910939],
					[387.1819942],
					[413.3775411],
					[440.7637948],
					[467.5546951],
					[497.3223621],
					[522.3272023],
					[546.7366893],
					[577.6950629],
					[604.4859632]
				],
				"y": [
					[9.379961278],
					[177.8649564],
					[307.6519845],
					[335.0382381],
					[315.3915779],
					[319.5590513],
					[299.3170378],
					[292.1727977],
					[277.2889642],
					[279.0750242],
					[252.2841239],
					[253.4748306],
					[247.5212972],
					[252.2841239],
					[245.1398838],
					[243.3538238],
					[232.6374637],
					[228.4699903],
					[211.8000968],
					[205.2512101]
				]
			}
		],
		"plotpos": [57.35624395,5.212487899,551.892546,351.2584705],
		"xax": {
			"titlepos": [299.6650532,379.0943853,71.44240077,20.24201355],
			"minpos": [51.40271055,360.6384318,11.31171346,18.45595353],
			"maxpos": [593.1742498,358.8523717,19.64666021,18.45595353],
			"type": 1
		},
		"yax": {
			"titlepos": [1.39303001,138.571636,20.83736689,85.73088093],
			"minpos": [21.03969022,336.8242982,29.76766699,15.47918683],
			"maxpos": [29.37463698,19.50096805,23.81413359,16.66989351],
			"type": 1
		}
	}
}
