{
	"data": {
		"imagename": "02492-10.1.1.367.7776-Figure-8",
		"difficult": 0,
		"curves": [
			{
				"name": "Uniformly random",
				"labelposition": [494.535334,56.9588577,139.4036786,22.60600194],
				"symbolposition": [449.3233301,61.66844143,41.44433688,16.0125847],
				"x": [
					[337.2352372],
					[345.7124879],
					[362.6669894],
					[392.8083253],
					[431.4269119],
					[453.0909971],
					[504.8964182],
					[568.946757],
					[626.4036786],
					[701.7570184]
				],
				"y": [
					[62.61035818],
					[218.0266215],
					[261.3547919],
					[289.6122943],
					[308.4506292],
					[318.8117135],
					[331.9985479],
					[347.0692159],
					[355.5464666],
					[366.8494676]
				]
			},
			{
				"name": "New permutation every epoch",
				"labelposition": [494.535334,80.50677638,219.4666021,20.72216844],
				"symbolposition": [450.2652469,83.33252662,39.56050339,12.24491772],
				"x": [
					[335.3514037],
					[341.0029042],
					[354.1897386],
					[373.9699903],
					[397.517909],
					[422.0077444],
					[442.7299129],
					[473.8131655],
					[486.0580833],
					[526.5605034],
					[547.2826718],
					[561.411423],
					[575.5401742],
					[581.1916747],
					[594.3785092],
					[611.3330106],
					[631.1132623],
					[646.1839303],
					[657.4869313],
					[667.8480155],
					[680.0929332],
					[694.2216844]
				],
				"y": [
					[65.43610842],
					[202.9559535],
					[268.8901258],
					[308.4506292],
					[329.1727977],
					[346.1272991],
					[351.7787996],
					[374.3848015],
					[371.5590513],
					[391.339303],
					[391.339303],
					[402.642304],
					[395.10697],
					[402.642304],
					[402.642304],
					[412.0614714],
					[411.1195547],
					[408.2938045],
					[423.3644724],
					[419.5968054],
					[425.2483059],
					[426.1902227]
				]
			},
			{
				"name": "Same permutation each epoch",
				"labelposition": [492.6515005,100.2870281,221.3504356,23.54791868],
				"symbolposition": [449.3233301,102.1708616,38.61858664,16.0125847],
				"x": [
					[334.4094869],
					[346.6544046],
					[350.4220716],
					[354.1897386],
					[371.1442401],
					[394.6921588],
					[421.0658277],
					[428.6011617],
					[450.2652469],
					[471.929332],
					[492.6515005],
					[503.0125847],
					[522.7928364],
					[542.5730881],
					[555.7599226],
					[564.2371733],
					[575.5401742],
					[585.9012585],
					[595.3204259],
					[612.2749274],
					[620.7521781],
					[633.9390126],
					[651.8354308],
					[654.661181],
					[665.0222652],
					[677.267183],
					[688.5701839],
					[697.0474347]
				],
				"y": [
					[63.55227493],
					[218.0266215],
					[248.1679574],
					[267.0062924],
					[297.1476283],
					[322.5793804],
					[339.5338819],
					[346.1272991],
					[354.6045499],
					[363.0818006],
					[366.8494676],
					[366.8494676],
					[378.1524685],
					[382.8620523],
					[382.8620523],
					[388.5135528],
					[382.8620523],
					[396.9908035],
					[392.2812197],
					[405.4680542],
					[396.9908035],
					[406.409971],
					[405.4680542],
					[411.1195547],
					[400.7584705],
					[413.9453049],
					[409.2357212],
					[419.5968054]
				]
			}
		],
		"plotpos": [319.338819,49.42352372,397.4888674,396.5469506],
		"xax": {
			"titlepos": [473.8131655,491.1824782,67.81800581,22.60600194],
			"minpos": [324.0484027,461.9830591,22.60600194,23.54791868],
			"maxpos": [649.0096805,463.8668925,31.08325266,21.66408519],
			"type": 1
		},
		"yax": {
			"titlepos": [241.1597289,126.660697,36.73475315,275.981607],
			"minpos": [279.7783156,416.7710552,23.54791868,44.27008712],
			"maxpos": [283.5459826,51.30735721,19.78025169,18.83833495],
			"type": 2
		}
	}
}
