{
	"data": {
		"imagename": "02491-10.1.1.31.617-Figure-4",
		"difficult": 0,
		"curves": [
			{
				"name": "predicted learning curve with estimated prior",
				"labelposition": [404.4715909,16.22443182,304.5170455,18.40909091],
				"symbolposition": [712.8238636,18.52556818,55.22727273,15.34090909],
				"x": [
					[79.24431818],
					[219.6136364],
					[358.4488636],
					[498.0511364],
					[639.1875],
					[777.2556818]
				],
				"y": [
					[71.45170455],
					[153.5255682],
					[495.6278409],
					[444.2357955],
					[369.8323864],
					[300.03125]
				]
			},
			{
				"name": "Learning curve measured in simulation",
				"labelposition": [440.5227273,33.86647727,270,16.875],
				"symbolposition": [712.8238636,33.09943182,53.69318182,15.34090909],
				"x": [
					[77.71022727],
					[217.3125],
					[361.5170455],
					[498.8181818],
					[640.7215909],
					[778.7897727]
				],
				"y": [
					[33.09943182],
					[145.0880682],
					[496.3948864],
					[471.8494318],
					[355.2585227],
					[188.0426136]
				]
			},
			{
				"name": "predicted learning curve with exact prior",
				"labelposition": [435.1534091,49.97443182,273.0681818,19.17613636],
				"symbolposition": [713.5909091,50.74147727,51.39204545,16.875],
				"x": [
					[78.47727273],
					[217.3125],
					[359.9829545],
					[498.8181818],
					[641.4886364],
					[777.2556818]
				],
				"y": [
					[45.37215909],
					[134.3494318],
					[495.6278409],
					[450.3721591],
					[304.6335227],
					[138.9517045]
				]
			}
		],
		"plotpos": [80.01136364,11.62215909,696.4772727,486.3068182],
		"xax": {
			"titlepos": [402.9375,521.7073864,49.85795455,16.10795455],
			"minpos": [71.57386364,504.8323864,16.875,18.40909091],
			"maxpos": [766.5170455,502.53125,19.17613636,27.61363636],
			"type": 1
		},
		"yax": {
			"titlepos": [4.073863636,231.7642045,16.10795455,48.32386364],
			"minpos": [56.23295455,484.8892045,19.17613636,23.77840909],
			"maxpos": [36.28977273,1.650568182,36.81818182,20.71022727],
			"type": 1
		}
	}
}
