{
	"data": {
		"imagename": "02490-10.1.1.2.9308-Figure-4",
		"difficult": 0,
		"curves": [
			{
				"name": "1 memory state",
				"labelposition": [113.2514205,13.71235795,138.2215909,20.32670455],
				"symbolposition": [67.17755682,15.74502841,42.00852273,12.19602273],
				"x": [
					[58.36931818],
					[93.60227273],
					[174.9090909],
					[260.9588068],
					[346.3309659],
					[397.1477273],
					[443.8991477],
					[502.8465909],
					[561.7940341],
					[587.5411932]
				],
				"y": [
					[385.0134943],
					[382.303267],
					[359.2663352],
					[346.3927557],
					[346.3927557],
					[342.3274148],
					[344.3600852],
					[336.9069602],
					[336.9069602],
					[340.9723011]
				]
			},
			{
				"name": "2 memory state",
				"labelposition": [113.9289773,32.68394886,142.9644886,25.06960227],
				"symbolposition": [70.56534091,37.42684659,37.265625,14.22869318],
				"x": [
					[54.98153409],
					[85.47159091],
					[117.3167614],
					[145.7741477],
					[175.5866477],
					[199.3011364],
					[233.1789773],
					[260.9588068],
					[290.09375],
					[334.8125],
					[380.8863636],
					[410.6988636],
					[441.8664773],
					[470.3238636],
					[529.9488636],
					[561.7940341],
					[588.21875]
				],
				"y": [
					[332.8416193],
					[268.4737216],
					[271.8615057],
					[260.3430398],
					[210.881392],
					[213.5916193],
					[192.587358],
					[144.4808239],
					[132.2848011],
					[130.2521307],
					[118.7336648],
					[103.8274148],
					[105.8600852],
					[111.2805398],
					[77.40269886],
					[79.43536932],
					[94.34161932]
				]
			},
			{
				"name": "4 memory states",
				"labelposition": [109.8636364,57.75355114,147.7073864,20.32670455],
				"symbolposition": [67.17755682,57.75355114,40.65340909,15.58380682],
				"x": [
					[57.69176136],
					[86.14914773],
					[174.2315341],
					[206.7542614],
					[251.4730114],
					[292.8039773],
					[361.9147727],
					[407.3110795],
					[461.515625],
					[500.1363636],
					[527.2386364],
					[559.0838068],
					[586.8636364]
				],
				"y": [
					[334.196733],
					[283.3799716],
					[201.3955966],
					[208.8487216],
					[191.2322443],
					[164.1299716],
					[158.0319602],
					[168.1953125],
					[162.774858],
					[152.6115057],
					[158.709517],
					[141.7705966],
					[139.7379261]
				]
			},
			{
				"name": "6 memory states",
				"labelposition": [111.8963068,78.08025568,145.6747159,23.03693182],
				"symbolposition": [65.14488636,79.43536932,37.94318182,16.93892045],
				"x": [
					[58.36931818],
					[85.47159091],
					[113.9289773],
					[143.7414773],
					[174.9090909],
					[228.4360795],
					[262.9914773],
					[292.1264205],
					[327.359375],
					[370.7230114],
					[411.3764205],
					[443.2215909],
					[470.3238636],
					[502.1690341],
					[561.1164773],
					[586.1860795]
				],
				"y": [
					[330.131392],
					[284.7350852],
					[268.4737216],
					[260.3430398],
					[226.4651989],
					[216.9794034],
					[183.1015625],
					[176.3259943],
					[180.3913352],
					[176.3259943],
					[172.9382102],
					[181.068892],
					[181.068892],
					[162.0973011],
					[172.2606534],
					[166.162642]
				]
			},
			{
				"name": "REINFORCE",
				"labelposition": [111.8963068,99.76207386,117.8948864,21.68181818],
				"symbolposition": [67.17755682,104.5049716,40.65340909,11.51846591],
				"x": [
					[54.98153409],
					[97.66761364],
					[187.7826705],
					[260.9588068],
					[313.8082386],
					[348.3636364],
					[411.3764205],
					[472.3565341],
					[531.3039773],
					[586.8636364]
				],
				"y": [
					[376.2052557],
					[364.009233],
					[345.037642],
					[334.196733],
					[328.0987216],
					[322.0007102],
					[319.9680398],
					[305.7393466],
					[309.8046875],
					[294.2208807]
				]
			}
		],
		"plotpos": [55.65909091,3.549005682,531.8821023,419.4076705],
		"xax": {
			"titlepos": [223.6931818,452.0916193,203.9446023,21.68181818],
			"minpos": [94.95738636,429.7322443,36.58806818,25.06960227],
			"maxpos": [567.8920455,429.0546875,42.00852273,23.71448864],
			"type": 1
		},
		"yax": {
			"titlepos": [4.164772727,137.7052557,23.71448864,162.6136364],
			"minpos": [36.6875,410.7606534,16.26136364,27.10227273],
			"maxpos": [23.13636364,22.52059659,29.13494318,28.45738636],
			"type": 1
		}
	}
}
