{
	"data": {
		"imagename": "02500-10.1.1.53.5806-Figure-5",
		"difficult": 0,
		"curves": [
			{
				"name": "Pure GA",
				"labelposition": [457.7357212,22.12536302,64.86834463,16.07357212],
				"symbolposition": [527.7705712,23.84753146,33.29525653,10.33301065],
				"x": [
					[113.8760891],
					[127.6534366],
					[132.8199419],
					[143.7270087],
					[152.3378509],
					[160.374637],
					[190.7996128],
					[198.2623427],
					[206.2991288],
					[225.8170378],
					[238.446273],
					[247.6311713],
					[258.5382381],
					[282.6485963],
					[293.5556631],
					[368.1829622],
					[376.7938045],
					[447.4027106],
					[516.2894482],
					[540.9738625],
					[570.8247822]
				],
				"y": [
					[35.3286544],
					[139.8068732],
					[139.8068732],
					[171.3799613],
					[172.5280736],
					[210.9898354],
					[212.7120039],
					[239.1185866],
					[238.5445305],
					[243.7110358],
					[254.0440465],
					[269.5435624],
					[274.1360116],
					[273.5619555],
					[297.6723136],
					[297.0982575],
					[303.9869313],
					[303.4128751],
					[301.1166505],
					[302.838819],
					[303.4128751]
				]
			},
			{
				"name": "Our Hybrid GA",
				"labelposition": [402.0522749,35.90271055,123.4220716,22.38818974],
				"symbolposition": [529.4927396,39.34704743,31.57308809,11.48112294],
				"x": [
					[112.1539206],
					[126.5053243],
					[131.6718296],
					[143.7270087],
					[151.7637948],
					[164.39303],
					[171.2817038],
					[182.7628267],
					[190.7996128],
					[210.3175218],
					[225.8170378],
					[239.5943853],
					[274.6118103],
					[340.054211],
					[431.3291384],
					[571.3988383]
				],
				"y": [
					[35.3286544],
					[96.178606],
					[94.45643756],
					[132.9181994],
					[166.213456],
					[220.7487899],
					[277.5803485],
					[290.2095837],
					[289.6355276],
					[302.2647628],
					[302.838819],
					[303.4128751],
					[305.1350436],
					[305.1350436],
					[305.7090997],
					[304.5609874]
				]
			}
		],
		"plotpos": [103.5430784,11.79235237,468.4298161,312.286544],
		"xax": {
			"titlepos": [308.4811229,348.7633107,60.8499516,12.05517909],
			"minpos": [96.0803485,331.5416263,16.64762827,21.24007744],
			"maxpos": [556.4733785,331.5416263,35.59148112,17.79574056],
			"type": 1
		},
		"yax": {
			"titlepos": [2.509196515,134.0663117,19.517909,78.07163601],
			"minpos": [82.30300097,318.3383349,15.49951597,14.92545983],
			"maxpos": [74.26621491,5.477734753,21.24007744,15.49951597],
			"type": 1
		}
	}
}
