{
	"data": {
		"imagename": "02516-10.1.1.50.9993-Figure-5",
		"difficult": 0,
		"curves": [
			{
				"name": "Initial Beta = 0",
				"labelposition": [199.828125,182.4296875,67.515625,10.875],
				"symbolposition": [176.265625,183.7890625,22.203125,7.25],
				"x": [
					[34.890625],
					[51.203125],
					[71.140625],
					[91.078125],
					[106.484375],
					[123.25],
					[154.0625],
					[186.234375],
					[233.359375],
					[280.484375],
					[323.078125],
					[378.8125]
				],
				"y": [
					[292.0859375],
					[173.8203125],
					[151.1640625],
					[150.7109375],
					[141.1953125],
					[145.2734375],
					[126.2421875],
					[111.2890625],
					[100.4140625],
					[92.7109375],
					[89.5390625],
					[86.3671875]
				]
			},
			{
				"name": "Initial Beta = 1",
				"labelposition": [198.46875,195.1171875,68.421875,12.234375],
				"symbolposition": [178.53125,197.3828125,17.671875,9.0625],
				"x": [
					[35.796875],
					[51.65625],
					[70.6875],
					[88.8125],
					[109.203125],
					[133.21875],
					[145.453125],
					[169.46875],
					[198.015625],
					[239.703125],
					[279.578125],
					[324.4375],
					[374.734375]
				],
				"y": [
					[12.9609375],
					[140.2890625],
					[153.4296875],
					[142.5546875],
					[143.9140625],
					[133.0390625],
					[129.4140625],
					[115.8203125],
					[106.3046875],
					[99.0546875],
					[93.6171875],
					[90.8984375],
					[89.5390625]
				]
			}
		],
		"plotpos": [33.53125,11.1484375,363.40625,283.203125],
		"xax": {
			"titlepos": [193.9375,307.4921875,40.78125,9.515625],
			"minpos": [30.359375,297.5234375,7.703125,9.96875],
			"maxpos": [390.140625,297.0703125,13.59375,11.328125],
			"type": 1
		},
		"yax": {
			"titlepos": [6.796875,138.4765625,10.421875,33.078125],
			"minpos": [24.015625,288.4609375,8.609375,10.875],
			"maxpos": [22.65625,4.8046875,10.875,11.328125],
			"type": 1
		}
	}
}
