{
	"data": {
		"imagename": "02518-10.1.1.42.6672-Figure-3",
		"difficult": 0,
		"curves": [
			{
				"name": "PL",
				"labelposition": [520.8702807,230.4177154,26.3552759,14.05614714],
				"symbolposition": [445.9041626,231.0033882,59.73862536,11.71345595],
				"x": [
					[200.5072604],
					[295.9719264],
					[397.8789932],
					[495.1006776]
				],
				"y": [
					[209.9191675],
					[118.554211],
					[7.276379477],
					[8.447725073]
				]
			},
			{
				"name": "ID3",
				"labelposition": [520.2846079,246.2308809,32.21200387,14.05614714],
				"symbolposition": [447.0755082,244.4738625,62.08131655,16.39883833],
				"x": [
					[198.750242],
					[297.7289448],
					[401.39303],
					[496.857696]
				],
				"y": [
					[130.8533398],
					[226.3180058],
					[197.0343659],
					[175.9501452]
				]
			},
			{
				"name": "C4.5",
				"labelposition": [516.7705712,260.8727009,46.26815102,16.98451113],
				"symbolposition": [445.3184898,263.8010649,64.42400774,12.29912875],
				"x": [
					[198.1645692],
					[294.214908],
					[403.1500484],
					[494.5150048]
				],
				"y": [
					[132.6103582],
					[238.0314618],
					[226.9036786],
					[166.5793804]
				]
			}
		],
		"plotpos": [95.67182962,7.276379477,501.3359148,289.9080348],
		"xax": {
			"titlepos": [267.2739593,332.3247822,157.5459826,21.08422072],
			"minpos": [89.81510165,310.6548887,18.15585673,17.57018393],
			"maxpos": [583.5372701,310.0692159,19.91287512,15.81316554],
			"type": 1
		},
		"yax": {
			"titlepos": [4.306873185,97.46999032,32.21200387,97.80735721],
			"minpos": [50.5750242,292.4990319,33.96902227,19.32720232],
			"maxpos": [52.33204259,3.176669894,34.55469506,18.15585673],
			"type": 1
		}
	}
}
