{
	"data": {
		"imagename": "02514-10.1.1.298.5551-Figure-5",
		"difficult": 0,
		"curves": [
			{
				"name": "CN total",
				"labelposition": [451.1661932,105.1129261,68.89914773,18.33096591],
				"symbolposition": [363.9360795,106.3771307,86.59801136,16.43465909],
				"x": [
					[135.7471591],
					[169.2485795],
					[204.6463068],
					[276.0738636],
					[344.9730114],
					[379.1065341],
					[417.0326705]
				],
				"y": [
					[263.7705966],
					[242.2791193],
					[211.306108],
					[149.3600852],
					[81.09303977],
					[44.43110795],
					[15.35440341]
				]
			},
			{
				"name": "CN explored",
				"labelposition": [450.5340909,124.7080966,103.0326705,19.59517045],
				"symbolposition": [365.8323864,124.7080966,82.80539773,17.06676136],
				"x": [
					[135.7471591],
					[171.1448864],
					[207.1747159],
					[237.515625],
					[272.28125],
					[344.3409091],
					[413.2400568],
					[481.5071023],
					[518.1690341],
					[552.9346591],
					[587.0681818],
					[618.6732955]
				],
				"y": [
					[265.0348011],
					[259.977983],
					[258.0816761],
					[266.2990057],
					[272.6200284],
					[289.6867898],
					[302.3288352],
					[308.649858],
					[315.602983],
					[312.4424716],
					[316.2350852],
					[315.602983]
				]
			},
			{
				"name": "single-best explored",
				"labelposition": [451.1661932,142.4069602,166.875,20.859375],
				"symbolposition": [363.9360795,144.303267,85.33380682,15.17045455],
				"x": [
					[133.8508523],
					[169.8806818],
					[204.6463068],
					[242.5724432],
					[310.2073864],
					[345.6051136]
				],
				"y": [
					[285.8941761],
					[290.9509943],
					[299.1683239],
					[313.7066761],
					[347.8401989],
					[371.227983]
				]
			}
		],
		"plotpos": [99.71732955,10.29758523,522.1164773,384.9502841],
		"xax": {
			"titlepos": [243.8366477,420.5319602,231.9815341,22.75568182],
			"minpos": [88.33948864,398.4083807,20.859375,15.80255682],
			"maxpos": [576.3224432,398.4083807,23.38778409,19.59517045],
			"type": 1
		},
		"yax": {
			"titlepos": [4.901988636,86.14985795,25.91619318,242.7272727],
			"minpos": [68.74431818,349.1044034,26.54829545,20.22727273],
			"maxpos": [7.430397727,2.712357955,90.390625,20.859375],
			"type": 2
		}
	}
}
