{
	"data": {
		"imagename": "02510-10.1.1.4.5252-Figure-2",
		"difficult": 0,
		"curves": [
			{
				"name": "Rademacher",
				"labelposition": [427.3636364,21.48508523,90.20454545,15.03409091],
				"symbolposition": [391.6576705,23.36434659,30.06818182,11.90198864],
				"x": [
					[45.24715909],
					[48.37926136],
					[49.63210227],
					[62.78693182],
					[82.83238636],
					[112.9005682],
					[142.96875],
					[186.1917614],
					[253.21875],
					[350.3139205],
					[442.3977273],
					[526.3380682]
				],
				"y": [
					[172.4524148],
					[237.600142],
					[270.1740057],
					[305.2535511],
					[327.178267],
					[344.0916193],
					[349.7294034],
					[359.7521307],
					[364.7634943],
					[368.522017],
					[372.2805398],
					[371.6541193]
				]
			},
			{
				"name": "VC",
				"labelposition": [425.484375,37.77201705,26.30965909,16.28693182],
				"symbolposition": [391.6576705,40.90411932,26.30965909,10.64914773],
				"x": [
					[86.59090909],
					[95.98721591],
					[112.9005682],
					[134.8252841],
					[171.1576705],
					[215.6335227],
					[272.0113636],
					[335.2798295],
					[391.6576705],
					[461.1903409],
					[526.3380682]
				],
				"y": [
					[14.59446023],
					[46.54190341],
					[77.86292614],
					[112.9424716],
					[144.8899148],
					[174.3316761],
					[198.7620739],
					[219.4339489],
					[229.4566761],
					[242.6115057],
					[251.381392]
				]
			}
		],
		"plotpos": [44.62073864,13.96803977,484.8494318,380.8636364],
		"xax": {
			"titlepos": [241.9431818,412.9978693,89.578125,20.04545455],
			"minpos": [106.6363636,399.2166193,15.03409091,18.79261364],
			"maxpos": [479.3565341,399.2166193,20.04545455,18.79261364],
			"type": 1
		},
		"yax": {
			"titlepos": [4.529829545,176.2109375,16.91335227,60.76278409],
			"minpos": [30.21306818,386.0617898,11.90198864,18.79261364],
			"maxpos": [30.83948864,5.198153409,11.27556818,18.16619318],
			"type": 1
		}
	}
}
