{
	"data": {
		"imagename": "02528-10.1.1.149.4426-Figure-5",
		"difficult": 0,
		"curves": [
			{
				"name": "random",
				"labelposition": [551.8053977,281.1228693,48.20880682,16.06960227],
				"symbolposition": [516.6903409,282.9083807,35.71022727,10.71306818],
				"x": [
					[100.0710227],
					[179.2286932],
					[256.6008523],
					[334.5681818],
					[409.5596591],
					[490.5028409],
					[566.0894886]
				],
				"y": [
					[338.8544034],
					[265.6484375],
					[246.0078125],
					[172.8018466],
					[200.774858],
					[162.6839489],
					[190.6569602]
				]
			},
			{
				"name": "all",
				"labelposition": [551.8053977,298.977983,17.25994318,13.68892045],
				"symbolposition": [519.0710227,300.7634943,32.734375,11.90340909],
				"x": [
					[100.6661932],
					[567.875]
				],
				"y": [
					[132.3302557],
					[131.7350852]
				]
			},
			{
				"name": "LMU",
				"labelposition": null,
				"symbolposition": null,
				"x": [
					[100.0710227],
					[179.2286932],
					[257.1960227],
					[335.1633523],
					[411.3451705],
					[486.9318182],
					[570.8508523]
				],
				"y": [
					[149.5901989],
					[74.59872159],
					[56.1484375],
					[63.88565341],
					[74.59872159],
					[84.12144886],
					[76.97940341]
				]
			}
		],
		"plotpos": [60.78977273,26.98508523,545.1761364,332.1051136],
		"xax": {
			"titlepos": [216.1292614,391.2294034,236.8778409,21.42613636],
			"minpos": [92.92897727,369.2080966,12.49857955,19.04545455],
			"maxpos": [557.7571023,368.0177557,14.87926136,20.23579545],
			"type": 1
		},
		"yax": {
			"titlepos": [13.17613636,140.662642,20.23579545,110.7017045],
			"minpos": [31.62642045,348.3771307,22.61647727,22.02130682],
			"maxpos": [29.84090909,16.27201705,22.61647727,20.23579545],
			"type": 1
		}
	}
}
