{
	"data": {
		"imagename": "02523-10.1.1.3.7356-Figure-7",
		"difficult": 0,
		"curves": [
			{
				"name": "BoostMap",
				"labelposition": [449.9409487,54.58422072,112.8693127,29.09002904],
				"symbolposition": [401.0696999,59.82042594,43.63504356,18.61761859],
				"x": [
					[70.60696999],
					[143.9138432],
					[215.4753146],
					[288.7821878],
					[359.1800581],
					[434.232333],
					[505.7938045],
					[577.9370765]
				],
				"y": [
					[60.98402711],
					[75.52904163],
					[101.1282672],
					[120.3276864],
					[149.999516],
					[160.4719264],
					[181.4167473],
					[200.0343659]
				]
			},
			{
				"name": "FastMap",
				"labelposition": [451.6863504,81.92884802,95.99709584,27.92642788],
				"symbolposition": [397.5788964,84.25605034,48.87124879,20.36302033],
				"x": [
					[71.77057115],
					[142.1684414],
					[214.893514],
					[288.2003872],
					[362.089061],
					[430.7415295],
					[507.5392062],
					[577.9370765]
				],
				"y": [
					[38.87560503],
					[67.96563408],
					[80.18344627],
					[112.1824782],
					[131.963698],
					[154.6539206],
					[176.7623427],
					[174.4351404]
				]
			},
			{
				"name": "Bourgain",
				"labelposition": [449.9409487,106.946273,104.142304,28.50822846],
				"symbolposition": [397.5788964,111.6006776,48.28944821,20.36302033],
				"x": [
					[72.35237173],
					[215.4753146],
					[301.5818006],
					[360.9254598],
					[407.4695063],
					[446.4501452],
					[477.8673766],
					[506.375605],
					[533.1384318]
				],
				"y": [
					[29.56679574],
					[43.53000968],
					[43.53000968],
					[52.83881897],
					[38.87560503],
					[33.05759923],
					[19.67618587],
					[29.56679574],
					[27.821394]
				]
			}
		],
		"plotpos": [69.44336883,7.458373669,517.2207164,208.2846079],
		"xax": {
			"titlepos": [207.3301065,247.160213,242.6108422,20.36302033],
			"minpos": [64.78896418,223.3063892,11.05421104,19.19941917],
			"maxpos": [555.8286544,221.5609874,43.05324298,25.01742498],
			"type": 2
		},
		"yax": {
			"titlepos": [4.281703775,5.712971926,22.69022265,215.2662149],
			"minpos": [53.73475315,207.0159729,13.96321394,19.19941917],
			"maxpos": [27.55372701,5.131171346,38.98063892,23.27202323],
			"type": 2
		}
	}
}
