{
	"data": {
		"imagename": "02527-10.1.1.39.5830-Figure-5",
		"difficult": 0,
		"curves": [
			{
				"name": "Original Data under HMM-m",
				"labelposition": [239.3165537,140.6568248,179.4482091,16.11810261],
				"symbolposition": [197.4094869,141.1940949,37.6089061,14.50629235],
				"x": [
					[108.2226525],
					[153.8906099],
					[200.0958374],
					[247.9128751],
					[294.1181026],
					[341.3978703],
					[385.9912875],
					[431.6592449],
					[477.3272023],
					[524.60697]
				],
				"y": [
					[176.6539206],
					[102.5106486],
					[79.40803485],
					[63.28993224],
					[55.76815102],
					[50.93272023],
					[46.09728945],
					[43.41093901],
					[41.79912875],
					[39.6500484]
				]
			},
			{
				"name": "HRTF of 0 deg under HMM-hrtf-m",
				"labelposition": [237.7047435,159.4612778,219.2061955,14.50629235],
				"symbolposition": [193.6485963,159.9985479,41.9070668,12.357212],
				"x": [
					[110.3717328],
					[157.1142304],
					[203.3194579],
					[249.5246854],
					[296.804453],
					[342.4724105],
					[386.5285576],
					[431.6592449],
					[478.4017425],
					[525.6815102]
				],
				"y": [
					[187.3993224],
					[125.6132623],
					[105.196999],
					[92.30251694],
					[81.01984511],
					[75.10987415],
					[72.9607938],
					[67.05082285],
					[65.43901258],
					[63.82720232]
				]
			},
			{
				"name": "HRTF of 30 deg under HMM-hrtf-m",
				"labelposition": [236.6302033,176.1166505,226.1907067,16.11810261],
				"symbolposition": [196.8722168,177.7284608,36.53436592,13.96902227],
				"x": [
					[110.3717328],
					[155.5024201],
					[202.2449177],
					[248.4501452],
					[294.6553727],
					[340.8606002],
					[389.7521781],
					[434.3455954],
					[524.0696999]
				],
				"y": [
					[201.9056147],
					[141.1940949],
					[122.9269119],
					[110.5696999],
					[105.196999],
					[93.9143272],
					[91.22797677],
					[86.39254598],
					[81.5571152]
				]
			},
			{
				"name": "HRTF of 60 deg under HMM-hrtf-m",
				"labelposition": [237.7047435,193.3092933,222.4298161,16.11810261],
				"symbolposition": [194.1858664,196.5329138,41.9070668,11.81994192],
				"x": [
					[108.7599226],
					[158.1887706],
					[204.9312682],
					[251.1364956],
					[296.267183],
					[338.1742498],
					[389.7521781],
					[432.7337851],
					[480.0135528],
					[524.0696999]
				],
				"y": [
					[186.8620523],
					[133.6723136],
					[115.4051307],
					[97.67521781],
					[87.46708616],
					[79.40803485],
					[78.33349468],
					[76.72168441],
					[73.49806389],
					[72.9607938]
				]
			},
			{
				"name": "HRTF of 90 deg under HMM-hrtf-m",
				"labelposition": [238.2420136,211.0392062,222.4298161,16.6553727],
				"symbolposition": [195.7976767,214.2628267,37.6089061,11.81994192],
				"x": [
					[109.8344627],
					[155.5024201],
					[203.856728],
					[248.9874153],
					[294.6553727],
					[339.78606],
					[433.2710552],
					[524.0696999]
				],
				"y": [
					[184.7129719],
					[111.6442401],
					[84.24346563],
					[71.34898354],
					[61.67812197],
					[55.76815102],
					[49.85818006],
					[44.48547919]
				]
			}
		],
		"plotpos": [63.62923524,13.86108422,483.5430784,238.0106486],
		"xax": {
			"titlepos": [498.8180058,266.9152953,52.11519845,13.96902227],
			"minpos": [59.86834463,255.0953533,10.20813166,16.11810261],
			"maxpos": [518.1597289,256.1698935,14.50629235,11.81994192],
			"type": 1
		},
		"yax": {
			"titlepos": [2.380445305,10.6374637,19.87899322,200.4017425],
			"minpos": [28.70667957,240.0517909,31.69893514,16.11810261],
			"maxpos": [22.25943853,3.115682478,38.14617619,17.72991288],
			"type": 1
		}
	}
}
