{
	"data": {
		"imagename": "02525-10.1.1.387.3256-Figure-7",
		"difficult": 0,
		"curves": [
			{
				"name": "PMH-Delta",
				"labelposition": [542.5256534,16.75072604,108.4704743,27.44433688],
				"symbolposition": [477.8354308,20.6713456,64.69022265,20.25653437],
				"x": [
					[120.4056147],
					[132.1674734],
					[145.2362052],
					[157.6515005],
					[173.3339787],
					[198.8180058],
					[215.1539206],
					[230.8363988],
					[245.8654405],
					[259.5876089],
					[285.071636],
					[298.7938045],
					[315.1297193],
					[328.1984511],
					[343.2274927],
					[369.3649564],
					[385.7008712],
					[399.4230397],
					[424.2536302],
					[441.8964182],
					[456.2720232],
					[465.4201355],
					[481.7560503],
					[507.2400774],
					[528.1500484],
					[542.5256534],
					[555.5943853],
					[569.3165537],
					[583.0387222],
					[610.4830591]
				],
				"y": [
					[135.6761859],
					[187.9511133],
					[178.803001],
					[186.6442401],
					[187.2976767],
					[196.445789],
					[195.1389158],
					[199.0595353],
					[194.4854792],
					[204.9404647],
					[204.9404647],
					[197.7526621],
					[206.2473379],
					[201.0198451],
					[209.5145208],
					[210.821394],
					[200.3664085],
					[214.088577],
					[206.2473379],
					[213.4351404],
					[208.2076476],
					[215.3954501],
					[208.2076476],
					[215.3954501],
					[216.0488867],
					[206.9007744],
					[209.5145208],
					[218.6626331],
					[219.9695063],
					[215.3954501]
				]
			},
			{
				"name": "PH-Delta",
				"labelposition": [541.8722168,50.07599226,90.82768635,21.56340755],
				"symbolposition": [479.142304,53.34317522,63.38334947,14.37560503],
				"x": [
					[117.7918683],
					[128.2468538],
					[143.929332],
					[159.6118103],
					[185.0958374],
					[206.0058083],
					[241.2913843],
					[260.8944821],
					[270.696031],
					[282.4578896],
					[302.0609874],
					[321.6640852],
					[356.2962246],
					[370.6718296],
					[387.661181],
					[398.7696031],
					[409.2245886],
					[424.9070668],
					[443.856728],
					[453.6582769],
					[469.3407551],
					[485.6766699],
					[511.160697],
					[526.8431752],
					[540.5653437],
					[552.9806389],
					[568.0096805],
					[584.3455954],
					[607.8693127]
				],
				"y": [
					[218.6626331],
					[191.2182962],
					[195.7923524],
					[194.4854792],
					[202.9801549],
					[201.0198451],
					[210.821394],
					[199.0595353],
					[207.554211],
					[208.2076476],
					[202.3267183],
					[204.9404647],
					[205.5939013],
					[202.3267183],
					[207.554211],
					[202.9801549],
					[214.088577],
					[200.3664085],
					[213.4351404],
					[219.3160697],
					[212.7817038],
					[218.6626331],
					[206.2473379],
					[208.8610842],
					[197.7526621],
					[205.5939013],
					[216.7023233],
					[212.1282672],
					[218.6626331]
				]
			},
			{
				"name": "PM-Delta",
				"labelposition": [544.4859632,78.17376573,92.13455954,28.09777348],
				"symbolposition": [479.7957406,84.05469506,62.72991288,14.37560503],
				"x": [
					[117.1384318],
					[132.1674734],
					[158.9583737],
					[186.4027106],
					[214.500484],
					[232.143272],
					[245.2120039],
					[260.2410455],
					[271.3494676],
					[287.0319458],
					[298.7938045],
					[325.5847047],
					[359.5634076],
					[370.6718296],
					[385.7008712],
					[411.1848984],
					[424.2536302],
					[451.6979671],
					[469.3407551],
					[485.0232333],
					[498.7454017],
					[514.42788],
					[524.2294288],
					[536.6447241],
					[553.6340755],
					[581.731849],
					[596.107454],
					[605.9090029]
				],
				"y": [
					[104.3112294],
					[102.3509197],
					[159.8533398],
					[175.535818],
					[208.2076476],
					[214.088577],
					[225.196999],
					[223.8901258],
					[228.464182],
					[250.6810261],
					[242.1863504],
					[259.8291384],
					[255.2550823],
					[272.8978703],
					[266.3635044],
					[265.0566312],
					[278.125363],
					[266.3635044],
					[270.2841239],
					[270.9375605],
					[266.3635044],
					[270.2841239],
					[274.8581801],
					[276.1650532],
					[272.2444337],
					[282.0459826],
					[272.8978703],
					[276.8184898]
				]
			},
			{
				"name": "P-Delta",
				"labelposition": [540.5653437,112.1524685,77.7589545,23.52371733],
				"symbolposition": [479.7957406,114.7662149,60.7696031,13.72216844],
				"x": [
					[117.1384318],
					[132.1674734],
					[145.2362052],
					[162.8789932],
					[171.3736689],
					[186.4027106],
					[219.7279768],
					[228.8760891],
					[245.8654405],
					[256.9738625],
					[270.696031],
					[299.447241],
					[313.1694095],
					[327.5450145],
					[341.9206196],
					[357.6030978],
					[383.7405615],
					[395.5024201],
					[411.1848984],
					[422.946757],
					[437.9757986],
					[469.3407551],
					[483.0629235],
					[492.8644724],
					[507.2400774],
					[522.9225557],
					[542.5256534],
					[564.7424976],
					[581.0784124],
					[597.4143272],
					[609.1761859]
				],
				"y": [
					[161.160213],
					[77.52032914],
					[99.08373669],
					[106.9249758],
					[110.1921588],
					[127.8349468],
					[143.517425],
					[132.4090029],
					[128.4883833],
					[143.517425],
					[135.6761859],
					[149.3983543],
					[141.5571152],
					[131.7555663],
					[149.3983543],
					[141.5571152],
					[141.5571152],
					[148.0914811],
					[149.3983543],
					[140.250242],
					[148.0914811],
					[141.5571152],
					[155.2792836],
					[151.3586641],
					[159.8533398],
					[155.2792836],
					[157.2395934],
					[167.0411423],
					[150.0517909],
					[161.8136496],
					[157.2395934]
				]
			}
		],
		"plotpos": [115.8315586,32.43320426,501.839303,294.0464666],
		"xax": {
			"titlepos": [147.8499516,368.9530494,425.3872217,27.44433688],
			"minpos": [107.9903195,339.5484027,20.25653437,28.09777348],
			"maxpos": [589.5730881,340.2018393,37.89932236,35.28557599],
			"type": 1
		},
		"yax": {
			"titlepos": [15.20232333,33.08664085,32.67182962,310.3823814],
			"minpos": [48.52758955,314.7178122,55.54211036,24.17715392],
			"maxpos": [57.02226525,20.017909,40.51306873,23.52371733],
			"type": 1
		}
	}
}
