{
	"data": {
		"imagename": "02529-10.1.1.145.4824-Figure-9",
		"difficult": 0,
		"curves": [
			{
				"name": "Exact",
				"labelposition": [279.6676136,120.459517,47.33096591,16.86505682],
				"symbolposition": [255.1860795,125.3558239,22.30539773,9.792613636],
				"x": [
					[95.78409091],
					[426.0127841]
				],
				"y": [
					[76.93678977],
					[76.93678977]
				]
			},
			{
				"name": "Perturbed",
				"labelposition": [279.6676136,136.7805398,76.16477273,14.68892045],
				"symbolposition": [253.5539773,141.6768466,22.84943182,8.160511364],
				"x": [
					[97.41619318],
					[118.0894886],
					[132.234375],
					[150.7315341],
					[169.2286932],
					[189.9019886],
					[208.9431818],
					[225.2642045],
					[263.3465909],
					[278.0355114],
					[293.8125],
					[325.3664773],
					[354.2002841],
					[373.7855114],
					[387.3863636],
					[410.2357955],
					[423.8366477]
				],
				"y": [
					[72.58451705],
					[83.46519886],
					[103.5944602],
					[132.428267],
					[157.9978693],
					[184.6555398],
					[198.8004261],
					[215.665483],
					[234.7066761],
					[240.147017],
					[251.0276989],
					[258.6441761],
					[268.4367898],
					[270.068892],
					[274.9651989],
					[276.5973011],
					[278.2294034]
				]
			},
			{
				"name": "Perturbed (negative)",
				"labelposition": [281.2997159,151.4694602,145.8011364,17.953125],
				"symbolposition": [256.8181818,153.6455966,22.30539773,10.88068182],
				"x": [
					[97.96022727],
					[123.5298295],
					[145.2911932],
					[164.8764205],
					[192.078125],
					[233.96875],
					[248.6576705],
					[273.1392045],
					[305.78125],
					[336.7911932],
					[359.0965909],
					[377.0497159],
					[396.6349432],
					[421.6605114]
				],
				"y": [
					[72.58451705],
					[82.92116477],
					[100.3302557],
					[122.6356534],
					[153.6455966],
					[196.6242898],
					[210.225142],
					[226.0021307],
					[239.0589489],
					[255.3799716],
					[265.1725852],
					[266.8046875],
					[272.2450284],
					[274.9651989]
				]
			}
		],
		"plotpos": [81.63920455,7.300426136,355.7982955,299.21875],
		"xax": {
			"titlepos": [134.4105114,364.1867898,244.8153409,17.40909091],
			"minpos": [84.90340909,322.8401989,21.21732955,23.39346591],
			"maxpos": [415.1321023,318.4879261,16.86505682,27.74573864],
			"type": 1
		},
		"yax": {
			"titlepos": [4.386363636,17.63707386,29.37784091,291.0582386],
			"minpos": [42.46875,280.4055398,19.58522727,29.37784091],
			"maxpos": [41.92471591,4.580255682,18.49715909,29.37784091],
			"type": 1
		}
	}
}
