{
	"data": {
		"imagename": "02522-10.1.1.319.821-Figure-7",
		"difficult": 0,
		"curves": [
			{
				"name": "Constrained Typical-Cut",
				"labelposition": [332.5355114,19.39133523,143.7997159,13.53409091],
				"symbolposition": [300.3920455,17.13565341,31.57954545,16.35369318],
				"x": [
					[47.75568182],
					[52.26704545],
					[64.67329545],
					[122.1931818],
					[175.2017045],
					[201.1420455],
					[256.40625],
					[290.2414773],
					[298.7002841],
					[333.6633523],
					[361.2954545],
					[381.0326705],
					[395.1306818],
					[401.3338068],
					[415.4318182],
					[440.8082386],
					[449.2670455],
					[450.3948864],
					[462.8011364]
				],
				"y": [
					[22.2109375],
					[52.66264205],
					[61.12144886],
					[74.09161932],
					[83.11434659],
					[90.4453125],
					[100.5958807],
					[111.3103693],
					[123.7166193],
					[138.3785511],
					[150.7848011],
					[167.1384943],
					[178.9808239],
					[190.8231534],
					[203.2294034],
					[214.5078125],
					[222.4026989],
					[230.2975852],
					[235.3728693]
				]
			},
			{
				"name": "Typical-Cut",
				"labelposition": [333.6633523,32.36150568,67.67045455,15.78977273],
				"symbolposition": [300.3920455,32.36150568,33.83522727,13.53409091],
				"x": [
					[48.31960227],
					[55.08664773],
					[65.80113636],
					[83.28267045],
					[108.0951705],
					[145.3139205],
					[210.7286932],
					[271.0681818],
					[335.3551136],
					[379.9048295],
					[409.7926136],
					[428.9659091],
					[445.3196023],
					[458.8536932]
				],
				"y": [
					[108.490767],
					[131.6115057],
					[150.2208807],
					[162.6271307],
					[177.2890625],
					[189.131392],
					[206.0490057],
					[222.4026989],
					[233.681108],
					[241.0120739],
					[248.9069602],
					[263.0049716],
					[270.3359375],
					[276.5390625]
				]
			},
			{
				"name": "RCA",
				"labelposition": [333.6633523,47.0234375,29.32386364,13.53409091],
				"symbolposition": [300.3920455,46.45951705,33.83522727,12.97017045],
				"x": [
					[49.44744318],
					[52.26704545],
					[56.21448864],
					[62.98153409],
					[74.25994318],
					[91.74147727],
					[108.6590909],
					[136.2911932],
					[163.9232955],
					[205.6534091],
					[251.8948864],
					[289.6775568],
					[329.1519886],
					[376.5213068],
					[428.4019886],
					[462.8011364]
				],
				"y": [
					[16.0078125],
					[50.97088068],
					[74.65553977],
					[96.08451705],
					[118.0774148],
					[143.4538352],
					[164.318892],
					[188.5674716],
					[204.3572443],
					[223.5305398],
					[235.3728693],
					[245.5234375],
					[253.4183239],
					[261.3132102],
					[266.3884943],
					[269.772017]
				]
			},
			{
				"name": "Whitened",
				"labelposition": [332.5355114,59.99360795,57.51988636,14.09801136],
				"symbolposition": [300.3920455,60.55752841,33.27130682,13.53409091],
				"x": [
					[47.19176136],
					[50.01136364],
					[50.57528409],
					[54.52272727],
					[60.72585227],
					[72.56818182],
					[91.74147727],
					[106.4034091],
					[126.7045455],
					[148.6974432],
					[174.6377841],
					[204.5255682],
					[238.3607955],
					[285.1661932],
					[327.4602273],
					[367.4985795],
					[408.1008523],
					[439.6803977],
					[461.6732955]
				],
				"y": [
					[12.62428977],
					[37.43678977],
					[63.94105114],
					[87.06178977],
					[111.8742898],
					[138.3785511],
					[166.0106534],
					[184.056108],
					[199.8458807],
					[212.8160511],
					[225.2223011],
					[237.0646307],
					[247.2151989],
					[256.8018466],
					[264.696733],
					[271.4637784],
					[274.8473011],
					[277.102983],
					[278.7947443]
				]
			}
		],
		"plotpos": [44.93607955,8.112926136,439.2940341,350.1946023],
		"xax": {
			"titlepos": [194.9389205,375.7890625,140.9801136,16.35369318],
			"minpos": [40.42471591,361.6910511,12.40625,20.30113636],
			"maxpos": [447.5752841,361.1271307,31.015625,17.48153409],
			"type": 1
		},
		"yax": {
			"titlepos": [3.769886364,81.98650568,16.35369318,206.9588068],
			"minpos": [31.40198864,350.412642,12.40625,14.09801136],
			"maxpos": [33.09375,4.729403409,11.84232955,16.35369318],
			"type": 1
		}
	}
}
