{
	"data": {
		"imagename": "02536-10.1.1.385.5289-Figure-5",
		"difficult": 0,
		"curves": [
			{
				"name": "RAP 125 dimensions",
				"labelposition": [157.3533398,236.8804453,174.5392062,19.71539206],
				"symbolposition": [117.3426912,240.3596321,39.43078412,13.33688287],
				"x": [
					[88.92933204],
					[126.0406583],
					[159.0929332],
					[195.0445305],
					[228.6766699],
					[265.2081317],
					[335.9515973],
					[402.6360116],
					[436.268151],
					[467.5808325],
					[501.2129719],
					[530.2061955],
					[565.5779284],
					[576.5953533]
				],
				"y": [
					[26.38964182],
					[32.76815102],
					[48.42449177],
					[65.24056147],
					[82.05663117],
					[96.55324298],
					[130.7652469],
					[165.5571152],
					[188.7516941],
					[213.6858664],
					[235.1408519],
					[260.0750242],
					[296.606486],
					[320.3809293]
				]
			},
			{
				"name": "PLSI 250 dimensions",
				"labelposition": [159.0929332,255.4361084,174.5392062,19.13552759],
				"symbolposition": [117.3426912,260.0750242,40.0106486,12.17715392],
				"x": [
					[85.45014521],
					[117.3426912],
					[190.9854792],
					[257.6698935],
					[326.6737657],
					[363.2052275],
					[427.5701839],
					[465.8412391],
					[528.4666021],
					[562.0987415],
					[578.3349468]
				],
				"y": [
					[62.34123911],
					[95.97337851],
					[118.0082285],
					[140.6229429],
					[168.4564376],
					[189.911423],
					[229.9220716],
					[253.1166505],
					[290.8078412],
					[315.1621491],
					[320.3809293]
				]
			},
			{
				"name": "LSI 125 dimensions",
				"labelposition": [158.5130687,277.4709584,165.8412391,16.23620523],
				"symbolposition": [117.3426912,279.2105518,40.0106486,12.17715392],
				"x": [
					[90.08906099],
					[127.7802517],
					[161.9922556],
					[194.464666],
					[231.5759923],
					[300.5798645],
					[364.3649564],
					[401.4762827],
					[464.1016457],
					[499.4733785],
					[528.4666021],
					[562.0987415],
					[580.0745402]
				],
				"y": [
					[10.73330106],
					[26.38964182],
					[36.82720232],
					[56.54259439],
					[74.51839303],
					[109.3102614],
					[145.8417231],
					[177.1544046],
					[241.5193611],
					[273.9917715],
					[302.4051307],
					[316.9017425],
					[318.0614714]
				]
			},
			{
				"name": "TF-IDF",
				"labelposition": [156.7734753,293.7071636,70.16360116,19.13552759],
				"symbolposition": [119.0822846,297.1863504,38.27105518,13.91674734],
				"x": [
					[94.72797677],
					[129.5198451],
					[167.2110358],
					[199.1035818],
					[235.6350436],
					[265.7879961],
					[297.1006776],
					[335.3717328],
					[369.5837367],
					[396.2575024],
					[432.7889642],
					[465.2613746],
					[497.7337851],
					[529.0464666],
					[563.2584705],
					[574.8557599]
				],
				"y": [
					[21.17086157],
					[35.08760891],
					[48.42449177],
					[63.50096805],
					[77.41771539],
					[95.97337851],
					[116.268635],
					[140.6229429],
					[165.5571152],
					[187.5919652],
					[216.0053243],
					[244.4186834],
					[274.571636],
					[295.446757],
					[312.2628267],
					[318.0614714]
				]
			}
		],
		"plotpos": [69.79380445,5.514520813,512.0203291,341.5401742],
		"xax": {
			"titlepos": [294.2013553,371.4090029,63.78509197,20.87512101],
			"minpos": [64.5750242,352.8533398,39.43078412,22.03484995],
			"maxpos": [565.5779284,352.8533398,30.73281704,23.77444337],
			"type": 2
		},
		"yax": {
			"titlepos": [2.529525653,128.445789,26.09390126,94.517909],
			"minpos": [27.46369797,338.9365924,41.17037754,17.97579864],
			"maxpos": [39.64085189,83.79622459,28.41335915,19.13552759],
			"type": 1
		}
	}
}
