{
	"data": {
		"imagename": "02533-10.1.1.132.8249-Figure-3",
		"difficult": 0,
		"curves": [
			{
				"name": "non-averaged",
				"labelposition": [381.0127841,383.7549716,96.56818182,18.10653409],
				"symbolposition": [341.3508523,384.6171875,40.52414773,12.93323864],
				"x": [
					[90.44602273],
					[135.28125],
					[226.6761364],
					[270.6491477],
					[308.5866477],
					[402.5681818],
					[448.265625],
					[490.5142045],
					[490.5142045]
				],
				"y": [
					[401.8615057],
					[237.178267],
					[183.7208807],
					[177.6853693],
					[178.5475852],
					[165.6143466],
					[167.3387784],
					[163.0276989],
					[163.0276989]
				]
			},
			{
				"name": "averaged",
				"labelposition": [381.0127841,412.2080966,67.25284091,18.10653409],
				"symbolposition": [343.9375,412.2080966,37.07528409,15.51988636],
				"x": [
					[91.30823864],
					[137.8678977],
					[184.4275568],
					[223.2272727],
					[268.9247159],
					[312.8977273],
					[401.7059659],
					[446.5411932],
					[490.5142045]
				],
				"y": [
					[232.0049716],
					[163.8899148],
					[145.7833807],
					[142.334517],
					[142.334517],
					[135.4367898],
					[139.7478693],
					[132.850142],
					[133.712358]
				]
			}
		],
		"plotpos": [68.02840909,101.8103693,450.0767045,444.9034091],
		"xax": {
			"titlepos": [182.703125,584.6512784,214.6917614,22.41761364],
			"minpos": [83.54829545,559.647017,12.07102273,21.55539773],
			"maxpos": [479.3053977,557.9225852,21.55539773,20.69318182],
			"type": 1
		},
		"yax": {
			"titlepos": [5.086647727,282.0134943,18.96875,93.11931818],
			"minpos": [23.19318182,537.2294034,38.79971591,23.27982955],
			"maxpos": [24.05539773,88.01491477,36.21306818,25.86647727],
			"type": 1
		}
	}
}
