{
	"data": {
		"imagename": "02559-10.1.1.143.8073-Figure-4",
		"difficult": 0,
		"curves": [
			{
				"name": "PART with no class noise",
				"labelposition": [634.6122943,51.07018393,196.9060987,20.53049371],
				"symbolposition": [838.9840271,53.86979671,38.26137464,18.66408519],
				"x": [
					[152.1456922],
					[399.4448209],
					[643.0111326],
					[885.6442401]
				],
				"y": [
					[550.3344627],
					[498.0750242],
					[435.5503388],
					[366.4932236]
				]
			},
			{
				"name": "PART with 20% class noise",
				"labelposition": [620.6142304,71.60067764,210.9041626,18.66408519],
				"symbolposition": [838.9840271,72.5338819,33.59535334,15.86447241],
				"x": [
					[152.1456922],
					[271.5958374],
					[518.8949661],
					[765.2608906],
					[887.5106486]
				],
				"y": [
					[499.0082285],
					[460.7468538],
					[363.6936108],
					[264.7739593],
					[214.3809293]
				]
			},
			{
				"name": "a*x^2",
				"labelposition": [784.8581801,89.33155857,49.45982575,16.79767667],
				"symbolposition": [837.1176186,89.33155857,38.26137464,14.93126815],
				"x": [
					[151.2124879],
					[364.9162633],
					[570.2212004],
					[752.196031],
					[883.7778316]
				],
				"y": [
					[478.4777348],
					[388.8901258],
					[297.4361084],
					[212.5145208],
					[158.3886738]
				]
			},
			{
				"name": "a*x*log(x)",
				"labelposition": [749.3964182,103.3296225,84.92158761,24.26331075],
				"symbolposition": [836.1844143,107.0624395,36.39496612,15.86447241],
				"x": [
					[154.9453049],
					[305.1911907],
					[506.7633107],
					[654.2095837],
					[791.3906099],
					[887.5106486]
				],
				"y": [
					[530.7371733],
					[494.3422072],
					[445.8155857],
					[406.6210068],
					[373.0256534],
					[350.6287512]
				]
			}
		],
		"plotpos": [150.2792836,40.80493708,735.3649564,537.5256534],
		"xax": {
			"titlepos": [433.0401742,601.660697,167.9767667,21.46369797],
			"minpos": [133.481607,584.8630203,35.46176186,21.46369797],
			"maxpos": [860.4477251,584.8630203,55.05905131,22.39690223],
			"type": 2
		},
		"yax": {
			"titlepos": [46.69361084,231.178606,40.12778316,162.3775411],
			"minpos": [125.0827686,566.1989351,19.59728945,20.53049371],
			"maxpos": [88.68780252,28.6732817,60.65827686,25.196515],
			"type": 2
		}
	}
}
