{
	"data": {
		"imagename": "02552-10.1.1.143.8125-Figure-3",
		"difficult": 0,
		"curves": [
			{
				"name": "Baseline",
				"labelposition": [322.7897727,37.47088068,45.89488636,13.25852273],
				"symbolposition": [289.6434659,37.98082386,30.59659091,9.688920455],
				"x": [
					[54.55965909],
					[132.5809659],
					[171.8465909],
					[208.0525568],
					[252.4176136],
					[291.1732955],
					[331.96875],
					[370.2144886],
					[407.9502841],
					[449.2556818]
				],
				"y": [
					[75.20667614],
					[110.3927557],
					[153.227983],
					[161.897017],
					[185.8643466],
					[193.5134943],
					[217.990767],
					[240.9382102],
					[253.1768466],
					[263.3757102]
				]
			},
			{
				"name": "Conceptual Unification",
				"labelposition": [319.7301136,50.21946023,117.2869318,16.828125],
				"symbolposition": [288.1136364,51.23934659,29.06676136,12.23863636],
				"x": [
					[55.06960227],
					[94.33522727],
					[131.5610795],
					[168.7869318],
					[210.0923295],
					[247.3181818],
					[291.1732955],
					[335.0284091],
					[370.7244318],
					[409.4801136],
					[449.2556818]
				],
				"y": [
					[63.98792614],
					[71.63707386],
					[91.01491477],
					[117.5319602],
					[126.7109375],
					[148.6384943],
					[168.0163352],
					[202.6924716],
					[233.7990057],
					[242.977983],
					[260.8259943]
				]
			}
		],
		"plotpos": [54.04971591,14.01349432,395.2059659,295.2571023],
		"xax": {
			"titlepos": [230.4900568,342.4169034,42.32528409,15.80823864],
			"minpos": [41.30113636,318.959517,23.45738636,16.828125],
			"maxpos": [438.546875,319.4694602,20.90767045,17.33806818],
			"type": 1
		},
		"yax": {
			"titlepos": [4.585227273,130.2805398,15.80823864,68.84232955],
			"minpos": [26.51278409,303.1512784,20.39772727,13.25852273],
			"maxpos": [25.49289773,6.364346591,22.4375,15.29829545],
			"type": 1
		}
	}
}
