{
	"data": {
		"imagename": "02557-10.1.1.142.1945-Figure-6",
		"difficult": 0,
		"curves": [
			{
				"name": "local broadcast",
				"labelposition": [71.015625,24.07173295,117.5170455,16.39772727],
				"symbolposition": [45.73579545,25.43821023,24.59659091,12.29829545],
				"x": [
					[75.79829545],
					[94.92897727],
					[115.4261364],
					[133.8735795],
					[151.6377841],
					[170.0852273],
					[189.8991477],
					[208.3465909],
					[227.4772727],
					[282.8196023],
					[319.03125],
					[338.8451705],
					[373.6903409],
					[394.8707386],
					[431.765625],
					[447.4801136],
					[487.1079545],
					[505.5553977],
					[526.0525568],
					[542.4502841],
					[560.8977273],
					[581.3948864]
				],
				"y": [
					[436.0646307],
					[405.318892],
					[367.740767],
					[343.1441761],
					[324.696733],
					[320.5973011],
					[308.2990057],
					[300.100142],
					[300.7833807],
					[291.9012784],
					[285.068892],
					[285.068892],
					[277.553267],
					[275.5035511],
					[272.087358],
					[272.087358],
					[261.8387784],
					[263.8884943],
					[261.1555398],
					[253.6399148],
					[254.3231534],
					[250.2237216]
				]
			},
			{
				"name": "ttl 5",
				"labelposition": [71.015625,44.56889205,32.11221591,16.39772727],
				"symbolposition": [43.00284091,46.61860795,28.01278409,12.29829545],
				"x": [
					[77.16477273],
					[98.34517045],
					[115.4261364],
					[150.2713068],
					[189.8991477],
					[206.296875],
					[224.7443182],
					[262.3224432],
					[282.1363636],
					[301.9502841],
					[319.7144886],
					[353.8764205],
					[377.7897727],
					[394.1875],
					[411.2684659],
					[431.765625],
					[467.9772727],
					[486.4247159],
					[507.6051136],
					[524.6860795],
					[561.5809659],
					[579.3451705]
				],
				"y": [
					[434.6981534],
					[428.5490057],
					[425.1328125],
					[385.5049716],
					[347.243608],
					[343.1441761],
					[317.181108],
					[314.4481534],
					[293.9509943],
					[289.8515625],
					[276.1867898],
					[255.006392],
					[252.9566761],
					[246.8075284],
					[233.1427557],
					[224.943892],
					[216.7450284],
					[216.7450284],
					[214.6953125],
					[214.6953125],
					[223.5774148],
					[220.1612216]
				]
			},
			{
				"name": "ttl 10",
				"labelposition": [71.69886364,65.74928977,39.62784091,16.39772727],
				"symbolposition": [44.36931818,67.11576705,27.32954545,12.98153409],
				"x": [
					[78.53125],
					[116.7926136],
					[133.1903409],
					[150.2713068],
					[170.7684659],
					[208.3465909],
					[226.7940341],
					[243.1917614],
					[264.3721591],
					[280.7698864],
					[321.0809659],
					[338.1619318],
					[355.2428977],
					[372.3238636],
					[392.8210227],
					[411.2684659],
					[431.0823864],
					[468.6605114],
					[487.1079545],
					[503.5056818],
					[524.6860795],
					[560.2144886],
					[577.9786932]
				],
				"y": [
					[434.6981534],
					[431.9651989],
					[415.5674716],
					[386.1882102],
					[365.0078125],
					[341.7776989],
					[326.7464489],
					[319.2308239],
					[294.634233],
					[295.3174716],
					[250.2237216],
					[252.2734375],
					[243.3913352],
					[219.477983],
					[214.6953125],
					[220.8444602],
					[202.397017],
					[181.899858],
					[180.5333807],
					[157.303267],
					[149.1044034],
					[142.9552557],
					[123.8245739]
				]
			},
			{
				"name": "ttl 15",
				"labelposition": [71.015625,88.29616477,43.72727273,15.03125],
				"symbolposition": [43.00284091,88.29616477,27.32954545,11.61505682],
				"x": [
					[78.53125],
					[113.3764205],
					[151.6377841],
					[170.7684659],
					[188.5326705],
					[207.6633523],
					[224.0610795],
					[262.3224432],
					[280.7698864],
					[299.9005682],
					[319.03125],
					[336.7954545],
					[355.9261364],
					[394.8707386],
					[411.2684659],
					[429.7159091],
					[447.4801136],
					[468.6605114],
					[486.4247159],
					[507.6051136],
					[522.6363636],
					[541.7670455],
					[578.6619318]
				],
				"y": [
					[434.6981534],
					[423.7663352],
					[377.306108],
					[349.2933239],
					[304.1995739],
					[273.4538352],
					[235.1924716],
					[208.5461648],
					[175.7507102],
					[183.9495739],
					[157.9865057],
					[147.0546875],
					[119.725142],
					[106.743608],
					[115.6257102],
					[102.6441761],
					[99.91122159],
					[85.56321023],
					[97.17826705],
					[99.22798295],
					[88.97940341],
					[67.79900568],
					[54.81747159]
				]
			}
		],
		"plotpos": [38.22017045,13.13991477,558.2059659,421.5582386],
		"xax": {
			"titlepos": [278.7201705,455.1953125,78.57244318,20.49715909],
			"minpos": [34.80397727,440.1640625,9.565340909,17.08096591],
			"maxpos": [593.0099432,439.4808239,11.61505682,17.76420455],
			"type": 1
		},
		"yax": {
			"titlepos": [4.741477273,165.5021307,19.81392045,122.2997159],
			"minpos": [22.50568182,427.865767,15.71448864,15.71448864],
			"maxpos": [24.55539773,4.2578125,12.98153409,18.44744318],
			"type": 1
		}
	}
}
