{
	"data": {
		"imagename": "02554-10.1.1.23.9493-Figure-5",
		"difficult": 0,
		"curves": [
			{
				"name": "BBF search",
				"labelposition": [203.2855114,54.46661932,106.640625,23.26704545],
				"symbolposition": [312.5113636,60.28338068,49.11931818,14.86505682],
				"x": [
					[94.70596591],
					[216.2116477],
					[337.0710227],
					[458.5767045],
					[578.7897727]
				],
				"y": [
					[338.8416193],
					[338.8416193],
					[331.0859375],
					[315.5745739],
					[280.6740057]
				]
			},
			{
				"name": "Restricted search",
				"labelposition": [153.5198864,75.79474432,154.4673295,21.97443182],
				"symbolposition": [317.0355114,77.73366477,40.71732955,17.45028409],
				"x": [
					[95.35227273],
					[216.2116477],
					[336.4247159],
					[456.6377841],
					[578.1434659]
				],
				"y": [
					[339.4879261],
					[320.7450284],
					[166.2776989],
					[80.31889205],
					[60.28338068]
				]
			}
		],
		"plotpos": [92.76704545,12.45667614,486.0227273,380.6747159],
		"xax": {
			"titlepos": [247.8806818,429.9708807,179.6732955,23.91335227],
			"minpos": [85.01136364,402.8259943,18.09659091,22.62073864],
			"maxpos": [564.5710227,400.8870739,27.79119318,27.14488636],
			"type": 1
		},
		"yax": {
			"titlepos": [4.223011364,139.7791193,23.26704545,137.6633523],
			"minpos": [42.35511364,383.4367898,44.59517045,23.91335227],
			"maxpos": [42.35511364,4.0546875,46.53409091,18.74289773],
			"type": 1
		}
	}
}
