{
	"data": {
		"imagename": "02568-10.1.1.39.5830-Figure-3",
		"difficult": 0,
		"curves": [
			{
				"name": "Original Data under HMM-m",
				"labelposition": [209.7666989,173.9675702,183.2090997,18.26718296],
				"symbolposition": [165.1732817,174.5048403,41.36979671,16.11810261],
				"x": [
					[109.8344627],
					[157.1142304],
					[203.3194579],
					[249.5246854],
					[294.1181026],
					[340.8606002],
					[387.6030978],
					[431.6592449],
					[479.4762827],
					[525.1442401]
				],
				"y": [
					[175.0421104],
					[100.3615682],
					[79.40803485],
					[63.82720232],
					[55.76815102],
					[50.39545015],
					[45.56001936],
					[44.48547919],
					[42.33639884],
					[40.18731849]
				]
			},
			{
				"name": "Segregated Data under HMM-m",
				"labelposition": [209.7666989,193.3092933,205.7744434,16.11810261],
				"symbolposition": [167.8596321,194.9211036,38.68344627,12.89448209],
				"x": [
					[109.8344627],
					[154.96515],
					[202.7821878],
					[248.9874153],
					[295.7299129],
					[341.3978703],
					[385.9912875],
					[432.7337851],
					[526.2187803]
				],
				"y": [
					[199.7565344],
					[120.2405615],
					[87.46708616],
					[71.88625363],
					[60.6035818],
					[54.69361084],
					[47.70909971],
					[44.48547919],
					[42.33639884]
				]
			},
			{
				"name": "Segregated Data under HMM-seg",
				"labelposition": [208.1548887,209.964666,218.6689255,17.19264279],
				"symbolposition": [167.8596321,212.6510165,39.75798645,12.89448209],
				"x": [
					[110.3717328],
					[155.5024201],
					[201.7076476],
					[248.4501452],
					[295.7299129],
					[342.4724105],
					[384.9167473],
					[433.2710552],
					[480.5508228],
					[524.60697]
				],
				"y": [
					[222.321878],
					[140.1195547],
					[101.9733785],
					[81.01984511],
					[68.12536302],
					[60.06631171],
					[52.00726041],
					[51.46999032],
					[45.56001936],
					[41.26185866]
				]
			}
		],
		"plotpos": [64.16650532,13.86108422,482.4685382,237.4733785],
		"xax": {
			"titlepos": [499.3552759,267.9898354,53.18973863,13.43175218],
			"minpos": [58.79380445,255.0953533,12.89448209,15.04356244],
			"maxpos": [516.5479187,256.1698935,17.72991288,12.357212],
			"type": 1
		},
		"yax": {
			"titlepos": [2.917715392,10.6374637,19.34172314,199.3272023],
			"minpos": [27.09486931,239.5145208,32.77347531,17.72991288],
			"maxpos": [20.64762827,5.264762827,39.75798645,12.89448209],
			"type": 1
		}
	}
}
