{
	"data": {
		"imagename": "02572-10.1.1.153.3898-Figure-8",
		"difficult": 0,
		"curves": [
			{
				"name": "EEG+PMK (Voting)",
				"labelposition": [404.9701705,342.2762784,121.390625,16.22869318],
				"symbolposition": [377.0568182,344.8728693,27.91335227,12.33380682],
				"x": [
					[95.97585227],
					[119.9943182],
					[175.8210227],
					[232.9460227],
					[253.71875],
					[283.5795455],
					[310.84375],
					[336.8096591],
					[364.0738636],
					[395.2329545],
					[418.6022727],
					[473.1306818]
				],
				"y": [
					[133.899858],
					[105.337358],
					[82.6171875],
					[75.4765625],
					[69.63423295],
					[80.66974432],
					[76.77485795],
					[74.82741477],
					[65.09019886],
					[69.63423295],
					[59.89701705],
					[57.94957386]
				]
			},
			{
				"name": "EEG+PMK",
				"labelposition": [404.3210227,360.4524148,72.05539773,13.63210227],
				"symbolposition": [375.7585227,363.6981534,28.5625,9.088068182],
				"x": [
					[92.08096591],
					[118.046875],
					[177.1193182],
					[199.1903409],
					[230.3494318],
					[279.6846591],
					[309.5454545],
					[336.8096591],
					[366.0213068],
					[391.3380682],
					[443.9190341],
					[472.4815341]
				],
				"y": [
					[133.899858],
					[135.8473011],
					[117.6711648],
					[121.5660511],
					[115.0745739],
					[124.8117898],
					[117.6711648],
					[117.022017],
					[104.0390625],
					[103.3899148],
					[96.24928977],
					[94.95099432]
				]
			},
			{
				"name": "PMK",
				"labelposition": [404.9701705,377.3302557,37.00142045,15.57954545],
				"symbolposition": [375.7585227,379.9268466,29.21164773,11.03551136],
				"x": [
					[100.5198864],
					[473.1306818]
				],
				"y": [
					[135.8473011],
					[135.8473011]
				]
			},
			{
				"name": "EEG",
				"labelposition": [404.9701705,392.9098011,33.10653409,16.22869318],
				"symbolposition": [375.7585227,396.8046875,28.5625,10.38636364],
				"x": [
					[121.2926136],
					[148.5568182],
					[175.8210227],
					[203.734375],
					[230.3494318],
					[255.0170455],
					[284.8778409],
					[309.5454545],
					[336.8096591],
					[364.0738636],
					[392.6363636],
					[418.6022727],
					[476.3764205]
				],
				"y": [
					[389.0149148],
					[336.4339489],
					[283.852983],
					[296.8359375],
					[273.4666193],
					[280.6072443],
					[303.3274148],
					[259.1853693],
					[247.5007102],
					[245.553267],
					[231.272017],
					[235.8160511],
					[237.7634943]
				]
			}
		],
		"plotpos": [40.14914773,31.98366477,488.8082386,389.4886364],
		"xax": {
			"titlepos": [190.1022727,435.1044034,187.6036932,21.421875],
			"minpos": [33.65767045,423.4197443,9.737215909,9.737215909],
			"maxpos": [518.5710227,421.4723011,13.63210227,11.03551136],
			"type": 1
		},
		"yax": {
			"titlepos": [2.498579545,102.0916193,24.01846591,246.6761364],
			"minpos": [27.16619318,414.3316761,11.68465909,12.98295455],
			"maxpos": [24.56960227,23.54474432,14.28125,17.52698864],
			"type": 1
		}
	}
}
