{
	"data": {
		"imagename": "02571-10.1.1.383.4287-Figure-4",
		"difficult": 0,
		"curves": [
			{
				"name": "ROC curve",
				"labelposition": [358.2045455,331.5134943,102.0596591,23.13352273],
				"symbolposition": [318.7414773,333.5546875,39.46306818,17.69034091],
				"x": [
					[60.87073864],
					[62.23153409],
					[62.23153409],
					[69.71590909],
					[73.11789773],
					[75.83948864],
					[81.96306818],
					[95.57102273],
					[101.6946023],
					[106.4573864],
					[118.7045455],
					[142.5184659],
					[167.6931818],
					[188.1051136],
					[194.9090909],
					[207.8366477],
					[222.8053977],
					[262.9488636],
					[281.3196023],
					[296.2883523],
					[311.2571023],
					[311.9375],
					[321.4630682],
					[337.1122159],
					[356.1633523],
					[372.4928977],
					[411.2755682],
					[431.6875],
					[523.5411932],
					[556.2002841]
				],
				"y": [
					[430.1711648],
					[384.584517],
					[335.5958807],
					[319.2663352],
					[297.493608],
					[290.6896307],
					[260.071733],
					[235.5774148],
					[226.7322443],
					[209.7223011],
					[205.6399148],
					[185.227983],
					[175.7024148],
					[168.8984375],
					[154.6100852],
					[152.568892],
					[141.0021307],
					[115.147017],
					[111.0646307],
					[103.5802557],
					[94.73508523],
					[89.97230114],
					[85.88991477],
					[79.76633523],
					[68.87997159],
					[56.6328125],
					[48.46803977],
					[40.98366477],
					[40.30326705],
					[38.26207386]
				]
			},
			{
				"name": "Min Error Point",
				"labelposition": [353.4417614,356.6882102,143.5639205,20.41193182],
				"symbolposition": [323.5042614,353.2862216,26.53551136,25.17471591],
				"x": 367.7301136,
				"y": 56.6328125
			}
		],
		"plotpos": [60.19034091,36.90127841,496.6903409,392.5894886],
		"xax": {
			"titlepos": [177.8991477,453.9850852,266.0355114,23.81392045],
			"minpos": [56.10795455,437.6555398,11.56676136,18.37073864],
			"maxpos": [549.3963068,432.8927557,12.92755682,21.77272727],
			"type": 1
		},
		"yax": {
			"titlepos": [2.356534091,92.69389205,23.81392045,282.3650568],
			"minpos": [44.54119318,419.2848011,14.28835227,20.41193182],
			"maxpos": [43.18039773,26.01491477,14.96875,25.17471591],
			"type": 1
		}
	}
}
