{
	"data": {
		"imagename": "02570-10.1.1.360.1311-Figure-5",
		"difficult": 0,
		"curves": [
			{
				"name": "4 hr types, FST, With LP",
				"labelposition": [397.5056818,257.943892,183.5894886,19.13636364],
				"symbolposition": [350.2627841,258.5419034,44.85085227,14.95028409],
				"x": [
					[118.234375],
					[212.1221591],
					[316.1761364],
					[424.4161932],
					[591.2613636]
				],
				"y": [
					[60.00213068],
					[43.85582386],
					[30.69957386],
					[27.11150568],
					[22.92542614]
				]
			},
			{
				"name": "4 hr types, FST, No LP",
				"labelposition": [398.7017045,277.0802557,172.8252841,18.53835227],
				"symbolposition": [352.0568182,280.6683239,37.67471591,11.36221591],
				"x": [
					[118.234375],
					[204.9460227],
					[438.7684659],
					[596.0454545]
				],
				"y": [
					[156.2819602],
					[145.5177557],
					[139.537642],
					[134.7535511]
				]
			},
			{
				"name": "1 hr types, No FST, With LP",
				"labelposition": [397.5056818,297.412642,209.9019886,18.53835227],
				"symbolposition": [350.8607955,298.6086648,32.29261364,12.55823864],
				"x": [
					[118.234375],
					[222.2883523],
					[450.7286932],
					[590.6633523]
				],
				"y": [
					[251.365767],
					[225.6512784],
					[220.2691761],
					[217.2791193]
				]
			}
		],
		"plotpos": [99.69602273,4.387073864,511.8977273,319.9360795],
		"xax": {
			"titlepos": [218.7002841,395.4865057,276.8792614,25.11647727],
			"minpos": [83.54971591,333.8913352,42.45880682,35.28267045],
			"maxpos": [560.7627841,337.4794034,38.87073864,37.67471591],
			"type": 1
		},
		"yax": {
			"titlepos": [4.612215909,118.009233,23.32244318,96.87784091],
			"minpos": [48.26704545,302.196733,32.890625,25.11647727],
			"maxpos": [50.65909091,6.779119318,29.90056818,19.734375],
			"type": 1
		}
	}
}
