{
	"data": {
		"imagename": "02577-10.1.1.152.3441-Figure-4",
		"difficult": 0,
		"curves": [
			{
				"name": "Simple",
				"labelposition": [1197.682478,411.6393998,81.61181026,40.17812197],
				"symbolposition": [1055.803485,416.6616651,129.3233301,38.92255566],
				"x": [
					[313.7637948],
					[488.2875121],
					[661.5556631],
					[827.2904163]
				],
				"y": [
					[522.1292352],
					[473.1621491],
					[371.4612778],
					[377.7391094]
				]
			},
			{
				"name": "Complex",
				"labelposition": [1202.704743,466.8843175,92.91190707,40.17812197],
				"symbolposition": [1050.78122,475.6732817,134.3455954,33.90029042],
				"x": [
					[309.9970958],
					[488.2875121],
					[664.0667957],
					[841.1016457]
				],
				"y": [
					[495.7623427],
					[430.4728945],
					[201.9598258],
					[85.19215876]
				]
			}
		],
		"plotpos": [136.7289448,18.64714424,871.3630203,575.0493708],
		"xax": {
			"titlepos": [534.7434656,670.28606,100.4453049,35.15585673],
			"minpos": [122.9177154,603.7410455,35.15585673,36.41142304],
			"maxpos": [991.7696031,610.0188771,42.6892546,36.41142304],
			"type": 1
		},
		"yax": {
			"titlepos": [3.638915779,149.2260407,42.6892546,276.2245886],
			"minpos": [100.3175218,576.1185866,21.3446273,30.13359148],
			"maxpos": [94.03969022,1.069215876,26.36689255,31.38915779],
			"type": 1
		}
	}
}
