{
	"data": {
		"imagename": "02580-10.1.1.211.7111-Figure-3",
		"difficult": 0,
		"curves": [
			{
				"name": "GIFT",
				"labelposition": [461.4872159,43.52485795,38.62073864,14.90625],
				"symbolposition": [410.6704545,45.55752841,50.81676136,14.22869318],
				"x": [
					[52.92045455],
					[70.53693182],
					[88.15340909],
					[103.0596591],
					[107.125],
					[147.1008523],
					[167.4275568],
					[185.0440341],
					[192.4971591],
					[226.375],
					[231.7954545],
					[274.4815341],
					[289.3877841],
					[315.1349432],
					[349.0127841],
					[381.5355114],
					[418.8011364],
					[467.5852273],
					[491.9772727],
					[541.4389205]
				],
				"y": [
					[91.63139205],
					[92.30894886],
					[170.9055398],
					[226.4651989],
					[275.2492898],
					[294.2208807],
					[301.6740057],
					[308.4495739],
					[320.6455966],
					[340.2947443],
					[353.8458807],
					[374.850142],
					[394.4992898],
					[408.0504261],
					[418.2137784],
					[420.9240057],
					[422.2791193],
					[423.634233],
					[428.3771307],
					[431.7649148]
				]
			},
			{
				"name": "SIMPlicty",
				"labelposition": [461.4872159,59.78622159,74.53125,18.97159091],
				"symbolposition": [410.6704545,62.49644886,50.13920455,12.87357955],
				"x": [
					[59.01846591],
					[84.765625],
					[105.0923295],
					[129.484375],
					[157.9417614],
					[185.7215909],
					[195.2073864],
					[201.9829545],
					[209.4360795],
					[220.2769886],
					[263.640625],
					[333.4289773],
					[392.3764205],
					[439.1278409],
					[475.7159091],
					[508.2386364],
					[529.9204545]
				],
				"y": [
					[73.33735795],
					[115.3458807],
					[180.3913352],
					[212.9140625],
					[234.5958807],
					[271.8615057],
					[317.9353693],
					[338.2620739],
					[346.3927557],
					[349.102983],
					[356.556108],
					[374.1725852],
					[391.7890625],
					[396.5319602],
					[418.2137784],
					[428.3771307],
					[432.4424716]
				]
			},
			{
				"name": "ROMM-TEST",
				"labelposition": [461.4872159,78.7578125,89.4375,16.26136364],
				"symbolposition": [408.6377841,80.11292614,50.81676136,12.87357955],
				"x": [
					[60.37357955],
					[68.50426136],
					[72.56960227],
					[74.60227273],
					[76.63494318],
					[80.02272727],
					[78.66761364],
					[98.31676136],
					[113.2230114],
					[139.6477273],
					[158.6193182],
					[164.7173295],
					[171.4928977],
					[194.5298295],
					[204.015625],
					[221.6321023],
					[234.5056818],
					[252.1221591],
					[281.2571023],
					[314.4573864],
					[345.625],
					[380.1803977],
					[414.7357955],
					[459.4545455],
					[515.6917614]
				],
				"y": [
					[61.81889205],
					[61.81889205],
					[74.69247159],
					[97.05184659],
					[129.5745739],
					[148.5461648],
					[170.9055398],
					[200.7180398],
					[221.0447443],
					[233.240767],
					[256.2776989],
					[277.959517],
					[290.8330966],
					[306.4169034],
					[320.6455966],
					[330.8089489],
					[347.7478693],
					[354.5234375],
					[379.5930398],
					[395.8544034],
					[412.115767],
					[424.9893466],
					[429.7322443],
					[433.1200284],
					[433.7975852]
				]
			},
			{
				"name": "ROMM-ALL",
				"labelposition": [461.4872159,96.37428977,83.33948864,14.90625],
				"symbolposition": [410.6704545,97.72940341,50.81676136,12.87357955],
				"x": [
					[55.63068182],
					[80.70028409],
					[105.0923295],
					[123.3863636],
					[139.6477273],
					[155.2315341],
					[174.8806818],
					[207.4034091],
					[228.4076705],
					[260.9303977],
					[298.8735795],
					[346.9801136],
					[402.5397727],
					[449.2911932],
					[479.78125],
					[506.8835227],
					[541.4389205],
					[561.765625]
				],
				"y": [
					[95.69673295],
					[107.8927557],
					[128.2194602],
					[147.868608],
					[168.1953125],
					[174.2933239],
					[195.2975852],
					[218.334517],
					[232.5632102],
					[251.5348011],
					[287.4453125],
					[324.7109375],
					[352.490767],
					[378.2379261],
					[395.8544034],
					[412.115767],
					[426.3444602],
					[433.7975852]
				]
			},
			{
				"name": "RWMM-TEST",
				"labelposition": [463.5198864,113.990767,90.11505682,14.22869318],
				"symbolposition": [410.6704545,114.6683239,50.13920455,12.87357955],
				"x": [
					[53.59801136],
					[55.63068182],
					[76.63494318],
					[92.21875],
					[105.0923295],
					[137.6150568],
					[162.0071023],
					[187.7542614],
					[207.4034091],
					[231.7954545],
					[238.5710227],
					[278.546875],
					[325.9758523],
					[374.0823864],
					[398.4744318],
					[426.2542614],
					[450.6463068],
					[471.6505682],
					[485.8792614],
					[508.2386364],
					[554.3125]
				],
				"y": [
					[44.20241477],
					[88.92116477],
					[101.7947443],
					[113.3132102],
					[124.1541193],
					[144.4808239],
					[162.0973011],
					[182.4240057],
					[204.7833807],
					[223.0774148],
					[234.5958807],
					[266.4410511],
					[307.772017],
					[338.9396307],
					[355.8785511],
					[376.8828125],
					[391.7890625],
					[396.5319602],
					[406.0177557],
					[414.8259943],
					[432.4424716]
				]
			},
			{
				"name": "RWMM-ALL",
				"labelposition": [460.8096591,128.897017,86.04971591,18.97159091],
				"symbolposition": [424.8991477,128.2194602,22.359375,16.26136364],
				"x": [
					[51.56534091],
					[74.60227273],
					[96.28409091],
					[105.0923295],
					[126.7741477],
					[157.2642045],
					[178.2684659],
					[197.9176136],
					[225.6974432],
					[263.640625],
					[305.6491477],
					[351.7230114],
					[405.9275568],
					[453.3565341],
					[499.4303977],
					[563.1207386]
				],
				"y": [
					[44.20241477],
					[55.04332386],
					[86.88849432],
					[102.4723011],
					[117.3785511],
					[151.9339489],
					[182.4240057],
					[207.493608],
					[247.4694602],
					[284.0575284],
					[324.7109375],
					[359.943892],
					[388.4012784],
					[406.0177557],
					[420.2464489],
					[435.8302557]
				]
			},
			{
				"name": "Keywords",
				"labelposition": [459.4545455,147.868608,76.56392045,14.90625],
				"symbolposition": [428.9644886,149.9012784,18.29403409,10.16335227],
				"x": [
					[53.59801136],
					[71.89204545],
					[86.12073864],
					[94.92897727],
					[107.125],
					[113.2230114],
					[131.5170455],
					[136.9375],
					[170.1377841],
					[180.9786932],
					[185.7215909],
					[214.1789773],
					[260.2528409],
					[300.90625],
					[321.2329545],
					[337.4943182],
					[359.1761364],
					[386.2784091],
					[396.4417614],
					[400.5071023],
					[404.5724432],
					[410.6704545],
					[424.8991477],
					[453.3565341],
					[455.3892045],
					[485.8792614],
					[519.0795455],
					[561.0880682]
				],
				"y": [
					[36.07173295],
					[42.84730114],
					[52.33309659],
					[68.59446023],
					[78.08025568],
					[85.53338068],
					[94.34161932],
					[109.2478693],
					[134.3174716],
					[137.7052557],
					[147.868608],
					[172.2606534],
					[201.3955966],
					[236.6285511],
					[252.8899148],
					[271.1839489],
					[294.8984375],
					[312.5149148],
					[319.9680398],
					[346.3927557],
					[363.3316761],
					[376.8828125],
					[387.7237216],
					[395.8544034],
					[403.9850852],
					[410.7606534],
					[419.568892],
					[435.8302557]
				]
			}
		],
		"plotpos": [52.24289773,32.68394886,512.9105114,403.1463068],
		"xax": {
			"titlepos": [283.2897727,455.4794034,52.171875,20.32670455],
			"minpos": [46.82244318,439.8955966,12.19602273,14.90625],
			"maxpos": [559.0553977,439.8955966,10.84090909,16.93892045],
			"type": 1
		},
		"yax": {
			"titlepos": [2.103693182,198.6853693,25.06960227,76.56392045],
			"minpos": [36.65909091,429.0546875,13.55113636,13.55113636],
			"maxpos": [38.69176136,22.52059659,9.485795455,20.32670455],
			"type": 1
		}
	}
}
