{
	"data": {
		"imagename": "02581-10.1.1.146.1468-Figure-5",
		"difficult": 0,
		"curves": [
			{
				"name": "sIB",
				"labelposition": [390.796875,58.6015625,32.375,17.921875],
				"symbolposition": [360.734375,60.9140625,30.0625,14.453125],
				"x": [
					[107.515625],
					[154.921875],
					[193.078125],
					[235.859375],
					[279.796875],
					[319.6875],
					[362.46875],
					[405.828125],
					[448.609375],
					[489.078125]
				],
				"y": [
					[114.1015625],
					[177.1171875],
					[230.3046875],
					[254.0078125],
					[277.1328125],
					[307.7734375],
					[321.0703125],
					[323.9609375],
					[333.2109375],
					[329.1640625]
				]
			},
			{
				"name": "MCRD",
				"labelposition": [392.53125,83.4609375,60.125,21.390625],
				"symbolposition": [359.578125,89.2421875,30.640625,12.140625],
				"x": [
					[109.25],
					[151.453125],
					[194.8125],
					[235.859375],
					[276.328125],
					[357.84375],
					[401.203125],
					[443.984375],
					[487.921875]
				],
				"y": [
					[53.3984375],
					[89.2421875],
					[97.3359375],
					[119.8828125],
					[148.7890625],
					[171.3359375],
					[181.7421875],
					[185.2109375],
					[195.0390625]
				]
			}
		],
		"plotpos": [68.78125,35.4765625,419.71875,327.21875],
		"xax": {
			"titlepos": [245.6875,384.0859375,64.75,23.125],
			"minpos": [61.84375,369.0546875,21.390625,19.078125],
			"maxpos": [478.671875,367.8984375,16.1875,22.546875],
			"type": 1
		},
		"yax": {
			"titlepos": [5.765625,155.7265625,23.125,100.015625],
			"minpos": [36.40625,354.0234375,29.484375,19.65625],
			"maxpos": [50.28125,25.6484375,15.03125,22.546875],
			"type": 1
		}
	}
}
