{
	"data": {
		"imagename": "02599-10.1.1.3.6759-Figure-3",
		"difficult": 0,
		"curves": [
			{
				"name": "max margin",
				"labelposition": [348.1619318,18.55752841,76.08238636,15.40909091],
				"symbolposition": [320.2329545,19.52059659,26.484375,11.55681818],
				"x": [
					[97.76420455],
					[102.0980114],
					[109.3210227],
					[120.3963068],
					[130.0269886],
					[143.5099432],
					[161.8082386],
					[181.5511364],
					[204.1832386],
					[229.2230114],
					[261.4857955],
					[304.8238636],
					[339.4943182],
					[373.6832386],
					[407.8721591],
					[432.4303977]
				],
				"y": [
					[15.18678977],
					[46.96803977],
					[86.93536932],
					[124.0134943],
					[157.2393466],
					[183.7237216],
					[209.7265625],
					[234.7663352],
					[247.2862216],
					[259.3245739],
					[269.9183239],
					[277.1413352],
					[281.9566761],
					[285.8089489],
					[287.7350852],
					[290.1427557]
				]
			},
			{
				"name": "projection",
				"labelposition": [348.1619318,33.00355114,70.30397727,15.890625],
				"symbolposition": [319.2698864,33.96661932,28.89204545,12.51988636],
				"x": [
					[97.28267045],
					[100.171875],
					[103.5426136],
					[107.8764205],
					[113.6548295],
					[119.4332386],
					[129.5454545],
					[139.1761364],
					[152.6590909],
					[167.1051136],
					[186.8480114],
					[210.9247159],
					[247.0397727],
					[288.9332386],
					[332.2713068],
					[372.2386364],
					[411.2428977],
					[433.875]
				],
				"y": [
					[12.77911932],
					[35.41122159],
					[64.78480114],
					[103.7890625],
					[129.7919034],
					[153.3870739],
					[174.5745739],
					[196.243608],
					[216.4680398],
					[235.2478693],
					[253.0646307],
					[263.6583807],
					[274.2521307],
					[282.9197443],
					[286.290483],
					[288.6981534],
					[291.587358],
					[293.9950284]
				]
			}
		],
		"plotpos": [61.16761364,12.77911932,372.2258523,292.7727273],
		"xax": {
			"titlepos": [184.921875,322.4055398,123.7542614,15.890625],
			"minpos": [54.90767045,308.9225852,12.03835227,13.48295455],
			"maxpos": [422.3181818,308.4410511,19.74289773,15.40909091],
			"type": 1
		},
		"yax": {
			"titlepos": [2.901988636,45.04190341,18.29829545,231.6178977],
			"minpos": [48.16619318,298.3288352,10.59375,14.92755682],
			"maxpos": [27.94176136,5.074573864,30.33664773,16.37215909],
			"type": 1
		}
	}
}
