{
	"data": {
		"imagename": "02604-10.1.1.164.6302-Figure-8",
		"difficult": 0,
		"curves": [
			{
				"name": "Combined",
				"labelposition": [492.9630682,269.1200284,60.00710227,19.76704545],
				"symbolposition": [435.0738636,267.7080966,57.18323864,24.70880682],
				"x": [
					[114.5653409],
					[157.6292614],
					[206.3409091],
					[250.1107955],
					[298.8224432],
					[341.8863636],
					[384.2443182],
					[435.7798295],
					[476.0198864],
					[520.4957386],
					[569.9133523]
				],
				"y": [
					[333.3629261],
					[255.0007102],
					[244.4112216],
					[219.7024148],
					[223.9382102],
					[186.522017],
					[200.6413352],
					[222.5262784],
					[209.1129261],
					[194.993608],
					[83.45099432]
				]
			},
			{
				"name": "Transforms",
				"labelposition": [492.9630682,301.5944602,70.59659091,21.88494318],
				"symbolposition": [440.015625,303.006392,52.94744318,19.76704545],
				"x": [
					[113.1534091],
					[159.7471591],
					[204.2230114],
					[251.5227273],
					[295.2926136],
					[345.4161932],
					[384.9502841],
					[433.6619318],
					[480.2556818],
					[526.1434659],
					[566.3835227]
				],
				"y": [
					[331.9509943],
					[253.5887784],
					[250.0589489],
					[231.7038352],
					[230.9978693],
					[190.0518466],
					[200.6413352],
					[219.7024148],
					[223.9382102],
					[206.9950284],
					[119.4552557]
				]
			},
			{
				"name": "Baseline",
				"labelposition": [492.9630682,334.068892,51.53551136,20.47301136],
				"symbolposition": [435.0738636,336.1867898,57.88920455,14.82528409],
				"x": [
					[112.4474432],
					[159.7471591],
					[207.046875],
					[250.1107955],
					[298.8224432],
					[341.1803977],
					[387.0681818],
					[430.8380682],
					[520.4957386],
					[567.0894886]
				],
				"y": [
					[363.7194602],
					[297.3586648],
					[285.3572443],
					[229.5859375],
					[240.881392],
					[192.8757102],
					[217.584517],
					[233.115767],
					[198.5234375],
					[65.09588068]
				]
			}
		],
		"plotpos": [91.26846591,58.7421875,499.1178977,314.8607955],
		"xax": {
			"titlepos": [223.2840909,456.9069602,178.609375,28.23863636],
			"minpos": [102.5639205,384.1924716,21.17897727,31.0625],
			"maxpos": [557.9119318,382.7805398,26.82670455,60.00710227],
			"type": 1
		},
		"yax": {
			"titlepos": [17.84801136,168.8728693,24.00284091,106.6008523],
			"minpos": [48.91051136,363.7194602,32.47443182,21.88494318],
			"maxpos": [46.79261364,50.9765625,38.828125,33.88636364],
			"type": 1
		}
	}
}
