{
	"data": {
		"imagename": "02605-10.1.1.367.8234-Figure-5",
		"difficult": 0,
		"curves": [
			{
				"name": "R",
				"labelposition": [292.7599432,291.2038352,15.96875,21.04971591],
				"symbolposition": [274.6136364,287.5745739,17.42045455,20.32386364],
				"x": [
					[48.87357955],
					[67.01988636],
					[88.79545455],
					[121.4588068],
					[142.5085227],
					[187.5113636],
					[230.3366477],
					[276.0653409],
					[320.3423295],
					[366.0710227],
					[411.7997159],
					[459.7059659],
					[503.2571023]
				],
				"y": [
					[469.7634943],
					[416.7762784],
					[381.209517],
					[341.287642],
					[307.1725852],
					[273.0575284],
					[252.0078125],
					[230.9580966],
					[197.568892],
					[195.3913352],
					[188.8586648],
					[175.7933239],
					[172.1640625]
				]
			},
			{
				"name": "R+w*H (annealing)",
				"labelposition": [294.2116477,314.431108,139.3636364,21.77556818],
				"symbolposition": [273.1619318,310.8018466,21.77556818,25.40482955],
				"x": [
					[47.421875],
					[69.19744318],
					[84.44034091],
					[103.3125],
					[120.7329545],
					[142.5085227],
					[187.5113636],
					[234.6917614],
					[276.0653409],
					[320.3423295],
					[415.4289773],
					[461.1576705],
					[505.4346591]
				],
				"y": [
					[476.2961648],
					[230.2322443],
					[197.568892],
					[191.0362216],
					[217.1669034],
					[236.7649148],
					[217.1669034],
					[210.634233],
					[204.1015625],
					[185.2294034],
					[167.0830966],
					[158.3728693],
					[149.662642]
				]
			},
			{
				"name": "R+w*H (bootstrap)",
				"labelposition": [294.9375,339.1100852,137.9119318,21.77556818],
				"symbolposition": [273.8877841,336.2066761,20.32386364,22.50142045],
				"x": [
					[47.421875],
					[67.01988636],
					[88.06960227],
					[105.4900568],
					[121.4588068],
					[139.6051136],
					[192.5923295],
					[232.5142045],
					[280.4204545],
					[324.6974432],
					[369.7002841],
					[415.4289773],
					[464.0610795],
					[503.9829545]
				],
				"y": [
					[475.5703125],
					[274.509233],
					[212.8117898],
					[169.9865057],
					[160.5504261],
					[140.9524148],
					[116.9992898],
					[96.67542614],
					[80.70667614],
					[71.27059659],
					[66.18963068],
					[64.73792614],
					[61.10866477],
					[51.67258523]
				]
			}
		],
		"plotpos": [49.59943182,33.52627841,453.6576705,439.8664773],
		"xax": {
			"titlepos": [200.5767045,491.5390625,150.2514205,18.14630682],
			"minpos": [42.34090909,477.022017,13.79119318,18.14630682],
			"maxpos": [480.7556818,474.118608,45.72869318,21.77556818],
			"type": 1
		},
		"yax": {
			"titlepos": [2.419034091,158.3728693,20.32386364,195.2542614],
			"minpos": [18.38778409,421.8572443,29.03409091,17.42045455],
			"maxpos": [37.98579545,27.71946023,10.88778409,13.06534091],
			"type": 1
		}
	}
}
