{
	"data": {
		"imagename": "02617-10.1.1.149.4426-Figure-3",
		"difficult": 0,
		"curves": [
			{
				"name": "random",
				"labelposition": [550.390625,281.2663352,49.63494318,14.35227273],
				"symbolposition": [515.7059659,282.462358,35.88068182,13.15625],
				"x": [
					[101.8821023],
					[179.6235795],
					[257.3650568],
					[335.1065341],
					[413.4460227],
					[489.9914773],
					[569.5269886]
				],
				"y": [
					[268.7080966],
					[234.6214489],
					[147.3117898],
					[182.5944602],
					[121.5973011],
					[127.5774148],
					[127.5774148]
				]
			},
			{
				"name": "all",
				"labelposition": [551.5866477,298.6086648,16.74431818,14.95028409],
				"symbolposition": [518.0980114,300.4026989,34.08664773,11.96022727],
				"x": [
					[101.2840909],
					[566.5369318]
				],
				"y": [
					[91.69673295],
					[94.08877841]
				]
			},
			{
				"name": "LMU",
				"labelposition": [550.9886364,317.147017,31.09659091,13.15625],
				"symbolposition": [516.9019886,317.7450284,33.48863636,11.96022727],
				"x": [
					[100.0880682],
					[179.6235795],
					[336.9005682],
					[412.8480114],
					[489.9914773],
					[569.5269886]
				],
				"y": [
					[275.2862216],
					[109.6370739],
					[94.08877841],
					[85.71661932],
					[125.1853693],
					[85.11860795]
				]
			}
		],
		"plotpos": [63.01136364,18.14133523,543.5923295,336.6803977],
		"xax": {
			"titlepos": [220.2883523,388.3103693,234.4204545,25.11647727],
			"minpos": [91.71590909,364.3899148,18.53835227,18.53835227],
			"maxpos": [561.7528409,361.9978693,12.55823864,21.52840909],
			"type": 1
		},
		"yax": {
			"titlepos": [13.37642045,138.3416193,22.72443182,99.26988636],
			"minpos": [36.10085227,347.6455966,19.734375,16.14630682],
			"maxpos": [34.30681818,9.171164773,23.32244318,17.34232955],
			"type": 1
		}
	}
}
