{
	"data": {
		"imagename": "02619-10.1.1.30.269-Figure-9",
		"difficult": 0,
		"curves": [
			{
				"name": "0% Intermediate",
				"labelposition": [396.6350436,25.85237173,157.4346563,25.48402711],
				"symbolposition": [305.4588577,27.55130687,78.15101646,20.38722168],
				"x": [
					[86.29622459],
					[249.9603098],
					[410.7928364],
					[573.3242982]
				],
				"y": [
					[32.08180058],
					[104.0033882],
					[178.7565344],
					[186.1185866]
				]
			},
			{
				"name": "50% Intermediate",
				"labelposition": [397.2013553,51.33639884,165.3630203,24.35140368],
				"symbolposition": [307.7241045,53.03533398,78.71732817,17.55566312],
				"x": [
					[84.59728945],
					[247.6950629],
					[410.2265247],
					[569.9264279]
				],
				"y": [
					[32.08180058],
					[159.5019361],
					[196.8785092],
					[203.6742498]
				]
			},
			{
				"name": "100% Intermediate",
				"labelposition": [398.9002904,78.51936108,174.4240077,27.18296225],
				"symbolposition": [301.4946757,75.1214908,87.21200387,24.35140368],
				"x": [
					[85.72991288],
					[244.8635044],
					[412.4917715],
					[574.4569216]
				],
				"y": [
					[28.11761859],
					[188.3838335],
					[201.9753146],
					[201.9753146]
				]
			}
		],
		"plotpos": [85.72991288,11.12826718,489.8596321,193.1122943],
		"xax": {
			"titlepos": [137.8305905,244.4486931,343.7512101,26.05033882],
			"minpos": [79.50048403,217.2657309,11.89254598,22.08615682],
			"maxpos": [558.6001936,215.5667957,24.91771539,21.51984511],
			"type": 1
		},
		"yax": {
			"titlepos": [3.048402711,36.04598258,32.27976767,154.0367861],
			"minpos": [65.9090029,195.1795741,11.32623427,22.08615682],
			"maxpos": [43.82284608,2.633591481,26.61665053,22.08615682],
			"type": 1
		}
	}
}
