{
	"data": {
		"imagename": "02626-10.1.1.216.6940-Figure-2",
		"difficult": 0,
		"curves": [
			{
				"name": "p(min. in conv | tie)",
				"labelposition": [453.2371733,26.14375605,135.8518877,19.67086157],
				"symbolposition": [403.4453049,28.60261375,49.79186834,11.67957406],
				"x": [
					[102.8499516],
					[139.1181026],
					[174.1568248],
					[209.195547],
					[250.9961278],
					[322.9177154],
					[394.2245886],
					[473.5227493],
					[519.6263311],
					[571.2623427],
					[621.054211]
				],
				"y": [
					[181.0517909],
					[139.2512101],
					[115.892062],
					[114.0479187],
					[130.6452081],
					[168.7575024],
					[203.7962246],
					[231.4583737],
					[244.3673766],
					[251.7439497],
					[259.1205227]
				]
			},
			{
				"name": "p(min. in conv | no tie)",
				"labelposition": [452.6224589,44.58518877,157.3668925,20.28557599],
				"symbolposition": [401.6011617,46.42933204,51.02129719,14.13843175],
				"x": [
					[132.9709584],
					[138.5033882],
					[175.3862536],
					[216.57212],
					[621.6689255]
				],
				"y": [
					[16.30832527],
					[138.0217812],
					[254.2028074],
					[273.2589545],
					[274.4883833]
				]
			}
		],
		"plotpos": [65.35237173,13.84946757,556.9312682,259.4094869],
		"xax": {
			"titlepos": [255.2991288,296.6181026,173.964182,18.44143272],
			"minpos": [58.59051307,276.3325266,11.67957406,20.28557599],
			"maxpos": [609.9893514,278.7913843,23.97386254,18.44143272],
			"type": 1
		},
		"yax": {
			"titlepos": [2.03678606,59.33833495,22.74443369,166.5876089],
			"minpos": [47.52565344,264.6529526,14.75314618,17.21200387],
			"maxpos": [36.4607938,5.243465634,25.20329138,17.8267183],
			"type": 1
		}
	}
}
