{
	"data": {
		"imagename": "02624-10.1.1.167.3821-Figure-3",
		"difficult": 0,
		"curves": [
			{
				"name": "Proposed",
				"labelposition": [545.6263311,37.67909003,74.00193611,19.77637948],
				"symbolposition": [487.5730881,39.5929332,56.77734753,15.3107454],
				"x": [
					[39.73378509],
					[67.803485],
					[101.6147144],
					[127.1326234],
					[148.1848984],
					[176.892546],
					[205.6001936],
					[229.8422072],
					[259.8257502],
					[292.3610842],
					[331.9138432],
					[358.0696999]
				],
				"y": [
					[30.02371733],
					[49.16214908],
					[75.95595353],
					[95.73233301],
					[114.232817],
					[134.0091965],
					[147.4060987],
					[155.6994192],
					[161.4409487],
					[163.3547919],
					[165.9065828],
					[166.5445305]
				]
			},
			{
				"name": "Agarwal 2009",
				"labelposition": [542.4365924,58.73136496,95.05421104,17.22458858],
				"symbolposition": [485.6592449,58.73136496,53.58760891,11.48305905],
				"x": [
					[41.64762827],
					[68.44143272],
					[99.06292352],
					[140.5295257],
					[193.4791868],
					[261.1016457],
					[326.1723136],
					[381.6737657],
					[437.8131655],
					[513.7289448],
					[571.1442401],
					[634.3010649]
				],
				"y": [
					[31.9375605],
					[49.16214908],
					[68.30058083],
					[89.35285576],
					[109.1292352],
					[125.0779284],
					[139.750726],
					[146.768151],
					[151.2337851],
					[156.3373669],
					[160.803001],
					[160.803001]
				]
			}
		],
		"plotpos": [39.73378509,26.19603098,607.3262343,142.2623427],
		"xax": {
			"titlepos": [244.5150048,190.786544,200.9535334,22.9661181],
			"minpos": [33.35430784,172.9240077,11.48305905,15.3107454],
			"maxpos": [636.214908,172.28606,21.05227493,15.94869313],
			"type": 1
		},
		"yax": {
			"titlepos": [2.732817038,18.54065828,15.94869313,165.8664085],
			"minpos": [25.69893514,160.1650532,10.2071636,16.58664085],
			"maxpos": [24.42303969,20.45450145,11.48305905,17.8625363],
			"type": 1
		}
	}
}
