{
	"data": {
		"imagename": "02659-10.1.1.40.8080-Figure-1",
		"difficult": 0,
		"curves": [
			{
				"name": "Independent learners",
				"labelposition": [384.0894886,81.72372159,106.0653409,11.16477273],
				"symbolposition": [492.9460227,82.84019886,24.00426136,9.490056818],
				"x": [
					[67.00994318],
					[121.7173295],
					[160.7940341],
					[192.6136364],
					[216.6178977],
					[233.3650568],
					[253.4616477],
					[272.4417614],
					[293.6548295],
					[320.4502841],
					[338.8721591],
					[356.7357955],
					[384.0894886],
					[415.9090909],
					[449.4034091],
					[535.9303977]
				],
				"y": [
					[364.1924716],
					[363.0759943],
					[357.493608],
					[347.4453125],
					[331.256392],
					[308.9268466],
					[282.131392],
					[242.4964489],
					[196.162642],
					[128.615767],
					[90.09730114],
					[63.86008523],
					[39.29758523],
					[26.45809659],
					[19.75923295],
					[19.75923295]
				]
			},
			{
				"name": "Joint action learners",
				"labelposition": [390.7883523,91.77201705,99.36647727,16.74715909],
				"symbolposition": [492.9460227,94.56321023,23.44602273,11.72301136],
				"x": [
					[66.45170455],
					[117.2514205],
					[157.4446023],
					[183.6818182],
					[207.1278409],
					[234.4815341],
					[256.2528409],
					[280.2571023],
					[309.84375],
					[328.265625],
					[347.2457386],
					[377.390625],
					[405.3025568],
					[444.3792614],
					[536.4886364]
				],
				"y": [
					[362.5177557],
					[359.7265625],
					[351.352983],
					[337.9552557],
					[317.3004261],
					[270.4083807],
					[227.4240057],
					[157.0859375],
					[96.79616477],
					[66.65127841],
					[45.43821023],
					[30.92400568],
					[24.22514205],
					[19.75923295],
					[19.75923295]
				]
			}
		],
		"plotpos": [64.21875,19.20099432,471.7116477,343.875],
		"xax": {
			"titlepos": [243.4133523,378.7066761,113.8806818,12.83948864],
			"minpos": [59.75284091,366.9836648,11.72301136,14.51420455],
			"maxpos": [528.1150568,366.9836648,15.07244318,14.51420455],
			"type": 1
		},
		"yax": {
			"titlepos": [2.254261364,78.93252841,23.44602273,231.1107955],
			"minpos": [37.42329545,355.2606534,22.88778409,14.51420455],
			"maxpos": [50.82102273,12.50213068,9.490056818,12.83948864],
			"type": 1
		}
	}
}
