{
	"data": {
		"imagename": "02662-10.1.1.367.8234-Figure-6",
		"difficult": 0,
		"curves": [
			{
				"name": "R",
				"labelposition": [142.3465909,97.40127841,15.96875,18.87215909],
				"symbolposition": [122.7485795,94.49786932,20.32386364,23.953125],
				"x": [
					[63.22869318],
					[107.5056818],
					[151.0568182],
					[200.4147727],
					[246.1434659],
					[291.1463068],
					[334.6974432],
					[382.6036932],
					[428.3323864],
					[516.1605114]
				],
				"y": [
					[471.9410511],
					[430.5674716],
					[445.084517],
					[435.6484375],
					[428.3899148],
					[398.6299716],
					[278.8643466],
					[185.2294034],
					[169.2606534],
					[145.3075284]
				]
			},
			{
				"name": "R+w*H (bootstrap)",
				"labelposition": [144.5241477,119.9026989,138.6377841,23.22727273],
				"symbolposition": [122.7485795,119.1768466,23.22727273,23.953125],
				"x": [
					[66.13210227],
					[109.6832386],
					[156.8636364],
					[198.9630682],
					[246.8693182],
					[290.4204545],
					[336.875],
					[382.6036932],
					[426.1548295],
					[471.8835227],
					[516.8863636]
				],
				"y": [
					[473.3927557],
					[360.8856534],
					[323.1413352],
					[303.5433239],
					[259.2663352],
					[233.1356534],
					[182.3259943],
					[114.0958807],
					[77.80326705],
					[63.28622159],
					[52.3984375]
				]
			}
		],
		"plotpos": [63.22869318,32.80042614,453.6576705,441.3181818],
		"xax": {
			"titlepos": [213.4801136,491.5390625,155.3323864,18.87215909],
			"minpos": [50.88920455,475.5703125,19.59801136,18.87215909],
			"maxpos": [490.7556818,476.2961648,52.26136364,19.59801136],
			"type": 1
		},
		"yax": {
			"titlepos": [2.982954545,159.0987216,19.59801136,192.3508523],
			"minpos": [21.12926136,412.4211648,40.64772727,18.14630682],
			"maxpos": [18.95170455,24.81605114,44.27698864,21.77556818],
			"type": 1
		}
	}
}
