{
	"data": {
		"imagename": "02666-10.1.1.224.8582-Figure-3",
		"difficult": 0,
		"curves": [
			{
				"name": "max-violation",
				"labelposition": [296.2599432,257.6669034,145.9517045,26.85511364],
				"symbolposition": [446.8821023,262.337358,78.81392045,18.68181818],
				"x": [
					[124.6207386],
					[171.3252841],
					[268.2372159],
					[312.6065341],
					[547.8806818]
				],
				"y": [
					[110.5475852],
					[37.57173295],
					[42.2421875],
					[38.73934659],
					[38.73934659]
				]
			},
			{
				"name": "early",
				"labelposition": [389.6690341,283.3544034,52.54261364,25.6875],
				"symbolposition": [447.4659091,289.7762784,75.89488636,16.34659091],
				"x": [
					[125.7883523],
					[171.9090909],
					[267.0696023],
					[314.9417614],
					[410.1022727],
					[546.1292614]
				],
				"y": [
					[110.5475852],
					[54.50213068],
					[33.48508523],
					[42.2421875],
					[41.65838068],
					[53.33451705]
				]
			},
			{
				"name": "standard",
				"labelposition": [342.3806818,308.4580966,99.83096591,21.60085227],
				"symbolposition": [447.4659091,310.209517,77.64630682,14.59517045],
				"x": [
					[127.5397727],
					[173.0767045],
					[266.4857955],
					[316.109375],
					[405.4318182],
					[545.5454545]
				],
				"y": [
					[325.3884943],
					[79.60582386],
					[61.5078125],
					[67.9296875],
					[48.08025568],
					[50.99928977]
				]
			}
		],
		"plotpos": [124.0369318,21.80894886,422.0923295,319.3423295],
		"xax": {
			"titlepos": [275.2428977,383.1853693,117.9289773,27.43892045],
			"minpos": [117.6150568,351.6598011,20.43323864,27.43892045],
			"maxpos": [538.5397727,349.9083807,29.77414773,27.43892045],
			"type": 1
		},
		"yax": {
			"titlepos": [0.8536931818,3.7109375,35.02840909,358.4573864],
			"minpos": [61.56960227,278.100142,57.796875,33.86079545],
			"maxpos": [62.15340909,24.14417614,53.71022727,31.52556818],
			"type": 1
		}
	}
}
