{
	"data": {
		"imagename": "02667-10.1.1.331.6655-Figure-7",
		"difficult": 0,
		"curves": [
			{
				"name": "Proposed",
				"labelposition": [462.6321023,330.5475852,75.51136364,18.87784091],
				"symbolposition": [409.7741477,331.1768466,52.85795455,13.21448864],
				"x": [
					[63.68039773],
					[76.89488636],
					[73.11931818],
					[89.48011364],
					[116.5383523],
					[263.7855114],
					[401.59375],
					[443.7542614]
				],
				"y": [
					[373.337358],
					[339.3572443],
					[263.2166193],
					[173.2322443],
					[104.6427557],
					[66.88707386],
					[45.4921875],
					[31.01917614]
				]
			},
			{
				"name": "D&T",
				"labelposition": [462.0028409,348.1669034,38.38494318,19.50710227],
				"symbolposition": [411.0326705,351.9424716,51.59943182,13.84375],
				"x": [
					[63.05113636],
					[80.67045455],
					[70.60227273],
					[78.78267045],
					[70.60227273],
					[68.71448864]
				],
				"y": [
					[390.9566761],
					[385.2933239],
					[373.9666193],
					[355.0887784],
					[317.962358],
					[241.821733]
				]
			},
			{
				"name": "FS",
				"labelposition": [462.6321023,368.303267,26.42897727,18.24857955],
				"symbolposition": [413.5497159,373.337358,48.453125,12.58522727],
				"x": [
					[63.05113636],
					[63.05113636],
					[68.08522727],
					[66.19744318],
					[70.60227273],
					[81.92897727],
					[95.77272727]
				],
				"y": [
					[394.7322443],
					[373.337358],
					[361.381392],
					[330.5475852],
					[280.2066761],
					[227.977983],
					[188.334517]
				]
			}
		],
		"plotpos": [61.16335227,14.65838068,485.1605114,382.5909091],
		"xax": {
			"titlepos": [247.4247159,421.1612216,113.2670455,21.39488636],
			"minpos": [56.12926136,402.912642,15.10227273,16.99005682],
			"maxpos": [540.03125,402.2833807,13.21448864,19.50710227],
			"type": 1
		},
		"yax": {
			"titlepos": [3.900568182,173.2322443,25.17045455,71.10653409],
			"minpos": [44.17329545,387.8103693,15.10227273,17.61931818],
			"maxpos": [46.06107955,4.590198864,10.06818182,22.02414773],
			"type": 1
		}
	}
}
