{
	"data": {
		"imagename": "02668-10.1.1.222.953-Figure-4",
		"difficult": 0,
		"curves": [
			{
				"name": "BLEU with source vs. Semantic",
				"labelposition": [86.078125,3.2421875,205.96875,20.109375],
				"symbolposition": [59.265625,3.8515625,26.8125,15.84375],
				"x": [
					[85.46875],
					[126.296875],
					[164.6875],
					[204.296875],
					[242.6875],
					[278.640625],
					[320.078125],
					[395.640625],
					[435.859375],
					[472.421875],
					[513.859375],
					[551.03125]
				],
				"y": [
					[171.4296875],
					[166.5546875],
					[154.9765625],
					[144.0078125],
					[129.3828125],
					[127.5546875],
					[127.5546875],
					[113.5390625],
					[110.4921875],
					[111.1015625],
					[100.7421875],
					[100.1328125]
				]
			},
			{
				"name": "BLEU with source vs. Overall",
				"labelposition": [85.46875,26.3984375,200.484375,18.890625],
				"symbolposition": [59.265625,27.0078125,26.8125,14.015625],
				"x": [
					[87.296875],
					[124.46875],
					[164.6875],
					[202.46875],
					[242.078125],
					[319.46875],
					[398.6875],
					[473.640625],
					[517.515625],
					[554.6875]
				],
				"y": [
					[335.9609375],
					[323.7734375],
					[304.8828125],
					[300.6171875],
					[278.6796875],
					[271.9765625],
					[256.1328125],
					[253.0859375],
					[238.4609375],
					[231.1484375]
				]
			},
			{
				"name": "BLEU without source vs. Semantic",
				"labelposition": [342.015625,4.4609375,227.296875,19.5],
				"symbolposition": [312.765625,5.6796875,29.25,13.40625],
				"x": [
					[86.078125],
					[122.640625],
					[162.859375],
					[206.125],
					[245.125],
					[321.90625],
					[359.078125],
					[399.296875],
					[439.515625],
					[475.46875],
					[512.03125],
					[555.296875]
				],
				"y": [
					[264.0546875],
					[234.8046875],
					[202.5078125],
					[186.0546875],
					[177.5234375],
					[170.2109375],
					[164.1171875],
					[156.8046875],
					[154.9765625],
					[153.7578125],
					[148.2734375],
					[144.0078125]
				]
			},
			{
				"name": "BLEU without source vs. Overall",
				"labelposition": [340.796875,25.7890625,212.671875,22.546875],
				"symbolposition": [311.546875,27.6171875,29.25,12.1875],
				"x": [
					[85.46875],
					[124.46875],
					[162.859375],
					[200.640625],
					[238.421875],
					[277.421875],
					[323.734375],
					[393.8125],
					[476.078125],
					[551.640625]
				],
				"y": [
					[282.3359375],
					[264.6640625],
					[260.3984375],
					[254.9140625],
					[235.4140625],
					[233.5859375],
					[241.5078125],
					[224.4453125],
					[224.4453125],
					[206.1640625]
				]
			}
		],
		"plotpos": [65.96875,62.3515625,503.953125,307.125],
		"xax": {
			"titlepos": [200.640625,409.6953125,237.046875,18.890625],
			"minpos": [75.109375,380.4453125,21.9375,25.59375],
			"maxpos": [544.328125,378.6171875,23.765625,28.640625],
			"type": 1
		},
		"yax": {
			"titlepos": [2.59375,134.8671875,24.375,164.53125],
			"minpos": [22.703125,363.3828125,35.953125,17.0625],
			"maxpos": [30.015625,55.0390625,24.375,15.84375],
			"type": 1
		}
	}
}
