{
	"data": {
		"imagename": "02675-10.1.1.310.6591-Figure-1",
		"difficult": 0,
		"curves": [
			{
				"name": "Random",
				"labelposition": [97.42045455,57.39275568,87.953125,24.60227273],
				"symbolposition": [213.6661932,62.31321023,58.43039773,15.99147727],
				"x": [
					[86.34943182],
					[598.0767045]
				],
				"y": [
					[349.5447443],
					[346.4694602]
				]
			},
			{
				"name": "Top-level",
				"labelposition": [98.03551136,83.22514205,102.0994318,24.60227273],
				"symbolposition": [212.4360795,85.0703125,56.58522727,16.60653409],
				"x": [
					[88.19460227],
					[598.6917614]
				],
				"y": [
					[235.759233],
					[236.3742898]
				]
			},
			{
				"name": "Subtopic",
				"labelposition": [99.265625,107.212358,93.48863636,25.83238636],
				"symbolposition": [214.8963068,109.6725852,55.35511364,15.99147727],
				"x": [
					[86.96448864],
					[144.1647727],
					[201.3650568],
					[258.5653409],
					[313.9204545],
					[430.78125],
					[595.0014205]
				],
				"y": [
					[233.9140625],
					[191.475142],
					[178.5589489],
					[171.178267],
					[167.4879261],
					[165.6427557],
					[164.412642]
				]
			},
			{
				"name": "All",
				"labelposition": [98.65056818,130.584517,38.13352273,24.60227273],
				"symbolposition": [213.0511364,134.274858,51.66477273,14.76136364],
				"x": [
					[85.11931818],
					[144.1647727],
					[202.5951705],
					[259.1803977],
					[316.9957386],
					[373.5809659],
					[430.78125],
					[483.0610795],
					[541.4914773],
					[596.8465909]
				],
				"y": [
					[234.5291193],
					[189.6299716],
					[164.412642],
					[147.806108],
					[126.8941761],
					[108.4424716],
					[94.91122159],
					[85.68536932],
					[78.3046875],
					[77.68963068]
				]
			}
		],
		"plotpos": [86.34943182,52.47230114,510.4971591,316.1392045],
		"xax": {
			"titlepos": [268.40625,406.1299716,148.2286932,25.83238636],
			"minpos": [82.65909091,380.2975852,16.60653409,26.44744318],
			"maxpos": [583.9303977,382.7578125,31.36789773,23.98721591],
			"type": 1
		},
		"yax": {
			"titlepos": [3.316761364,130.584517,28.90767045,176.5213068],
			"minpos": [55.59659091,358.1555398,22.14204545,25.83238636],
			"maxpos": [56.21164773,40.78622159,16.60653409,22.75710227],
			"type": 1
		}
	}
}
