{
	"data": {
		"imagename": "02676-10.1.1.301.3656-Figure-2",
		"difficult": 0,
		"curves": [
			{
				"name": "Preps",
				"labelposition": [550.0184659,52.75497159,54.96448864,20.90198864],
				"symbolposition": [501.2471591,54.30326705,45.67471591,18.57954545],
				"x": [
					[117.2698864],
					[217.1349432],
					[267.4545455],
					[337.9019886],
					[378.1576705],
					[445.5085227],
					[487.3125],
					[554.6633523],
					[604.9829545],
					[618.9176136]
				],
				"y": [
					[99.97798295],
					[227.712358],
					[243.1953125],
					[283.4509943],
					[298.9339489],
					[311.3203125],
					[316.7393466],
					[321.384233],
					[331.4481534],
					[336.0930398]
				]
			},
			{
				"name": "Subjects",
				"labelposition": [550.0184659,73.65696023,71.99573864,23.99857955],
				"symbolposition": [502.7954545,76.75355114,44.90056818,16.25710227],
				"x": [
					[114.9474432],
					[161.3963068],
					[210.9417614],
					[265.1321023],
					[292.2272727],
					[338.6761364],
					[375.8352273],
					[447.8309659],
					[560.8565341],
					[618.9176136]
				],
				"y": [
					[247.8401989],
					[309.772017],
					[342.2862216],
					[350.0276989],
					[353.8984375],
					[367.8330966],
					[370.1555398],
					[373.2521307],
					[379.4453125],
					[381.7677557]
				]
			},
			{
				"name": "Objects",
				"labelposition": [547.6960227,98.4296875,65.80255682,17.03125],
				"symbolposition": [501.2471591,97.65553977,43.35227273,16.25710227],
				"x": [
					[114.9474432],
					[207.8451705],
					[217.9090909],
					[283.7116477],
					[340.9985795],
					[377.3835227],
					[447.8309659],
					[486.5383523],
					[550.0184659],
					[601.8863636],
					[620.4659091]
				],
				"y": [
					[183.5859375],
					[322.9325284],
					[326.803267],
					[358.5433239],
					[363.1882102],
					[363.1882102],
					[370.1555398],
					[375.5745739],
					[377.1228693],
					[381.7677557],
					[381.7677557]
				]
			}
		],
		"plotpos": [66.17613636,46.56178977,564.3536932,443.5866477],
		"xax": {
			"titlepos": [128.1079545,518.0177557,440.4900568,25.546875],
			"minpos": [55.33806818,500.212358,17.80539773,19.35369318],
			"maxpos": [593.3707386,497.8899148,31.74005682,26.32102273],
			"type": 1
		},
		"yax": {
			"titlepos": [4.244318182,178.1669034,24.77272727,180.3764205],
			"minpos": [42.95170455,476.2137784,16.25710227,23.99857955],
			"maxpos": [29.01704545,51.20667614,28.64346591,30.19176136],
			"type": 1
		}
	}
}
