{
	"data": {
		"imagename": "02679-10.1.1.152.3441-Figure-2",
		"difficult": 0,
		"curves": [
			{
				"name": "Blank",
				"labelposition": [1202.540174,381.6878025,78.32526621,41.6892546],
				"symbolposition": [1062.312682,379.161181,130.1210068,46.74249758],
				"x": [
					[325.8025169],
					[498.8760891],
					[666.8964182],
					[843.7599226]
				],
				"y": [
					[491.5958374],
					[342.5251694],
					[276.8330106],
					[145.4486931]
				]
			},
			{
				"name": "Simple",
				"labelposition": [1210.120039,442.3267183,77.06195547,41.6892546],
				"symbolposition": [1069.892546,443.590029,125.0677638,40.42594385],
				"x": [
					[319.4859632],
					[500.1393998],
					[671.9496612],
					[843.7599226]
				],
				"y": [
					[481.4893514],
					[400.6374637],
					[284.4128751],
					[216.1940949]
				]
			},
			{
				"name": "Complex",
				"labelposition": [1210.120039,491.5958374,93.48499516,45.47918683],
				"symbolposition": [1066.102614,502.9656341,123.804453,34.10939013],
				"x": [
					[319.4859632],
					[500.1393998],
					[669.4230397],
					[842.4966118]
				],
				"y": [
					[465.0663117],
					[377.8978703],
					[219.9840271],
					[101.232817]
				]
			}
		],
		"plotpos": [141.3591481,16.5909971,876.7376573,579.8596321],
		"xax": {
			"titlepos": [540.5653437,674.7758955,98.53823814,27.7928364],
			"minpos": [136.3059051,611.6103582,16.42303969,29.05614714],
			"maxpos": [995.357212,614.1369797,44.21587609,30.31945789],
			"type": 1
		},
		"yax": {
			"titlepos": [1.131655373,142.9220716,46.74249758,270.3484995],
			"minpos": [102.196515,578.7642788,24.00290416,31.58276864],
			"maxpos": [103.4598258,1.431268151,25.26621491,29.05614714],
			"type": 1
		}
	}
}
