{
	"data": {
		"imagename": "02684-10.1.1.2.5404-Figure-2",
		"difficult": 0,
		"curves": [
			{
				"name": "Probabilistic",
				"labelposition": [409.9943182,360.865767,147.8622159,30.19176136],
				"symbolposition": [351.1590909,366.2848011,51.86789773,20.90198864],
				"x": [
					[123.5596591],
					[276.0667614],
					[430.1221591],
					[498.2471591],
					[561.7272727]
				],
				"y": [
					[277.2578125],
					[206.0362216],
					[188.2308239],
					[166.5546875],
					[178.1669034]
				]
			},
			{
				"name": "Recursive MDL",
				"labelposition": [409.2201705,391.0575284,181.1505682,27.09517045],
				"symbolposition": [347.2883523,391.0575284,54.96448864,25.546875],
				"x": [
					[118.9147727],
					[207.1676136],
					[276.0667614],
					[430.1221591],
					[499.7954545],
					[561.7272727]
				],
				"y": [
					[301.256392],
					[274.9353693],
					[256.3558239],
					[219.9708807],
					[187.4566761],
					[192.8757102]
				]
			},
			{
				"name": "Linguistica",
				"labelposition": [407.671875,419.7009943,127.734375,30.19176136],
				"symbolposition": [348.0625,424.3458807,51.86789773,20.12784091],
				"x": [
					[118.140625],
					[211.8125],
					[430.8963068],
					[493.6022727],
					[564.8238636]
				],
				"y": [
					[264.8714489],
					[194.4240057],
					[213.0035511],
					[219.9708807],
					[267.9680398]
				]
			},
			{
				"name": "No segmentation",
				"labelposition": [405.3494318,448.3444602,198.9559659,28.64346591],
				"symbolposition": [352.7073864,452.9893466,47.99715909,17.80539773],
				"x": [
					[121.2372159],
					[209.4900568],
					[275.2926136],
					[433.21875],
					[498.2471591],
					[562.5014205]
				],
				"y": [
					[312.868608],
					[267.9680398],
					[241.647017],
					[147.2009943],
					[113.1384943],
					[118.5575284]
				]
			}
		],
		"plotpos": [62.40198864,45.01349432,558.1605114,438.9417614],
		"xax": {
			"titlepos": [93.36789773,514.147017,494.6803977,29.41761364],
			"minpos": [102.6576705,489.3742898,34.0625,24.77272727],
			"maxpos": [540.0511364,491.696733,47.99715909,21.67613636],
			"type": 2
		},
		"yax": {
			"titlepos": [3.566761364,33.40127841,30.96590909,452.8764205],
			"minpos": [43.04829545,473.1171875,19.35369318,24.77272727],
			"maxpos": [32.21022727,31.07883523,27.09517045,28.64346591],
			"type": 1
		}
	}
}
