{
	"data": {
		"imagename": "02698-10.1.1.154.5788-Figure-4",
		"difficult": 0,
		"curves": [
			{
				"name": "VB",
				"labelposition": [442.8693182,26.67542614,86.42045455,22.43607955],
				"symbolposition": [393.0113636,26.67542614,44.87215909,21.60511364],
				"x": [
					[132.0880682],
					[452.8409091],
					[502.6988636],
					[535.1065341],
					[547.5710227]
				],
				"y": [
					[318.3444602],
					[318.3444602],
					[310.0348011],
					[272.6413352],
					[246.881392]
				]
			},
			{
				"name": "EM",
				"labelposition": [390.5184659,48.28053977,49.85795455,29.91477273],
				"symbolposition": [442.8693182,54.92826705,82.265625,18.28125],
				"x": [
					[133.75],
					[547.5710227]
				],
				"y": [
					[236.9098011],
					[238.571733]
				]
			}
		],
		"plotpos": [131.2571023,15.04190341,417.1448864,496.0866477],
		"xax": {
			"titlepos": [277.5071023,558.493608,119.6590909,25.75994318],
			"minpos": [95.52556818,524.4240057,85.58948864,24.92897727],
			"maxpos": [542.5852273,519.4382102,14.12642045,29.08380682],
			"type": 2
		},
		"yax": {
			"titlepos": [3.288352273,233.5859375,27.421875,59.82954545],
			"minpos": [80.56818182,497.8330966,43.21022727,24.09801136],
			"maxpos": [80.56818182,2.577414773,44.87215909,26.59090909],
			"type": 1
		}
	}
}
