{
	"data": {
		"imagename": "02691-10.1.1.367.7776-Figure-6",
		"difficult": 0,
		"curves": [
			{
				"name": "Pegasos, T=1k",
				"labelposition": [592.4946757,58.84269119,110.2042594,21.66408519],
				"symbolposition": [547.2826718,62.61035818,44.27008712,14.12875121],
				"x": [
					[336.2933204],
					[385.2729913],
					[438.0203291],
					[489.8257502],
					[520.9090029],
					[544.4569216],
					[597.2042594],
					[622.6360116],
					[646.1839303],
					[680.0929332],
					[701.7570184]
				],
				"y": [
					[63.55227493],
					[112.5319458],
					[146.4409487],
					[198.2463698],
					[200.1302033],
					[232.1553727],
					[268.8901258],
					[299.0314618],
					[305.624879],
					[321.6374637],
					[344.2434656]
				]
			},
			{
				"name": "Pegasos, T=4k",
				"labelposition": [592.4946757,82.39060987,115.8557599,16.95450145],
				"symbolposition": [550.1084221,84.27444337,36.73475315,10.36108422],
				"x": [
					[336.2933204],
					[363.6089061],
					[388.0987415],
					[447.4394966],
					[487.9419167],
					[547.2826718],
					[568.946757],
					[592.4946757],
					[620.7521781],
					[671.6156825],
					[702.6989351]
				],
				"y": [
					[129.4864472],
					[149.2666989],
					[171.8727009],
					[218.0266215],
					[251.9356244],
					[290.554211],
					[314.1021297],
					[327.2889642],
					[345.1853824],
					[351.7787996],
					[351.7787996]
				]
			},
			{
				"name": "Pegasos, T=16k",
				"labelposition": [594.3785092,100.2870281,116.7976767,21.66408519],
				"symbolposition": [547.2826718,100.2870281,41.44433688,15.07066796],
				"x": [
					[340.0609874],
					[363.6089061],
					[388.0987415],
					[411.6466602],
					[435.1945789],
					[478.5227493],
					[512.4317522],
					[540.6892546],
					[595.3204259],
					[617.9264279],
					[648.0677638],
					[677.267183],
					[701.7570184]
				],
				"y": [
					[191.6529526],
					[214.2589545],
					[222.7362052],
					[257.5871249],
					[264.1805421],
					[304.6829622],
					[327.2889642],
					[346.1272991],
					[342.3596321],
					[380.036302],
					[403.5842207],
					[400.7584705],
					[409.2357212]
				]
			},
			{
				"name": "SDCA, T=1k",
				"labelposition": [595.3204259,121.0091965,97.95934172,19.78025169],
				"symbolposition": [549.1665053,123.8349468,40.50242014,14.12875121],
				"x": [
					[335.3514037],
					[361.7250726],
					[388.0987415],
					[416.3562439],
					[438.0203291],
					[466.2778316],
					[490.767667],
					[518.0832527],
					[544.4569216],
					[575.5401742],
					[595.3204259],
					[623.5779284],
					[648.0677638],
					[701.7570184]
				],
				"y": [
					[315.0440465],
					[314.1021297],
					[290.554211],
					[288.6703775],
					[307.5087125],
					[305.624879],
					[313.160213],
					[312.2182962],
					[284.9027106],
					[331.9985479],
					[325.4051307],
					[323.5212972],
					[326.3470474],
					[304.6829622]
				]
			},
			{
				"name": "SDCA, T=4k",
				"labelposition": [592.4946757,143.6151985,103.6108422,16.95450145],
				"symbolposition": [547.2826718,146.4409487,39.56050339,11.30300097],
				"x": [
					[334.4094869],
					[361.7250726],
					[388.0987415],
					[413.5304937],
					[444.6137464],
					[470.0454985],
					[492.6515005],
					[518.0832527],
					[547.2826718],
					[569.8886738],
					[623.5779284],
					[649.0096805],
					[701.7570184]
				],
				"y": [
					[329.1727977],
					[328.2308809],
					[333.8823814],
					[326.3470474],
					[325.4051307],
					[330.1147144],
					[329.1727977],
					[334.8242982],
					[323.5212972],
					[349.8949661],
					[369.6752178],
					[377.2105518],
					[348.9530494]
				]
			},
			{
				"name": "SDCA, T=16k",
				"labelposition": [595.3204259,160.5696999,110.2042594,22.60600194],
				"symbolposition": [549.1665053,163.3954501,42.38625363,16.95450145],
				"x": [
					[334.4094869],
					[360.7831559],
					[409.7628267],
					[438.9622459],
					[466.2778316],
					[491.7095837],
					[518.0832527],
					[550.1084221],
					[567.0629235],
					[598.1461762],
					[620.7521781],
					[646.1839303],
					[671.6156825],
					[697.0474347]
				],
				"y": [
					[347.0692159],
					[347.0692159],
					[351.7787996],
					[333.8823814],
					[338.5919652],
					[357.4303001],
					[355.5464666],
					[366.8494676],
					[374.3848015],
					[392.2812197],
					[374.3848015],
					[409.2357212],
					[430.8998064],
					[412.0614714]
				]
			}
		],
		"plotpos": [319.338819,50.36544046,396.5469506,395.6050339],
		"xax": {
			"titlepos": [431.4269119,488.356728,152.5905131,25.43175218],
			"minpos": [303.3262343,461.9830591,49.92158761,27.31558567],
			"maxpos": [648.0677638,462.9249758,46.15392062,20.72216844],
			"type": 2
		},
		"yax": {
			"titlepos": [235.5082285,129.4864472,41.44433688,264.678606],
			"minpos": [286.3717328,400.7584705,16.0125847,45.21200387],
			"maxpos": [280.7202323,56.9588577,27.31558567,36.73475315],
			"type": 2
		}
	}
}
