{
	"data": {
		"imagename": "02709-10.1.1.366.7204-Figure-1",
		"difficult": 0,
		"curves": [
			{
				"name": "BP",
				"labelposition": [130.9559659,29.98508523,19.86363636,16.75994318],
				"symbolposition": [95.57386364,32.46803977,27.93323864,10.55255682],
				"x": [
					[82.53835227],
					[164.4758523],
					[221.5838068],
					[271.2428977],
					[308.4872159],
					[342.0071023],
					[367.4573864],
					[482.2940341]
				],
				"y": [
					[358.9765625],
					[357.1143466],
					[348.4240057],
					[337.2507102],
					[316.1455966],
					[287.5916193],
					[252.8302557],
					[19.43252841]
				]
			},
			{
				"name": "Pruned",
				"labelposition": [130.9559659,45.50355114,48.41761364,16.75994318],
				"symbolposition": [91.84943182,49.84872159,31.65767045,9.311079545],
				"x": [
					[82.53835227],
					[183.71875],
					[252.6207386],
					[317.7982955],
					[358.7670455],
					[481.6732955]
				],
				"y": [
					[357.1143466],
					[357.7350852],
					[351.5276989],
					[340.975142],
					[328.5603693],
					[250.3473011]
				]
			},
			{
				"name": "Relaxed",
				"labelposition": [125.3693182,61.02201705,59.59090909,18.62215909],
				"symbolposition": [95.57386364,64.12571023,27.93323864,11.17329545],
				"x": [
					[81.91761364],
					[227.7911932],
					[299.1761364],
					[353.1803977],
					[479.1903409]
				],
				"y": [
					[357.1143466],
					[356.493608],
					[352.1484375],
					[345.3203125],
					[297.5234375]
				]
			},
			{
				"name": "Relaxed 1 lt.",
				"labelposition": [130.3352273,77.16122159,72.00568182,14.89772727],
				"symbolposition": [94.953125,80.26491477,28.55397727,9.931818182],
				"x": [
					[81.91761364],
					[274.3465909],
					[360.6292614],
					[481.6732955]
				],
				"y": [
					[357.7350852],
					[356.493608],
					[352.1484375],
					[339.7336648]
				]
			}
		],
		"plotpos": [63.91619318,5.155539773,435.1377841,366.8565341],
		"xax": {
			"titlepos": [224.0667614,418.5674716,112.3536932,16.75994318],
			"minpos": [67.01988636,386.9098011,20.484375,18.00142045],
			"maxpos": [387.9417614,386.2890625,30.41619318,16.75994318],
			"type": 1
		},
		"yax": {
			"titlepos": [2.463068182,169.0305398,20.484375,47.796875],
			"minpos": [30.39630682,349.665483,18.00142045,18.62215909],
			"maxpos": [34.12073864,59.78053977,17.38068182,33.51988636],
			"type": 1
		}
	}
}
