{
	"data": {
		"imagename": "02701-10.1.1.190.4773-Figure-2",
		"difficult": 0,
		"curves": [
			{
				"name": "combine",
				"labelposition": [486.678606,83.0856728,74.18683446,23.21878025],
				"symbolposition": [418.7212004,85.91723136,65.12584705,11.89254598],
				"x": [
					[74.40367861],
					[85.72991288],
					[91.95934172],
					[99.321394],
					[108.3823814],
					[116.3107454],
					[122.5401742],
					[151.9883833],
					[165.0135528],
					[174.0745402],
					[254.4908035],
					[282.8063892],
					[302.0609874],
					[330.9428848],
					[353.0290416],
					[366.054211],
					[394.9361084],
					[454.96515],
					[503.1016457],
					[565.3959342]
				],
				"y": [
					[229.7604066],
					[207.6742498],
					[195.7817038],
					[192.3838335],
					[177.0934172],
					[171.9966118],
					[161.2366893],
					[139.7168441],
					[130.6558567],
					[119.8959342],
					[100.0750242],
					[89.88141336],
					[81.38673766],
					[72.89206196],
					[65.53000968],
					[58.73426912],
					[50.80590513],
					[34.38286544],
					[28.15343659],
					[23.05663117]
				]
			},
			{
				"name": "content",
				"labelposition": [482.714424,108.0033882,69.65634076,20.9535334],
				"symbolposition": [417.588577,108.5696999,63.99322362,14.15779284],
				"x": [
					[72.70474347],
					[91.95934172],
					[95.92352372],
					[106.1171346],
					[117.4433688],
					[121.4075508],
					[126.5043562],
					[144.6263311],
					[167.2787996],
					[178.6050339],
					[208.6195547],
					[221.0784124],
					[259.0212972],
					[273.17909],
					[287.9031946],
					[299.2294288],
					[313.3872217],
					[328.1113262],
					[346.2333011],
					[361.5237173],
					[384.7424976],
					[427.7821878],
					[473.6534366],
					[526.8867377],
					[564.2633107]
				],
				"y": [
					[230.3267183],
					[186.7207164],
					[186.1544046],
					[170.2976767],
					[164.0682478],
					[155.5735721],
					[154.4409487],
					[136.3189739],
					[124.4264279],
					[109.7023233],
					[93.27928364],
					[91.5803485],
					[84.21829622],
					[84.21829622],
					[79.1214908],
					[79.1214908],
					[76.28993224],
					[71.19312682],
					[67.22894482],
					[58.73426912],
					[55.33639884],
					[42.31122943],
					[33.25024201],
					[25.88818974],
					[23.05663117]
				]
			},
			{
				"name": "metadata",
				"labelposition": [484.9796709,132.9211036,80.98257502,18.12197483],
				"symbolposition": [422.6853824,134.053727,59.46272991,14.15779284],
				"x": [
					[73.27105518],
					[87.42884802],
					[94.22458858],
					[99.321394],
					[110.6476283],
					[116.3107454],
					[121.4075508],
					[141.7947725],
					[153.1210068],
					[174.0745402],
					[195.5943853],
					[221.6447241],
					[258.4549855],
					[278.2758955],
					[295.8315586],
					[326.4123911],
					[336.0396902],
					[354.7279768],
					[368.3194579],
					[396.6350436],
					[432.3126815],
					[482.1481123],
					[528.5856728],
					[565.9622459]
				],
				"y": [
					[230.3267183],
					[211.07212],
					[199.1795741],
					[195.7817038],
					[180.4912875],
					[180.4912875],
					[171.9966118],
					[156.1398838],
					[149.3441433],
					[131.2221684],
					[128.3906099],
					[122.161181],
					[109.7023233],
					[104.6055179],
					[94.41190707],
					[84.21829622],
					[75.72362052],
					[70.6268151],
					[66.09632139],
					[50.80590513],
					[41.74491772],
					[29.85237173],
					[26.45450145],
					[23.62294288]
				]
			},
			{
				"name": "random",
				"labelposition": [485.5459826,157.838819,65.12584705,19.25459826],
				"symbolposition": [419.2875121,158.9714424,63.99322362,12.4588577],
				"x": [
					[73.83736689],
					[142.9273959],
					[229.0067764],
					[325.2797677],
					[424.3843175],
					[501.4027106],
					[565.3959342]
				],
				"y": [
					[230.3267183],
					[226.3625363],
					[221.2657309],
					[214.4699903],
					[205.9753146],
					[199.7458858],
					[194.0827686]
				]
			}
		],
		"plotpos": [72.70474347,11.7303969,499.4869313,218.5963214],
		"xax": {
			"titlepos": [293.5663117,259.7749274,50.96805421,19.82090997],
			"minpos": [63.64375605,241.0866409,18.68828654,16.9893514],
			"maxpos": [546.1413359,242.2192643,38.50919652,16.9893514],
			"type": 1
		},
		"yax": {
			"titlepos": [1.915779284,85.91723136,21.51984511,73.05421104],
			"minpos": [43.25653437,222.964666,19.25459826,19.25459826],
			"maxpos": [26.83349468,4.368344627,33.97870281,16.9893514],
			"type": 1
		}
	}
}
