{
	"data": {
		"imagename": "02724-10.1.1.107.8456-Figure-8",
		"difficult": 0,
		"curves": [
			{
				"name": "Quant=4",
				"labelposition": [191.2855114,15.68110795,82.31534091,26.31392045],
				"symbolposition": [131.9105114,16.35582386,57.35085227,24.28977273],
				"x": [
					[335.6747159],
					[393.7002841],
					[422.7130682],
					[505.703125],
					[592.0667614]
				],
				"y": [
					[139.1541193],
					[110.1413352],
					[102.7194602],
					[100.6953125],
					[107.4424716]
				]
			},
			{
				"name": "Quant=8",
				"labelposition": [338.3735795,16.35582386,90.41193182,24.28977273],
				"symbolposition": [274.9502841,17.70525568,62.07386364,22.94034091],
				"x": [
					[268.203125],
					[297.890625],
					[310.0355114],
					[297.2159091],
					[277.6491477],
					[246.6122159],
					[203.4303977]
				],
				"y": [
					[183.6853693],
					[187.7336648],
					[193.806108],
					[214.0475852],
					[228.2166193],
					[251.1569602],
					[287.5916193]
				]
			},
			{
				"name": "Quant=12",
				"labelposition": [495.5823864,15.68110795,102.5568182,23.61505682],
				"symbolposition": [434.1832386,18.37997159,59.375,20.91619318],
				"x": 160.9232955,
				"y": 323.3515625
			}
		],
		"plotpos": [110.9943182,86.52627841,511.4346591,276.6335227],
		"xax": {
			"titlepos": [279.6732955,415.1129261,182.8480114,32.38636364],
			"minpos": [98.84943182,378.0035511,21.59090909,24.96448864],
			"maxpos": [598.8139205,378.0035511,48.57954545,29.01278409],
			"type": 1
		},
		"yax": {
			"titlepos": [29.35369318,62.91122159,32.38636364,321.8394886],
			"minpos": [77.93323864,349.665483,21.59090909,23.61505682],
			"maxpos": [80.63210227,69.65838068,17.54261364,25.63920455],
			"type": 1
		}
	}
}
