{
	"data": {
		"imagename": "02721-10.1.1.41.5423-Figure-2",
		"difficult": 0,
		"curves": {
			"name": "Joint action learners",
			"labelposition": [398.1619318,28.69105114,102.1576705,15.63068182],
			"symbolposition": [501.9943182,29.24928977,26.23721591,13.39772727],
			"x": [
				[66.00994318],
				[72.15056818],
				[77.17471591],
				[82.19886364],
				[92.80539773],
				[110.6690341],
				[116.2514205],
				[122.9502841],
				[126.2997159],
				[132.9985795],
				[138.0227273],
				[147.5127841],
				[153.0951705],
				[159.7940341],
				[163.1434659],
				[169.8423295],
				[176.5411932],
				[183.7982955],
				[190.4971591],
				[197.1960227],
				[203.3366477],
				[208.9190341],
				[218.4090909],
				[221.7585227],
				[228.4573864],
				[235.15625],
				[239.6221591],
				[250.7869318],
				[254.1363636],
				[260.8352273],
				[265.859375],
				[278.6988636],
				[285.3977273],
				[292.0965909],
				[297.1207386],
				[303.2613636],
				[309.4019886],
				[314.4261364],
				[322.7997159],
				[327.8238636],
				[333.9644886],
				[341.2215909],
				[346.2457386],
				[359.6434659],
				[365.7840909],
				[375.8323864],
				[383.0894886],
				[399.8366477],
				[417.7002841],
				[424.3991477],
				[431.0980114],
				[435.0056818],
				[441.7045455],
				[446.7286932],
				[453.9857955],
				[458.4517045],
				[467.9417614],
				[478.5482955],
				[484.6889205],
				[490.8295455],
				[500.3196023],
				[501.9943182],
				[509.8096591],
				[518.1832386],
				[522.6491477],
				[529.3480114],
				[537.1633523]
			],
			"y": [
				[94.00497159],
				[80.04900568],
				[95.12144886],
				[95.12144886],
				[81.16548295],
				[92.33025568],
				[84.51491477],
				[110.193892],
				[86.74786932],
				[104.6115057],
				[79.49076705],
				[72.79190341],
				[101.8203125],
				[77.81605114],
				[91.77201705],
				[73.90838068],
				[81.72372159],
				[99.02911932],
				[97.35440341],
				[114.1015625],
				[75.58309659],
				[95.12144886],
				[78.37428977],
				[85.07315341],
				[120.2421875],
				[115.2180398],
				[116.8927557],
				[111.868608],
				[120.2421875],
				[107.4026989],
				[126.9410511],
				[106.2862216],
				[110.193892],
				[133.6399148],
				[120.8004261],
				[123.5916193],
				[111.868608],
				[135.3146307],
				[131.9651989],
				[150.3870739],
				[135.3146307],
				[166.0177557],
				[153.7365057],
				[162.6683239],
				[181.0901989],
				[182.2066761],
				[190.022017],
				[181.6484375],
				[207.3274148],
				[195.6044034],
				[218.4921875],
				[230.7734375],
				[217.3757102],
				[244.1711648],
				[213.4680398],
				[246.4041193],
				[237.4723011],
				[250.8700284],
				[255.3359375],
				[272.0830966],
				[257.0106534],
				[270.9666193],
				[274.3160511],
				[299.9950284],
				[306.1356534],
				[307.8103693],
				[293.2961648]
			]
		},
		"plotpos": [64.89346591,19.20099432,470.5951705,344.9914773],
		"xax": {
			"titlepos": [237.3892045,378.7066761,123.9289773,12.83948864],
			"minpos": [87.78125,366.9836648,19.53835227,16.18892045],
			"maxpos": [530.4644886,368.100142,9.490056818,13.39772727],
			"type": 1
		},
		"yax": {
			"titlepos": [4.045454545,131.9651989,17.30539773,121.6960227],
			"minpos": [42.00568182,356.3771307,17.86363636,14.51420455],
			"maxpos": [40.88920455,11.38565341,20.65482955,16.74715909],
			"type": 1
		}
	}
}
