{
	"data": {
		"imagename": "02723-10.1.1.48.7461-Figure-5",
		"difficult": 0,
		"curves": [
			{
				"name": "BBF search",
				"labelposition": [201.5752841,54.70383523,106.4602273,22.72017045],
				"symbolposition": [314.5269886,59.89701705,45.44034091,18.17613636],
				"x": [
					[93.81676136],
					[216.5056818],
					[341.7911932],
					[459.2869318],
					[579.3792614]
				],
				"y": [
					[340.977983],
					[340.977983],
					[333.1882102],
					[316.3103693],
					[283.852983]
				]
			},
			{
				"name": "Restricted search",
				"labelposition": [152.8892045,76.12571023,158.3920455,23.36931818],
				"symbolposition": [315.1761364,81.31889205,42.19460227,11.03551136],
				"x": [
					[94.46590909],
					[217.1548295],
					[337.8963068],
					[457.3394886],
					[576.7826705]
				],
				"y": [
					[342.2762784],
					[322.1526989],
					[167.6555398],
					[80.02059659],
					[61.84446023]
				]
			}
		],
		"plotpos": [93.81676136,13.80752841,486.2116477,381.6988636],
		"xax": {
			"titlepos": [247.015625,431.209517,175.2698864,24.66761364],
			"minpos": [83.43039773,405.243608,20.12357955,22.07102273],
			"maxpos": [565.0980114,403.9453125,27.26420455,22.07102273],
			"type": 1
		},
		"yax": {
			"titlepos": [4.883522727,140.3913352,26.61505682,130.4786932],
			"minpos": [41.23579545,385.1200284,46.73863636,24.01846591],
			"maxpos": [43.83238636,2.772017045,42.84375,20.12357955],
			"type": 1
		}
	}
}
