{
	"data": {
		"imagename": "02732-10.1.1.48.6953-Figure-1",
		"difficult": 0,
		"curves": [
			{
				"name": "Examples",
				"labelposition": [578.9148112,13.69554695,72.10067764,19.31268151],
				"symbolposition": [577.6272991,33.00822846,76.60696999,7.725072604],
				"x": [
					[78.07260407],
					[201.0300097],
					[218.411423],
					[249.3117135],
					[271.1994192],
					[309.8247822],
					[337.5062924],
					[356.8189739],
					[365.8315586],
					[399.3068732],
					[422.482091],
					[449.5198451],
					[466.2575024],
					[474.6263311],
					[484.2826718],
					[493.2952565],
					[502.9515973],
					[507.4578896],
					[511.3204259],
					[515.1829622],
					[520.9767667],
					[526.7705712],
					[558.3146176]
				],
				"y": [
					[261.5416263],
					[260.8978703],
					[258.3228461],
					[257.035334],
					[253.8165537],
					[251.2415295],
					[248.0227493],
					[235.7913843],
					[232.5726041],
					[215.1911907],
					[210.6848984],
					[199.0972894],
					[184.2909003],
					[181.07212],
					[173.9908035],
					[172.7032914],
					[140.5154889],
					[94.16505324],
					[72.92110358],
					[76.13988383],
					[44.59583737],
					[29.14569216],
					[29.14569216]
				]
			},
			{
				"name": "Errors",
				"labelposition": [579.5585673,40.08954501,47.63794773,16.73765731],
				"symbolposition": [577.6272991,58.75847047,52.78799613,6.437560503],
				"x": [
					[75.49757986],
					[107.6853824],
					[137.9419167],
					[168.8422072],
					[184.2923524],
					[195.8799613],
					[204.892546],
					[211.9738625],
					[215.1926428],
					[224.8489835],
					[230.642788],
					[246.7366893],
					[255.749274],
					[266.0493708],
					[271.8431752],
					[278.2807357],
					[310.4685382],
					[331.0687318],
					[338.7938045],
					[356.1752178],
					[365.1878025],
					[377.4191675],
					[403.1694095],
					[441.1510165],
					[452.7386254],
					[466.9012585],
					[484.2826718],
					[491.3639884],
					[499.732817],
					[513.2516941],
					[530.6331075],
					[557.0271055]
				],
				"y": [
					[257.67909],
					[255.7478219],
					[255.1040658],
					[244.160213],
					[241.5851888],
					[241.5851888],
					[231.928848],
					[208.7536302],
					[193.303485],
					[192.6597289],
					[188.1534366],
					[183.6471442],
					[163.0469506],
					[164.9782188],
					[166.2657309],
					[157.8969022],
					[155.9656341],
					[137.9404647],
					[134.0779284],
					[98.02758955],
					[91.59002904],
					[78.71490803],
					[72.92110358],
					[62.62100678],
					[60.68973863],
					[49.74588577],
					[47.81461762],
					[50.38964182],
					[33.65198451],
					[33.00822846],
					[31.07696031],
					[28.50193611]
				]
			},
			{
				"name": "Error Rate",
				"labelposition": [578.9148112,68.41481123,73.38818974,15.45014521],
				"symbolposition": [578.9148112,83.86495644,79.18199419,7.725072604],
				"x": [
					[78.07260407],
					[115.410455],
					[151.4607938],
					[172.7047435],
					[190.0861568],
					[199.7424976],
					[211.3301065],
					[217.767667],
					[230.642788],
					[243.517909],
					[257.6805421],
					[268.624395],
					[282.143272],
					[296.9496612],
					[309.8247822],
					[327.2061955],
					[341.3688287],
					[350.3814134],
					[357.4627299],
					[364.5440465],
					[385.7879961],
					[400.5943853],
					[416.0445305],
					[431.4946757],
					[463.0387222],
					[490.0764763],
					[497.8015489],
					[507.4578896],
					[517.1142304],
					[532.5643756],
					[557.6708616]
				],
				"y": [
					[78.07115198],
					[101.2463698],
					[120.5590513],
					[119.2715392],
					[132.1466602],
					[126.3528558],
					[109.6151985],
					[97.38383349],
					[103.1776379],
					[105.1089061],
					[109.6151985],
					[108.9714424],
					[126.9966118],
					[125.0653437],
					[128.92788],
					[151.4593417],
					[154.0343659],
					[175.2783156],
					[184.2909003],
					[186.2221684],
					[204.8910939],
					[212.6161665],
					[214.5474347],
					[218.409971],
					[226.7787996],
					[232.5726041],
					[233.8601162],
					[243.5164569],
					[247.3789932],
					[249.3102614],
					[251.2415295]
				]
			}
		],
		"plotpos": [75.49757986,5.326718296,482.1732817,257.5024201],
		"xax": {
			"titlepos": [264.7618587,282.1418199,104.2884802,25.75024201],
			"minpos": [69.06001936,264.1166505,14.80638916,20.60019361],
			"maxpos": [531.9206196,267.9791868,37.98160697,14.80638916],
			"type": 2
		},
		"yax": {
			"titlepos": [3.396902227,81.93368829,32.83155857,106.8635044],
			"minpos": [57.47241045,255.1040658,11.58760891,19.31268151],
			"maxpos": [41.3785092,20.13310745,26.39399806,17.38141336],
			"type": 1
		}
	}
}
