{
	"data": {
		"imagename": "02748-10.1.1.187.6294-Figure-6",
		"difficult": 0,
		"curves": [
			{
				"name": "Single",
				"labelposition": [355.8821023,282.024858,63.69034091,31.84517045],
				"symbolposition": [303.0326705,286.7677557,53.52698864,13.55113636],
				"x": [
					[74.01846591],
					[147.8721591],
					[219.015625],
					[294.2244318],
					[366.7230114],
					[443.9644886],
					[529.3366477],
					[586.9289773]
				],
				"y": [
					[285.412642],
					[216.9794034],
					[195.2975852],
					[151.9339489],
					[156.6768466],
					[133.6399148],
					[115.3458807],
					[103.8274148]
				]
			},
			{
				"name": "Dual",
				"labelposition": [482.5852273,282.7024148,50.13920455,27.10227273],
				"symbolposition": [429.0582386,287.4453125,52.84943182,15.58380682],
				"x": [
					[76.05113636],
					[142.4517045],
					[299.6448864],
					[443.9644886],
					[517.140625],
					[588.9616477]
				],
				"y": [
					[205.4609375],
					[146.5134943],
					[71.98224432],
					[49.62286932],
					[44.20241477],
					[35.39417614]
				]
			}
		],
		"plotpos": [74.01846591,15.74502841,515.6207386,405.1789773],
		"xax": {
			"titlepos": [239.3423295,452.0916193,180.2301136,23.71448864],
			"minpos": [138.3863636,426.3444602,21.68181818,30.49005682],
			"maxpos": [580.8309659,426.3444602,20.32670455,28.45738636],
			"type": 1
		},
		"yax": {
			"titlepos": [4.230113636,80.11292614,29.13494318,287.2840909],
			"minpos": [41.49573864,413.4708807,31.16761364,24.39204545],
			"maxpos": [32.00994318,8.291903409,39.97585227,25.74715909],
			"type": 1
		}
	}
}
