{
	"data": {
		"imagename": "02747-10.1.1.163.262-Figure-5",
		"difficult": 0,
		"curves": [
			{
				"name": "AI",
				"labelposition": [539.5682478,209.0150048,17.71442401,12.82768635],
				"symbolposition": [512.0803485,209.625847,28.09874153,13.43852856],
				"x": [
					[138.2449177],
					[275.0735721],
					[408.2371733],
					[543.8441433]
				],
				"y": [
					[154.6500484],
					[149.1524685],
					[125.3296225],
					[89.28993224]
				]
			},
			{
				"name": "CVD",
				"labelposition": [540.17909,227.3402711,33.59632139,13.43852856],
				"symbolposition": [512.0803485,227.3402711,28.70958374,14.66021297],
				"x": [
					[137.6340755],
					[276.2952565],
					[409.4588577],
					[542.6224589]
				],
				"y": [
					[139.9898354],
					[138.768151],
					[96.00919652],
					[56.91529526]
				]
			},
			{
				"name": "non-CVD",
				"labelposition": [539.5682478,245.6655373,58.03000968,14.66021297],
				"symbolposition": [512.0803485,245.6655373,28.70958374,14.66021297],
				"x": [
					[136.4123911],
					[272.6302033],
					[408.2371733],
					[543.2333011]
				],
				"y": [
					[173.5861568],
					[167.4777348],
					[160.1476283],
					[123.4970958]
				]
			}
		],
		"plotpos": [67.99806389,30.03823814,545.482091,262.6621491],
		"xax": {
			"titlepos": [316.6108422,323.2424976,51.3107454,22.60116167],
			"minpos": [94.87512101,303.695547,78.18780252,23.82284608],
			"maxpos": [505.3610842,303.0847047,79.40948693,29.32042594],
			"type": 1
		},
		"yax": {
			"titlepos": [14.24394966,37.97918683,21.99031946,243.1151985],
			"minpos": [47.84027106,284.1485963,10.38431752,19.54695063],
			"maxpos": [34.4017425,20.26476283,25.04453049,17.71442401],
			"type": 1
		}
	}
}
