{
	"data": {
		"imagename": "02746-10.1.1.4.133-Figure-5",
		"difficult": 0,
		"curves": [
			{
				"name": "Planner",
				"labelposition": [370.4403409,119.8984375,66.52698864,27.31107955],
				"symbolposition": [313.7173295,117.7975852,52.52130682,28.71164773],
				"x": [
					[98.73011364],
					[524.5028409]
				],
				"y": [
					[67.37713068],
					[66.67684659]
				]
			},
			{
				"name": "Planner+SCOPE",
				"labelposition": [371.8409091,150.7109375,118.3480114,23.80965909],
				"symbolposition": [308.1150568,152.8117898,56.02272727,19.60795455],
				"x": [
					[98.02982955],
					[141.4474432],
					[185.5653409],
					[225.4815341],
					[269.5994318],
					[309.515625],
					[355.0340909],
					[394.9502841],
					[439.7684659],
					[483.8863636],
					[525.203125]
				],
				"y": [
					[66.67684659],
					[226.3416193],
					[237.5461648],
					[255.7535511],
					[318.0788352],
					[322.9808239],
					[339.787642],
					[341.8884943],
					[347.490767],
					[345.3899148],
					[343.2890625]
				]
			}
		],
		"plotpos": [96.62926136,8.553267045,427.8735795,398.4616477],
		"xax": {
			"titlepos": [238.7869318,472.1413352,144.2585227,20.30823864],
			"minpos": [90.32670455,423.821733,12.60511364,20.30823864],
			"maxpos": [511.1974432,424.522017,27.31107955,20.30823864],
			"type": 1
		},
		"yax": {
			"titlepos": [0.6903409091,136.7052557,35.01420455,154.7627841],
			"minpos": [73.51988636,400.0120739,16.10653409,21.70880682],
			"maxpos": [56.01278409,3.651278409,35.71448864,16.80681818],
			"type": 1
		}
	}
}
