{
	"data": {
		"imagename": "02755-10.1.1.212.8684-Figure-2",
		"difficult": 0,
		"curves": [
			{
				"name": "original resolution",
				"labelposition": [141.3678977,23.5234375,116.0142045,18.53835227],
				"symbolposition": [95.91903409,22.32741477,44.85085227,17.94034091],
				"x": [
					[73.79261364],
					[93.52698864],
					[109.6732955],
					[131.7997159],
					[156.9161932],
					[175.4545455],
					[197.5809659],
					[221.5014205],
					[241.2357955],
					[280.1065341],
					[344.09375],
					[411.6690341],
					[493.5965909]
				],
				"y": [
					[46.24786932],
					[181.3984375],
					[264.522017],
					[314.1569602],
					[342.8615057],
					[356.615767],
					[361.9978693],
					[360.2038352],
					[353.6257102],
					[333.8913352],
					[286.0504261],
					[233.4254261],
					[173.6242898]
				]
			},
			{
				"name": "low resolution, down-sampling factor = 2",
				"labelposition": [141.3678977,42.65980114,268.5071023,18.53835227],
				"symbolposition": [97.11505682,43.2578125,41.26278409,14.95028409],
				"x": [
					[71.99857955],
					[92.33096591],
					[113.859375],
					[135.3877841],
					[155.1221591],
					[178.4446023],
					[198.7769886],
					[218.5113636],
					[262.1661932],
					[302.8309659],
					[345.8877841],
					[388.9446023],
					[428.4133523],
					[491.2045455]
				],
				"y": [
					[55.81605114],
					[180.8004261],
					[261.5319602],
					[310.568892],
					[337.4794034],
					[345.8515625],
					[351.2336648],
					[345.8515625],
					[321.931108],
					[295.0205966],
					[258.5419034],
					[226.2492898],
					[191.5646307],
					[141.9296875]
				]
			},
			{
				"name": "low resolution, down-sampling factor = 3",
				"labelposition": [140.7698864,62.9921875,266.1150568,17.94034091],
				"symbolposition": [95.91903409,64.18821023,42.45880682,14.35227273],
				"x": [
					[70.80255682],
					[89.93892045],
					[112.0653409],
					[137.7798295],
					[156.9161932],
					[177.2485795],
					[198.7769886],
					[223.2954545],
					[264.5582386],
					[304.625],
					[368.6122159],
					[432.0014205],
					[491.8025568]
				],
				"y": [
					[49.23792614],
					[173.6242898],
					[257.3458807],
					[302.7947443],
					[328.509233],
					[339.2734375],
					[339.2734375],
					[332.6953125],
					[312.9609375],
					[282.462358],
					[225.6512784],
					[175.4183239],
					[125.7833807]
				]
			},
			{
				"name": "low resolution, down-sampling factor = 4",
				"labelposition": [138.9758523,82.7265625,273.2911932,17.34232955],
				"symbolposition": [95.32102273,81.53053977,43.65482955,17.34232955],
				"x": [
					[72.59659091],
					[92.33096591],
					[115.6534091],
					[134.7897727],
					[153.9261364],
					[176.0525568],
					[199.9730114],
					[217.9133523],
					[238.2457386],
					[283.0965909],
					[324.359375],
					[390.140625],
					[427.8153409],
					[492.9985795]
				],
				"y": [
					[45.05184659],
					[170.0362216],
					[247.1796875],
					[295.0205966],
					[324.3231534],
					[333.2933239],
					[334.4893466],
					[328.509233],
					[320.1370739],
					[293.2265625],
					[261.5319602],
					[209.5049716],
					[172.428267],
					[123.3913352]
				]
			}
		],
		"plotpos": [70.20454545,10.96519886,423.3920455,364.7869318],
		"xax": {
			"titlepos": [195.7869318,395.4865057,171.03125,22.72443182],
			"minpos": [63.62642045,378.7421875,14.35227273,17.94034091],
			"maxpos": [485.8224432,377.5461648,11.36221591,20.93039773],
			"type": 1
		},
		"yax": {
			"titlepos": [2.629261364,89.3046875,26.3125,215.2840909],
			"minpos": [27.14772727,368.5759943,40.06676136,14.95028409],
			"maxpos": [26.54971591,3.191051136,41.86079545,16.74431818],
			"type": 1
		}
	}
}
