{
	"data": {
		"imagename": "02766-10.1.1.167.9100-Figure-5",
		"difficult": 0,
		"curves": [
			{
				"name": "cup vel.",
				"labelposition": [281.9360795,14.53764205,64.71590909,19.50994318],
				"symbolposition": [246.2471591,20.24786932,33.30965909,9.041193182],
				"x": [
					[69.23011364],
					[73.51278409],
					[97.30539773],
					[120.1463068],
					[131.5667614],
					[151.0767045],
					[164.4005682],
					[176.7727273],
					[183.9105114],
					[186.2897727],
					[194.8551136],
					[201.5170455],
					[210.5582386],
					[211.9857955],
					[214.8409091],
					[221.0269886],
					[226.2613636],
					[231.0198864],
					[236.7301136],
					[250.5298295],
					[252.4332386],
					[256.2400568],
					[262.4261364],
					[264.8053977],
					[270.515625],
					[272.4190341],
					[276.7017045],
					[279.5568182],
					[281.9360795],
					[288.1221591],
					[296.2116477],
					[299.0667614],
					[301.921875],
					[305.2528409]
				],
				"y": [
					[283.8700284],
					[280.0632102],
					[281.0149148],
					[282.4424716],
					[278.1598011],
					[278.6356534],
					[279.587358],
					[278.1598011],
					[274.352983],
					[259.6015625],
					[185.368608],
					[103.9978693],
					[63.55042614],
					[54.98508523],
					[58.31605114],
					[94.00497159],
					[145.397017],
					[148.2521307],
					[157.7691761],
					[108.756392],
					[73.06747159],
					[74.01917614],
					[90.19815341],
					[111.1356534],
					[137.3075284],
					[146.8245739],
					[170.6171875],
					[212.9680398],
					[219.1541193],
					[246.7535511],
					[252.4637784],
					[259.6015625],
					[272.4495739],
					[273.8771307]
				]
			},
			{
				"name": "hand vel.",
				"labelposition": [280.984375,32.62002841,75.18465909,19.50994318],
				"symbolposition": [245.2954545,39.28196023,34.26136364,9.992897727],
				"x": [
					[70.65767045],
					[78.74715909],
					[80.65056818],
					[83.02982955],
					[88.74005682],
					[96.35369318],
					[102.0639205],
					[107.7741477],
					[115.8636364],
					[123.953125],
					[129.1875],
					[134.8977273],
					[141.0838068],
					[148.2215909],
					[151.5525568],
					[175.3451705],
					[182.0071023],
					[186.765625],
					[192.4758523],
					[199.1377841],
					[203.8963068],
					[210.5582386],
					[211.0340909],
					[213.4133523],
					[218.6477273],
					[222.4545455],
					[226.2613636],
					[229.5923295],
					[233.875],
					[237.6818182],
					[242.4403409],
					[246.7230114],
					[251.9573864],
					[256.2400568],
					[259.5710227],
					[263.8536932],
					[268.1363636],
					[273.3707386],
					[273.8465909],
					[279.5568182],
					[280.984375],
					[286.6946023],
					[289.5497159],
					[303.8252841]
				],
				"y": [
					[251.0362216],
					[228.1953125],
					[223.4367898],
					[224.8643466],
					[221.0575284],
					[221.0575284],
					[216.2990057],
					[216.2990057],
					[220.5816761],
					[222.4850852],
					[240.5674716],
					[243.8984375],
					[246.7535511],
					[252.9396307],
					[252.4637784],
					[260.553267],
					[263.884233],
					[257.6981534],
					[227.7194602],
					[172.5205966],
					[131.5973011],
					[112.5632102],
					[103.9978693],
					[101.1427557],
					[114.4666193],
					[133.9765625],
					[163.0035511],
					[186.7961648],
					[200.1200284],
					[205.3544034],
					[201.071733],
					[190.1271307],
					[174.4240057],
					[164.9069602],
					[159.6725852],
					[164.431108],
					[179.1825284],
					[186.7961648],
					[194.8856534],
					[206.306108],
					[216.774858],
					[233.4296875],
					[244.3742898],
					[256.2705966]
				]
			}
		],
		"plotpos": [68.75426136,39.28196023,247.9190341,246.015625],
		"xax": {
			"titlepos": [164.8764205,312.897017,64.71590909,21.88920455],
			"minpos": [58.76136364,290.5319602,16.17897727,21.41335227],
			"maxpos": [303.3494318,290.5319602,31.88210227,16.17897727],
			"type": 1
		},
		"yax": {
			"titlepos": [4.514204545,72.59161932,28.55113636,198.4303977],
			"minpos": [36.87215909,275.7805398,23.31676136,21.41335227],
			"maxpos": [34.49289773,27.38565341,28.55113636,25.69602273],
			"type": 1
		}
	}
}
