{
	"data": {
		"imagename": "02760-10.1.1.309.1069-Figure-2",
		"difficult": 0,
		"curves": [
			{
				"name": "LEM (100 labels)",
				"labelposition": [143.3707386,10.21946023,126.6306818,18.88352273],
				"symbolposition": [79.5,9.6640625,63.87073864,16.10653409],
				"x": [
					[106.1590909],
					[302.2144886],
					[395.5213068],
					[492.7159091]
				],
				"y": [
					[180.7265625],
					[186.2805398],
					[118.522017],
					[115.1896307]
				]
			},
			{
				"name": "LEM (1580 labels)",
				"labelposition": [142.8153409,31.87997159,128.8522727,21.66051136],
				"symbolposition": [79.5,32.99076705,63.87073864,16.66193182],
				"x": [
					[105.0482955],
					[201.1321023],
					[297.2159091],
					[395.5213068],
					[493.8267045]
				],
				"y": [
					[163.509233],
					[182.3927557],
					[223.4921875],
					[245.1526989],
					[256.2606534]
				]
			},
			{
				"name": "LB-LEM (100 labels)",
				"labelposition": [363.8636364,9.108664773,150.5127841,22.21590909],
				"symbolposition": [302.2144886,7.997869318,61.64914773,20.54971591],
				"x": [
					[106.7144886],
					[297.7713068],
					[397.1875],
					[493.8267045]
				],
				"y": [
					[179.0603693],
					[180.1711648],
					[183.5035511],
					[134.6285511]
				]
			},
			{
				"name": "LB-LEM (1580 labels)",
				"labelposition": [365.5298295,29.65838068,154.4005682,23.32670455],
				"symbolposition": [294.9943182,30.76917614,70.53551136,18.328125],
				"x": [
					[105.0482955],
					[493.2713068]
				],
				"y": [
					[282.3643466],
					[282.3643466]
				]
			}
		],
		"plotpos": [56.17329545,74.09019886,485.4176136,257.1491477],
		"xax": {
			"titlepos": [234.4559659,367.8955966,127.7414773,21.10511364],
			"minpos": [85.609375,342.3473011,34.43465909,21.66051136],
			"maxpos": [477.1647727,344.0134943,31.65767045,19.99431818],
			"type": 1
		},
		"yax": {
			"titlepos": [3.410511364,169.618608,16.66193182,73.3125],
			"minpos": [31.73579545,321.2421875,13.32954545,19.99431818],
			"maxpos": [23.40482955,65.75923295,22.21590909,21.10511364],
			"type": 1
		}
	}
}
