{
	"data": {
		"imagename": "02761-10.1.1.374.4400-Figure-2",
		"difficult": 0,
		"curves": [
			{
				"name": "System SV3",
				"labelposition": [498.4417614,16.98082386,71.09375,13.57244318],
				"symbolposition": [573.4133523,18.2734375,44.59517045,9.694602273],
				"x": [
					[57.01420455],
					[86.74431818],
					[115.828125],
					[147.4971591],
					[178.5198864],
					[205.6647727],
					[237.9801136],
					[267.0639205],
					[296.1477273],
					[327.8167614],
					[355.6079545],
					[387.9232955],
					[417.0071023],
					[446.7372159],
					[477.7599432],
					[520.4161932],
					[568.2428977],
					[599.265625],
					[626.4105114]
				],
				"y": [
					[375.681108],
					[344.0120739],
					[347.243608],
					[282.6129261],
					[273.5646307],
					[233.493608],
					[178.5575284],
					[203.1171875],
					[160.4609375],
					[127.4992898],
					[143.6569602],
					[127.4992898],
					[130.084517],
					[130.084517],
					[111.9879261],
					[101.0007102],
					[85.48934659],
					[113.9268466],
					[111.9879261]
				]
			},
			{
				"name": "MFC SV3",
				"labelposition": [513.953125,29.26065341,57.52130682,16.15767045],
				"symbolposition": [572.7670455,29.90696023,44.59517045,13.57244318],
				"x": [
					[56.36789773],
					[84.15909091],
					[117.7670455],
					[148.7897727],
					[177.8735795],
					[206.9573864],
					[234.1022727],
					[267.7102273],
					[302.6107955],
					[323.9389205],
					[358.1931818],
					[386.6306818],
					[421.53125],
					[475.8210227],
					[506.84375],
					[560.4872159],
					[597.9730114],
					[626.4105114]
				],
				"y": [
					[358.2308239],
					[297.477983],
					[260.6384943],
					[239.9566761],
					[238.0177557],
					[201.178267],
					[187.6058239],
					[189.5447443],
					[164.3387784],
					[133.962358],
					[147.5348011],
					[131.3771307],
					[141.7180398],
					[135.2549716],
					[105.524858],
					[94.53764205],
					[78.37997159],
					[55.75923295]
				]
			}
		],
		"plotpos": [55.72159091,13.10298295,570.6889205,400.7102273],
		"xax": {
			"titlepos": [312.3053977,435.787642,58.81392045,17.45028409],
			"minpos": [50.55113636,418.337358,18.09659091,15.51136364],
			"maxpos": [616.7159091,419.6299716,25.85227273,14.86505682],
			"type": 1
		},
		"yax": {
			"titlepos": [4.017045455,205.056108,20.03551136,21.328125],
			"minpos": [31.80823864,407.350142,20.03551136,14.86505682],
			"maxpos": [25.99147727,3.408380682,26.49857955,17.45028409],
			"type": 1
		}
	}
}
