{
	"data": {
		"imagename": "02765-10.1.1.219.1846-Figure-2",
		"difficult": 0,
		"curves": [
			{
				"name": "k=1",
				"labelposition": [547.9872159,347.8870739,25.53835227,13.09659091],
				"symbolposition": [579.4190341,347.8870739,41.25426136,13.09659091],
				"x": [
					[162.9474432],
					[270.9943182],
					[329.9289773],
					[373.8025568],
					[409.1633523],
					[444.5241477],
					[475.9559659],
					[527.0326705],
					[546.6775568],
					[550.6065341]
				],
				"y": [
					[413.3700284],
					[283.7137784],
					[174.3572443],
					[120.6612216],
					[104.290483],
					[63.03622159],
					[62.38139205],
					[53.86860795],
					[51.24928977],
					[47.3203125]
				]
			},
			{
				"name": "k=2",
				"labelposition": [549.9517045,360.3288352,24.88352273,13.75142045],
				"symbolposition": [578.109375,360.3288352,41.25426136,15.06107955],
				"x": [
					[145.2670455],
					[234.3238636],
					[282.78125],
					[316.8323864],
					[346.9545455],
					[369.8735795],
					[396.7215909],
					[420.9502841],
					[447.7982955],
					[460.2400568],
					[469.4076705]
				],
				"y": [
					[414.6796875],
					[279.1299716],
					[174.3572443],
					[120.006392],
					[102.3259943],
					[63.69105114],
					[63.69105114],
					[57.79758523],
					[53.21377841],
					[53.86860795],
					[45.35582386]
				]
			},
			{
				"name": "k=3",
				"labelposition": [548.6420455,374.7350852,26.19318182,12.44176136],
				"symbolposition": [579.4190341,374.0802557,40.59943182,12.44176136],
				"x": [
					[136.7542614],
					[220.5724432],
					[261.171875],
					[294.5681818],
					[316.1775568],
					[342.3707386],
					[367.2542614],
					[391.4829545],
					[415.0568182],
					[434.7017045],
					[436.6661932]
				],
				"y": [
					[411.4055398],
					[281.0944602],
					[174.3572443],
					[120.6612216],
					[100.3615057],
					[63.69105114],
					[63.03622159],
					[59.10724432],
					[53.21377841],
					[53.21377841],
					[46.66548295]
				]
			},
			{
				"name": "k=4",
				"labelposition": [549.9517045,387.1768466,24.88352273,12.44176136],
				"symbolposition": [576.1448864,386.522017,41.90909091,13.75142045],
				"x": [
					[131.515625],
					[206.8210227],
					[243.4914773],
					[271.6491477],
					[299.8068182],
					[323.3806818],
					[346.9545455],
					[390.828125],
					[413.0923295]
				],
				"y": [
					[410.7507102],
					[283.0589489],
					[175.0120739],
					[120.006392],
					[100.3615057],
					[64.34588068],
					[63.03622159],
					[53.21377841],
					[47.3203125]
				]
			},
			{
				"name": "baseline",
				"labelposition": [522.4488636,398.3089489,52.38636364,14.40625],
				"symbolposition": [577.4545455,400.928267,41.90909091,10.47727273],
				"x": [
					[162.9474432],
					[270.9943182],
					[329.9289773],
					[371.8380682],
					[405.234375],
					[434.7017045],
					[464.1690341],
					[487.0880682],
					[509.3522727],
					[528.3423295],
					[534.2357955]
				],
				"y": [
					[413.3700284],
					[281.0944602],
					[172.3927557],
					[118.696733],
					[101.0163352],
					[64.34588068],
					[64.34588068],
					[57.79758523],
					[54.5234375],
					[52.55894886],
					[47.3203125]
				]
			}
		],
		"plotpos": [71.27130682,11.95951705,561.1889205,405.3394886],
		"xax": {
			"titlepos": [244.8011364,442.1825284,211.5099432,15.71590909],
			"minpos": [60.13920455,421.227983,28.8125,16.37073864],
			"maxpos": [615.4346591,421.8828125,34.05113636,17.68039773],
			"type": 1
		},
		"yax": {
			"titlepos": [2.514204545,206.443892,24.88352273,30.12215909],
			"minpos": [35.25568182,410.0958807,29.46732955,15.06107955],
			"maxpos": [32.63636364,4.1015625,35.36079545,18.99005682],
			"type": 1
		}
	}
}
