{
	"data": {
		"imagename": "02777-10.1.1.348.4141-Figure-3",
		"difficult": 0,
		"curves": [
			{
				"name": "Uniform",
				"labelposition": [424.5150048,21.06437561,45.86640852,13.4607938],
				"symbolposition": [400.5847047,21.06437561,23.9303001,10.46950629],
				"x": [
					[78.02420136],
					[121.8964182],
					[161.7802517],
					[200.6669894],
					[241.5479187],
					[281.9303001],
					[325.8025169],
					[366.1848984],
					[406.0687318],
					[444.9554695],
					[487.3320426]
				],
				"y": [
					[37.017909],
					[40.50774443],
					[59.45256534],
					[89.36544046],
					[114.7913843],
					[128.750726],
					[144.2057115],
					[148.1940949],
					[150.1882865],
					[157.6665053],
					[154.1766699]
				]
			},
			{
				"name": "Ground Truth",
				"labelposition": [424.5150048,45.49322362,73.78509197,13.95934172],
				"symbolposition": [400.5847047,45.99177154,24.42884802,10.46950629],
				"x": [
					[79.51984511],
					[486.3349468]
				],
				"y": [
					[176.6113262],
					[178.10697]
				]
			}
		],
		"plotpos": [79.02129719,20.56582769,409.3078412,171.0019361],
		"xax": {
			"titlepos": [202.1626331,219.9849952,157.5411423,19.44336883],
			"minpos": [70.04743466,202.0372701,21.93610842,13.95934172],
			"maxpos": [473.8712488,199.5445305,29.91287512,19.94191675],
			"type": 1
		},
		"yax": {
			"titlepos": [24.67957406,31.03533398,17.44917715,146.0745402],
			"minpos": [48.11132623,185.5851888,19.44336883,14.95643756],
			"maxpos": [49.10842207,23.05856728,18.94482091,18.44627299],
			"type": 1
		}
	}
}
