{
	"data": {
		"imagename": "02788-10.1.1.139.6917-Figure-6",
		"difficult": 0,
		"curves": [
			{
				"name": "Yes",
				"labelposition": [394.9133523,56.41974432,48.81392045,24.09801136],
				"symbolposition": [302.2286932,54.56605114,79.70880682,27.1875],
				"x": [
					[147.7542614],
					[218.8125],
					[289.2528409],
					[360.9289773],
					[428.2798295]
				],
				"y": [
					[184.9424716],
					[210.2762784],
					[228.8132102],
					[238.0816761],
					[244.8785511]
				]
			},
			{
				"name": "No",
				"labelposition": [396.7670455,89.78622159,38.92755682,36.45596591],
				"symbolposition": [300.375,92.2578125,87.12357955,20.390625],
				"x": [
					[149.6079545],
					[219.4303977],
					[290.4886364],
					[357.8394886],
					[429.515625]
				],
				"y": [
					[60.12713068],
					[116.3558239],
					[155.9012784],
					[187.4140625],
					[212.7478693]
				]
			}
		],
		"plotpos": [93.99715909,8.841619318,390.5113636,350.3480114],
		"xax": {
			"titlepos": [278.7485795,404.9140625,23.48011364,27.1875],
			"minpos": [129.2173295,370.3117898,36.45596591,22.86221591],
			"maxpos": [407.8892045,370.3117898,45.72443182,25.33380682],
			"type": 2
		},
		"yax": {
			"titlepos": [2.548295455,53.94815341,31.51278409,293.5014205],
			"minpos": [71.75284091,352.3927557,17.91903409,25.95170455],
			"maxpos": [35.296875,16.25639205,53.13920455,30.27698864],
			"type": 1
		}
	}
}
