{
	"data": {
		"imagename": "02786-10.1.1.261.394-Figure-9",
		"difficult": 0,
		"curves": [
			{
				"name": "PCS 10-bucket PR",
				"labelposition": [339.0600194,193.7575024,194.250726,27.5750242],
				"symbolposition": [539.4385286,199.2725073,68.63117135,20.22168441],
				"x": [
					[143.5837367],
					[204.8615682],
					[541.2768635]
				],
				"y": [
					[134.3180058],
					[129.4157793],
					[128.803001]
				]
			},
			{
				"name": "CFR-BR 10-bucket PR",
				"labelposition": [301.6805421,218.268635,230.4046467,28.18780252],
				"symbolposition": [539.4385286,226.2347531,64.34172314,18.38334947],
				"x": [
					[186.4782188],
					[249.5943853],
					[291.2633107],
					[328.0300097],
					[392.9845111],
					[449.9728945],
					[497.7696031],
					[537.6001936]
				],
				"y": [
					[293.0275895],
					[225.6219748],
					[195.5958374],
					[172.3102614],
					[158.2163601],
					[151.4757986],
					[145.9607938],
					[147.7991288]
				]
			},
			{
				"name": "PCS 9000-bucket IR",
				"labelposition": [327.4172314,246.4564376,204.0551791,25.12391094],
				"symbolposition": [537.6001936,253.196999,70.46950629,18.38334947],
				"x": [
					[141.7454017],
					[203.6360116],
					[284.5227493],
					[381.3417231],
					[541.2768635]
				],
				"y": [
					[114.0963214],
					[104.9046467],
					[101.2279768],
					[99.38964182],
					[99.38964182]
				]
			},
			{
				"name": "CFR-BR 9000-bucket IR",
				"labelposition": [290.0377541,271.5803485,245.7241045,25.12391094],
				"symbolposition": [538.2129719,277.7081317,71.69506292,18.99612778],
				"x": [
					[190.1548887],
					[250.8199419],
					[293.1016457],
					[332.3194579],
					[392.3717328],
					[448.1345595],
					[497.7696031],
					[532.6979671]
				],
				"y": [
					[297.3170378],
					[218.268635],
					[180.2763795],
					[155.1524685],
					[132.4796709],
					[119.6113262],
					[117.7729913],
					[115.9346563]
				]
			}
		],
		"plotpos": [105.5914811,16.0517909,520.2487899,289.8441433],
		"xax": {
			"titlepos": [258.78606,349.4031946,218.7618587,31.25169409],
			"minpos": [92.11035818,311.410939,37.37947725,34.31558567],
			"maxpos": [535.7618587,311.410939,48.40948693,31.25169409],
			"type": 2
		},
		"yax": {
			"titlepos": [3.25750242,52.20571152,25.73668925,223.0513069],
			"minpos": [46.15198451,293.0275895,51.47337851,22.67279768],
			"maxpos": [67.59922556,1.345111326,31.25169409,25.73668925],
			"type": 1
		}
	}
}
