{
	"data": {
		"imagename": "02791-10.1.1.138.6553-Figure-6",
		"difficult": 0,
		"curves": [
			{
				"name": "Correct",
				"labelposition": [198.921875,17.4921875,67.96875,13.140625],
				"symbolposition": [271.875,17.9453125,52.109375,10.421875],
				"x": [
					[82.921875],
					[81.109375],
					[82.921875],
					[89.71875],
					[333.953125]
				],
				"y": [
					[11.6015625],
					[255.8359375],
					[264.8984375],
					[267.6171875],
					[268.0703125]
				]
			},
			{
				"name": "Incorrect",
				"labelposition": [180.796875,29.2734375,87.453125,21.296875],
				"symbolposition": [270.96875,35.1640625,51.203125,8.15625],
				"x": [
					[81.5625],
					[335.3125]
				],
				"y": [
					[11.6015625],
					[268.9765625]
				]
			}
		],
		"plotpos": [74.3125,10.6953125,261.453125,259.640625],
		"xax": {
			"titlepos": [174.453125,301.1484375,59.8125,16.765625],
			"minpos": [74.3125,279.8515625,13.59375,18.578125],
			"maxpos": [331.6875,277.5859375,14.5,16.765625],
			"type": 1
		},
		"yax": {
			"titlepos": [4.53125,95.4296875,18.125,91.984375],
			"minpos": [55.28125,263.5390625,12.6875,16.3125],
			"maxpos": [57.09375,4.3515625,9.515625,19.03125],
			"type": 1
		}
	}
}
