{
	"data": {
		"imagename": "02796-10.1.1.309.1153-Figure-5",
		"difficult": 0,
		"curves": [
			{
				"name": "Original result",
				"labelposition": [103.3011364,121.0859375,61.74715909,11.63352273],
				"symbolposition": [72.42755682,121.9808239,29.97869318,11.18607955],
				"x": [
					[174.8920455],
					[187.4204545],
					[207.1079545],
					[228.5852273],
					[244.6931818],
					[255.8792614],
					[261.2485795],
					[267.9602273],
					[270.6448864],
					[274.671875],
					[280.0411932],
					[280.9360795],
					[286.3053977],
					[288.9900568],
					[290.3323864],
					[295.7017045],
					[299.7286932],
					[301.5184659],
					[304.203125]
				],
				"y": [
					[25.33309659],
					[28.01775568],
					[28.46519886],
					[37.86150568],
					[39.20383523],
					[47.70525568],
					[59.33877841],
					[68.73508523],
					[81.7109375],
					[102.2933239],
					[126.4552557],
					[138.5362216],
					[145.6953125],
					[157.7762784],
					[172.9893466],
					[200.7308239],
					[224.8927557],
					[237.868608],
					[280.3757102]
				]
			},
			{
				"name": "After adaptation",
				"labelposition": [103.7485795,136.7464489,69.35369318,11.63352273],
				"symbolposition": [70.19034091,138.5362216,33.11079545,7.606534091],
				"x": [
					[198.1590909],
					[220.53125],
					[227.6903409],
					[235.296875],
					[249.1676136],
					[259.90625],
					[273.3295455],
					[278.2514205],
					[286.7528409],
					[290.3323864],
					[291.6747159],
					[295.7017045],
					[298.3863636],
					[302.8607955],
					[302.8607955],
					[304.203125],
					[303.7556818]
				],
				"y": [
					[26.22798295],
					[25.33309659],
					[27.5703125],
					[31.14985795],
					[34.72940341],
					[38.75639205],
					[43.67826705],
					[50.38991477],
					[54.41690341],
					[63.81321023],
					[74.99928977],
					[81.7109375],
					[98.26633523],
					[121.0859375],
					[160.0134943],
					[200.7308239],
					[280.3757102]
				]
			}
		],
		"plotpos": [39.31676136,25.33309659,330.2130682,261.3068182],
		"xax": {
			"titlepos": [186.078125,300.0632102,35.79545455,13.42329545],
			"minpos": [35.73721591,290.6669034,8.053977273,8.948863636],
			"maxpos": [360.1335227,287.9822443,17.00284091,12.52840909],
			"type": 1
		},
		"yax": {
			"titlepos": [4.416193182,126.0078125,14.765625,59.95738636],
			"minpos": [20.97159091,281.2705966,16.10795455,9.396306818],
			"maxpos": [29.47301136,19.96377841,8.501420455,11.18607955],
			"type": 1
		}
	}
}
