{
	"data": {
		"imagename": "02792-10.1.1.137.4961-Figure-4",
		"difficult": 0,
		"curves": [
			{
				"name": "1 memory state",
				"labelposition": [113.9289773,14.38991477,132.1235795,19.64914773],
				"symbolposition": [67.85511364,16.42258523,37.94318182,13.55113636],
				"x": [
					[57.01420455],
					[86.82670455],
					[179.6519886],
					[232.5014205],
					[262.9914773],
					[333.4573864],
					[393.0823864],
					[441.8664773],
					[512.3323864],
					[555.0184659],
					[586.8636364]
				],
				"y": [
					[385.6910511],
					[382.303267],
					[361.2990057],
					[351.1356534],
					[344.3600852],
					[348.4254261],
					[342.3274148],
					[345.037642],
					[338.2620739],
					[336.9069602],
					[338.9396307]
				]
			},
			{
				"name": "2 memory states",
				"labelposition": [111.8963068,34.0390625,144.3196023,23.03693182],
				"symbolposition": [67.17755682,36.74928977,39.97585227,14.90625],
				"x": [
					[56.33664773],
					[84.79403409],
					[111.8963068],
					[143.7414773],
					[172.8764205],
					[205.3991477],
					[233.1789773],
					[262.9914773],
					[296.8693182],
					[334.8125],
					[382.2414773],
					[408.6661932],
					[439.8338068],
					[467.6136364],
					[525.2059659],
					[557.7286932],
					[586.1860795]
				],
				"y": [
					[328.0987216],
					[270.506392],
					[272.5390625],
					[263.7308239],
					[210.881392],
					[214.946733],
					[192.587358],
					[143.803267],
					[132.2848011],
					[131.6072443],
					[118.7336648],
					[106.537642],
					[105.8600852],
					[111.2805398],
					[78.08025568],
					[80.79048295],
					[92.98650568]
				]
			},
			{
				"name": "4 memory states",
				"labelposition": [107.8309659,59.10866477,151.7727273,18.97159091],
				"symbolposition": [69.21022727,59.78622159,35.91051136,14.90625],
				"x": [
					[57.01420455],
					[84.11647727],
					[126.125],
					[175.5866477],
					[201.3338068],
					[235.8892045],
					[284.6732955],
					[332.1022727],
					[356.4943182],
					[401.2130682],
					[422.8948864],
					[457.4502841],
					[496.7485795],
					[528.59375],
					[559.7613636],
					[586.1860795]
				],
				"y": [
					[332.8416193],
					[283.3799716],
					[244.0816761],
					[203.428267],
					[208.8487216],
					[198.6853693],
					[164.8075284],
					[158.709517],
					[158.0319602],
					[164.8075284],
					[170.227983],
					[164.1299716],
					[153.9666193],
					[156.6768466],
					[140.415483],
					[141.7705966]
				]
			},
			{
				"name": "6 memory states",
				"labelposition": [111.8963068,79.43536932,147.0298295,22.359375],
				"symbolposition": [69.21022727,82.14559659,36.58806818,12.87357955],
				"x": [
					[57.01420455],
					[85.47159091],
					[103.0880682],
					[122.0596591],
					[141.7088068],
					[174.9090909],
					[226.4034091],
					[250.7954545],
					[273.1548295],
					[298.9019886],
					[326.0042614],
					[382.9190341],
					[415.4417614],
					[437.8011364],
					[465.5809659],
					[498.1036932],
					[530.6264205],
					[557.7286932],
					[585.5085227]
				],
				"y": [
					[332.1640625],
					[285.412642],
					[269.8288352],
					[265.0859375],
					[258.9879261],
					[227.1427557],
					[217.6569602],
					[196.6526989],
					[181.068892],
					[176.3259943],
					[178.3586648],
					[176.3259943],
					[172.2606534],
					[179.0362216],
					[180.3913352],
					[164.1299716],
					[164.8075284],
					[172.2606534],
					[166.162642]
				]
			},
			{
				"name": "REINFORCE",
				"labelposition": [111.8963068,99.76207386,116.5397727,21.00426136],
				"symbolposition": [69.88778409,104.5049716,35.91051136,11.51846591],
				"x": [
					[55.65909091],
					[91.56960227],
					[180.3295455],
					[265.0241477],
					[298.9019886],
					[344.9758523],
					[412.7315341],
					[466.2585227],
					[521.140625],
					[586.8636364]
				],
				"y": [
					[378.2379261],
					[364.6867898],
					[346.3927557],
					[330.131392],
					[330.131392],
					[326.0660511],
					[320.6455966],
					[306.4169034],
					[307.772017],
					[292.1882102]
				]
			}
		],
		"plotpos": [53.62642045,3.549005682,534.5923295,420.7627841],
		"xax": {
			"titlepos": [224.3707386,451.4140625,189.0383523,21.68181818],
			"minpos": [94.95738636,429.0546875,37.265625,26.42471591],
			"maxpos": [569.9247159,431.087358,37.265625,21.00426136],
			"type": 1
		},
		"yax": {
			"titlepos": [2.809659091,136.350142,27.10227273,157.8707386],
			"minpos": [36.00994318,413.4708807,18.29403409,26.42471591],
			"maxpos": [25.84659091,25.23082386,27.77982955,25.06960227],
			"type": 1
		}
	}
}
