{
	"data": {
		"imagename": "02808-10.1.1.385.2109-Figure-2",
		"difficult": 0,
		"curves": [
			{
				"name": "WordNet",
				"labelposition": [450.0994318,243.671875,79.47159091,20.70738636],
				"symbolposition": [424.9147727,243.671875,25.18465909,17.34943182],
				"x": [
					[101.9914773],
					[194.3352273],
					[286.1193182],
					[376.2244318],
					[471.3664773],
					[562.5909091]
				],
				"y": [
					[312.5099432],
					[274.453125],
					[215.6889205],
					[125.5838068],
					[67.93892045],
					[29.88210227]
				]
			},
			{
				"name": "Simile",
				"labelposition": [450.0994318,268.296875,59.32386364,20.70738636],
				"symbolposition": [427.7130682,269.9758523,22.38636364,16.23011364],
				"x": [
					[103.1107955],
					[192.65625],
					[287.2386364],
					[377.9034091],
					[469.6875],
					[560.3522727]
				],
				"y": [
					[319.2258523],
					[282.8480114],
					[226.8821023],
					[147.4105114],
					[86.96732955],
					[44.43323864]
				]
			},
			{
				"name": "ConceptNet",
				"labelposition": [452.8977273,292.921875,101.8579545,21.26704545],
				"symbolposition": [424.9147727,291.2428977,27.98295455,19.02840909],
				"x": [
					[103.6704545],
					[194.8948864],
					[286.6789773],
					[377.9034091],
					[469.6875],
					[562.5909091]
				],
				"y": [
					[322.5838068],
					[308.5923295],
					[276.1321023],
					[211.2116477],
					[140.6946023],
					[79.13210227]
				]
			}
		],
		"plotpos": [102.5511364,13.65198864,457.2414773,310.6107955],
		"xax": {
			"titlepos": [226.7954545,369.0355114,179.0909091,22.38636364],
			"minpos": [95.83522727,344.9701705,14.55113636,16.78977273],
			"maxpos": [551.3977273,341.6122159,15.11079545,20.14772727],
			"type": 1
		},
		"yax": {
			"titlepos": [1.8125,131.1803977,22.94602273,84.50852273],
			"minpos": [69.53125,314.7485795,14.55113636,20.70738636],
			"maxpos": [28.67613636,4.137784091,55.40625,21.82670455],
			"type": 1
		}
	}
}
