{
	"data": {
		"imagename": "02804-10.1.1.329.7070-Figure-7",
		"difficult": 0,
		"curves": [
			{
				"name": "optimal",
				"labelposition": [500.2571023,25.56178977,68.47869318,24.00284091],
				"symbolposition": [454.3693182,31.91548295,44.47585227,15.53125],
				"x": [
					[50.55681818],
					[106.328125],
					[163.5113636],
					[225.6363636],
					[279.9957386],
					[335.7670455],
					[390.8323864],
					[451.5454545],
					[510.8465909],
					[565.9119318],
					[620.9772727]
				],
				"y": [
					[12.1484375],
					[12.85440341],
					[17.09019886],
					[26.26775568],
					[38.97514205],
					[65.09588068],
					[120.1612216],
					[201.3473011],
					[300.8884943],
					[387.0163352],
					[434.3160511]
				]
			},
			{
				"name": "uniform-10",
				"labelposition": [500.9630682,50.9765625,89.65767045,16.94318182],
				"symbolposition": [454.3693182,53.80042614,42.35795455,14.82528409],
				"x": [
					[50.55681818],
					[111.9758523],
					[169.1590909],
					[224.9303977],
					[277.171875],
					[337.1789773],
					[395.0681818],
					[450.1335227],
					[505.1988636],
					[565.9119318],
					[621.6832386]
				],
				"y": [
					[14.26633523],
					[15.67826705],
					[16.38423295],
					[26.26775568],
					[42.50497159],
					[72.15553977],
					[127.9268466],
					[211.2308239],
					[306.5362216],
					[389.8401989],
					[435.727983]
				]
			},
			{
				"name": "uniform-50",
				"labelposition": [498.8451705,90.51065341,97.42329545,14.11931818],
				"symbolposition": [455.78125,91.92258523,40.94602273,14.11931818],
				"x": [
					[52.67471591],
					[104.2102273],
					[167.0411932],
					[221.4005682],
					[277.171875],
					[337.1789773],
					[395.0681818],
					[450.1335227],
					[509.4346591],
					[568.7357955],
					[623.0951705]
				],
				"y": [
					[12.1484375],
					[15.67826705],
					[26.26775568],
					[35.4453125],
					[60.86008523],
					[98.98224432],
					[156.165483],
					[238.0575284],
					[324.8913352],
					[394.7819602],
					[439.2578125]
				]
			},
			{
				"name": "uniform-20",
				"labelposition": [503.0809659,68.62571023,88.95170455,17.64914773],
				"symbolposition": [451.5454545,67.21377841,49.41761364,18.35511364],
				"x": [
					[51.96875],
					[108.4460227],
					[165.6292614],
					[222.1065341],
					[277.8778409],
					[335.0610795],
					[394.3622159],
					[450.1335227],
					[509.4346591],
					[565.2059659],
					[622.3892045]
				],
				"y": [
					[13.56036932],
					[15.67826705],
					[17.79616477],
					[27.6796875],
					[45.32883523],
					[77.80326705],
					[137.1044034],
					[218.290483],
					[310.0660511],
					[389.8401989],
					[437.1399148]
				]
			},
			{
				"name": "uniform-100",
				"labelposition": [498.8451705,107.4538352,104.4829545,18.35511364],
				"symbolposition": [453.6633523,110.9836648,44.47585227,12.70738636],
				"x": [
					[50.55681818],
					[108.4460227],
					[161.3934659],
					[219.9886364],
					[280.7017045],
					[338.5909091],
					[394.3622159],
					[450.1335227],
					[508.7286932],
					[566.6178977],
					[622.3892045]
				],
				"y": [
					[17.09019886],
					[24.14985795],
					[31.91548295],
					[52.38849432],
					[79.92116477],
					[117.337358],
					[173.1086648],
					[243.7052557],
					[327.009233],
					[398.3117898],
					[439.2578125]
				]
			}
		],
		"plotpos": [48.43892045,14.97230114,575.3622159,444.0525568],
		"xax": {
			"titlepos": [300.46875,475.9680398,77.65625,19.76704545],
			"minpos": [89.38494318,462.5546875,33.88636364,15.53125],
			"maxpos": [544.7329545,462.5546875,51.53551136,15.53125],
			"type": 1
		},
		"yax": {
			"titlepos": [3.963068182,192.1697443,17.64914773,95.30539773],
			"minpos": [19.49431818,452.6711648,26.12073864,15.53125],
			"maxpos": [20.90625,5.794744318,27.53267045,16.23721591],
			"type": 1
		}
	}
}
