{
	"data": {
		"imagename": "02801-10.1.1.110.1901-Figure-3",
		"difficult": 0,
		"curves": [
			{
				"name": "content-model",
				"labelposition": [465.8792614,361.8046875,77.171875,10.84232955],
				"symbolposition": [548.7911932,362.4424716,37.62926136,8.291193182],
				"x": [
					[67.90198864],
					[157.1917614],
					[247.1193182],
					[333.8579545],
					[423.1477273],
					[597.2627841]
				],
				"y": [
					[399.4339489],
					[123.9112216],
					[72.88849432],
					[53.75497159],
					[53.75497159],
					[36.53480114]
				]
			},
			{
				"name": "word+loc",
				"labelposition": [492.6661932,373.2848011,52.93607955,9.566761364],
				"symbolposition": [549.4289773,373.2848011,36.35369318,8.928977273],
				"x": [
					[69.81534091],
					[157.1917614],
					[245.84375],
					[333.2201705],
					[421.234375],
					[511.1619318],
					[595.9872159]
				],
				"y": [
					[400.709517],
					[149.4225852],
					[143.6825284],
					[90.10866477],
					[100.3132102],
					[90.74644886],
					[87.55752841]
				]
			},
			{
				"name": "lead",
				"labelposition": [515.6264205,384.1271307,29.97585227,9.566761364],
				"symbolposition": [547.515625,384.1271307,36.99147727,8.928977273],
				"x": [
					[71.09090909],
					[596.625]
				],
				"y": [
					[116.2578125],
					[114.9822443]
				]
			}
		],
		"plotpos": [69.81534091,30.15696023,526.8096591,369.2769886],
		"xax": {
			"titlepos": [194.1832386,421.118608,274.8849432,17.85795455],
			"minpos": [63.4375,405.1740057,14.03125,13.39346591],
			"maxpos": [591.5227273,403.8984375,16.58238636,16.58238636],
			"type": 1
		},
		"yax": {
			"titlepos": [18.15482955,146.8714489,21.68465909,137.7613636],
			"minpos": [51.31960227,392.4183239,12.75568182,14.66903409],
			"maxpos": [44.94176136,23.14133523,19.77130682,15.94460227],
			"type": 1
		}
	}
}
