{
	"data": {
		"imagename": "02816-10.1.1.17.9061-Figure-6",
		"difficult": 0,
		"curves": [
			{
				"name": "Regular BFS",
				"labelposition": [456.2258523,17.62428977,67.89630682,13.21875],
				"symbolposition": [530.7315341,18.82599432,39.05539773,9.012784091],
				"x": [
					[107.7315341],
					[131.1647727],
					[153.9971591],
					[185.2414773],
					[209.2755682],
					[238.7173295],
					[262.7514205],
					[287.9872159],
					[316.2272727],
					[394.9389205],
					[420.1747159],
					[445.4105114],
					[471.8480114],
					[500.6889205],
					[528.9289773],
					[554.1647727],
					[579.4005682]
				],
				"y": [
					[382.9424716],
					[363.7151989],
					[363.7151989],
					[361.912642],
					[328.2649148],
					[328.2649148],
					[321.0546875],
					[319.2521307],
					[250.1541193],
					[250.1541193],
					[210.4978693],
					[162.4296875],
					[143.803267],
					[140.1981534],
					[48.26775568],
					[38.05326705],
					[14.62002841]
				]
			},
			{
				"name": "Best-first, multiple-goal heuristics",
				"labelposition": [351.6775568,29.64133523,174.2471591,14.42045455],
				"symbolposition": [528.9289773,29.64133523,43.86221591,12.01704545],
				"x": [
					[79.49147727],
					[103.5255682],
					[129.3622159],
					[154.5980114],
					[181.0355114],
					[208.6747159],
					[260.3480114],
					[290.9914773],
					[319.8323864],
					[342.0639205],
					[367.9005682],
					[394.9389205],
					[447.2130682],
					[496.4829545],
					[527.7272727],
					[555.9673295],
					[575.7954545]
				],
				"y": [
					[356.5049716],
					[339.681108],
					[319.2521307],
					[253.759233],
					[239.3387784],
					[232.1285511],
					[181.6569602],
					[142.0007102],
					[131.1853693],
					[118.5674716],
					[94.53338068],
					[87.32315341],
					[87.32315341],
					[60.88565341],
					[35.64985795],
					[27.23792614],
					[15.22088068]
				]
			}
		],
		"plotpos": [51.25142045,13.41832386,528.1491477,370.125],
		"xax": {
			"titlepos": [258.5454545,406.9765625,111.1576705,15.02130682],
			"minpos": [47.04545455,387.1484375,11.41619318,16.82386364],
			"maxpos": [569.7869318,388.350142,21.63068182,14.42045455],
			"type": 1
		},
		"yax": {
			"titlepos": [3.784090909,156.4211648,19.828125,89.52698864],
			"minpos": [33.82670455,376.3330966,13.21875,17.42471591],
			"maxpos": [23.61221591,5.607244318,23.43323864,16.82386364],
			"type": 1
		}
	}
}
