{
	"data": {
		"imagename": "02815-10.1.1.407.2352-Figure-4",
		"difficult": 0,
		"curves": [
			{
				"name": "NN",
				"labelposition": [518.856728,23.48547919,29.16747338,15.85188771],
				"symbolposition": [475.1055179,22.85140368,43.75121007,15.2178122],
				"x": [
					[59.15198451],
					[61.68828654],
					[67.39496612],
					[71.83349468],
					[80.71055179],
					[93.39206196],
					[114.9506292],
					[139.0454985],
					[170.1151985],
					[237.9612778],
					[379.9941917],
					[635.5266215]
				],
				"y": [
					[313.892062],
					[344.9617619],
					[336.7187803],
					[352.570668],
					[361.4477251],
					[360.1795741],
					[360.8136496],
					[362.7158761],
					[363.9840271],
					[362.0818006],
					[362.0818006],
					[363.9840271]
				]
			},
			{
				"name": "SVM",
				"labelposition": [520.124879,39.33736689,40.58083253,19.02226525],
				"symbolposition": [477.0077444,40.60551791,41.84898354,15.85188771],
				"x": [
					[71.19941917],
					[69.93126815],
					[73.7357212],
					[76.90609874],
					[88.9535334],
					[88.9535334],
					[105.4394966],
					[116.8528558],
					[120.6573088],
					[135.875121],
					[140.9477251],
					[147.2884802],
					[156.7996128],
					[167.5788964],
					[183.4307841],
					[188.5033882],
					[202.4530494],
					[224.6456922],
					[242.3998064],
					[261.4220716],
					[282.3465634],
					[307.0755082],
					[329.268151],
					[359.0696999],
					[391.4075508],
					[423.1113262],
					[452.2787996],
					[489.6892546],
					[524.5634076],
					[570.2168441],
					[602.5546951],
					[635.5266215]
				],
				"y": [
					[15.24249758],
					[27.28993224],
					[24.7536302],
					[39.33736689],
					[41.23959342],
					[48.21442401],
					[43.77589545],
					[52.01887706],
					[62.16408519],
					[65.33446273],
					[71.67521781],
					[71.67521781],
					[79.91819942],
					[88.16118103],
					[92.59970958],
					[107.1834463],
					[120.4990319],
					[135.7168441],
					[157.2754114],
					[168.6887706],
					[190.8814134],
					[212.4399806],
					[221.3170378],
					[240.339303],
					[253.6548887],
					[268.8727009],
					[279.017909],
					[291.0653437],
					[302.4787028],
					[310.0876089],
					[317.696515],
					[319.5987415]
				]
			},
			{
				"name": "LDML",
				"labelposition": [520.7589545,58.35963214,45.65343659,18.38818974],
				"symbolposition": [477.0077444,58.99370765,43.75121007,20.29041626],
				"x": [
					[58.517909],
					[62.32236205],
					[63.59051307],
					[69.29719264],
					[76.27202323],
					[81.3446273],
					[88.31945789],
					[94.02613746],
					[97.196515],
					[104.1713456],
					[113.0484027],
					[133.9728945],
					[145.3862536],
					[152.3610842],
					[156.7996128],
					[175.1878025],
					[179.6263311],
					[192.9419167],
					[218.9390126],
					[232.2545983],
					[256.9835431],
					[272.8354308],
					[312.1481123],
					[348.9244918],
					[379.3601162],
					[414.2342691],
					[450.3765731],
					[505.5411423],
					[544.2197483],
					[579.7279768],
					[606.9932236],
					[637.428848]
				],
				"y": [
					[398.8581801],
					[172.4932236],
					[233.9985479],
					[266.9704743],
					[249.2163601],
					[258.0934172],
					[270.7749274],
					[264.4341723],
					[274.5793804],
					[277.1156825],
					[274.5793804],
					[284.0905131],
					[291.6994192],
					[294.8697967],
					[303.1127783],
					[308.1853824],
					[311.9898354],
					[308.8194579],
					[312.6239109],
					[312.6239109],
					[320.232817],
					[321.5009681],
					[324.6713456],
					[330.3780252],
					[335.4506292],
					[337.3528558],
					[340.5232333],
					[344.9617619],
					[347.4980639],
					[350.0343659],
					[351.3025169],
					[353.2047435]
				]
			},
			{
				"name": "L2",
				"labelposition": [520.7589545,79.28412391,22.19264279,17.12003872],
				"symbolposition": [475.1055179,79.91819942,45.01936108,13.94966118],
				"x": [
					[59.15198451],
					[59.78606002],
					[64.85866409],
					[73.10164569],
					[81.97870281],
					[85.14908035],
					[95.29428848],
					[101.0009681],
					[118.7550823],
					[126.3639884],
					[133.338819],
					[139.6795741],
					[142.8499516],
					[154.8973863],
					[164.4085189],
					[173.9196515],
					[188.5033882],
					[205.6234269],
					[213.8664085],
					[223.3775411],
					[243.0338819],
					[262.6902227],
					[288.053243],
					[317.2207164],
					[342.5837367],
					[386.9690223],
					[431.3543078],
					[477.0077444],
					[518.2226525],
					[565.7783156],
					[620.3088093],
					[636.160697],
					[636.7947725]
				],
				"y": [
					[206.0992256],
					[69.13891578],
					[102.1108422],
					[86.89303001],
					[71.67521781],
					[76.74782188],
					[74.84559535],
					[89.42933204],
					[84.99080348],
					[104.6471442],
					[113.5242014],
					[117.9627299],
					[132.5464666],
					[152.8368829],
					[158.5435624],
					[173.7613746],
					[187.7110358],
					[213.7081317],
					[220.6829622],
					[224.4874153],
					[248.5822846],
					[263.8000968],
					[276.481607],
					[289.1631171],
					[296.7720232],
					[310.0876089],
					[317.696515],
					[324.0372701],
					[328.4757986],
					[332.9143272],
					[337.3528558],
					[338.6210068],
					[240.9733785]
				]
			},
			{
				"name": "SRC (1 Frame)",
				"labelposition": [520.7589545,97.67231365,107.7928364,19.02226525],
				"symbolposition": [478.2758955,97.03823814,40.58083253,19.02226525],
				"x": [
					[58.517909],
					[61.05421104],
					[75.00387222],
					[80.71055179],
					[82.61277832],
					[102.9031946],
					[111.7802517],
					[123.1936108],
					[132.070668],
					[135.875121],
					[145.3862536],
					[158.0677638],
					[166.3107454],
					[175.821878],
					[183.4307841],
					[188.5033882],
					[199.9167473],
					[206.8915779],
					[212.5982575],
					[229.0842207],
					[251.910939],
					[267.7628267],
					[281.0784124],
					[302.6369797],
					[329.268151],
					[349.5585673],
					[376.1897386],
					[402.82091],
					[435.1587609],
					[467.4966118],
					[501.1026137],
					[542.9515973],
					[572.1190707],
					[599.3843175],
					[621.5769603],
					[636.160697]
				],
				"y": [
					[16.5106486],
					[59.62778316],
					[22.21732817],
					[21.58325266],
					[27.92400774],
					[22.85140368],
					[27.92400774],
					[34.26476283],
					[45.04404647],
					[52.65295257],
					[67.87076476],
					[88.16118103],
					[94.50193611],
					[100.2086157],
					[111.6219748],
					[117.3286544],
					[147.7642788],
					[164.250242],
					[168.0546951],
					[187.7110358],
					[210.5377541],
					[226.3896418],
					[241.607454],
					[265.7023233],
					[279.017909],
					[289.1631171],
					[299.3083253],
					[306.2831559],
					[315.7942885],
					[324.0372701],
					[327.8417231],
					[336.0847047],
					[339.8891578],
					[342.4254598],
					[345.5958374],
					[345.5958374]
				]
			},
			{
				"name": "SRC (Voting)",
				"labelposition": [520.124879,116.6945789,97.64762827,19.02226525],
				"symbolposition": [476.3736689,116.0605034,43.75121007,15.85188771],
				"x": [
					[62.32236205],
					[63.59051307],
					[71.83349468],
					[71.83349468],
					[88.31945789],
					[113.0484027],
					[125.7299129],
					[131.4365924],
					[158.7018393],
					[175.821878],
					[194.8441433],
					[196.1122943],
					[211.964182],
					[215.768635],
					[232.2545983],
					[243.0338819],
					[253.8131655],
					[256.3494676],
					[272.8354308],
					[294.3939981],
					[309.6118103],
					[328.6340755],
					[341.3155857],
					[355.2652469],
					[383.7986447],
					[399.0164569],
					[421.2090997],
					[450.3765731],
					[484.6166505],
					[516.9545015],
					[550.5605034],
					[575.2894482],
					[600.6524685],
					[622.2110358],
					[635.5266215]
				],