{
	"data": {
		"imagename": "02829-10.1.1.106.6825-Figure-1",
		"difficult": 0,
		"curves": [
			{
				"name": "Precision",
				"labelposition": [481.2883523,15.96661932,53.375,13.34375],
				"symbolposition": [538.9090909,17.78622159,36.39204545,9.704545455],
				"x": [
					[59.140625],
					[107.0568182],
					[156.1860795],
					[203.4957386],
					[252.625],
					[299.9346591],
					[348.4573864],
					[393.9474432],
					[443.0767045],
					[490.3863636],
					[538.3025568],
					[585.6122159]
				],
				"y": [
					[11.11434659],
					[17.78622159],
					[18.39275568],
					[27.49076705],
					[46.89985795],
					[45.08025568],
					[54.78480114],
					[98.45525568],
					[102.0944602],
					[78.43963068],
					[102.0944602],
					[128.7819602]
				]
			},
			{
				"name": "F-measure",
				"labelposition": [472.1903409,27.49076705,63.07954545,14.55681818],
				"symbolposition": [535.8764205,30.5234375,38.81818182,10.31107955],
				"x": [
					[60.35369318],
					[105.84375],
					[154.3664773],
					[204.7088068],
					[250.8053977],
					[296.9019886],
					[346.6377841],
					[397.5866477],
					[441.2571023],
					[490.3863636],
					[539.515625],
					[586.8252841]
				],
				"y": [
					[295.5788352],
					[146.977983],
					[79.04616477],
					[92.38991477],
					[94.81605114],
					[115.4382102],
					[106.3401989],
					[140.306108],
					[166.993608],
					[143.3387784],
					[169.4197443],
					[224.6143466]
				]
			},
			{
				"name": "Recall",
				"labelposition": [497.6647727,39.62144886,36.99857955,16.37642045],
				"symbolposition": [537.6960227,42.04758523,36.39204545,10.31107955],
				"x": [
					[59.140625],
					[107.0568182],
					[154.9730114],
					[201.6761364],
					[252.625],
					[298.7215909],
					[348.4573864],
					[395.7670455],
					[441.2571023],
					[491.5994318],
					[537.0894886],
					[586.8252841]
				],
				"y": [
					[364.1171875],
					[219.1555398],
					[123.3231534],
					[140.306108],
					[134.8473011],
					[167.600142],
					[145.1583807],
					[169.4197443],
					[213.696733],
					[188.8288352],
					[213.696733],
					[279.2024148]
				]
			}
		],
		"plotpos": [59.74715909,11.72088068,524.0454545,373.0184659],
		"xax": {
			"titlepos": [178.6278409,409.6072443,289.3167614,15.76988636],
			"minpos": [40.33806818,392.0177557,35.78551136,15.76988636],
			"maxpos": [566.203125,390.8046875,41.85085227,18.19602273],
			"type": 3
		},
		"yax": {
			"titlepos": [2.732954545,173.0589489,20.015625,64.29261364],
			"minpos": [34.27272727,334.397017,21.22869318,13.34375],
			"maxpos": [29.42045455,3.8359375,26.08096591,18.19602273],
			"type": 1
		}
	}
}
