{
	"data": {
		"imagename": "02826-10.1.1.34.7351-Figure-7",
		"difficult": 0,
		"curves": [
			{
				"name": "Selfish",
				"labelposition": [434.2201705,42.63139205,52.27982955,22.14204545],
				"symbolposition": [377.6349432,42.63139205,53.50994318,20.296875],
				"x": [
					[72.56676136],
					[96.55397727],
					[161.75],
					[252.1633523],
					[338.2713068],
					[496.3409091]
				],
				"y": [
					[41.40127841],
					[34.63565341],
					[42.63139205],
					[70.30894886],
					[103.522017],
					[244.3700284]
				]
			},
			{
				"name": "Learned",
				"labelposition": [432.375,62.92826705,62.73579545,19.06676136],
				"symbolposition": [378.8650568,66.00355114,50.43465909,16.60653409],
				"x": [
					[95.93892045],
					[162.3650568],
					[338.8863636],
					[495.1107955],
					[516.0227273]
				],
				"y": [
					[63.54332386],
					[42.01633523],
					[130.584517],
					[277.5830966],
					[297.8799716]
				]
			}
		],
		"plotpos": [74.41193182,11.26349432,443.4559659,375.1846591],
		"xax": {
			"titlepos": [200.4985795,411.665483,190.0525568,19.06676136],
			"minpos": [60.265625,391.9836648,28.29261364,18.45170455],
			"maxpos": [495.7258523,390.7535511,41.20880682,20.296875],
			"type": 1
		},
		"yax": {
			"titlepos": [2.450284091,30.33025568,24.60227273,340.1264205],
			"minpos": [38.73863636,377.2223011,25.83238636,18.45170455],
			"maxpos": [28.89772727,3.8828125,38.13352273,16.60653409],
			"type": 1
		}
	}
}
