{
	"data": {
		"imagename": "02821-10.1.1.182.9583-Figure-4",
		"difficult": 0,
		"curves": [
			{
				"name": "NMF",
				"labelposition": [599.0735721,161.9491772,38.97386254,17.53823814],
				"symbolposition": [563.3475315,157.4022265,35.72604066,24.0338819],
				"x": [
					[127.4898354],
					[191.7967086],
					[384.7173282],
					[445.7763795],
					[515.929332]
				],
				"y": [
					[208.7178122],
					[203.5212972],
					[205.4699903],
					[86.59970958],
					[35.28412391]
				]
			},
			{
				"name": "ONMF",
				"labelposition": [599.7231365,189.2308809,44.81994192,17.53823814],
				"symbolposition": [563.3475315,189.2308809,36.37560503,18.18780252],
				"x": [
					[126.8402711],
					[191.7967086],
					[258.7018393],
					[317.8121975],
					[385.3668925],
					[449.6737657],
					[513.3310745]
				],
				"y": [
					[300.9559535],
					[119.0779284],
					[95.04404647],
					[95.04404647],
					[57.36931268],
					[35.93368829],
					[34.63455954]
				]
			},
			{
				"name": "LPNMF",
				"labelposition": [603.6205227,216.5125847,51.31558567,19.48693127],
				"symbolposition": [563.9970958,217.1621491,36.37560503,16.88867377],
				"x": [
					[126.8402711],
					[191.7967086],
					[319.1113262],
					[383.4181994],
					[447.7250726],
					[511.3823814]
				],
				"y": [
					[199.6239109],
					[61.26669894],
					[59.96757018],
					[50.22410455],
					[36.58325266],
					[35.93368829]
				]
			}
		],
		"plotpos": [95.01161665,22.2928364,448.8489835,328.0300097],
		"xax": {
			"titlepos": [278.1887706,352.2715392,82.4946757,27.28170378],
			"minpos": [116.447241,215.8630203,22.73475315,21.43562439],
			"maxpos": [496.4424008,215.8630203,29.2303969,21.43562439],
			"type": 1
		},
		"yax": {
			"titlepos": [22.90997096,151.5561471,24.68344627,70.15295257],
			"minpos": [63.18296225,342.5280736,18.83736689,21.43562439],
			"maxpos": [57.98644724,10.60067764,27.28170378,23.38431752],
			"type": 1
		}
	}
}
