{
	"data": {
		"imagename": "02835-10.1.1.297.5672-Figure-5",
		"difficult": 0,
		"curves": [
			{
				"name": "This work",
				"labelposition": [371.8181818,437.7606534,133.6193182,28.265625],
				"symbolposition": [517.4289773,442.0433239,92.50568182,23.12642045],
				"x": [
					[162.8238636],
					[163.6803977],
					[167.9630682],
					[168.8196023],
					[171.3892045],
					[174.8153409],
					[184.2372159],
					[191.0894886],
					[203.9375],
					[234.7727273],
					[274.1732955],
					[374.3877841],
					[460.8977273],
					[626.2088068]
				],
				"y": [
					[529.4098011],
					[419.7734375],
					[307.5674716],
					[272.4495739],
					[209.9225852],
					[176.5177557],
					[134.5475852],
					[112.2776989],
					[86.58167614],
					[65.16832386],
					[49.75071023],
					[33.4765625],
					[27.48082386],
					[24.0546875]
				]
			},
			{
				"name": "Additive cube pruning",
				"labelposition": [227.0639205,464.3132102,278.3735795,30.83522727],
				"symbolposition": [520.8551136,470.3089489,79.65767045,20.55681818],
				"x": [
					[190.2329545],
					[190.2329545],
					[198.7982955],
					[205.6505682],
					[212.5028409],
					[221.9247159],
					[233.0596591],
					[240.7684659],
					[259.6122159],
					[280.1690341],
					[312.7173295],
					[374.3877841],
					[430.0625],
					[484.8806818],
					[558.5426136],
					[624.4957386]
				],
				"y": [
					[528.553267],
					[427.4822443],
					[368.381392],
					[278.4453125],
					[230.4794034],
					[174.8046875],
					[140.5433239],
					[122.556108],
					[110.5646307],
					[94.29048295],
					[82.29900568],
					[65.16832386],
					[53.17684659],
					[48.03764205],
					[40.32883523],
					[37.75923295]
				]
			},
			{
				"name": "Cube pruning",
				"labelposition": [329.8480114,491.7223011,175.5894886,31.69176136],
				"symbolposition": [518.2855114,495.1484375,90.79261364,23.12642045],
				"x": [
					[191.0894886],
					[196.2286932],
					[193.6590909],
					[200.5113636],
					[198.7982955],
					[204.7940341],
					[206.5071023],
					[217.6420455],
					[227.9204545],
					[267.3210227],
					[280.1690341],
					[317],
					[341.8394886],
					[368.3920455],
					[438.6278409],
					[550.8338068],
					[628.7784091]
				],
				"y": [
					[526.8401989],
					[463.4566761],
					[436.0475852],
					[397.5035511],
					[356.3899148],
					[281.8714489],
					[251.8927557],
					[199.6441761],
					[166.2393466],
					[108.8515625],
					[99.4296875],
					[90.0078125],
					[73.73366477],
					[66.02485795],
					[54.88991477],
					[44.61150568],
					[37.75923295]
				]
			}
		],
		"plotpos": [149.9758523,5.2109375,477.9460227,524.1988636],
		"xax": {
			"titlepos": [240.7684659,574.806108,298.0738636,25.69602273],
			"minpos": [137.1278409,534.5490057,23.12642045,37.6875],
			"maxpos": [469.4630682,537.975142,29.97869318,29.12215909],
			"type": 1
		},
		"yax": {
			"titlepos": [6.934659091,139.6867898,33.40482955,267.2386364],
			"minpos": [31.77414773,511.4225852,105.3536932,36.83096591],
			"maxpos": [37.76988636,4.354403409,98.50142045,39.40056818],
			"type": 1
		}
	}
}
