{
	"data": {
		"imagename": "02842-10.1.1.306.7483-Figure-7",
		"difficult": 0,
		"curves": [
			{
				"name": "Direct Appearance LBP",
				"labelposition": [408.5866477,320.6058239,140.5667614,13.99005682],
				"symbolposition": [368.6150568,321.272017,39.97159091,9.326704545],
				"x": [
					[146.1065341],
					[182.0809659],
					[210.7272727],
					[229.3806818],
					[238.7073864],
					[273.3494318],
					[331.3082386],
					[393.9303977],
					[465.8792614],
					[483.8664773],
					[524.5042614],
					[534.4971591],
					[575.1349432]
				],
				"y": [
					[428.5291193],
					[383.8941761],
					[351.2507102],
					[342.5901989],
					[329.2663352],
					[302.618608],
					[259.3160511],
					[222.6754261],
					[185.368608],
					[177.3742898],
					[159.3870739],
					[153.3913352],
					[140.0674716]
				]
			},
			{
				"name": "Direct Appearance LE",
				"labelposition": [409.9190341,335.2620739,126.5767045,14.65625],
				"symbolposition": [370.6136364,334.5958807,37.97301136,15.32244318],
				"x": [
					[99.47301136],
					[108.1335227],
					[133.4488636],
					[154.1008523],
					[189.4090909],
					[216.7230114],
					[226.7159091],
					[267.3536932],
					[320.6491477],
					[379.9403409],
					[442.5625],
					[493.859375],
					[529.1676136],
					[575.8011364]
				],
				"y": [
					[431.193892],
					[391.8884943],
					[349.9183239],
					[324.602983],
					[293.2919034],
					[261.3146307],
					[255.318892],
					[232.6683239],
					[205.3544034],
					[177.3742898],
					[151.3927557],
					[131.4069602],
					[120.0816761],
					[110.0887784]
				]
			},
			{
				"name": "Appearance Prediction LBP",
				"labelposition": [410.5852273,351.9169034,158.5539773,12.65767045],
				"symbolposition": [369.9474432,348.5859375,39.97159091,15.98863636],
				"x": [
					[73.49147727],
					[86.14914773],
					[102.1377841],
					[122.1235795],
					[158.0980114],
					[176.7514205],
					[194.7386364],
					[229.3806818],
					[266.6875],
					[319.9829545],
					[382.6051136],
					[438.5653409],
					[469.8764205],
					[526.5028409],
					[577.7997159]
				],
				"y": [
					[428.5291193],
					[389.2237216],
					[358.5788352],
					[319.2734375],
					[249.3231534],
					[239.9964489],
					[220.0106534],
					[196.0276989],
					[173.3771307],
					[154.0575284],
					[135.4041193],
					[120.0816761],
					[106.7578125],
					[92.1015625],
					[80.77627841]
				]
			},
			{
				"name": "Appearance Prediction LE",
				"labelposition": [409.9190341,365.9069602,153.890625,13.32386364],
				"symbolposition": [368.6150568,365.240767,39.97159091,14.65625],
				"x": [
					[53.50568182],
					[58.83522727],
					[66.16335227],
					[72.82528409],
					[78.82102273],
					[84.15056818],
					[98.140625],
					[110.1321023],
					[125.4545455],
					[146.1065341],
					[160.0965909],
					[194.7386364],
					[223.3849432],
					[239.3735795],
					[259.359375],
					[303.328125],
					[364.6178977],
					[413.9161932],
					[438.5653409],
					[500.5213068],
					[541.8252841],
					[577.1335227]
				],
				"y": [
					[432.5262784],
					[355.9140625],
					[322.6044034],
					[285.2975852],
					[251.9879261],
					[232.6683239],
					[214.681108],
					[203.3558239],
					[184.0362216],
					[165.3828125],
					[144.0646307],
					[129.4083807],
					[110.7549716],
					[99.4296875],
					[91.43536932],
					[80.11008523],
					[66.12002841],
					[56.79332386],
					[52.79616477],
					[42.13707386],
					[36.14133523],
					[32.14417614]
				]
			},
			{
				"name": "Likelihood Prediction LBP",
				"labelposition": [410.5852273,380.5632102,152.5582386,13.32386364],
				"symbolposition": [369.9474432,381.2294034,40.63778409,12.65767045],
				"x": [
					[68.828125],
					[75.49005682],
					[78.82102273],
					[83.484375],
					[96.14204545],
					[110.1321023],
					[125.4545455],
					[146.1065341],
					[168.0909091],
					[200.734375],
					[236.0426136],
					[279.3451705],
					[327.9772727],
					[348.6292614],
					[414.5823864],
					[488.5298295],
					[576.4673295]
				],
				"y": [
					[423.1995739],
					[381.2294034],
					[359.9112216],
					[343.9225852],
					[314.6100852],
					[278.6356534],
					[254.6526989],
					[232.6683239],
					[201.3572443],
					[185.368608],
					[161.3856534],
					[140.0674716],
					[129.4083807],
					[122.0802557],
					[98.09730114],
					[76.77911932],
					[62.7890625]
				]
			},
			{
				"name": "Likelihood Prediction LE",
				"labelposition": [410.5852273,395.2194602,143.8977273,13.99005682],
				"symbolposition": [368.6150568,393.8870739,39.97159091,15.32244318],
				"x": [
					[52.83948864],
					[59.50142045],
					[66.16335227],
					[68.828125],
					[72.82528409],
					[80.15340909],
					[92.14488636],
					[104.1363636],
					[113.4630682],
					[132.1164773],
					[154.1008523],
					[186.078125],
					[216.7230114],
					[252.6974432],
					[296.6661932],
					[360.6207386],
					[436.5667614],
					[519.1747159],
					[578.4659091]
				],
				"y": [
					[429.1953125],
					[361.9098011],
					[321.272017],
					[274.6384943],
					[249.3231534],
					[224.0078125],
					[210.0177557],
					[188.0333807],
					[170.0461648],
					[149.3941761],
					[136.0703125],
					[120.0816761],
					[103.4268466],
					[86.10582386],
					[73.44815341],
					[62.7890625],
					[48.1328125],
					[37.47372159],
					[30.14559659]
				]
			},
			{
				"name": "Fusion (our best)",
				"labelposition": [409.9190341,409.209517,101.9275568,14.65625],
				"symbolposition": [369.9474432,409.209517,38.63920455,13.99005682],
				"x": [
					[50.17471591],
					[50.17471591],
					[57.50284091],
					[66.82954545],
					[79.48721591],
					[94.14346591],
					[114.1292614],
					[133.4488636],
					[156.0994318],
					[180.7485795],
					[240.7059659],
					[297.3323864],
					[366.6164773],
					[436.5667614],
					[497.8565341],
					[577.7997159]
				],
				"y": [
					[430.5276989],
					[379.2308239],
					[322.6044034],
					[270.6413352],
					[204.022017],
					[163.384233],
					[143.3984375],
					[121.4140625],
					[107.4240057],
					[95.43252841],
					[71.44957386],
					[52.12997159],
					[42.80326705],
					[34.80894886],
					[29.47940341],
					[25.48224432]
				]
			}
		],
		"plotpos": [44.84517045,11.4921875,533.6207386,419.0355114],
		"xax": {
			"titlepos": [256.6946023,449.181108,107.2571023,17.32102273],
			"minpos": [40.18181818,437.1896307,9.992897727,13.99005682],
			"maxpos": [567.8068182,435.1910511,21.31818182,17.98721591],
			"type": 1
		},
		"yax": {
			"titlepos": [3.541193182,169.3799716,17.98721591,103.2599432],
			"minpos": [19.52982955,423.865767,22.65056818,16.65482955],
			"maxpos": [32.1875,4.830255682,10.65909091,15.98863636],
			"type": 1
		}
	}
}
