{
	"data": {
		"imagename": "02859-10.1.1.165.7642-Figure-3",
		"difficult": 0,
		"curves": [
			{
				"name": "INFEX margin",
				"labelposition": [309.7528409,265.993608,106.1974432,20.44176136],
				"symbolposition": [272.8579545,268.4865057,37.39346591,13.96022727],
				"x": [
					[64.45170455],
					[123.7826705],
					[183.6122159],
					[248.4275568],
					[302.7727273],
					[362.1036932],
					[420.4375]
				],
				"y": [
					[310.865767],
					[297.4041193],
					[261.506392],
					[191.7052557],
					[123.8984375],
					[60.08025568],
					[33.65553977]
				]
			},
			{
				"name": "KVQ margin",
				"labelposition": [308.2571023,283.443892,95.72727273,21.43892045],
				"symbolposition": [275.3508523,288.928267,32.90625,11.96590909],
				"x": [
					[62.45738636],
					[120.7911932],
					[177.1306818],
					[220.5071023],
					[248.4275568],
					[302.2741477],
					[361.1065341],
					[422.4318182]
				],
				"y": [
					[311.8629261],
					[303.3870739],
					[284.9396307],
					[260.509233],
					[244.5546875],
					[206.1640625],
					[150.821733],
					[105.9495739]
				]
			}
		],
		"plotpos": [62.45738636,33.65553977,359.9744318,277.2102273],
		"xax": {
			"titlepos": [149.7088068,331.806108,184.4744318,18.44744318],
			"minpos": [48.49715909,315.352983,31.90909091,20.94034091],
			"maxpos": [399.9957386,313.8572443,43.875,21.43892045],
			"type": 1
		},
		"yax": {
			"titlepos": [3.126420455,105.9495739,22.93465909,140.5994318],
			"minpos": [26.06107955,297.4041193,34.40198864,23.43323864],
			"maxpos": [27.05823864,14.70951705,27.92045455,33.40482955],
			"type": 2
		}
	}
}
