{
	"data": {
		"imagename": "02860-10.1.1.118.6814-Figure-1",
		"difficult": 0,
		"curves": [
			{
				"name": "HSN",
				"labelposition": [146.3785092,23.98015489,42.29138432,14.45401742],
				"symbolposition": [106.7637948,23.98015489,40.1500484,16.06001936],
				"x": [
					[98.19845111],
					[138.8838335],
					[176.892546],
					[215.9719264],
					[254.5159729],
					[292.5246854],
					[333.2100678],
					[372.2894482],
					[409.2274927],
					[449.3775411],
					[525.3949661]
				],
				"y": [
					[240.7904163],
					[188.8630203],
					[163.7023233],
					[175.4796709],
					[158.3489835],
					[156.2076476],
					[158.8843175],
					[155.6723136],
					[160.4903195],
					[162.0963214],
					[161.5609874]
				]
			},
			{
				"name": "HSM",
				"labelposition": [146.9138432,38.96950629,41.75605034,14.45401742],
				"symbolposition": [106.7637948,40.04017425,40.1500484,13.91868345],
				"x": [
					[93.91577928],
					[135.6718296],
					[175.821878],
					[217.0425944],
					[257.1926428],
					[294.1306873],
					[333.7454017],
					[373.8954501],
					[410.8334947],
					[450.9835431],
					[491.6689255],
					[525.9303001]
				],
				"y": [
					[232.7604066],
					[183.5096805],
					[171.196999],
					[169.5909971],
					[184.5803485],
					[189.9336883],
					[195.2870281],
					[185.1156825],
					[183.5096805],
					[180.2976767],
					[184.0450145],
					[182.9743466]
				]
			},
			{
				"name": "HSA",
				"labelposition": [144.7725073,54.49419167,43.89738625,13.91868345],
				"symbolposition": [105.1577928,56.10019361,40.1500484,12.84801549],
				"x": [
					[96.59244918],
					[135.1364956],
					[176.357212],
					[214.9012585],
					[254.5159729],
					[294.1306873],
					[332.1393998],
					[375.5014521],
					[414.0454985],
					[527.0009681]
				],
				"y": [
					[244.5377541],
					[203.3170378],
					[181.3683446],
					[192.6103582],
					[180.8330106],
					[180.8330106],
					[184.0450145],
					[178.6916747],
					[174.9443369],
					[174.4090029]
				]
			},
			{
				"name": "HSS",
				"labelposition": [146.3785092,68.9482091,40.1500484,14.45401742],
				"symbolposition": [106.7637948,70.01887706,39.61471442,12.84801549],
				"x": [
					[98.19845111],
					[137.2778316],
					[174.7512101],
					[214.9012585],
					[256.1219748],
					[294.1306873],
					[373.8954501],
					[412.4394966],
					[526.4656341]
				],
				"y": [
					[231.1544046],
					[177.0856728],
					[158.3489835],
					[149.7836399],
					[151.3896418],
					[158.8843175],
					[168.5203291],
					[174.4090029],
					[172.803001]
				]
			},
			{
				"name": "HWL",
				"labelposition": [144.7725073,83.9375605,43.89738625,14.45401742],
				"symbolposition": [106.7637948,83.9375605,36.93804453,14.45401742],
				"x": [
					[97.12778316],
					[135.6718296],
					[175.286544],
					[213.2952565],
					[252.909971],
					[290.3833495],
					[332.1393998],
					[371.7541142],
					[410.8334947],
					[528.60697]
				],
				"y": [
					[262.2037754],
					[219.3770571],
					[191.0043562],
					[178.6916747],
					[148.7129719],
					[134.2589545],
					[135.3296225],
					[103.2095837],
					[98.92691191],
					[98.39157793]
				]
			},
			{
				"name": "HSL",
				"labelposition": [146.9138432,99.99757986,34.79670862,13.38334947],
				"symbolposition": [107.8344627,99.99757986,38.54404647,13.38334947],
				"x": [
					[99.26911907],
					[137.2778316],
					[174.2158761],
					[214.9012585],
					[252.374637],
					[293.0600194],
					[332.1393998],
					[372.2894482],
					[452.054211],
					[491.1335915],
					[528.60697]
				],
				"y": [
					[240.7904163],
					[166.9143272],
					[141.7536302],
					[130.5116167],
					[103.7449177],
					[90.36156825],
					[84.47289448],
					[55.56485963],
					[52.88818974],
					[55.02952565],
					[55.56485963]
				]
			}
		],
		"plotpos": [78.92642788,15.41481123,467.8818974,282.1210068],
		"xax": {
			"titlepos": [270.0406583,325.9085189,76.01742498,14.9893514],
			"minpos": [86.95643756,307.1718296,20.87802517,22.48402711],
			"maxpos": [509.8702807,308.7778316,34.79670862,20.34269119],
			"type": 1
		},
		"yax": {
			"titlepos": [3.979670862,120.875605,18.20135528,81.37076476],
			"minpos": [21.64569216,286.2938045,46.03872217,22.48402711],
			"maxpos": [23.78702807,3.637463698,41.22071636,20.34269119],
			"type": 1
		}
	}
}
