{
	"data": {
		"imagename": "02862-10.1.1.153.4833-Figure-9",
		"difficult": 0,
		"curves": [
			{
				"name": "10 presentations",
				"labelposition": [422.6207386,307.1583807,138.4446023,23.671875],
				"symbolposition": [370.9730114,303.571733,49.49573864,22.23721591],
				"x": [
					[122.7769886],
					[148.6008523],
					[167.96875],
					[209.5738636],
					[253.3309659],
					[296.3707386],
					[339.4105114],
					[381.7329545],
					[426.9247159],
					[467.8125],
					[508.7002841],
					[596.9318182]
				],
				"y": [
					[307.1583807],
					[259.8146307],
					[246.1853693],
					[206.0149148],
					[178.0390625],
					[165.1271307],
					[150.7805398],
					[143.6072443],
					[132.8473011],
					[134.2819602],
					[120.6526989],
					[109.8927557]
				]
			},
			{
				"name": "5 presentations",
				"labelposition": [420.46875,336.568892,130.5539773,24.38920455],
				"symbolposition": [370.2556818,332.2649148,51.64772727,23.671875],
				"x": [
					[124.2116477],
					[167.96875],
					[205.2698864],
					[251.1789773],
					[268.3948864],
					[323.6292614],
					[337.2585227],
					[383.1676136],
					[424.0553977],
					[512.2869318],
					[595.4971591]
				],
				"y": [
					[317.2009943],
					[264.8359375],
					[231.1214489],
					[206.0149148],
					[210.318892],
					[188.7990057],
					[176.6044034],
					[169.431108],
					[162.975142],
					[154.3671875],
					[152.2151989]
				]
			},
			{
				"name": "2 presentations",
				"labelposition": [422.6207386,366.696733,128.4019886,24.38920455],
				"symbolposition": [368.8210227,362.3927557,53.79971591,24.38920455],
				"x": [
					[122.7769886],
					[145.7315341],
					[165.0994318],
					[207.421875],
					[251.8963068],
					[268.3948864],
					[298.5227273],
					[341.5625],
					[383.8849432],
					[429.0767045],
					[467.0951705],
					[515.15625],
					[596.9318182]
				],
				"y": [
					[347.3288352],
					[315.7663352],
					[301.4197443],
					[266.2705966],
					[251.2066761],
					[253.3586648],
					[234.7080966],
					[218.9268466],
					[210.318892],
					[203.8629261],
					[195.2549716],
					[193.102983],
					[186.647017]
				]
			},
			{
				"name": "1 presentation",
				"labelposition": [424.0553977,393.9552557,117.6420455,23.671875],
				"symbolposition": [368.1036932,393.2379261,54.51704545,19.36789773],
				"x": [
					[122.7769886],
					[146.4488636],
					[167.96875],
					[208.1392045],
					[254.765625],
					[268.3948864],
					[318.6079545],
					[340.1278409],
					[377.4289773],
					[424.7727273],
					[508.7002841],
					[599.0838068]
				],
				"y": [
					[377.4566761],
					[339.4382102],
					[332.2649148],
					[308.5930398],
					[295.681108],
					[284.9211648],
					[270.5745739],
					[267.7052557],
					[263.4012784],
					[253.3586648],
					[246.1853693],
					[235.4254261]
				]
			}
		],
		"plotpos": [81.171875,43.8984375,517.9119318,393.8139205],
		"xax": {
			"titlepos": [193.0752841,470.709517,287.6491477,30.84517045],
			"minpos": [68.97727273,444.8856534,19.36789773,26.54119318],
			"maxpos": [578.28125,444.1683239,40.17045455,29.41051136],
			"type": 1
		},
		"yax": {
			"titlepos": [3.700284091,102.0021307,30.12784091,283.3451705],
			"minpos": [45.30539773,425.5177557,29.41051136,23.671875],
			"maxpos": [35.26278409,33.13849432,39.453125,24.38920455],
			"type": 1
		}
	}
}
