{
	"data": {
		"imagename": "02868-10.1.1.128.648-Figure-1",
		"difficult": 0,
		"curves": [
			{
				"name": "Overall best",
				"labelposition": [400.234375,392.8046875,113.4375,30.9375],
				"symbolposition": [357.265625,397.9609375,33.515625,20.625],
				"x": [
					[113.203125],
					[236.953125],
					[355.546875],
					[597.03125]
				],
				"y": [
					[281.9453125],
					[233.8203125],
					[210.6171875],
					[192.5703125]
				]
			},
			{
				"name": "Without kontrast",
				"labelposition": [400.234375,431.4765625,147.8125,23.203125],
				"symbolposition": [358.125,434.0546875,35.234375,19.765625],
				"x": [
					[111.484375],
					[235.234375],
					[357.265625],
					[473.28125],
					[595.3125]
				],
				"y": [
					[279.3671875],
					[255.3046875],
					[237.2578125],
					[221.7890625],
					[223.5078125]
				]
			},
			{
				"name": "Without accent + ratio or kontrast",
				"labelposition": [397.65625,458.1171875,155.546875,41.25],
				"symbolposition": [358.984375,467.5703125,31.796875,24.0625],
				"x": [
					[113.203125],
					[236.09375],
					[352.96875],
					[475.859375],
					[595.3125]
				],
				"y": [
					[432.3359375],
					[321.4765625],
					[295.6953125],
					[273.3515625],
					[259.6015625]
				]
			}
		],
		"plotpos": [95.15625,62.8046875,519.921875,449.453125],
		"xax": {
			"titlepos": [264.453125,580.1484375,175.3125,23.203125],
			"minpos": [101.171875,537.1796875,30.078125,25.78125],
			"maxpos": [581.5625,535.4609375,24.0625,31.796875],
			"type": 1
		},
		"yax": {
			"titlepos": [4.921875,195.1484375,27.5,202.8125],
			"minpos": [46.171875,480.4609375,21.484375,32.65625],
			"maxpos": [44.453125,61.9453125,27.5,33.515625],
			"type": 1
		}
	}
}
