{
	"data": {
		"imagename": "02881-10.1.1.153.4725-Figure-2",
		"difficult": 0,
		"curves": [
			{
				"name": "With Prefix",
				"labelposition": [342.015625,313.256392,70.11647727,17.22159091],
				"symbolposition": [310.6477273,317.5617898,25.83238636,11.07102273],
				"x": [
					[80.61647727],
					[90.45738636],
					[111.984375],
					[150.1178977],
					[188.2514205],
					[242.9914773],
					[266.3636364],
					[301.421875],
					[334.0198864],
					[375.2286932],
					[404.7514205],
					[434.2741477]
				],
				"y": [
					[357.540483],
					[182.8643466],
					[95.52627841],
					[72.15411932],
					[64.7734375],
					[54.93252841],
					[52.47230114],
					[42.63139205],
					[30.9453125],
					[22.33451705],
					[18.64417614],
					[18.64417614]
				]
			},
			{
				"name": "Without Prefix",
				"labelposition": [343.8607955,331.0930398,81.1875,13.53125],
				"symbolposition": [310.6477273,334.1683239,28.90767045,9.840909091],
				"x": [
					[100.9133523],
					[105.21875],
					[122.4403409],
					[145.8125],
					[178.4105114],
					[208.5482955],
					[246.0667614],
					[294.0411932],
					[351.2414773],
					[398.6008523],
					[435.5042614]
				],
				"y": [
					[369.2265625],
					[352.0049716],
					[303.415483],
					[273.8927557],
					[248.0603693],
					[228.3785511],
					[207.4666193],
					[190.2450284],
					[175.4836648],
					[169.3330966],
					[164.412642]
				]
			}
		],
		"plotpos": [68.31534091,5.112926136,377.0298295,365.34375],
		"xax": {
			"titlepos": [172.2599432,410.4353693,171.6008523,21.52698864],
			"minpos": [62.77982955,386.4481534,18.45170455,16.60653409],
			"maxpos": [425.0482955,385.2180398,18.45170455,20.296875],
			"type": 1
		},
		"yax": {
			"titlepos": [1.889204545,140.4254261,23.98721591,92.25852273],
			"minpos": [35.10227273,316.946733,16.60653409,33.21306818],
			"maxpos": [35.10227273,25.40980114,18.45170455,36.90340909],
			"type": 1
		}
	}
}
