{
	"data": {
		"imagename": "02888-10.1.1.20.9305-Figure-11",
		"difficult": 0,
		"curves": [
			{
				"name": "Transductive SVM",
				"labelposition": [450.4715909,321.7379261,103.828125,13.84375],
				"symbolposition": [557.4460227,324.884233,26.42897727,10.06818182],
				"x": [
					[72.28551136],
					[155.3480114],
					[263.5809659],
					[369.9261364],
					[486.96875],
					[598.3480114]
				],
				"y": [
					[336.8401989],
					[322.9964489],
					[300.9723011],
					[273.9140625],
					[223.5731534],
					[122.2620739]
				]
			},
			{
				"name": "SVM",
				"labelposition": [524.7244318,334.9524148,29.57528409,12.58522727],
				"symbolposition": [559.3338068,336.8401989,23.28267045,11.32670455],
				"x": [
					[72.28551136],
					[155.3480114],
					[259.8053977],
					[371.8139205],
					[488.2272727],
					[598.3480114]
				],
				"y": [
					[258.8117898],
					[253.7776989],
					[244.3387784],
					[232.3828125],
					[203.4367898],
					[162.5348011]
				]
			},
			{
				"name": "Naive Bayes",
				"labelposition": [481.3053977,346.2791193,74.25284091,15.10227273],
				"symbolposition": [556.1875,349.4254261,26.42897727,12.58522727],
				"x": [
					[71.65625],
					[154.0894886],
					[260.4346591],
					[376.8480114],
					[488.2272727],
					[599.6065341]
				],
				"y": [
					[323.6257102],
					[320.4794034],
					[311.040483],
					[294.0504261],
					[270.1384943],
					[235.5291193]
				]
			}
		],
		"plotpos": [72.28551136,12.77059659,526.6917614,397.6931818],
		"xax": {
			"titlepos": [269.2443182,424.9367898,134.6619318,16.99005682],
			"minpos": [65.99289773,412.3515625,11.32670455,15.73153409],
			"maxpos": [585.7627841,411.0930398,27.05823864,18.24857955],
			"type": 1
		},
		"yax": {
			"titlepos": [1.808238636,112.8231534,22.65340909,200.1051136],
			"minpos": [54.66619318,399.1370739,11.95596591,18.24857955],
			"maxpos": [40.19318182,2.073153409,26.42897727,20.13636364],
			"type": 1
		}
	}
}
