{
	"data": {
		"imagename": "02886-10.1.1.149.6490-Figure-2",
		"difficult": 0,
		"curves": [
			{
				"name": "ElasticNet",
				"labelposition": [267.0056818,232.022017,82.18039773,22.67045455],
				"symbolposition": [230.1661932,235.9893466,36.27272727,13.60227273],
				"x": [
					[66.37215909],
					[122.4815341],
					[211.4630682],
					[293.0767045],
					[362.7883523],
					[451.203125]
				],
				"y": [
					[161.743608],
					[102.8004261],
					[62.56036932],
					[48.39133523],
					[42.15696023],
					[38.18963068]
				]
			},
			{
				"name": "Gaussian-SDR-Reg",
				"labelposition": [267.5724432,254.1257102,164.3607955,22.10369318],
				"symbolposition": [230.1661932,257.5262784,35.70596591,15.30255682],
				"x": [
					[64.671875],
					[84.50852273],
					[96.97727273],
					[115.6803977],
					[132.6832386],
					[212.0298295],
					[291.3764205],
					[372.9900568],
					[452.9034091]
				],
				"y": [
					[317.602983],
					[250.1583807],
					[194.0490057],
					[88.63139205],
					[62.56036932],
					[39.32315341],
					[41.0234375],
					[43.85724432],
					[41.59019886]
				]
			}
		],
		"plotpos": [51.06960227,10.41832386,402.4005682,350.2585227],
		"xax": {
			"titlepos": [144.0184659,374.2791193,218.203125,22.67045455],
			"minpos": [46.53551136,361.8103693,9.634943182,13.60227273],
			"maxpos": [440.4346591,362.943892,24.37073864,13.03551136],
			"type": 1
		},
		"yax": {
			"titlepos": [2.894886364,55.19247159,23.23721591,266.9446023],
			"minpos": [38.03409091,351.0419034,10.76846591,14.16903409],
			"maxpos": [28.96590909,3.6171875,18.703125,15.86931818],
			"type": 1
		}
	}
}
