{
	"data": {
		"imagename": "02891-10.1.1.372.615-Figure-5",
		"difficult": 0,
		"curves": [
			{
				"name": "PMK",
				"labelposition": [506.2329545,21.32599432,32.85227273,14.66619318],
				"symbolposition": [457.5411932,22.49928977,47.51846591,14.07954545],
				"x": [
					[76.80681818],
					[104.3792614],
					[129.6051136],
					[178.296875],
					[208.2159091],
					[233.4417614],
					[261.0142045],
					[283.3068182],
					[332.5852273],
					[383.6235795],
					[411.7826705],
					[439.9417614],
					[463.9943182],
					[486.8735795],
					[515.0326705],
					[541.4318182],
					[564.8977273]
				],
				"y": [
					[89.96377841],
					[112.256392],
					[124.5759943],
					[142.1754261],
					[150.975142],
					[154.4950284],
					[163.2947443],
					[170.334517],
					[185.0007102],
					[206.7066761],
					[222.5461648],
					[234.2791193],
					[253.0518466],
					[280.6242898],
					[299.9836648],
					[315.2365057],
					[364.5149148]
				]
			},
			{
				"name": "DAPMK",
				"labelposition": [506.2329545,35.9921875,51.625,15.83948864],
				"symbolposition": [455.78125,37.16548295,48.69176136,14.07954545],
				"x": [
					[76.22017045],
					[104.9659091],
					[127.8451705],
					[154.2443182],
					[178.8835227],
					[206.4559659],
					[276.8536932],
					[331.9985795],
					[358.984375],
					[385.3835227],
					[413.5426136],
					[438.1818182],
					[463.9943182],
					[513.2727273],
					[564.3110795]
				],
				"y": [
					[41.85866477],
					[80.57741477],
					[100.5234375],
					[121.6427557],
					[133.3757102],
					[147.4552557],
					[173.8544034],
					[195.5603693],
					[206.1200284],
					[228.9992898],
					[243.665483],
					[254.8117898],
					[270.0646307],
					[310.5433239],
					[331.662642]
				]
			}
		],
		"plotpos": [50.99431818,12.52627841,515.6633523,365.4815341],
		"xax": {
			"titlepos": [284.4801136,397.3671875,48.10511364,13.49289773],
			"minpos": [45.71448864,380.9410511,14.07954545,14.66619318],
			"maxpos": [561.3778409,379.181108,8.799715909,19.94602273],
			"type": 1
		},
		"yax": {
			"titlepos": [1.715909091,163.2947443,20.53267045,60.42471591],
			"minpos": [22.83522727,370.381392,24.63920455,15.25284091],
			"maxpos": [20.48863636,3.7265625,29.91903409,20.53267045],
			"type": 1
		}
	}
}
