{
	"data": {
		"imagename": "02898-10.1.1.188.1109-Figure-2",
		"difficult": 0,
		"curves": [
			{
				"name": "No",
				"labelposition": [382.1221591,229.7649148,26.20170455,22.78409091],
				"symbolposition": [329.1491477,236.0305398,67.21306818,14.24005682],
				"x": [
					[109.8522727],
					[216.9375],
					[327.4403409],
					[435.6647727]
				],
				"y": [
					[78.25071023],
					[64.01065341],
					[78.25071023],
					[83.37713068]
				]
			},
			{
				"name": "Yes",
				"labelposition": [380.9829545,258.8146307,37.59375,27.34090909],
				"symbolposition": [331.4275568,267.3586648,69.49147727,13.67045455],
				"x": [
					[110.421875],
					[218.6463068],
					[327.4403409],
					[433.9559659]
				],
				"y": [
					[96.47798295],
					[89.64275568],
					[77.68110795],
					[83.94673295]
				]
			}
		],
		"plotpos": [91.625,12.74644886,359.4190341,303.5980114],
		"xax": {
			"titlepos": [223.7727273,378.431108,99.11079545,21.64488636],
			"minpos": [59.15767045,338.5589489,102.5284091,28.48011364],
			"maxpos": [382.1221591,337.9893466,99.11079545,26.77130682],
			"type": 3
		},
		"yax": {
			"titlepos": [2.197443182,42.36576705,31.89772727,254.6122159],
			"minpos": [59.15767045,305.522017,18.22727273,23.92329545],
			"maxpos": [38.08238636,3.063210227,37.59375,21.64488636],
			"type": 1
		}
	}
}
