{
	"data": {
		"imagename": "02917-10.1.1.109.3914-Figure-2",
		"difficult": 0,
		"curves": [
			{
				"name": "ESPRESSO",
				"labelposition": [242.2556818,78.09303977,102.1576705,25.734375],
				"symbolposition": [176.75,78.09303977,58.48721591,21.05539773],
				"x": [
					[93.30823864],
					[105.0056818],
					[119.0426136],
					[138.5383523],
					[166.6122159],
					[190.7869318],
					[214.9616477],
					[243.0355114],
					[277.3480114],
					[289.8252841],
					[315.5596591],
					[340.5142045],
					[372.4872159],
					[399.0014205],
					[445.0113636],
					[476.2045455],
					[511.296875],
					[546.3892045]
				],
				"y": [
					[446.9524148],
					[401.7223011],
					[344.7947443],
					[327.6384943],
					[298.0049716],
					[288.647017],
					[290.9865057],
					[280.8487216],
					[273.0504261],
					[267.5916193],
					[276.1697443],
					[278.509233],
					[276.1697443],
					[265.2521307],
					[260.5731534],
					[255.8941761],
					[257.4538352],
					[255.8941761]
				]
			},
			{
				"name": "ESPR LSA",
				"labelposition": [408.359375,77.31321023,93.57954545,27.29403409],
				"symbolposition": [345.1931818,82.77201705,63.16619318,14.03693182],
				"x": [
					[94.08806818],
					[98.76704545],
					[108.125],
					[114.3636364],
					[117.4829545],
					[126.8409091],
					[138.5383523],
					[147.1164773],
					[154.9147727],
					[161.9332386],
					[168.171875],
					[175.1903409],
					[185.328125],
					[193.90625],
					[204.0440341],
					[213.4019886],
					[221.9801136],
					[226.6590909],
					[239.1363636],
					[248.4943182],
					[255.5127841],
					[262.53125],
					[272.6690341],
					[291.3849432],
					[318.6789773],
					[348.3125],
					[363.9090909],
					[388.8636364],
					[419.2769886],
					[445.0113636],
					[466.0667614],
					[491.8011364],
					[511.296875],
					[530.0127841],
					[543.2698864],
					[563.5454545]
				],
				"y": [
					[447.7322443],
					[383.006392],
					[292.5461648],
					[240.2975852],
					[202.865767],
					[187.2691761],
					[179.4708807],
					[177.131392],
					[188.8288352],
					[194.287642],
					[196.6271307],
					[195.8473011],
					[188.8288352],
					[184.149858],
					[187.2691761],
					[189.6086648],
					[191.1683239],
					[188.8288352],
					[184.149858],
					[184.9296875],
					[193.5078125],
					[198.1867898],
					[205.2052557],
					[207.5447443],
					[208.3245739],
					[212.2237216],
					[212.2237216],
					[221.5816761],
					[220.022017],
					[223.9211648],
					[226.2606534],
					[223.9211648],
					[230.9396307],
					[235.618608],
					[241.0774148],
					[247.3160511]
				]
			}
		],
		"plotpos": [93.30823864,134.240767,495.1917614,314.2713068],
		"xax": {
			"titlepos": [306.9815341,499.9808239,73.30397727,25.734375],
			"minpos": [87.06960227,467.227983,17.93607955,23.39488636],
			"maxpos": [583.0411932,465.6683239,14.03693182,28.07386364],
			"type": 1
		},
		"yax": {
			"titlepos": [22.34375,240.2975852,24.95454545,106.8366477],
			"minpos": [63.67471591,440.7137784,20.27556818,21.83522727],
			"maxpos": [63.67471591,122.5433239,21.05539773,28.85369318],
			"type": 1
		}
	}
}
