{
	"data": {
		"imagename": "02916-10.1.1.105.7662-Figure-3",
		"difficult": 0,
		"curves": [
			{
				"name": "non-averaged",
				"labelposition": [381.7528409,382.0305398,93.98153409,19.83096591],
				"symbolposition": [344.6775568,382.8927557,37.07528409,17.24431818],
				"x": [
					[91.18607955],
					[133.4346591],
					[223.9673295],
					[272.2514205],
					[309.3267045],
					[403.3082386],
					[444.6946023],
					[491.2542614]
				],
				"y": [
					[401.8615057],
					[237.178267],
					[182.8586648],
					[177.6853693],
					[178.5475852],
					[164.7521307],
					[164.7521307],
					[161.303267]
				]
			},
			{
				"name": "averaged",
				"labelposition": [382.6150568,407.0348011,66.390625,23.27982955],
				"symbolposition": [338.6420455,409.6214489,43.11079545,18.10653409],
				"x": [
					[92.04829545],
					[137.7457386],
					[179.1321023],
					[223.1051136],
					[267.078125],
					[315.3622159],
					[398.1349432],
					[446.4190341],
					[488.6676136]
				],
				"y": [
					[230.2805398],
					[159.5788352],
					[147.5078125],
					[139.7478693],
					[139.7478693],
					[133.712358],
					[137.1612216],
					[133.712358],
					[133.712358]
				]
			}
		],
		"plotpos": [68.76846591,100.0859375,445.765625,444.0411932],
		"xax": {
			"titlepos": [184.3053977,582.0646307,216.4161932,24.14204545],
			"minpos": [84.28835227,557.0603693,14.65767045,26.72869318],
			"maxpos": [478.3210227,559.647017,22.41761364,18.96875],
			"type": 1
		},
		"yax": {
			"titlepos": [2.377840909,277.7024148,21.55539773,90.53267045],
			"minpos": [26.51988636,534.6427557,36.21306818,23.27982955],
			"maxpos": [23.93323864,88.01491477,37.07528409,25.86647727],
			"type": 1
		}
	}
}
