{
	"data": {
		"imagename": "02919-10.1.1.301.5061-Figure-2",
		"difficult": 0,
		"curves": [
			{
				"name": "independent self-training",
				"labelposition": [319.2897727,317.7478693,223.2102273,30.3125],
				"symbolposition": [293.1107955,325.3259943,24.80113636,11.02272727],
				"x": [
					[40.96590909],
					[50.61079545],
					[64.38920455],
					[75.41193182],
					[85.05681818],
					[100.9019886],
					[113.3025568],
					[136.7258523],
					[148.4375],
					[161.5269886],
					[173.9275568],
					[187.7059659]
				],
				"y": [
					[436.2421875],
					[402.4850852],
					[403.1740057],
					[406.618608],
					[405.240767],
					[411.4410511],
					[408.6853693],
					[406.618608],
					[381.1285511],
					[376.9950284],
					[345.993608],
					[341.8600852]
				]
			},
			{
				"name": "cross-category bootstrapping",
				"labelposition": [318.6008523,348.0603693,261.1008523,26.17897727],
				"symbolposition": [293.7997159,352.8828125,24.11221591,11.71164773],
				"x": [
					[39.58806818],
					[52.67755682],
					[63.70028409],
					[76.10085227],
					[99.52414773],
					[111.9247159],
					[122.2585227],
					[136.7258523],
					[149.1264205],
					[162.9048295],
					[172.5497159],
					[182.8835227],
					[200.7954545],
					[207.6846591],
					[235.2414773],
					[249.0198864],
					[271.7542614],
					[295.1775568],
					[307.578125],
					[320.6676136],
					[342.7130682],
					[355.8025568],
					[381.2926136],
					[408.1605114],
					[426.7613636],
					[445.3622159],
					[476.3636364],
					[492.8977273],
					[504.609375],
					[511.4985795],
					[525.9659091],
					[553.5227273],
					[563.8565341],
					[575.5681818]
				],
				"y": [
					[432.7975852],
					[383.1953125],
					[366.6612216],
					[339.7933239],
					[314.9921875],
					[315.681108],
					[292.2578125],
					[277.790483],
					[272.9680398],
					[250.2336648],
					[239.899858],
					[241.9666193],
					[233.0106534],
					[230.2549716],
					[197.8757102],
					[194.431108],
					[173.0745739],
					[163.4296875],
					[162.740767],
					[140.6953125],
					[133.806108],
					[122.7833807],
					[113.1384943],
					[107.6271307],
					[98.67116477],
					[97.29332386],
					[89.71519886],
					[86.27059659],
					[85.58167614],
					[82.82599432],
					[73.18110795],
					[73.87002841],
					[73.87002841],
					[70.42542614]
				]
			},
			{
				"name": "+OSCPD",
				"labelposition": [318.6008523,378.3728693,86.80397727,22.734375],
				"symbolposition": [293.7997159,383.884233,24.80113636,11.71164773],
				"x": [
					[40.96590909],
					[43.72159091],
					[53.36647727],
					[67.14488636],
					[75.41193182],
					[88.50142045],
					[101.5909091],
					[109.8579545],
					[140.859375],
					[151.1931818],
					[163.59375],
					[173.9275568],
					[194.5951705],
					[208.3735795],
					[222.8409091],
					[237.3082386],
					[247.6420455],
					[260.0426136],
					[271.7542614],
					[284.1548295],
					[308.2670455],
					[333.0681818],
					[344.0909091],
					[356.4914773],
					[378.5369318],
					[393.0042614],
					[404.0269886],
					[416.4275568],
					[441.2286932],
					[453.6292614],
					[466.0298295],
					[475.6747159],
					[513.5653409]
				],
				"y": [
					[434.8643466],
					[381.8174716],
					[283.990767],
					[233.0106534],
					[220.6100852],
					[204.0759943],
					[199.9424716],
					[199.9424716],
					[173.0745739],
					[159.2961648],
					[154.4737216],
					[154.4737216],
					[130.3615057],
					[120.0276989],
					[120.7166193],
					[122.7833807],
					[115.2052557],
					[109.0049716],
					[96.60440341],
					[101.4268466],
					[93.84872159],
					[93.84872159],
					[86.95951705],
					[77.31463068],
					[70.42542614],
					[60.09161932],
					[60.09161932],
					[65.60298295],
					[66.29190341],
					[80.0703125],
					[75.24786932],
					[75.93678977],
					[84.89275568]
				]
			},
			{
				"name": "+OSCPD+SemFeat",
				"labelposition": [319.2897727,408.6853693,179.1193182,22.734375],
				"symbolposition": [294.4886364,412.818892,23.42329545,13.08948864],
				"x": [
					[40.96590909],
					[51.98863636],
					[64.38920455],
					[76.10085227],
					[97.45738636],
					[113.9914773],
					[125.703125],
					[147.0596591],
					[175.3053977],
					[184.2613636],
					[196.6619318],
					[223.5298295],
					[235.9303977],
					[247.6420455],
					[259.3536932],
					[282.0880682],
					[297.9332386],
					[318.6008523],
					[331.0014205],
					[342.0241477],
					[366.8252841],
					[393.6931818],
					[404.0269886],
					[418.4943182],
					[441.2286932],
					[461.8963068],
					[476.3636364],
					[492.2088068],
					[502.5426136]
				],
				"y": [
					[427.975142],
					[286.7464489],
					[226.1214489],
					[206.1427557],
					[193.7421875],
					[193.7421875],
					[175.1413352],
					[164.8075284],
					[144.1399148],
					[142.0731534],
					[124.850142],
					[118.649858],
					[118.649858],
					[112.4495739],
					[111.7606534],
					[95.2265625],
					[96.60440341],
					[94.53764205],
					[97.98224432],
					[92.47088068],
					[65.60298295],
					[60.09161932],
					[53.89133523],
					[56.64701705],
					[55.95809659],
					[48.37997159],
					[49.06889205],
					[54.58025568],
					[53.89133523]
				]
			}
		],
		"plotpos": [39.58806818,11.8671875,545.625,433.3309659],
		"xax": {
			"titlepos": [253.8423295,464.4879261,118.4943182,20.66761364],
			"minpos": [34.765625,449.3316761,11.02272727,13.08948864],
			"maxpos": [576.2571023,447.2649148,22.04545455,17.22301136],
			"type": 1
		},
		"yax": {
			"titlepos": [2.386363636,150.3401989,21.35653409,194.2755682],
			"minpos": [19.609375,438.9978693,17.91193182,14.46732955],
			"maxpos": [19.609375,3.600142045,18.60085227,17.22301136],
			"type": 1
		}
	}
}
