{
	"data": {
		"imagename": "02915-10.1.1.161.5668-Figure-4",
		"difficult": 0,
		"curves": [
			{
				"name": "Large",
				"labelposition": [555.0135528,80.6839303,55.00774443,29.57405615],
				"symbolposition": [489.3591481,80.09244918,65.65440465,26.61665053],
				"x": [
					[163.4530494],
					[287.6640852],
					[413.0580833]
				],
				"y": [
					[129.7768635],
					[69.44578896],
					[55.84172314]
				]
			},
			{
				"name": "Small",
				"labelposition": [555.0135528,119.1302033,53.23330106,30.16553727],
				"symbolposition": [491.1335915,120.9046467,62.10551791,25.43368829],
				"x": [
					[164.0445305],
					[292.9874153],
					[414.2410455]
				],
				"y": [
					[148.7042594],
					[119.7216844],
					[117.3557599]
				]
			}
		],
		"plotpos": [101.9390126,12.07212004,372.6331075,205.8354308],
		"xax": {
			"titlepos": [245.6689255,267.000484,119.4791868,27.79961278],
			"minpos": [131.5130687,241.5667957,62.10551791,30.16553727],
			"maxpos": [381.1181026,243.3412391,63.87996128,28.98257502],
			"type": 3
		},
		"yax": {
			"titlepos": [3.161665053,19.16989351,30.16553727,230.0861568],
			"minpos": [64.08422072,205.4864472,17.74443369,27.20813166],
			"maxpos": [43.97386254,3.791384318,36.67182962,23.06776379],
			"type": 1
		}
	}
}
