{
	"data": {
		"imagename": "02928-10.1.1.297.5275-Figure-2",
		"difficult": 0,
		"curves": [
			{
				"name": "LPMF",
				"labelposition": [366.642788,14.35188771,45.27008712,16.34753146],
				"symbolposition": [328.9177154,16.0285576,37.7250726,13.83252662],
				"x": [
					[95.02226525],
					[132.3281704],
					[167.5382381],
					[206.5208132],
					[240.4733785],
					[277.7792836],
					[315.0851888],
					[386.3436592],
					[425.7454017]
				],
				"y": [
					[35.72942885],
					[130.0421104],
					[144.7129719],
					[151.838819],
					[156.0304937],
					[156.4496612],
					[159.803001],
					[161.0605034],
					[162.7371733]
				]
			},
			{
				"name": "HPMF",
				"labelposition": [367.4811229,33.21442401,46.10842207,16.34753146],
				"symbolposition": [329.3368829,34.47192643,37.7250726,13.41335915],
				"x": [
					[95.02226525],
					[132.7473379],
					[169.214908],
					[203.1674734],
					[241.7308809],
					[279.0367861],
					[312.9893514],
					[348.1994192],
					[386.7628267],
					[421.9728945]
				],
				"y": [
					[112.4370765],
					[165.2521781],
					[179.0847047],
					[183.2763795],
					[184.9530494],
					[186.2105518],
					[182.4380445],
					[189.5638916],
					[189.1447241],
					[186.6297193]
				]
			}
		],
		"plotpos": [60.23136496,5.549370765,361.7415295,185.2720232],
		"xax": {
			"titlepos": [207.3591481,211.7797677,67.48596321,17.18586641],
			"minpos": [52.26718296,195.8514037,17.60503388,16.34753146],
			"maxpos": [411.4937076,196.6897386,20.12003872,18.8625363],
			"type": 1
		},
		"yax": {
			"titlepos": [5.739593417,73.45450145,17.60503388,58.2642788],
			"minpos": [20.82962246,167.3480155,37.7250726,18.44336883],
			"maxpos": [22.08712488,14.35188771,36.04840271,15.92836399],
			"type": 1
		}
	}
}
