{
	"data": {
		"imagename": "02922-10.1.1.112.4085-Figure-5",
		"difficult": 0,
		"curves": [
			{
				"name": "mpeg",
				"labelposition": [534.3409091,28.12002841,69.20880682,31.11221591],
				"symbolposition": [468.3068182,30.02485795,65.39914773,17.77840909],
				"x": [
					[94.32528409],
					[260.0454545],
					[288.6178977],
					[310.2059659],
					[329.8892045],
					[358.4616477],
					[378.7798295],
					[399.7329545],
					[427.6704545],
					[451.1633523]
				],
				"y": [
					[15.42116477],
					[15.42116477],
					[35.10440341],
					[70.02627841],
					[105.5830966],
					[67.48650568],
					[102.4083807],
					[209.0788352],
					[186.2208807],
					[226.2223011]
				]
			},
			{
				"name": "uncomp",
				"labelposition": [533.7059659,69.39133523,95.24147727,30.47727273],
				"symbolposition": [469.5767045,66.21661932,62.859375,27.9375],
				"x": [
					[94.96022727],
					[284.8082386],
					[305.1264205],
					[330.5241477],
					[355.921875],
					[380.6846591],
					[399.7329545],
					[428.3053977],
					[449.2585227]
				],
				"y": [
					[16.69105114],
					[17.32599432],
					[85.89985795],
					[103.678267],
					[138.600142],
					[144.9495739],
					[190.0305398],
					[208.443892],
					[256.6995739]
				]
			},
			{
				"name": "f2f",
				"labelposition": [534.9758523,108.1228693,38.73153409,29.20738636],
				"symbolposition": [471.4815341,108.7578125,60.95454545,26.66761364],
				"x": [
					[95.59517045],
					[143.8508523],
					[166.7088068],
					[211.1548295],
					[237.1875],
					[261.3153409],
					[281.6335227],
					[308.3011364],
					[333.0639205],
					[451.1633523]
				],
				"y": [
					[18.59588068],
					[19.86576705],
					[47.80326705],
					[50.97798295],
					[77.64559659],
					[144.3146307],
					[144.3146307],
					[204.634233],
					[328.4481534],
					[331.6228693]
				]
			}
		],
		"plotpos": [94.96022727,12.24644886,354.2982955,349.21875],
		"xax": {
			"titlepos": [164.8039773,414.165483,213.3409091,31.74715909],
			"minpos": [82.26136364,388.7677557,25.39772727,27.30255682],
			"maxpos": [434.0198864,388.7677557,34.28693182,27.30255682],
			"type": 1
		},
		"yax": {
			"titlepos": [1.623579545,91.61434659,34.921875,219.6903409],
			"minpos": [56.86363636,347.4964489,23.49289773,27.30255682],
			"maxpos": [29.56107955,1.452414773,51.43039773,30.47727273],
			"type": 1
		}
	}
}
