{
	"data": {
		"imagename": "02925-10.1.1.37.1152-Figure-10",
		"difficult": 0,
		"curves": [
			{
				"name": "Observed, walking",
				"labelposition": [371.9588068,266.7677557,179.8082386,30.3125],
				"symbolposition": [223.8409091,273.6569602,128.828125,20.66761364],
				"x": [
					[145.9928977],
					[205.9289773],
					[258.2869318],
					[309.9559659],
					[367.8252841],
					[423.6278409],
					[477.3636364],
					[536.6107955],
					[592.4133523]
				],
				"y": [
					[279.1683239],
					[204.0759943],
					[164.8075284],
					[127.6058239],
					[89.71519886],
					[66.98082386],
					[55.95809659],
					[19.4453125],
					[38.73508523]
				]
			},
			{
				"name": "Observed, click-open",
				"labelposition": [373.3366477,303.2805398,203.9204545,26.86789773],
				"symbolposition": [221.7741477,306.0362216,130.8948864,22.04545455],
				"x": [
					[145.9928977],
					[203.8622159],
					[261.7315341],
					[315.4673295],
					[369.8920455],
					[422.9389205],
					[481.4971591],
					[535.921875],
					[589.6576705]
				],
				"y": [
					[296.3913352],
					[240.5887784],
					[194.431108],
					[156.540483],
					[140.006392],
					[108.3160511],
					[111.071733],
					[83.51491477],
					[84.89275568]
				]
			},
			{
				"name": "Predicted, walking",
				"labelposition": [369.8920455,335.6598011,184.6306818,26.86789773],
				"symbolposition": [221.0852273,339.7933239,126.0724432,22.04545455],
				"x": [
					[145.9928977],
					[203.8622159],
					[256.2201705],
					[313.4005682],
					[371.2698864],
					[425.0056818],
					[477.3636364],
					[533.8551136],
					[592.4133523]
				],
				"y": [
					[277.790483],
					[196.4978693],
					[156.540483],
					[137.9396307],
					[115.8941761],
					[97.29332386],
					[98.67116477],
					[76.62571023],
					[78.69247159]
				]
			},
			{
				"name": "Predicted, click-open",
				"labelposition": [369.8920455,368.727983,208.0539773,26.17897727],
				"symbolposition": [221.7741477,377.6839489,132.9616477,16.53409091],
				"x": [
					[145.3039773],
					[201.1065341],
					[254.8423295],
					[312.0227273],
					[367.8252841],
					[423.6278409],
					[535.2329545],
					[592.4133523]
				],
				"y": [
					[277.790483],
					[216.4765625],
					[177.2080966],
					[179.274858],
					[157.2294034],
					[138.6285511],
					[137.9396307],
					[116.5830966]
				]
			}
		],
		"plotpos": [91.56818182,16.68963068,499.4673295,398.1960227],
		"xax": {
			"titlepos": [276.1988636,460.3544034,141.2286932,23.42329545],
			"minpos": [81.92329545,435.553267,17.91193182,17.91193182],
			"maxpos": [582.0795455,434.8643466,15.84517045,21.35653409],
			"type": 1
		},
		"yax": {
			"titlepos": [1.319602273,107.6271307,24.11221591,215.6321023],
			"minpos": [51.61079545,404.5518466,22.04545455,24.80113636],
			"maxpos": [21.98721591,4.977982955,50.29119318,21.35653409],
			"type": 1
		}
	}
}
