{
	"data": {
		"imagename": "02926-10.1.1.218.4372-Figure-5",
		"difficult": 0,
		"curves": [
			{
				"name": "RAND",
				"labelposition": [74.02840909,17.77769886,37.81534091,13.69176136],
				"symbolposition": [116.4076705,18.4296875,42.37926136,11.73579545],
				"x": [
					[105.9758523],
					[214.2059659],
					[322.4360795],
					[428.7102273],
					[533.0284091],
					[638.6505682]
				],
				"y": [
					[352.2478693],
					[282.4850852],
					[243.365767],
					[106.4481534],
					[62.11292614],
					[26.90553977]
				]
			},
			{
				"name": "AL",
				"labelposition": [92.28409091,28.86150568,21.515625,15.64772727],
				"symbolposition": [113.7997159,32.7734375,44.98721591,11.08380682],
				"x": [
					[107.2798295],
					[214.2059659],
					[319.1761364],
					[424.7982955],
					[534.3323864],
					[638.6505682]
				],
				"y": [
					[352.2478693],
					[210.1143466],
					[343.1200284],
					[380.9353693],
					[311.8245739],
					[258.3615057]
				]
			},
			{
				"name": "ALRW",
				"labelposition": [73.37642045,43.85724432,39.77130682,13.69176136],
				"symbolposition": [116.4076705,45.81321023,42.37926136,11.08380682],
				"x": [
					[109.2357955],
					[213.5539773],
					[321.1321023],
					[425.4502841],
					[531.0724432],
					[636.6946023]
				],
				"y": [
					[353.5518466],
					[268.1413352],
					[234.8899148],
					[29.51349432],
					[119.4879261],
					[142.3075284]
				]
			}
		],
		"plotpos": [72.07244318,13.21377841,564.6221591,408.1448864],
		"xax": {
			"titlepos": [298.9644886,445.4822443,114.0980114,13.69176136],
			"minpos": [62.94460227,423.9666193,22.81960227,19.55965909],
			"maxpos": [625.6107955,427.2265625,26.73153409,14.99573864],
			"type": 1
		},
		"yax": {
			"titlepos": [2.961647727,193.8146307,19.55965909,48.24715909],
			"minpos": [43.38494318,411.5788352,23.47159091,17.60369318],
			"maxpos": [44.03693182,1.477982955,24.77556818,22.16761364],
			"type": 1
		}
	}
}
