{
	"data": {
		"imagename": "02939-10.1.1.330.1-Figure-3",
		"difficult": 0,
		"curves": [
			{
				"name": "B = 100%",
				"labelposition": [102.7066796,244.3973863,65.65440465,15.36592449],
				"symbolposition": [172.0861568,248.5880929,45.6321394,11.17521781],
				"x": [
					[97.11907067],
					[158.1171346],
					[173.017425],
					[467.2981607]
				],
				"y": [
					[176.8804453],
					[188.0556631],
					[190.8494676],
					[190.8494676]
				]
			},
			{
				"name": "B = 75%",
				"labelposition": [112.4849952,258.3664085,56.80735721,14.90029042],
				"symbolposition": [172.0861568,261.160213,42.37270087,11.17521781],
				"x": [
					[95.72216844],
					[174.8799613],
					[271.731849],
					[368.5837367],
					[466.3668925]
				],
				"y": [
					[154.5300097],
					[169.8959342],
					[170.3615682],
					[172.6897386],
					[192.7120039]
				]
			},
			{
				"name": "B = 50%",
				"labelposition": [340.6456922,243.4661181,59.13552759,16.29719264],
				"symbolposition": [401.178122,247.6568248,40.04453049,12.57212004],
				"x": [
					[98.05033882],
					[175.8112294],
					[274.5256534],
					[368.1181026],
					[465.9012585]
				],
				"y": [
					[92.13504356],
					[113.088577],
					[124.7294288],
					[124.7294288],
					[139.1640852]
				]
			},
			{
				"name": "B = 25%",
				"labelposition": [340.6456922,260.2289448,57.27299129,13.03775411],
				"symbolposition": [400.2468538,261.625847,42.83833495,10.24394966],
				"x": [
					[96.65343659],
					[272.1974831],
					[369.5150048],
					[465.4356244]
				],
				"y": [
					[47.43417231],
					[67.45643756],
					[66.05953533],
					[68.38770571]
				]
			}
		],
		"plotpos": [77.09680542,33.93078412,391.1326234,159.7124879],
		"xax": {
			"titlepos": [186.0551791,217.8562439,172.2846079,20.9535334],
			"minpos": [71.97483059,197.8339787,13.96902227,15.83155857],
			"maxpos": [457.5198451,198.2996128,20.02226525,16.29719264],
			"type": 1
		},
		"yax": {
			"titlepos": [4.923523717,41.84656341,20.02226525,149.0029042],
			"minpos": [55.67763795,182.9336883,17.69409487,17.69409487],
			"maxpos": [37.05227493,24.61810261,33.99128751,17.69409487],
			"type": 1
		}
	}
}
