{
	"data": {
		"imagename": "02936-10.1.1.387.6682-Figure-3",
		"difficult": 0,
		"curves": [
			{
				"name": "Matcher",
				"labelposition": [512.0784124,73.53775411,66.29912875,19.71055179],
				"symbolposition": [463.6979671,77.1214908,48.97773475,13.14036786],
				"x": [
					[243.2981607],
					[288.6921588],
					[350.8102614],
					[393.8151016],
					[440.4036786],
					[463.6979671],
					[495.3543078]
				],
				"y": [
					[95.04017425],
					[109.375121],
					[132.6694095],
					[151.7826718],
					[170.2986447],
					[184.036302],
					[197.7739593]
				]
			},
			{
				"name": "Extractions",
				"labelposition": [510.8838335,104.5968054,83.0232333,19.11326234],
				"symbolposition": [464.892546,107.5832527,42.40755082,10.75121007],
				"x": [
					[208.6553727],
					[246.8818974],
					[274.357212],
					[292.8731849],
					[334.0861568],
					[375.8964182],
					[417.1093901],
					[445.7792836],
					[472.6573088],
					[493.5624395]
				],
				"y": [
					[131.4748306],
					[152.3799613],
					[167.3121975],
					[178.0634076],
					[184.6335915],
					[195.3848015],
					[206.7333011],
					[212.1089061],
					[218.67909],
					[222.8601162]
				]
			},
			{
				"name": "Pattern",
				"labelposition": [512.6757018,134.4612778,57.93707648,17.321394],
				"symbolposition": [463.1006776,138.0450145,47.18586641,10.75121007],
				"x": [
					[237.3252662],
					[277.3436592],
					[313.1810261],
					[341.2536302],
					[366.9370765],
					[389.6340755],
					[403.9690223],
					[411.7337851],
					[417.1093901],
					[429.0551791],
					[432.6389158],
					[440.4036786],
					[454.7386254],
					[469.0735721],
					[494.1597289]
				],
				"y": [
					[99.22120039],
					[116.5425944],
					[134.4612778],
					[149.393514],
					[163.7284608],
					[175.6742498],
					[191.2037754],
					[199.5658277],
					[207.92788],
					[219.2763795],
					[227.6384318],
					[236.000484],
					[239.5842207],
					[243.1679574],
					[244.9598258]
				]
			},
			{
				"name": "Frequency",
				"labelposition": [509.6892546,164.3257502,82.42594385,19.71055179],
				"symbolposition": [463.6979671,167.9094869,43.00484027,8.362052275],
				"x": [
					[168.6369797],
					[206.8635044],
					[246.8818974],
					[276.7463698],
					[305.4162633],
					[331.0997096],
					[368.7289448],
					[405.7608906],
					[433.2362052],
					[457.7250726],
					[494.1597289]
				],
				"y": [
					[174.4796709],
					[186.4254598],
					[198.3712488],
					[205.5387222],
					[215.6926428],
					[225.249274],
					[234.2086157],
					[239.5842207],
					[243.1679574],
					[244.9598258],
					[246.7516941]
				]
			}
		],
		"plotpos": [97.55953533,75.32962246,498.7366893,173.21394],
		"xax": {
			"titlepos": [311.3891578,289.7565344,68.0909971,28.07260407],
			"minpos": [90.39206196,261.6839303,15.52952565,23.89157793],
			"maxpos": [578.9748306,259.892062,22.69699903,27.47531462],
			"type": 1
		},
		"yax": {
			"titlepos": [24.69022265,117.1398838,26.87802517,91.38528558],
			"minpos": [66.50048403,238.3896418,20.90513069,19.11326234],
			"maxpos": [49.17909003,65.17570184,35.83736689,24.48886738],
			"type": 1
		}
	}
}
