{
	"data": {
		"imagename": "02932-10.1.1.153.3551-Figure-5",
		"difficult": 0,
		"curves": [
			{
				"name": "Manual",
				"labelposition": [120.4772727,397.1583807,77.31818182,27.38352273],
				"symbolposition": [75.375,400.3799716,45.90767045,17.71875],
				"x": [
					[75.375],
					[87.45596591],
					[109.2017045],
					[130.9474432],
					[148.6661932],
					[163.1633523],
					[181.6875],
					[198.6008523],
					[214.7088068],
					[230.8167614],
					[247.7301136],
					[262.2272727],
					[292.8323864],
					[320.2159091],
					[350.8210227],
					[368.5397727],
					[385.453125],
					[397.5340909],
					[419.2798295],
					[443.4417614],
					[467.6036932],
					[498.2088068],
					[535.2571023],
					[568.2784091]
				],
				"y": [
					[29.89701705],
					[40.3671875],
					[31.5078125],
					[26.67542614],
					[27.48082386],
					[35.53480114],
					[54.86434659],
					[79.02627841],
					[99.96661932],
					[102.3828125],
					[120.9069602],
					[138.6257102],
					[170.8416193],
					[187.7549716],
					[204.6683239],
					[216.7492898],
					[236.0788352],
					[248.1598011],
					[274.7379261],
					[293.2620739],
					[308.5646307],
					[323.0617898],
					[335.9481534],
					[344.0021307]
				]
			},
			{
				"name": "Words",
				"labelposition": [120.4772727,426.9580966,66.84801136,23.35653409],
				"symbolposition": [77.79119318,430.1796875,41.07528409,16.10795455],
				"x": [
					[77.79119318],
					[94.70454545],
					[113.2286932],
					[134.1690341],
					[159.9417614],
					[209.0710227],
					[242.0923295],
					[276.7244318],
					[304.9133523],
					[320.2159091],
					[339.5454545],
					[360.4857955],
					[382.2315341],
					[402.3664773],
					[428.9446023],
					[441.0255682],
					[454.7173295],
					[470.0198864],
					[489.3494318],
					[508.6789773],
					[523.1761364],
					[536.8678977],
					[548.9488636],
					[557.0028409],
					[569.0838068]
				],
				"y": [
					[76.61008523],
					[63.72372159],
					[57.28053977],
					[60.50213068],
					[67.75071023],
					[72.58309659],
					[83.05326705],
					[90.30184659],
					[93.5234375],
					[106.4098011],
					[114.4637784],
					[116.0745739],
					[125.7393466],
					[139.431108],
					[151.5120739],
					[163.5930398],
					[173.2578125],
					[185.3387784],
					[200.6413352],
					[215.1384943],
					[232.0518466],
					[257.8245739],
					[291.6512784],
					[309.3700284],
					[333.5319602]
				]
			},
			{
				"name": "Templates",
				"labelposition": [118.8664773,454.3416193,115.171875,28.18892045],
				"symbolposition": [77.79119318,455.9524148,40.26988636,19.32954545],
				"x": [
					[74.56960227],
					[87.45596591],
					[109.2017045],
					[133.3636364],
					[141.4176136],
					[147.0553977],
					[162.3579545],
					[179.2713068],
					[190.546875],
					[203.4332386],
					[230.0113636],
					[254.9786932],
					[275.1136364],
					[297.6647727],
					[317.7997159],
					[333.1022727],
					[355.6534091],
					[366.1235795],
					[374.9829545],
					[387.8693182],
					[402.3664773],
					[420.890625],
					[448.2741477],
					[479.6846591],
					[501.4303977],
					[523.1761364],
					[537.6732955],
					[567.4730114]
				],
				"y": [
					[33.92400568],
					[40.3671875],
					[33.11860795],
					[29.09161932],
					[32.31321023],
					[40.3671875],
					[44.39417614],
					[51.64275568],
					[60.50213068],
					[71.77769886],
					[77.41548295],
					[86.27485795],
					[92.71803977],
					[104.7990057],
					[108.0205966],
					[115.2691761],
					[133.7933239],
					[149.0958807],
					[169.2308239],
					[192.587358],
					[211.9169034],
					[227.2194602],
					[250.5759943],
					[271.5163352],
					[283.5973011],
					[301.3160511],
					[319.8401989],
					[340.7805398]
				]
			},
			{
				"name": "Words + Templates",
				"labelposition": [118.0610795,483.3359375,206.1818182,26.578125],
				"symbolposition": [75.375,484.946733,42.68607955,19.32954545],
				"x": [
					[77.79119318],
					[84.234375],
					[96.31534091],
					[109.2017045],
					[128.53125],
					[145.4446023],
					[164.7741477],
					[183.2982955],
					[194.5738636],
					[225.1789773],
					[246.9247159],
					[259.0056818],
					[275.9190341],
					[307.3295455],
					[331.4914773],
					[346.7940341],
					[373.3721591],
					[408.8096591],
					[450.6903409],
					[472.4360795],
					[507.8735795],
					[508.6789773],
					[519.9545455],
					[532.0355114],
					[544.1164773],
					[554.5866477],
					[566.6676136]
				],
				"y": [
					[41.97798295],
					[35.53480114],
					[34.72940341],
					[29.89701705],
					[33.11860795],
					[34.72940341],
					[41.17258523],
					[43.58877841],
					[51.64275568],
					[64.52911932],
					[64.52911932],
					[67.75071023],
					[77.41548295],
					[94.32883523],
					[111.2421875],
					[122.5177557],
					[130.571733],
					[132.9879261],
					[149.0958807],
					[166.8146307],
					[190.9765625],
					[209.5007102],
					[222.3870739],
					[248.1598011],
					[279.5703125],
					[300.5106534],
					[334.337358]
				]
			}
		],
		"plotpos": [68.12642045,17.01065341,500.1519886,498.5411932],
		"xax": {
			"titlepos": [282.3622159,541.3245739,74.09659091,24.16193182],
			"minpos": [63.29403409,522.8004261,13.69176136,18.52414773],
			"maxpos": [560.2244318,521.1896307,14.49715909,24.16193182],
			"type": 1
		},
		"yax": {
			"titlepos": [2.083806818,216.7492898,27.38352273,99.06392045],
			"minpos": [52.82386364,504.2762784,12.88636364,23.35653409],
			"maxpos": [50.40767045,8.151278409,15.30255682,21.74573864],
			"type": 1
		}
	}
}
