{
	"data": {
		"imagename": "02933-10.1.1.53.8203-Figure-5",
		"difficult": 0,
		"curves": [
			{
				"name": "Average clause-length of 3",
				"labelposition": [625.1839303,39.84269119,334.5972894,32.74346563],
				"symbolposition": [962.8509197,43.93562439,54.23136496,29.67376573],
				"x": [
					[255.7967086],
					[332.5392062],
					[378.5847047],
					[415.4211036],
					[456.3504356],
					[494.2100678],
					[540.2555663],
					[572.9990319],
					[615.9748306],
					[651.7879961],
					[692.7173282],
					[729.553727],
					[806.2962246],
					[893.2710552],
					[983.3155857],
					[1039.593417]
				],
				"y": [
					[442.9966118],
					[439.9269119],
					[435.8339787],
					[423.5551791],
					[408.2066796],
					[412.2996128],
					[418.4390126],
					[424.5784124],
					[430.7178122],
					[432.7642788],
					[441.9733785],
					[441.9733785],
					[452.2057115],
					[456.2986447],
					[457.321878],
					[461.4148112]
				]
			},
			{
				"name": "Average clause-length of 4",
				"labelposition": [625.1839303,74.63262343,334.5972894,31.72023233],
				"symbolposition": [963.874153,78.72555663,57.30106486,23.53436592],
				"x": [
					[261.9361084],
					[347.8877057],
					[417.4675702],
					[495.2333011],
					[533.0929332],
					[575.0454985],
					[649.7415295],
					[692.7173282],
					[729.553727],
					[769.4598258],
					[811.4123911],
					[849.2720232],
					[897.3639884],
					[984.338819],
					[1040.616651]
				],
				"y": [
					[441.9733785],
					[445.0430784],
					[445.0430784],
					[438.9036786],
					[424.5784124],
					[418.4390126],
					[395.92788],
					[395.92788],
					[373.4167473],
					[374.4399806],
					[392.8581801],
					[387.7420136],
					[408.2066796],
					[415.3693127],
					[426.624879]
				]
			},
			{
				"name": "Fixed clause-length of 3",
				"labelposition": [655.8809293,103.2831559,300.8305905,32.74346563],
				"symbolposition": [956.7115198,107.3760891,66.51016457,25.58083253],
				"x": [
					[261.9361084],
					[304.9119071],
					[341.7483059],
					[363.2362052],
					[395.9796709],
					[420.5372701],
					[436.9090029],
					[459.4201355],
					[479.8848015],
					[501.3727009],
					[520.8141336],
					[535.1393998],
					[554.5808325],
					[592.4404647],
					[612.9051307],
					[631.3233301],
					[649.7415295],
					[674.2991288],
					[691.6940949],
					[726.4840271],
					[753.0880929],
					[789.9244918],
					[809.3659245],
					[824.714424],
					[843.1326234]
				],
				"y": [
					[441.9733785],
					[439.9269119],
					[438.9036786],
					[427.6481123],
					[411.2763795],
					[386.7187803],
					[346.8126815],
					[255.7449177],
					[257.7913843],
					[172.8630203],
					[114.5387222],
					[67.46999032],
					[117.6084221],
					[169.7933204],
					[154.4448209],
					[197.4206196],
					[225.0479187],
					[215.838819],
					[237.3267183],
					[269.0469506],
					[265.9772507],
					[288.4883833],
					[296.6742498],
					[312.0227493],
					[312.0227493]
				]
			}
		],
		"plotpos": [258.8664085,16.30832527,780.7270087,479.8964182],
		"xax": {
			"titlepos": [426.6766699,548.3896418,376.5498548,29.67376573],
			"minpos": [246.5876089,506.4370765,27.62729913,35.81316554],
			"maxpos": [1026.291384,507.4603098,32.74346563,39.90609874],
			"type": 1
		},
		"yax": {
			"titlepos": [2.034849952,223.0014521,126.8809293,35.81316554],
			"minpos": [222.0300097,481.8794773,27.62729913,29.67376573],
			"maxpos": [197.4724105,3.006292352,52.18489835,28.65053243],
			"type": 1
		}
	}
}
