{
	"data": {
		"imagename": "02940-10.1.1.187.8839-Figure-7",
		"difficult": 0,
		"curves": [
			{
				"name": "2 half-limbs",
				"labelposition": [334.2883523,244.6427557,87.21306818,16.15056818],
				"symbolposition": [297.6803977,247.8728693,30.68607955,10.22869318],
				"x": [
					[61.34375],
					[83.95454545],
					[104.4119318],
					[127.5610795],
					[148.5568182],
					[171.1676136],
					[467.2613636]
				],
				"y": [
					[344.2379261],
					[229.568892],
					[117.5916193],
					[79.90696023],
					[28.22514205],
					[9.921164773],
					[8.844460227]
				]
			},
			{
				"name": "3 half-limbs",
				"labelposition": [333.2116477,261.3316761,86.67471591,17.765625],
				"symbolposition": [297.1420455,265.6384943,32.30113636,9.690340909],
				"x": [
					[62.95880682],
					[81.80113636],
					[104.4119318],
					[127.5610795],
					[145.3267045],
					[170.0909091],
					[191.625],
					[213.6974432],
					[254.0738636],
					[276.6846591],
					[466.7230114]
				],
				"y": [
					[346.3913352],
					[344.7762784],
					[292.556108],
					[198.8828125],
					[134.2805398],
					[119.2066761],
					[68.6015625],
					[46.52911932],
					[22.84161932],
					[14.76633523],
					[15.3046875]
				]
			},
			{
				"name": "4 half-limbs",
				"labelposition": [332.6732955,279.6356534,86.67471591,18.30397727],
				"symbolposition": [298.7571023,281.7890625,29.609375,12.38210227],
				"x": [
					[106.0269886],
					[125.9460227],
					[147.4801136],
					[170.6292614],
					[191.625],
					[210.4673295],
					[233.078125],
					[256.765625],
					[295.5269886],
					[341.2869318],
					[360.6676136],
					[424.7315341],
					[448.4190341],
					[469.4147727]
				],
				"y": [
					[343.6995739],
					[313.0134943],
					[253.256392],
					[205.881392],
					[149.8927557],
					[130.5120739],
					[94.44247159],
					[74.5234375],
					[48.14417614],
					[26.07173295],
					[21.76491477],
					[22.30326705],
					[16.38139205],
					[16.38139205]
				]
			},
			{
				"name": "5 half-limbs",
				"labelposition": [333.2116477,297.9396307,86.13636364,15.07386364],
				"symbolposition": [297.1420455,299.0163352,32.83948864,11.30539773],
				"x": [
					[62.95880682],
					[127.5610795],
					[148.5568182],
					[169.5525568],
					[192.1633523],
					[213.1590909],
					[234.1548295],
					[254.0738636],
					[276.6846591],
					[318.6761364],
					[339.671875],
					[360.6676136],
					[383.2784091],
					[424.1931818],
					[466.7230114]
				],
				"y": [
					[346.9296875],
					[346.9296875],
					[320.0120739],
					[278.5589489],
					[247.8728693],
					[220.4169034],
					[189.7308239],
					[150.431108],
					[134.2805398],
					[112.7464489],
					[96.59588068],
					[57.83451705],
					[43.29900568],
					[33.0703125],
					[30.37855114]
				]
			}
		],
		"plotpos": [41.42471591,10.45951705,424.7599432,335.9318182],
		"xax": {
			"titlepos": [190.0099432,360.9268466,129.7428977,17.22727273],
			"minpos": [38.19460227,350.1598011,8.613636364,12.92045455],
			"maxpos": [460.8011364,351.2365057,13.99715909,9.690340909],
			"type": 1
		},
		"yax": {
			"titlepos": [3.740056818,135.3572443,19.38068182,85.59801136],
			"minpos": [31.734375,342.084517,8.075284091,10.76704545],
			"maxpos": [31.734375,3.999289773,7.536931818,12.38210227],
			"type": 1
		}
	}
}
