{
	"data": {
		"imagename": "02949-10.1.1.297.5672-Figure-6",
		"difficult": 0,
		"curves": [
			{
				"name": "This work",
				"labelposition": [372.8181818,414.634233,133.6193182,28.265625],
				"symbolposition": [520.9985795,418.0603693,87.36647727,23.98295455],
				"x": [
					[199.7982955],
					[197.2286932],
					[200.6548295],
					[202.3678977],
					[204.9375],
					[204.9375],
					[204.9375],
					[204.9375],
					[212.6463068],
					[210.0767045],
					[216.9289773],
					[228.0639205],
					[251.1903409],
					[258.8991477],
					[318],
					[408.7926136],
					[493.5894886],
					[625.4957386]
				],
				"y": [
					[528.553267],
					[480.587358],
					[417.2038352],
					[374.3771307],
					[358.102983],
					[313.5632102],
					[269.0234375],
					[238.1882102],
					[209.9225852],
					[191.9353693],
					[176.5177557],
					[112.2776989],
					[86.58167614],
					[70.30752841],
					[49.75071023],
					[35.18963068],
					[29.19389205],
					[24.91122159]
				]
			},
			{
				"name": "Gesmundo 1",
				"labelposition": [342.8394886,440.3302557,166.1676136,24.83948864],
				"symbolposition": [518.4289773,444.6129261,83.94034091,21.41335227],
				"x": [
					[234.0596591],
					[234.0596591],
					[234.0596591],
					[237.4857955],
					[239.1988636],
					[240.0553977],
					[249.4772727],
					[258.0426136],
					[263.1818182],
					[278.5994318],
					[297.4431818],
					[304.2954545],
					[333.4176136],
					[362.5397727],
					[393.375],
					[472.1761364],
					[562.96875],
					[627.2088068]
				],
				"y": [
					[513.1356534],
					[419.7734375],
					[399.2166193],
					[370.9509943],
					[329.837358],
					[266.4538352],
					[233.9055398],
					[190.2223011],
					[164.5262784],
					[128.5518466],
					[112.2776989],
					[99.4296875],
					[90.0078125],
					[74.59019886],
					[68.59446023],
					[52.3203125],
					[46.32457386],
					[42.8984375]
				]
			},
			{
				"name": "Gesmundo 2",
				"labelposition": [341.1264205,466.0262784,167.0241477,24.83948864],
				"symbolposition": [521.8551136,470.3089489,87.36647727,18.84375],
				"x": [
					[233.203125],
					[233.203125],
					[235.7727273],
					[238.3423295],
					[242.625],
					[240.9119318],
					[242.625],
					[257.1860795],
					[266.6079545],
					[282.0255682],
					[298.2997159],
					[320.5696023],
					[336.84375],
					[365.9659091],
					[408.7926136],
					[497.8721591],
					[586.0951705],
					[627.2088068]
				],
				"y": [
					[515.7052557],
					[430.9083807],
					[402.6427557],
					[373.5205966],
					[336.6896307],
					[267.3103693],
					[235.618608],
					[189.365767],
					[163.6697443],
					[130.2649148],
					[111.4211648],
					[100.2862216],
					[87.43821023],
					[77.15980114],
					[67.73792614],
					[52.3203125],
					[45.46803977],
					[40.32883523]
				]
			},
			{
				"name": "Cube pruning",
				"labelposition": [329.1349432,490.009233,176.4460227,30.83522727],
				"symbolposition": [519.2855114,495.1484375,88.22301136,21.41335227],
				"x": [
					[239.1988636],
					[235.7727273],
					[239.1988636],
					[243.4815341],
					[244.3380682],
					[245.1946023],
					[248.6207386],
					[255.4730114],
					[262.3252841],
					[273.4602273],
					[299.15625],
					[306.8650568],
					[346.265625],
					[384.8096591],
					[420.7840909],
					[526.1377841],
					[627.2088068]
				],
				"y": [
					[528.553267],
					[503.7137784],
					[419.7734375],
					[391.5078125],
					[360.6725852],
					[323.8416193],
					[263.884233],
					[233.0490057],
					[186.7961648],
					[162.8132102],
					[125.9822443],
					[108.8515625],
					[89.15127841],
					[76.30326705],
					[65.16832386],
					[52.3203125],
					[44.61150568]
				]
			}
		],
		"plotpos": [148.40625,6.924005682,477.9460227,523.3423295],
		"xax": {
			"titlepos": [241.7684659,571.3799716,287.7954545,30.83522727],
			"minpos": [132.9886364,534.5490057,28.265625,37.6875],
			"maxpos": [473.0326705,537.975142,25.69602273,29.12215909],
			"type": 1
		},
		"yax": {
			"titlepos": [2.795454545,134.5475852,42.82670455,272.3778409],
			"minpos": [39.62642045,507.9964489,93.36221591,40.25710227],
			"maxpos": [43.05255682,2.641335227,89.07954545,33.40482955],
			"type": 1
		}
	}
}
