{
	"data": {
		"imagename": "02953-10.1.1.412.3848-Figure-1",
		"difficult": 0,
		"curves": [
			{
				"name": "with NEs",
				"labelposition": [468.5304937,299.4864472,91.07938045,23.50435624],
				"symbolposition": [420.3465634,303.5997096,39.36979671,13.51500484],
				"x": [
					[78.35818006],
					[100.6873185],
					[122.428848],
					[145.3455954],
					[171.2003872],
					[216.446273],
					[238.7754114],
					[261.6921588],
					[284.6089061],
					[306.3504356],
					[328.0919652],
					[351.5963214],
					[375.1006776],
					[398.017425],
					[419.1713456],
					[443.8509197],
					[466.1800581],
					[489.0968054],
					[512.6011617],
					[536.6931268],
					[578.4133591],
					[599.5672798]
				],
				"y": [
					[360.0101646],
					[297.1360116],
					[259.5290416],
					[231.3238141],
					[210.1698935],
					[183.1398838],
					[171.3877057],
					[165.5116167],
					[171.3877057],
					[190.1911907],
					[218.3964182],
					[156.6974831],
					[116.1524685],
					[82.65876089],
					[60.91723136],
					[46.22700871],
					[43.87657309],
					[34.47483059],
					[34.47483059],
					[35.0624395],
					[49.75266215],
					[73.25701839]
				]
			},
			{
				"name": "without NEs",
				"labelposition": [471.4685382,327.1040658,117.5217812,21.74152953],
				"symbolposition": [419.1713456,328.8668925,45.24588577,18.21587609],
				"x": [
					[77.77057115],
					[100.0997096],
					[145.3455954],
					[192.3543078],
					[239.3630203],
					[279.9080348],
					[329.267183],
					[349.8334947],
					[373.3378509],
					[397.4298161],
					[420.9341723],
					[443.8509197],
					[463.2420136],
					[489.6844143],
					[510.8383349],
					[556.6718296],
					[599.5672798]
				],
				"y": [
					[358.8349468],
					[305.9501452],
					[253.0653437],
					[225.4477251],
					[199.5929332],
					[193.1292352],
					[226.6229429],
					[174.3257502],
					[128.4922556],
					[99.69941917],
					[76.78267183],
					[59.15440465],
					[56.21636012],
					[42.11374637],
					[42.70135528],
					[23.89787028],
					[45.63939981]
				]
			}
		],
		"plotpos": [77.18296225,13.32090997,524.1471442,349.0396902],
		"xax": {
			"titlepos": [291.660213,385.8649564,94.01742498,19.3910939],
			"minpos": [162.3862536,364.1234269,18.21587609,18.21587609],
			"maxpos": [499.0861568,364.7110358,29.3804453,17.04065828],
			"type": 1
		},
		"yax": {
			"titlepos": [3.144240077,45.0517909,22.91674734,284.9903195],
			"minpos": [27.23620523,354.1340755,48.77153921,17.04065828],
			"maxpos": [28.99903195,3.331558567,45.83349468,18.803485],
			"type": 1
		}
	}
}
