{
	"data": {
		"imagename": "02972-10.1.1.408.504-Figure-8",
		"difficult": 0,
		"curves": [
			{
				"name": "IBR",
				"labelposition": [101.9583737,24.41674734,33.50338819,18.96418199],
				"symbolposition": [75.40851888,23.78460794,17.69990319,15.803485],
				"x": [
					[54.54791868],
					[112.0726041],
					[239.7647628],
					[360.5033882],
					[427.5101646],
					[483.1384318],
					[529.2846079],
					[550.1452081],
					[579.8557599],
					[607.6698935]
				],
				"y": [
					[250.7226525],
					[245.0333979],
					[233.0227493],
					[219.7478219],
					[209.0014521],
					[198.2550823],
					[186.2444337],
					[176.7623427],
					[159.6945789],
					[125.5590513]
				]
			},
			{
				"name": "EBR",
				"labelposition": [100.6940949,45.90948693,40.45692159,17.69990319],
				"symbolposition": [71.61568248,42.11665053,24.02129719,17.69990319],
				"x": [
					[55.18005808],
					[113.9690223],
					[241.661181],
					[363.0319458],
					[426.2458858],
					[484.4027106],
					[548.2487899],
					[575.4307841],
					[593.7628267],
					[608.3020329]
				],
				"y": [
					[236.8155857],
					[221.6442401],
					[200.7836399],
					[177.3944821],
					[160.3267183],
					[142.6268151],
					[116.0769603],
					[95.21636012],
					[70.56292352],
					[44.01306873]
				]
			},
			{
				"name": "MSER",
				"labelposition": [101.3262343,64.87366893,51.20329138,18.96418199],
				"symbolposition": [75.40851888,64.87366893,18.33204259,13.9070668],
				"x": [
					[56.44433688],
					[117.1297193],
					[180.9757986],
					[239.1326234],
					[304.2429816],
					[363.0319458],
					[429.4065828],
					[486.9312682],
					[524.2274927],
					[550.7773475],
					[579.2236205],
					[593.7628267],
					[608.9341723]
				],
				"y": [
					[253.2512101],
					[248.8262343],
					[243.1369797],
					[240.6084221],
					[233.6548887],
					[227.9656341],
					[219.7478219],
					[204.5764763],
					[189.4051307],
					[176.1302033],
					[150.2124879],
					[121.7662149],
					[93.31994192]
				]
			},
			{
				"name": "HESAFF",
				"labelposition": [104.4869313,106.5948693,64.47821878,15.803485],
				"symbolposition": [75.40851888,104.6984511,17.69990319,13.2749274],
				"x": [
					[57.07647628],
					[116.4975799],
					[179.0793804],
					[239.1326234],
					[305.5072604],
					[314.357212],
					[363.0319458],
					[409.178122],
					[416.7637948],
					[452.7957406],
					[471.7599226],
					[482.5062924],
					[524.8596321],
					[533.7095837],
					[558.9951597],
					[567.2129719],
					[592.4985479],
					[598.1878025],
					[608.3020329]
				],
				"y": [
					[250.0905131],
					[249.4583737],
					[246.9298161],
					[241.2405615],
					[240.6084221],
					[233.6548887],
					[231.7584705],
					[229.2299129],
					[223.5406583],
					[219.7478219],
					[216.5871249],
					[210.2657309],
					[205.2086157],
					[194.4622459],
					[188.7729913],
					[176.1302033],
					[166.0159729],
					[150.8446273],
					[144.5232333]
				]
			},
			{
				"name": "HARAFF",
				"labelposition": [101.3262343,86.36640852,69.53533398,16.43562439],
				"symbolposition": [72.87996128,85.73426912,19.59632139,15.1713456],
				"x": [
					[60.23717328],
					[114.6011617],
					[182.8722168],
					[241.661181],
					[302.9787028],
					[321.9428848],
					[364.2962246],
					[410.4424008],
					[424.3494676],
					[458.4849952],
					[469.8635044],
					[488.8276864],
					[519.1703775],
					[533.7095837],
					[550.7773475],
					[562.7879961],
					[579.8557599],
					[595.6592449],
					[607.6698935]
				],
				"y": [
					[250.0905131],
					[248.8262343],
					[244.4012585],
					[242.5048403],
					[240.6084221],
					[234.9191675],
					[231.7584705],
					[226.0692159],
					[222.2763795],
					[216.5871249],
					[217.8514037],
					[212.1621491],
					[205.2086157],
					[198.2550823],
					[186.8765731],
					[182.4515973],
					[165.3838335],
					[149.5803485],
					[129.9840271]
				]
			}
		],
		"plotpos": [50.75508228,11.77395934,585.9932236,242.1093901],
		"xax": {
			"titlepos": [291.6001936,272.2153921,109.9922556,20.22846079],
			"minpos": [44.43368829,258.9404647,11.3785092,15.803485],
			"maxpos": [622.8412391,257.0440465,30.34269119,18.96418199],
			"type": 1
		},
		"yax": {
			"titlepos": [2.0803485,45.27734753,25.28557599,176.3668925],
			"minpos": [27.36592449,245.0333979,20.22846079,18.33204259],
			"maxpos": [27.99806389,5.452565344,18.96418199,17.06776379],
			"type": 1
		}
	}
}
