{
	"data": {
		"imagename": "02975-10.1.1.46.8532-Figure-2",
		"difficult": 0,
		"curves": [
			{
				"name": "PCA",
				"labelposition": [545.9928977,315.977983,44.81818182,21.70880682],
				"symbolposition": [475.2642045,320.1796875,65.12642045,16.80681818],
				"x": [
					[94.30965909],
					[110.4161932],
					[121.6207386],
					[121.6207386],
					[140.5284091],
					[153.1335227],
					[163.6377841],
					[172.0411932],
					[180.4446023],
					[196.5511364],
					[204.9545455],
					[211.2571023],
					[217.5596591],
					[229.4644886],
					[251.1732955],
					[263.078125],
					[272.8821023],
					[284.7869318],
					[298.0923295],
					[306.4957386],
					[320.5014205],
					[334.5071023],
					[353.4147727],
					[369.5213068],
					[396.8323864],
					[438.8494318],
					[478.765625],
					[493.4715909],
					[504.6761364],
					[556.4971591],
					[571.9034091],
					[614.6207386]
				],
				"y": [
					[428.7237216],
					[357.9950284],
					[316.678267],
					[290.7677557],
					[258.5546875],
					[224.240767],
					[211.6356534],
					[191.3274148],
					[189.2265625],
					[174.5205966],
					[174.5205966],
					[165.4169034],
					[169.618608],
					[154.912642],
					[140.2066761],
					[126.9012784],
					[129.0021307],
					[113.5958807],
					[124.100142],
					[127.6015625],
					[117.7975852],
					[113.5958807],
					[116.397017],
					[117.0973011],
					[114.9964489],
					[115.696733],
					[114.2961648],
					[116.397017],
					[119.1981534],
					[119.1981534],
					[110.7947443],
					[111.4950284]
				]
			},
			{
				"name": "FLD",
				"labelposition": [547.3934659,339.087358,39.21590909,17.50710227],
				"symbolposition": [477.3650568,341.8884943,60.92471591,12.60511364],
				"x": [
					[104.8139205],
					[109.015625],
					[111.1164773],
					[118.8196023],
					[127.9232955],
					[134.2258523],
					[140.5284091],
					[151.0326705],
					[159.4360795],
					[176.2428977],
					[183.9460227],
					[188.1477273],
					[199.3522727],
					[211.9573864],
					[220.3607955],
					[239.2684659],
					[256.7755682],
					[269.3806818],
					[282.6860795],
					[295.2911932],
					[312.7982955],
					[328.2045455],
					[352.0142045],
					[365.3196023],
					[370.2215909],
					[392.6306818],
					[416.4403409],
					[420.6420455],
					[426.9446023],
					[433.2471591],
					[439.5497159],
					[443.7514205],
					[456.3565341],
					[466.8607955],
					[481.5667614],
					[494.171875],
					[502.5752841],
					[515.1803977],
					[538.2897727],
					[567.0014205],
					[573.3039773],
					[584.5085227],
					[592.2116477],
					[602.7159091],
					[611.8196023]
				],
				"y": [
					[430.1242898],
					[409.8160511],
					[390.2080966],
					[374.8018466],
					[308.274858],
					[287.2663352],
					[273.2606534],
					[250.8515625],
					[242.4481534],
					[196.9296875],
					[201.8316761],
					[193.428267],
					[189.2265625],
					[159.1143466],
					[159.1143466],
					[157.0134943],
					[136.7052557],
					[143.0078125],
					[134.6044034],
					[120.5987216],
					[122.6995739],
					[114.2961648],
					[105.1924716],
					[105.8927557],
					[110.7947443],
					[109.3941761],
					[105.8927557],
					[104.4921875],
					[108.693892],
					[111.4950284],
					[117.0973011],
					[116.397017],
					[117.7975852],
					[112.1953125],
					[109.3941761],
					[108.693892],
					[110.7947443],
					[107.2933239],
					[106.5930398],
					[108.693892],
					[117.7975852],
					[110.7947443],
					[114.2961648],
					[112.1953125],
					[112.8955966]
				]
			},
			{
				"name": "PRM-1",
				"labelposition": [542.4914773,360.0958807,51.12073864,18.20738636],
				"symbolposition": null,
				"x": [
					[90.10795455],
					[97.81107955],
					[106.9147727],
					[125.1221591],
					[144.0298295],
					[154.5340909],
					[162.9375],
					[174.1420455],
					[193.0497159],
					[207.0553977],
					[214.0582386],
					[222.4616477],
					[238.5681818],
					[246.2713068],
					[259.5767045],
					[279.8849432],
					[291.7897727],
					[303.6946023],
					[321.2017045],
					[324.703125],
					[338.0085227],
					[349.2130682],
					[356.2159091],
					[372.3224432],
					[386.328125],
					[391.2301136],
					[405.2357955],
					[417.8409091],
					[424.1434659],
					[433.2471591],
					[454.2556818],
					[470.3622159],
					[475.2642045],
					[489.2698864],
					[555.796875],
					[578.90625],
					[613.2201705]
				],
				"y": [
					[426.6228693],
					[382.5049716],
					[302.6725852],
					[224.9410511],
					[173.8203125],
					[163.3160511],
					[157.0134943],
					[130.4026989],
					[122.6995739],
					[119.1981534],
					[117.0973011],
					[94.68821023],
					[99.59019886],
					[98.18963068],
					[81.3828125],
					[77.88139205],
					[68.77769886],
					[72.97940341],
					[72.97940341],
					[80.68252841],
					[88.38565341],
					[91.88707386],
					[82.78338068],
					[89.0859375],
					[92.58735795],
					[86.28480114],
					[90.48650568],
					[81.3828125],
					[87.68536932],
					[78.58167614],
					[86.98508523],
					[96.08877841],
					[100.290483],
					[89.78622159],
					[93.28764205],
					[78.58167614],
					[72.27911932]
				]
			},
			{
				"name": "PRM-2",
				"labelposition": [541.0909091,383.2052557,53.921875,16.10653409],
				"symbolposition": [479.4659091,386.006392,58.12357955,10.50426136],
				"x": [
					[87.30681818],
					[96.41051136],
					[102.7130682],
					[110.4161932],
					[123.7215909],
					[140.5284091],
					[144.7301136],
					[151.0326705],
					[161.5369318],
					[175.5426136],
					[180.4446023],
					[191.6491477],
					[200.7528409],
					[216.859375],
					[222.4616477],
					[231.5653409],
					[235.0667614],
					[237.8678977],
					[248.3721591],
					[255.375],
					[264.4786932],
					[283.3863636],
					[287.5880682],
					[299.4928977],
					[309.296875],
					[319.8011364],
					[334.5071023],
					[345.0113636],
					[349.9133523],
					[361.8181818],
					[370.2215909],
					[382.8267045],
					[399.6335227],
					[403.1349432],
					[409.4375],
					[414.3394886],
					[422.7428977],
					[431.1463068],
					[443.7514205],
					[451.4545455],
					[468.9616477],
					[479.4659091],
					[494.171875],
					[498.3735795],
					[506.0767045],
					[545.9928977],
					[552.9957386],
					[556.4971591],
					[568.4019886],
					[579.6065341],
					[591.5113636],
					[597.8139205],
					[604.8167614],
					[618.1221591]
				],
				"y": [
					[400.712358],
					[374.8018466],
					[325.0816761],
					[273.9609375],
					[222.1399148],
					[168.2180398],
					[173.8203125],
					[164.0163352],
					[159.8146307],
					[128.3018466],
					[136.0049716],
					[112.1953125],
					[114.2961648],
					[107.2933239],
					[91.88707386],
					[92.58735795],
					[98.18963068],
					[85.58451705],
					[90.48650568],
					[79.98224432],
					[73.6796875],
					[72.27911932],
					[68.07741477],
					[73.6796875],
					[70.87855114],
					[77.18110795],
					[77.88139205],
					[88.38565341],
					[86.28480114],
					[95.38849432],
					[93.28764205],
					[95.38849432],
					[93.28764205],
					[98.18963068],
					[98.18963068],
					[100.290483],
					[93.28764205],
					[94.68821023],
					[96.7890625],
					[94.68821023],
					[103.7919034],
					[96.7890625],
					[97.48934659],
					[92.58735795],
					[95.38849432],
					[96.08877841],
					[93.28764205],
					[97.48934659],
					[91.18678977],
					[87.68536932],
					[88.38565341],
					[91.18678977],
					[86.28480114],
					[92.58735795]
				]
			}
		],
		"plotpos": [88.00710227,14.15553977,529.4147727,416.6690341],
		"xax": {
			"titlepos": [265.1789773,474.2421875,163.8664773,17.50710227],
			"minpos": [76.10227273,434.3259943,21.70880682,18.20738636],
			"maxpos": [598.5142045,434.3259943,33.61363636,16.80681818],
			"type": 1
		},
		"yax": {
			"titlepos": [2.572443182,113.5958807,34.31392045,196.0795455],
			"minpos": [56.49431818,420.3203125,25.91051136,16.80681818],