{
	"data": {
		"imagename": "02981-10.1.1.12.6660-Figure-3",
		"difficult": 0,
		"curves": [
			{
				"name": "Equilibrium\/4-Equilibrium",
				"labelposition": [76.97289448,296.1873185,199.7889642,19.18877057],
				"symbolposition": [51.57599226,299.5735721,24.26815102,12.41626331],
				"x": [
					[94.46853824],
					[108.5779284],
					[122.1229429],
					[176.8673766],
					[190.9767667],
					[202.8286544],
					[218.0667957],
					[245.7212004],
					[260.3949661],
					[271.1181026],
					[286.3562439],
					[327.5556631],
					[341.6650532],
					[356.338819],
					[368.7550823],
					[383.428848],
					[396.9738625],
					[409.3901258],
					[422.9351404],
					[435.9157793],
					[477.1151985],
					[491.7889642]
				],
				"y": [
					[37.70329138],
					[157.3509197],
					[36.57454017],
					[37.13891578],
					[157.3509197],
					[157.9152953],
					[37.70329138],
					[37.13891578],
					[158.4796709],
					[156.786544],
					[38.26766699],
					[37.13891578],
					[157.3509197],
					[39.3964182],
					[157.3509197],
					[37.70329138],
					[38.26766699],
					[158.4796709],
					[157.9152953],
					[37.13891578],
					[37.70329138],
					[157.9152953]
				]
			},
			{
				"name": "Monte Carlo\/4-Monte Carlo",
				"labelposition": [76.40851888,319.3267183,215.5914811,18.62439497],
				"symbolposition": [52.70474347,325.53485,22.5750242,8.465634076],
				"x": [
					[95.59728945],
					[108.0135528],
					[122.6873185],
					[135.6679574],
					[151.4704743],
					[163.3223621],
					[177.9961278],
					[190.4123911],
					[204.5217812],
					[217.5024201],
					[234.4336883],
					[247.9787028],
					[260.3949661],
					[272.8112294],
					[284.6631171],
					[300.4656341],
					[314.5750242],
					[327.5556631],
					[339.9719264],
					[353.5169409],
					[367.0619555],
					[382.3000968],
					[394.1519845],
					[407.696999],
					[422.3707648],
					[436.4801549],
					[451.7182962],
					[465.2633107],
					[491.7889642]
				],
				"y": [
					[49.55517909],
					[101.4777348],
					[80.03146176],
					[45.04017425],
					[90.19022265],
					[44.47579864],
					[46.73330106],
					[93.01210068],
					[100.3489835],
					[91.31897386],
					[86.23959342],
					[52.37705712],
					[99.78460794],
					[93.01210068],
					[89.62584705],
					[54.07018393],
					[91.31897386],
					[52.94143272],
					[94.70522749],
					[93.01210068],
					[99.78460794],
					[51.81268151],
					[52.37705712],
					[100.3489835],
					[94.70522749],
					[50.1195547],
					[81.16021297],
					[78.90271055],
					[98.09148112]
				]
			},
			{
				"name": "Monte Carlo\/4-Equilibrium",
				"labelposition": [320.2187803,295.6229429,209.3833495,21.44627299],
				"symbolposition": [292.5643756,300.1379477,27.09002904,12.98063892],
				"x": [
					[94.46853824],
					[108.5779284],
					[122.1229429],
					[136.232333],
					[151.4704743],
					[165.0154889],
					[176.8673766],
					[189.8480155],
					[205.0861568],
					[218.0667957],
					[231.0474347],
					[246.285576],
					[258.7018393],
					[273.9399806],
					[286.9206196],
					[310.0600194],
					[326.4269119],
					[339.9719264],
					[355.2100678],
					[368.7550823],
					[381.7357212],
					[394.1519845],
					[409.3901258],
					[422.9351404],
					[439.8664085],
					[463.5701839],
					[477.6795741],
					[490.660213]
				],
				"y": [
					[40.52516941],
					[157.3509197],
					[40.52516941],
					[44.47579864],
					[39.3964182],
					[42.78267183],
					[43.34704743],
					[156.786544],
					[156.786544],
					[41.08954501],
					[38.26766699],
					[41.65392062],
					[156.2221684],
					[157.9152953],
					[42.21829622],
					[46.73330106],
					[43.34704743],
					[156.786544],
					[43.34704743],
					[157.9152953],
					[43.91142304],
					[46.16892546],
					[153.964666],
					[156.786544],
					[48.99080348],
					[41.08954501],
					[42.21829622],
					[207.0159729]
				]
			},
			{
				"name": "Myopic\/4-Myopic",
				"labelposition": [317.9612778,319.3267183,143.3514037,20.31752178],
				"symbolposition": [294.2575024,322.7129719,24.26815102,11.2875121],
				"x": [
					[93.33978703],
					[492.9177154]
				],
				"y": [
					[157.9152953],
					[157.3509197]
				]
			}
		],
		"plotpos": [80.35914811,26.41577928,479.7192643,190.1945789],
		"xax": {
			"titlepos": [258.1374637,260.0672798,129.2420136,23.13939981],
			"minpos": [71.89351404,232.9772507,17.49564376,18.62439497],
			"maxpos": [546.5333979,232.9772507,22.5750242,20.31752178],
			"type": 1
		},
		"yax": {
			"titlepos": [11.5053243,16.821394,28.78315586,213.3339787],
			"minpos": [56.0909971,208.1447241,14.10939013,21.44627299],
			"maxpos": [45.93223621,16.821394,25.96127783,19.75314618],
			"type": 1
		}
	}
}
