{
	"data": {
		"imagename": "02985-10.1.1.157.5366-Figure-9",
		"difficult": 0,
		"curves": [
			{
				"name": "SVM Multiscale",
				"labelposition": [395.5965909,301.2862216,155.8892045,23.31676136],
				"symbolposition": [346.9644886,303.2848011,48.63210227,19.31960227],
				"x": [
					[77.15625],
					[90.48011364],
					[104.4701705],
					[118.4602273],
					[139.1122159],
					[155.1008523],
					[187.7443182],
					[225.7173295],
					[264.3565341],
					[316.3196023],
					[373.6122159],
					[445.5610795],
					[504.8522727],
					[560.1463068],
					[580.7982955]
				],
				"y": [
					[316.6086648],
					[257.3174716],
					[217.3458807],
					[189.365767],
					[167.381392],
					[149.3941761],
					[118.0830966],
					[95.43252841],
					[73.44815341],
					[56.79332386],
					[44.13565341],
					[30.14559659],
					[18.8203125],
					[14.82315341],
					[14.82315341]
				]
			},
			{
				"name": "SVM single scale",
				"labelposition": [396.9289773,329.2663352,171.8778409,25.31534091],
				"symbolposition": [346.9644886,330.5987216,49.96448864,18.65340909],
				"x": [
					[81.15340909],
					[94.47727273],
					[109.1335227],
					[122.4573864],
					[139.1122159],
					[159.0980114],
					[189.0767045],
					[223.71875],
					[261.6917614],
					[298.9985795],
					[335.6392045],
					[389.6008523],
					[446.8934659],
					[502.8536932],
					[558.1477273],
					[578.7997159]
				],
				"y": [
					[346.587358],
					[291.959517],
					[249.3231534],
					[216.6796875],
					[188.0333807],
					[164.0504261],
					[131.4069602],
					[102.7606534],
					[80.77627841],
					[62.7890625],
					[50.13139205],
					[36.14133523],
					[27.48082386],
					[20.15269886],
					[16.82173295],
					[17.48792614]
				]
			},
			{
				"name": "Jacob04",
				"labelposition": [395.5965909,358.5788352,91.26846591,21.984375],
				"symbolposition": [345.6321023,357.2464489,49.29829545,21.984375],
				"x": [
					[83.15198864],
					[97.14204545],
					[115.1292614],
					[131.1178977],
					[145.1079545],
					[161.0965909],
					[181.0823864],
					[211.0610795],
					[249.7002841],
					[285.0085227],
					[321.6491477],
					[357.6235795],
					[394.9303977],
					[431.5710227],
					[469.5440341],
					[505.5184659],
					[544.8238636],
					[578.7997159]
				],
				"y": [
					[371.2365057],
					[330.5987216],
					[295.9566761],
					[268.6427557],
					[246.6583807],
					[222.009233],
					[204.022017],
					[173.3771307],
					[142.0660511],
					[116.084517],
					[97.43110795],
					[80.77627841],
					[66.12002841],
					[52.79616477],
					[42.13707386],
					[35.47514205],
					[24.81605114],
					[16.82173295]
				]
			},
			{
				"name": "Frangi98",
				"labelposition": [396.9289773,385.2265625,92.60085227,23.98295455],
				"symbolposition": [347.6306818,382.5617898,49.96448864,23.98295455],
				"x": [
					[87.14914773],
					[101.1392045],
					[115.1292614],
					[145.1079545],
					[175.7528409],
					[193.7400568],
					[579.4659091],
					[580.1321023]
				],
				"y": [
					[389.2237216],
					[351.2507102],
					[310.6129261],
					[236.665483],
					[194.0291193],
					[180.0390625],
					[179.3728693],
					[14.82315341]
				]
			}
		],
		"plotpos": [70.49431818,16.82173295,508.3053977,399.7159091],
		"xax": {
			"titlepos": [227.0497159,445.850142,194.5284091,22.65056818],
			"minpos": [63.16619318,423.865767,13.32386364,23.31676136],
			"maxpos": [574.1363636,423.865767,11.99147727,21.984375],
			"type": 1
		},
		"yax": {
			"titlepos": [3.208806818,123.412642,27.31392045,183.8693182],
			"minpos": [51.17471591,406.5447443,16.65482955,21.984375],
			"maxpos": [51.84090909,5.496448864,15.32244318,22.65056818],
			"type": 1
		}
	}
}
