{
	"data": {
		"imagename": "02994-10.1.1.123.2506-Figure-4",
		"difficult": 0,
		"curves": [
			{
				"name": "Bundle System",
				"labelposition": [558.5101646,84.93465634,74.27105518,48.21103582],
				"symbolposition": [501.8296225,100.570668,56.68054211,17.59051307],
				"x": [
					[187.8063892],
					[376.090029],
					[438.6340755]
				],
				"y": [
					[304.4903195],
					[304.4903195],
					[270.6122943]
				]
			},
			{
				"name": "Simple System",
				"labelposition": [559.8131655,139.660697,74.92255566,48.8625363],
				"symbolposition": [499.875121,154.6452081,61.2410455,16.2875121],
				"x": [
					[187.8063892],
					[251.0019361],
					[316.1519845],
					[375.4385286],
					[439.285576]
				],
				"y": [
					[290.8088093],
					[281.6878025],
					[28.25411423],
					[304.4903195],
					[156.5997096]
				]
			}
		],
		"plotpos": [139.5953533,8.057599226,346.5982575,310.7657309],
		"xax": {
			"titlepos": [270.5469506,385.92788,89.9070668,32.5750242],
			"minpos": [174.7763795,344.231849,26.71151985,29.96902227],
			"maxpos": [429.5130687,344.8833495,21.49951597,27.36302033],
			"type": 1
		},
		"yax": {
			"titlepos": [6.689254598,13.92110358,67.75605034,295.1297193],
			"minpos": [77.70280736,290.8088093,39.09002904,26.71151985],
			"maxpos": [77.70280736,11.96660213,39.74152953,26.06001936],
			"type": 1
		}
	}
}
