{
	"data": {
		"imagename": "02992-10.1.1.149.8563-Figure-5",
		"difficult": 0,
		"curves": [
			{
				"name": "sIB",
				"labelposition": [390.796875,58.6015625,30.640625,20.234375],
				"symbolposition": [357.84375,61.4921875,32.953125,13.296875],
				"x": [
					[110.984375],
					[153.1875],
					[192.5],
					[237.015625],
					[280.375],
					[321.421875],
					[363.046875],
					[404.09375],
					[445.140625],
					[488.5]
				],
				"y": [
					[114.1015625],
					[177.1171875],
					[231.4609375],
					[254.0078125],
					[278.2890625],
					[308.3515625],
					[321.6484375],
					[323.9609375],
					[332.0546875],
					[330.3203125]
				]
			},
			{
				"name": "MCRD",
				"labelposition": [390.796875,84.0390625,61.28125,21.390625],
				"symbolposition": [361.3125,88.6640625,28.90625,12.71875],
				"x": [
					[110.984375],
					[149.71875],
					[189.03125],
					[235.859375],
					[278.640625],
					[364.78125],
					[402.359375],
					[445.71875],
					[487.34375]
				],
				"y": [
					[52.2421875],
					[89.8203125],
					[96.1796875],
					[119.8828125],
					[147.0546875],
					[171.3359375],
					[182.3203125],
					[188.1015625],
					[197.3515625]
				]
			}
		],
		"plotpos": [67.625,35.4765625,417.40625,327.21875],
		"xax": {
			"titlepos": [248,384.0859375,59.546875,21.390625],
			"minpos": [61.84375,367.8984375,15.609375,19.65625],
			"maxpos": [480.984375,367.8984375,12.140625,19.078125],
			"type": 1
		},
		"yax": {
			"titlepos": [3.453125,155.7265625,23.125,95.390625],
			"minpos": [37.5625,353.4453125,27.75,20.234375],
			"maxpos": [51.4375,24.4921875,14.453125,23.125],
			"type": 1
		}
	}
}
