{
	"data": {
		"imagename": "02990-10.1.1.217.6984-Figure-2",
		"difficult": 0,
		"curves": [
			{
				"name": "[KR 06] + temporal information",
				"labelposition": [260.1676136,20.24786932,235.7954545,16.50568182],
				"symbolposition": [500.6789773,22.01633523,50.69602273,10.61079545],
				"x": [
					[82.14204545],
					[546.0696023]
				],
				"y": [
					[187.0731534],
					[187.662642]
				]
			},
			{
				"name": "[KR 06]",
				"labelposition": [428.7613636,35.57457386,61.30681818,18.86363636],
				"symbolposition": [499.5,39.70099432,50.69602273,11.78977273],
				"x": [
					[80.96306818],
					[543.1221591]
				],
				"y": [
					[289.0546875],
					[289.0546875]
				]
			},
			{
				"name": "All Cons. + unsupervised learning",
				"labelposition": [241.8934659,52.66974432,257.0170455,21.81107955],
				"symbolposition": [501.8579545,52.08025568,49.51704545,17.68465909],
				"x": [
					[80.96306818],
					[106.3110795],
					[130.4801136],
					[154.0596591],
					[207.703125],
					[253.6832386],
					[274.9048295],
					[302.0213068],
					[325.0113636],
					[350.359375],
					[373.9389205],
					[398.6974432],
					[423.4559659],
					[447.625],
					[471.2045455],
					[495.9630682],
					[519.5426136],
					[544.3011364]
				],
				"y": [
					[289.0546875],
					[228.9268466],
					[194.7365057],
					[169.3884943],
					[151.7038352],
					[144.6299716],
					[144.6299716],
					[139.3245739],
					[137.556108],
					[138.1455966],
					[139.3245739],
					[137.556108],
					[139.3245739],
					[135.787642],
					[139.9140625],
					[139.3245739],
					[137.556108],
					[136.3771307]
				]
			}
		],
		"plotpos": [80.37357955,14.35298295,488.0965909,350.15625],
		"xax": {
			"titlepos": [251.3252841,396.3416193,147.3721591,17.68465909],
			"minpos": [76.24715909,371.5830966,15.32670455,18.86363636],
			"maxpos": [559.6278409,369.8146307,21.22159091,22.99005682],
			"type": 1
		},
		"yax": {
			"titlepos": [2.561079545,169.3884943,17.68465909,40.67471591],
			"minpos": [44.41477273,332.087358,31.24289773,18.27414773],
			"maxpos": [60.33096591,6.100142045,11.20028409,17.09517045],
			"type": 1
		}
	}
}
