{
	"data": {
		"imagename": "02998-10.1.1.130.8258-Figure-1",
		"difficult": 0,
		"curves": [
			{
				"name": "RETALIATE",
				"labelposition": [510.2633107,246.6587609,105.5779284,22.8964182],
				"symbolposition": [464.4704743,252.3828654,46.42884802,17.17231365],
				"x": [
					[120.3881897],
					[283.8431752],
					[337.9041626],
					[393.8731849],
					[556.0561471],
					[608.8451113]
				],
				"y": [
					[81.93175218],
					[80.65972894],
					[104.1921588],
					[82.56776379],
					[81.29574056],
					[84.47579864]
				]
			},
			{
				"name": "Opponents",
				"labelposition": [508.9912875,277.8233301,101.125847,22.26040658],
				"symbolposition": [467.0145208,281.6393998,43.24878993,16.53630203],
				"x": [
					[118.4801549],
					[174.4491772],
					[226.6021297],
					[280.6631171],
					[335.9961278],
					[388.785092],
					[445.3901258],
					[497.5430784],
					[555.4201355],
					[609.4811229]
				],
				"y": [
					[132.8126815],
					[181.1495644],
					[245.3867377],
					[142.3528558],
					[162.0692159],
					[174.7894482],
					[154.4370765],
					[188.1456922],
					[170.9733785],
					[141.0808325]
				]
			}
		],
		"plotpos": [91.76766699,35.50290416,541.8818974,274.7570184],
		"xax": {
			"titlepos": [287.0232333,358.5968054,155.1868345,34.98063892],
			"minpos": [109.5759923,324.8881897,19.0803485,24.16844143],
			"maxpos": [595.4888674,326.7962246,29.25653437,24.16844143],
			"type": 1
		},
		"yax": {
			"titlepos": [25.62245886,142.3528558,23.53242982,65.50919652],
			"minpos": [61.23910939,298.1757018,21.62439497,23.53242982],
			"maxpos": [54.24298161,22.78267183,26.7124879,22.8964182],
			"type": 1
		}
	}
}
