{
	"data": {
		"imagename": "03009-10.1.1.211.4470-Figure-4",
		"difficult": 0,
		"curves": [
			{
				"name": "No Smoothing",
				"labelposition": [405.8702807,14.32090997,91.05614714,19.96418199],
				"symbolposition": [383.9583737,16.75556631,21.91190707,11.68635044],
				"x": [
					[89.36495644],
					[106.8944821],
					[113.2245886],
					[127.8325266],
					[133.1887706],
					[139.5188771],
					[146.8228461],
					[168.7347531],
					[181.8818974],
					[197.9506292],
					[220.3494676],
					[241.2875121],
					[257.3562439],
					[290.4675702],
					[333.804453]
				],
				"y": [
					[253.4041626],
					[100.9946757],
					[94.66456922],
					[93.69070668],
					[99.04695063],
					[106.3509197],
					[107.8117135],
					[118.5242014],
					[125.8281704],
					[139.9491772],
					[156.017909],
					[168.678122],
					[175.982091],
					[189.1292352],
					[205.1979671]
				]
			},
			{
				"name": "Smoothing",
				"labelposition": [407.8180058,34.28509197,68.65730881,17.52952565],
				"symbolposition": [385.4191675,36.71974831,20.45111326,11.68635044],
				"x": [
					[89.85188771],
					[107.3814134],
					[110.303001],
					[120.5285576],
					[126.3717328],
					[142.4404647],
					[155.5876089],
					[169.2216844]
				],
				"y": [
					[256.3257502],
					[88.821394],
					[79.08276864],
					[61.06631171],
					[56.19699903],
					[40.61519845],
					[38.18054211],
					[41.10212972]
				]
			}
		],
		"plotpos": [70.37463698,12.3731849,296.054211,260.5082285],
		"xax": {
			"titlepos": [152.6660213,313.2967086,128.0629235,16.06873185],
			"minpos": [63.07066796,286.0285576,18.01645692,19.47725073],
			"maxpos": [352.7947725,283.10697,28.24201355,21.91190707],
			"type": 1
		},
		"yax": {
			"titlepos": [4.151984511,109.2725073,18.99031946,72.06582769],
			"minpos": [27.52468538,267.5251694,32.62439497,15.58180058],
			"maxpos": [27.52468538,6.043078412,34.57212004,19.96418199],
			"type": 1
		}
	}
}
