{
	"data": {
		"imagename": "03016-10.1.1.118.957-Figure-1",
		"difficult": 0,
		"curves": [
			{
				"name": "Grad PCA 20",
				"labelposition": [485.4007744,106.7061955,113.7821878,22.99225557],
				"symbolposition": [450.0280736,108.4748306,35.37270087,17.68635044],
				"x": [
					[78.61471442],
					[80.38334947],
					[83.33107454],
					[86.86834463],
					[101.60697],
					[127.5469506],
					[159.3823814],
					[207.7250726],
					[330.9399806],
					[429.3939981],
					[448.8489835],
					[458.8712488],
					[462.9980639]
				],
				"y": [
					[270.5997096],
					[158.5861568],
					[132.0566312],
					[119.0866409],
					[108.4748306],
					[97.86302033],
					[90.78848015],
					[82.53484995],
					[67.20667957],
					[51.8785092],
					[48.34123911],
					[35.37124879],
					[22.40125847]
				]
			},
			{
				"name": "SIFT",
				"labelposition": [487.1694095,133.2357212,47.16360116,21.81316554],
				"symbolposition": [450.0280736,133.2357212,37.14133591,21.22362052],
				"x": [
					[78.61471442],
					[82.15198451],
					[112.2187803],
					[152.8973863],
					[186.5014521],
					[210.0832527],
					[270.2168441],
					[323.8654405],
					[394.0212972],
					[431.1626331],
					[443.5430784]
				],
				"y": [
					[296.5396902],
					[285.3383349],
					[256.4506292],
					[216.9511133],
					[191.6006776],
					[178.0411423],
					[144.4370765],
					[116.1389158],
					[70.74394966],
					[41.85624395],
					[30.65488867]
				]
			},
			{
				"name": "Img PCA 20",
				"labelposition": [485.9903195,157.9966118,105.5285576,21.81316554],
				"symbolposition": [450.6176186,157.9966118,35.37270087,20.04453049],
				"x": [
					[80.97289448],
					[106.3233301],
					[126.3678606],
					[152.3078412],
					[248.9932236],
					[300.2836399],
					[333.8877057],
					[381.0513069],
					[413.4762827],
					[435.8789932],
					[450.6176186],
					[457.6921588]
				],
				"y": [
					[262.3460794],
					[227.5629235],
					[211.6452081],
					[198.0856728],
					[156.8175218],
					[135.0043562],
					[116.1389158],
					[94.32575024],
					[74.87076476],
					[58.95304937],
					[42.44578896],
					[32.42352372]
				]
			}
		],
		"plotpos": [76.84607938,14.73717328,384.3833495,282.981607],
		"xax": {
			"titlepos": [210.6727977,347.2405615,118.4985479,23.58180058],
			"minpos": [67.41335915,314.2260407,33.01452081,26.52952565],
			"maxpos": [452.3862536,314.2260407,21.22362052,26.52952565],
			"type": 1
		},
		"yax": {
			"titlepos": [3.152952565,126.161181,22.99225557,62.49177154],
			"minpos": [49.72700871,287.696515,17.09680542,23.58180058],
			"maxpos": [50.31655373,4.714908035,13.55953533,18.27589545],
			"type": 1
		}
	}
}
