{
	"data": {
		"imagename": "03013-10.1.1.170.1257-Figure-5",
		"difficult": 0,
		"curves": [
			{
				"name": "Functional Backpropagation",
				"labelposition": [299.2755682,26.49644886,255.5795455,21.29829545],
				"symbolposition": [252.2940341,26.49644886,36.33238636,16.91335227],
				"x": [
					[68.12642045],
					[69.37926136],
					[76.26988636],
					[82.53409091],
					[86.91903409],
					[88.171875],
					[92.55681818],
					[100.0738636],
					[107.5909091],
					[109.4701705],
					[116.9872159],
					[120.7457386],
					[131.3948864],
					[141.4176136],
					[158.3309659],
					[182.7613636],
					[213.4559659],
					[245.4034091],
					[271.0866477],
					[568.6363636]
				],
				"y": [
					[44.66264205],
					[248.8757102],
					[260.7776989],
					[278.943892],
					[300.2421875],
					[321.540483],
					[330.3103693],
					[343.4651989],
					[349.7294034],
					[358.4992898],
					[366.0163352],
					[364.1370739],
					[370.4012784],
					[375.412642],
					[381.0504261],
					[390.446733],
					[395.4580966],
					[401.0958807],
					[402.975142],
					[402.975142]
				]
			},
			{
				"name": "Parametric Backpropagation",
				"labelposition": [299.2755682,49.67400568,258.7116477,25.05681818],
				"symbolposition": [254.1732955,54.05894886,29.44176136,13.15482955],
				"x": [
					[68.12642045],
					[71.88494318],
					[73.13778409],
					[82.53409091],
					[94.43607955],
					[113.2286932],
					[133.2741477],
					[172.1122159],
					[225.984375],
					[286.1207386],
					[341.2457386],
					[408.2727273],
					[468.4090909],
					[517.2698864],
					[566.7571023]
				],
				"y": [
					[64.70809659],
					[95.40269886],
					[113.568892],
					[127.9765625],
					[148.6484375],
					[167.4410511],
					[178.7166193],
					[195.0035511],
					[209.4112216],
					[220.0603693],
					[225.6981534],
					[231.962358],
					[235.0944602],
					[234.4680398],
					[235.0944602]
				]
			}
		],
		"plotpos": [65.62073864,12.08877841,503.015625,390.8863636],
		"xax": {
			"titlepos": [247.9090909,422.3941761,142.1974432,18.16619318],
			"minpos": [61.86221591,408.6129261,10.02272727,13.78125],
			"maxpos": [490.3338068,407.3600852,50.11363636,16.91335227],
			"type": 1
		},
		"yax": {
			"titlepos": [2.978693182,91.64417614,23.17755682,229.2698864],
			"minpos": [53.09232955,395.4580966,11.27556818,15.03409091],
			"maxpos": [25.52982955,2.692471591,38.83806818,16.91335227],
			"type": 1
		}
	}
}
