{
	"data": {
		"imagename": "03028-10.1.1.321.2443-Figure-3",
		"difficult": 0,
		"curves": [
			{
				"name": "Prob. of a0",
				"labelposition": [442.3551136,30.36576705,60.28977273,9.490056818],
				"symbolposition": [501.5284091,29.80752841,29.02840909,10.04829545],
				"x": [
					[65.54403409],
					[217.9431818],
					[273.7670455],
					[310.0525568],
					[330.1491477],
					[348.0127841],
					[365.3181818],
					[384.8565341],
					[519.3920455]
				],
				"y": [
					[248.6370739],
					[249.1953125],
					[251.9865057],
					[277.1072443],
					[273.7578125],
					[322.8828125],
					[353.5859375],
					[363.0759943],
					[363.0759943]
				]
			},
			{
				"name": "Prob. of a1",
				"labelposition": [442.3551136,39.85582386,58.05681818,11.16477273],
				"symbolposition": [500.9701705,39.29758523,25.67897727,11.72301136],
				"x": [
					[66.10227273],
					[198.9630682],
					[233.5738636],
					[273.7670455],
					[293.8636364],
					[311.7272727],
					[328.4744318],
					[383.7400568],
					[404.953125],
					[423.375],
					[442.3551136],
					[461.3352273],
					[480.3153409],
					[533.3480114]
				],
				"y": [
					[248.6370739],
					[249.7535511],
					[254.2194602],
					[265.384233],
					[267.0589489],
					[277.1072443],
					[302.227983],
					[326.2322443],
					[332.931108],
					[292.7379261],
					[190.5802557],
					[51.02059659],
					[20.31747159],
					[19.20099432]
				]
			},
			{
				"name": "Prob. of a2",
				"labelposition": [442.3551136,52.13707386,56.38210227,10.04829545],
				"symbolposition": [504.3196023,52.13707386,22.88778409,9.490056818],
				"x": [
					[65.54403409],
					[178.8664773],
					[218.5014205],
					[255.3451705],
					[273.7670455],
					[294.421875],
					[329.5909091],
					[348.5710227],
					[365.3181818],
					[385.4147727],
					[403.8366477],
					[422.2585227],
					[441.796875],
					[461.8934659],
					[479.7571023],
					[518.2755682]
				],
				"y": [
					[249.7535511],
					[246.962358],
					[244.1711648],
					[236.9140625],
					[229.6569602],
					[216.259233],
					[165.459517],
					[110.193892],
					[68.88423295],
					[56.60298295],
					[49.90411932],
					[91.21377841],
					[191.1384943],
					[329.5816761],
					[364.1924716],
					[364.1924716]
				]
			}
		],
		"plotpos": [65.54403409,19.20099432,468.3622159,344.9914773],
		"xax": {
			"titlepos": [240.2727273,379.8231534,117.7883523,11.72301136],
			"minpos": [58.84517045,366.4254261,13.39772727,13.95596591],
			"maxpos": [519.3920455,368.100142,30.703125,11.72301136],
			"type": 1
		},
		"yax": {
			"titlepos": [1.904829545,147.5958807,25.12073864,88.75994318],
			"minpos": [50.47159091,356.9353693,9.490056818,12.28125],
			"maxpos": [53.26278409,12.50213068,6.140625,16.18892045],
			"type": 1
		}
	}
}
