{
	"data": {
		"imagename": "03025-10.1.1.332.3102-Figure-5",
		"difficult": 0,
		"curves": [
			{
				"name": "FF",
				"labelposition": [123.0809659,57.52769886,20.80255682,16.49857955],
				"symbolposition": [73.58522727,55.37571023,45.19176136,15.06392045],
				"x": [
					[92.23579545],
					[129.5369318],
					[168.9900568],
					[204.8565341],
					[285.1974432],
					[325.3678977],
					[359.7997159],
					[400.6875],
					[440.140625],
					[593.6491477]
				],
				"y": [
					[404.7151989],
					[334.4169034],
					[335.134233],
					[405.4325284],
					[406.149858],
					[336.568892],
					[406.8671875],
					[406.149858],
					[334.4169034],
					[335.134233]
				]
			},
			{
				"name": "Baseline algorithm",
				"labelposition": [123.0809659,74.74360795,121.2286932,17.93323864],
				"symbolposition": [75.73721591,74.02627841,40.88778409,17.21590909],
				"x": [
					[90.80113636],
					[126.6676136],
					[209.1605114],
					[247.8963068],
					[284.4801136],
					[323.2159091],
					[361.9517045],
					[399.2528409],
					[439.4232955],
					[481.0284091],
					[515.4602273],
					[556.3480114],
					[595.0838068]
				],
				"y": [
					[364.5447443],
					[349.4808239],
					[279.1825284],
					[287.0731534],
					[283.4865057],
					[268.4225852],
					[259.0973011],
					[251.2066761],
					[330.1129261],
					[285.6384943],
					[312.1796875],
					[243.3160511],
					[286.3558239]
				]
			},
			{
				"name": "Equivalence classes",
				"labelposition": [120.9289773,91.2421875,131.2713068,18.65056818],
				"symbolposition": [72.86789773,96.26349432,45.90909091,14.34659091],
				"x": [
					[90.80113636],
					[131.6889205],
					[168.9900568],
					[208.4431818],
					[247.1789773],
					[287.3494318],
					[324.6505682],
					[361.9517045],
					[397.1008523],
					[478.8764205],
					[519.046875],
					[556.3480114],
					[593.6491477]
				],
				"y": [
					[355.9367898],
					[336.568892],
					[294.9637784],
					[247.6200284],
					[288.5078125],
					[282.7691761],
					[267.7052557],
					[259.0973011],
					[253.3586648],
					[286.3558239],
					[307.1583807],
					[227.5348011],
					[272.009233]
				]
			}
		],
		"plotpos": [52.78267045,36.72514205,541.5838068,426.8110795],
		"xax": {
			"titlepos": [280.8934659,485.7734375,75.31960227,13.62926136],
			"minpos": [75.01988636,468.5575284,28.69318182,19.36789773],
			"maxpos": [580.0198864,469.9921875,25.10653409,16.49857955],
			"type": 1
		},
		"yax": {
			"titlepos": [9.742897727,165.8444602,19.36789773,183.6363636],
			"minpos": [29.828125,452.7762784,18.65056818,20.08522727],
			"maxpos": [29.11079545,27.39985795,20.80255682,19.36789773],
			"type": 1
		}
	}
}
