{
	"data": {
		"imagename": "03027-10.1.1.143.8183-Figure-2",
		"difficult": 0,
		"curves": [
			{
				"name": "Supervised",
				"labelposition": [504.1122943,90.88334947,84.0803485,19.13552759],
				"symbolposition": [467.5808325,92.62294288,35.37173282,12.75701839],
				"x": [
					[115.0232333],
					[420.6118103]
				],
				"y": [
					[40.43514037],
					[39.27541142]
				]
			},
			{
				"name": "U_HF",
				"labelposition": [504.6921588,111.7584705,42.90997096,21.45498548],
				"symbolposition": [467.0009681,113.4980639,37.11132623,14.49661181],
				"x": [
					[115.6030978],
					[177.6485963],
					[238.5343659],
					[420.0319458]
				],
				"y": [
					[83.9249758],
					[59.57066796],
					[53.77202323],
					[56.09148112]
				]
			},
			{
				"name": "U_HF_HR",
				"labelposition": [504.1122943,136.6926428,80.60116167,17.97579864],
				"symbolposition": [465.8412391,137.2725073,37.69119071,13.91674734],
				"x": [
					[115.6030978],
					[176.4888674],
					[237.374637],
					[298.2604066],
					[359.1461762],
					[418.8722168]
				],
				"y": [
					[83.9249758],
					[53.19215876],
					[54.35188771],
					[58.41093901],
					[61.31026137],
					[66.52904163]
				]
			}
		],
		"plotpos": [82.55082285,25.35866409,368.7938045,190.195547],
		"xax": {
			"titlepos": [220.5585673,257.304453,95.67763795,23.77444337],
			"minpos": [109.2245886,229.4709584,12.75701839,18.55566312],
			"maxpos": [410.1742498,229.4709584,22.03484995,20.87512101],
			"type": 1
		},
		"yax": {
			"titlepos": [17.02613746,77.5464666,22.03484995,88.13939981],
			"minpos": [59.93610842,206.8562439,13.91674734,19.13552759],
			"maxpos": [48.33881897,17.82042594,26.09390126,17.97579864],
			"type": 1
		}
	}
}
