{
	"data": {
		"imagename": "03038-10.1.1.385.5289-Figure-9",
		"difficult": 0,
		"curves": [
			{
				"name": "Test RAP",
				"labelposition": [417.859375,145.3203125,102.328125,20.8125],
				"symbolposition": [370.453125,148.7890625,47.40625,13.875],
				"x": [
					[122.4375],
					[318.421875],
					[507.46875]
				],
				"y": [
					[51.0859375],
					[95.6015625],
					[87.5078125]
				]
			},
			{
				"name": "Test PLSI",
				"labelposition": [416.125,167.8671875,112.15625,22.546875],
				"symbolposition": [372.765625,173.0703125,41.625,13.875],
				"x": [
					[124.171875],
					[316.109375],
					[506.890625]
				],
				"y": [
					[235.5078125],
					[330.8984375],
					[309.5078125]
				]
			},
			{
				"name": "Test LSI",
				"labelposition": [417.859375,192.1484375,92.5,21.96875],
				"symbolposition": [369.296875,197.3515625,47.984375,13.296875],
				"x": [
					[122.4375],
					[315.53125],
					[506.3125]
				],
				"y": [
					[112.9453125],
					[262.6796875],
					[312.9765625]
				]
			}
		],
		"plotpos": [84.28125,34.8984375,461.921875,323.171875],
		"xax": {
			"titlepos": [149.609375,381.1953125,327.796875,23.125],
			"minpos": [69.828125,363.8515625,28.328125,19.65625],
			"maxpos": [530.015625,362.1171875,30.0625,23.125],
			"type": 1
		},
		"yax": {
			"titlepos": [4.5,77.6796875,26.015625,237.609375],
			"minpos": [31.671875,350.5546875,51.453125,15.609375],
			"maxpos": [32.828125,22.1796875,46.828125,26.015625],
			"type": 1
		}
	}
}
