{
	"data": {
		"imagename": "03042-10.1.1.139.3639-Figure-12",
		"difficult": 0,
		"curves": [
			{
				"name": "DIRECT",
				"labelposition": [556.8305905,184.9162633,64.08325266,19.47628267],
				"symbolposition": [524.7889642,189.3141336,32.66989351,12.56534366],
				"x": [
					[179.2420136],
					[401.0203291]
				],
				"y": [
					[203.7642788],
					[184.2879961]
				]
			},
			{
				"name": "INDIRECT",
				"labelposition": [558.0871249,208.7904163,72.25072604,17.59148112],
				"symbolposition": [524.7889642,210.0469506,33.2981607,14.45014521],
				"x": [
					[177.9854792],
					[401.0203291]
				],
				"y": [
					[206.2773475],
					[166.696515]
				]
			}
		],
		"plotpos": [67.41045499,95.07405615,444.1848984,221.1500484],
		"xax": {
			"titlepos": [198.7182962,355.8049371,183.4540174,19.47628267],
			"minpos": [161.0222652,328.161181,37.06776379,19.47628267],
			"maxpos": [380.2875121,330.6742498,48.37657309,15.07841239],
			"type": 2
		},
		"yax": {
			"titlepos": [-0.4424007744,142.8223621,16.33494676,125.0251694],
			"minpos": [27.82962246,304.9152953,28.90029042,21.9893514],
			"maxpos": [20.29041626,85.6500484,38.95256534,20.73281704],
			"type": 1
		}
	}
}
