{
	"data": {
		"imagename": "03065-10.1.1.20.7475-Figure-6",
		"difficult": 0,
		"curves": [
			{
				"name": "Large Margin",
				"labelposition": [767.1931818,529.243608,123.5241477,21.08948864],
				"symbolposition": [892.7258523,530.2478693,45.19176136,17.07244318],
				"x": [
					[115.4275568],
					[150.5767045],
					[186.7301136],
					[220.875],
					[297.1988636],
					[333.3522727],
					[373.5227273],
					[406.6633523],
					[443.8210227],
					[521.1491477],
					[555.2940341],
					[594.4602273],
					[628.6051136],
					[667.7713068],
					[742.0866477],
					[778.2400568],
					[854.5639205],
					[925.8664773],
					[960.0113636]
				],
				"y": [
					[103.4367898],
					[114.4836648],
					[128.5433239],
					[203.8629261],
					[114.4836648],
					[161.6839489],
					[88.37286932],
					[169.7180398],
					[115.4879261],
					[94.3984375],
					[154.6541193],
					[129.5475852],
					[87.36860795],
					[158.6711648],
					[105.4453125],
					[123.522017],
					[115.4879261],
					[140.5944602],
					[203.8629261]
				]
			},
			{
				"name": "Perceptron",
				"labelposition": [785.2698864,549.3288352,106.4517045,22.09375],
				"symbolposition": [893.7301136,552.3416193,46.19602273,14.05965909],
				"x": [
					[112.4147727],
					[145.5553977],
					[184.7215909],
					[223.8877841],
					[263.0539773],
					[296.1946023],
					[334.3565341],
					[371.5142045],
					[407.6676136],
					[444.8252841],
					[482.9872159],
					[520.1448864],
					[556.2982955],
					[594.4602273],
					[628.6051136],
					[664.7585227],
					[700.9119318],
					[740.078125],
					[779.2443182],
					[850.546875],
					[888.7088068],
					[922.8536932],
					[961.015625]
				],
				"y": [
					[113.4794034],
					[108.4580966],
					[138.5859375],
					[224.9524148],
					[151.6413352],
					[203.8629261],
					[179.7606534],
					[115.4879261],
					[171.7265625],
					[172.7308239],
					[118.5007102],
					[99.41974432],
					[213.9055398],
					[178.756392],
					[117.4964489],
					[161.6839489],
					[122.5177557],
					[182.7734375],
					[99.41974432],
					[144.6115057],
					[155.6583807],
					[177.7521307],
					[246.0419034]
				]
			},
			{
				"name": "Lexicographic",
				"labelposition": [761.1676136,568.4098011,129.5497159,22.09375],
				"symbolposition": [893.7301136,569.4140625,44.1875,17.07244318],
				"x": [
					[113.4190341],
					[184.7215909],
					[219.8707386],
					[260.0411932],
					[296.1946023],
					[334.3565341],
					[367.4971591],
					[408.671875],
					[442.8167614],
					[484.9957386],
					[522.1534091],
					[559.3110795],
					[589.4389205],
					[630.6136364],
					[664.7585227],
					[703.9247159],
					[743.0909091],
					[779.2443182],
					[815.3977273],
					[849.5426136],
					[889.7130682],
					[924.8622159],
					[962.0198864]
				],
				"y": [
					[104.4410511],
					[128.5433239],
					[237.0035511],
					[160.6796875],
					[182.7734375],
					[136.5774148],
					[113.4794034],
					[151.6413352],
					[197.837358],
					[144.6115057],
					[118.5007102],
					[170.7223011],
					[161.6839489],
					[104.4410511],
					[162.6882102],
					[167.709517],
					[221.9396307],
					[105.4453125],
					[132.5603693],
					[135.5731534],
					[124.5262784],
					[253.071733],
					[303.2848011]
				]
			},
			{
				"name": "SANE",
				"labelposition": null,
				"symbolposition": null,
				"x": [
					[112.4147727],
					[146.5596591],
					[184.7215909],
					[223.8877841],
					[259.0369318],
					[293.1818182],
					[333.3522727],
					[368.5014205],
					[407.6676136],
					[445.8295455],
					[484.9957386],
					[517.1321023],
					[553.2855114],
					[591.4474432],
					[631.6178977],
					[666.7670455],
					[702.9204545],
					[739.0738636],
					[775.2272727],
					[815.3977273],
					[849.5426136],
					[887.7045455],
					[928.8792614],
					[963.0241477]
				],
				"y": [
					[291.2336648],
					[221.9396307],
					[298.2634943],
					[298.2634943],
					[258.0930398],
					[344.459517],
					[303.2848011],
					[313.3274148],
					[270.1441761],
					[390.6555398],
					[297.259233],
					[321.3615057],
					[265.1228693],
					[346.4680398],
					[270.1441761],
					[255.0802557],
					[323.3700284],
					[356.5106534],
					[233.990767],
					[316.3401989],
					[283.1995739],
					[387.6427557],
					[368.5617898],
					[409.7365057]
				]
			}
		],
		"plotpos": [110.40625,14.05752841,851.6136364,640.71875],
		"xax": {
			"titlepos": [465.9147727,682.8955966,147.6264205,23.09801136],
			"minpos": [104.3806818,662.8103693,16.06818182,23.09801136],
			"maxpos": [873.6448864,662.8103693,33.140625,25.10653409],
			"type": 1
		},
		"yax": {
			"titlepos": [1.946022727,264.118608,27.11505682,139.5923295],
			"minpos": [84.29545455,642.725142,19.08096591,24.10227273],
			"maxpos": [63.20596591,2.006392045,39.16619318,23.09801136],
			"type": 1
		}
	}
}
