{
	"data": {
		"imagename": "03062-10.1.1.144.8900-Figure-4",
		"difficult": 0,
		"curves": [
			{
				"name": "cpcs 179",
				"labelposition": [808.7153921,12.02081317,94.50726041,30.31364956],
				"symbolposition": [740.0638916,14.69554695,69.54307841,26.74733785],
				"x": [
					[141.8151016],
					[162.321394],
					[206.9002904],
					[235.4307841],
					[337.070668],
					[451.1926428],
					[552.8325266],
					[675.8702807],
					[765.0280736]
				],
				"y": [
					[356.1698935],
					[323.1815102],
					[289.3015489],
					[275.036302],
					[226.8910939],
					[193.9027106],
					[161.8059051],
					[143.0827686],
					[127.9259439]
				]
			},
			{
				"name": "cpcs360b",
				"labelposition": [807.8238141,53.03339787,103.4230397,26.74733785],
				"symbolposition": [742.7386254,53.9249758,63.30203291,24.96418199],
				"x": [
					[141.8151016],
					[167.6708616],
					[204.2255566],
					[235.4307841],
					[338.8538238],
					[447.6263311],
					[552.8325266],
					[766.8112294]
				],
				"y": [
					[358.8446273],
					[343.6878025],
					[319.6151985],
					[304.4583737],
					[258.0963214],
					[232.2405615],
					[205.4932236],
					[177.8543078]
				]
			}
		],
		"plotpos": [119.5256534,61.05759923,759.624395,345.0406583],
		"xax": {
			"titlepos": [415.5295257,461.3760891,169.3998064,50.81994192],
			"minpos": [110.6098742,425.7129719,25.85575992,31.20522749],
			"maxpos": [848.8363988,419.4719264,57.06098742,39.22942885],
			"type": 1
		},
		"yax": {
			"titlepos": [17.8857696,122.5764763,39.22942885,233.5934172],
			"minpos": [82.97095837,390.9414327,24.96418199,32.09680542],
			"maxpos": [63.35624395,44.11761859,43.68731849,34.77153921],
			"type": 1
		}
	}
}
