{
	"data": {
		"imagename": "03068-10.1.1.186.8247-Figure-3",
		"difficult": 0,
		"curves": [
			{
				"name": "No Feature Selection",
				"labelposition": [128.0213068,18.43394886,171.7883523,17.61931818],
				"symbolposition": [88.37784091,21.58025568,34.609375,10.69744318],
				"x": [
					[94.67045455],
					[137.4602273],
					[168.2940341],
					[219.8934659],
					[284.078125],
					[313.0241477],
					[363.3650568],
					[404.2670455],
					[448.3153409],
					[486.0710227],
					[523.8267045],
					[558.4360795]
				],
				"y": [
					[209.100142],
					[210.9879261],
					[217.2805398],
					[224.2024148],
					[231.1242898],
					[234.2705966],
					[233.6413352],
					[232.3828125],
					[219.1683239],
					[202.178267],
					[185.1882102],
					[161.9055398]
				]
			},
			{
				"name": "L1",
				"labelposition": [126.7627841,36.05326705,24.54119318,16.99005682],
				"symbolposition": [86.49005682,39.19957386,35.86789773,13.84375],
				"x": [
					[94.67045455],
					[119.2116477],
					[163.8892045],
					[218.0056818],
					[267.0880682],
					[314.2826705],
					[357.7017045],
					[399.2329545],
					[438.8764205],
					[480.4076705],
					[520.0511364],
					[559.6946023]
				],
				"y": [
					[206.5830966],
					[211.6171875],
					[216.6512784],
					[224.2024148],
					[229.865767],
					[230.4950284],
					[226.7194602],
					[221.056108],
					[206.5830966],
					[187.0759943],
					[165.681108],
					[139.2521307]
				]
			},
			{
				"name": "Grafting",
				"labelposition": [128.0213068,54.93110795,69.21875,19.50710227],
				"symbolposition": [88.37784091,58.70667614,33.98011364,11.95596591],
				"x": [
					[92.78267045],
					[139.9772727],
					[192.8352273],
					[228.0738636],
					[280.9318182],
					[316.7997159],
					[362.7357955],
					[406.7840909],
					[448.3153409],
					[486.0710227],
					[520.6803977],
					[546.4801136],
					[559.6946023]
				],
				"y": [
					[198.4026989],
					[201.5490057],
					[204.6953125],
					[207.8416193],
					[206.5830966],
					[202.178267],
					[192.1100852],
					[171.9737216],
					[147.4325284],
					[113.4524148],
					[76.95525568],
					[35.42400568],
					[15.28764205]
				]
			}
		],
		"plotpos": [58.17329545,7.107244318,513.4772727,398.3224432],
		"xax": {
			"titlepos": [287.2244318,423.0490057,53.48721591,17.61931818],
			"minpos": [49.99289773,410.4637784,16.36079545,10.69744318],
			"maxpos": [565.9872159,407.3174716,12.58522727,16.99005682],
			"type": 1
		},
		"yax": {
			"titlepos": [2.169034091,153.0958807,18.87784091,110.1207386],
			"minpos": [22.93465909,397.2492898,33.35085227,13.84375],
			"maxpos": [19.15909091,63.74076705,36.49715909,20.13636364],
			"type": 1
		}
	}
}
