{
	"data": {
		"imagename": "03072-10.1.1.149.7158-Figure-4",
		"difficult": 0,
		"curves": [
			{
				"name": "INFEX #prototypes",
				"labelposition": [274.3536932,42.62997159,141.5965909,20.44176136],
				"symbolposition": [238.4559659,45.12286932,35.89772727,12.96306818],
				"x": [
					[68.44034091],
					[127.2727273],
					[184.609375],
					[244.9375],
					[303.7698864],
					[364.0980114],
					[421.9332386]
				],
				"y": [
					[90.49360795],
					[141.8473011],
					[219.1271307],
					[273.4723011],
					[304.384233],
					[309.868608],
					[310.865767]
				]
			},
			{
				"name": "KVQ #prototypes",
				"labelposition": [273.8551136,63.07173295,130.1292614,17.94886364],
				"symbolposition": [238.4559659,66.56178977,34.40198864,9.473011364],
				"x": [
					[68.93892045],
					[127.7713068],
					[186.1051136],
					[305.7642045],
					[364.0980114],
					[421.4346591]
				],
				"y": [
					[76.53338068],
					[94.48224432],
					[161.2919034],
					[263.0021307],
					[284.9396307],
					[294.9112216]
				]
			}
		],
		"plotpos": [67.44318182,34.65269886,354.4900568,277.2102273],
		"xax": {
			"titlepos": [152.7002841,332.3046875,179.9872159,17.94886364],
			"minpos": [51.48863636,318.8430398,34.90056818,13.96022727],
			"maxpos": [400.4943182,315.8515625,41.88068182,17.45028409],
			"type": 1
		},
		"yax": {
			"titlepos": [3.625,90.49360795,24.43039773,167.5227273],
			"minpos": [53.98153409,303.3870739,11.46732955,15.95454545],
			"maxpos": [26.55965909,24.68110795,39.38778409,22.43607955],
			"type": 1
		}
	}
}
