{
	"data": {
		"imagename": "03073-10.1.1.157.5707-Figure-1",
		"difficult": 0,
		"curves": [
			{
				"name": "linked modifier words",
				"labelposition": [903.4695063,239.1021297,222.0145208,30.92739593],
				"symbolposition": [852.660213,247.9385286,56.33204259,17.67279768],
				"x": [
					[223.0667957],
					[406.4220716],
					[503.6224589],
					[593.0909971],
					[777.5508228]
				],
				"y": [
					[159.5745402],
					[400.3664085],
					[414.7255566],
					[426.875605],
					[427.9801549]
				]
			},
			{
				"name": "parent word",
				"labelposition": [906.7831559,281.0750242,131.4414327,24.30009681],
				"symbolposition": [852.660213,283.2841239,54.12294288,20.98644724],
				"x": [
					[312.535334],
					[406.4220716],
					[499.2042594],
					[594.195547],
					[780.8644724]
				],
				"y": [
					[300.9569216],
					[394.8436592],
					[414.7255566],
					[424.6665053],
					[427.9801549]
				]
			}
		],
		"plotpos": [173.3620523,116.4970958,656.1026137,313.6921588],
		"xax": {
			"titlepos": [446.1858664,488.7303969,103.8276864,32.03194579],
			"minpos": [206.4985479,458.9075508,23.19554695,27.61374637],
			"maxpos": [763.1916747,457.803001,26.50919652,30.92739593],
			"type": 1
		},
		"yax": {
			"titlepos": [25.35237173,226.9520813,35.34559535,94.99128751],
			"minpos": [136.9119071,411.4119071,24.30009681,28.71829622],
			"maxpos": [61.80251694,99.92884802,103.8276864,29.82284608],
			"type": 1
		}
	}
}
