{
	"data": {
		"imagename": "03086-10.1.1.216.8569-Figure-3",
		"difficult": 0,
		"curves": [
			{
				"name": "airplanes",
				"labelposition": [353.410455,25.31122943,88.96902227,21.56824782],
				"symbolposition": [451.5459826,26.92884802,67.40077444,12.94094869],
				"x": [
					[79.49370765],
					[170.6195547],
					[355.5672798],
					[539.9757986]
				],
				"y": [
					[154.7207164],
					[123.446757],
					[188.1515005],
					[215.1118103]
				]
			},
			{
				"name": "faces",
				"labelposition": [387.3804453,46.34027106,53.92061955,21.56824782],
				"symbolposition": [446.1539206,49.57550823,76.02807357,13.48015489],
				"x": [
					[81.11132623],
					[170.0803485],
					[358.2633107],
					[538.3581801]
				],
				"y": [
					[21.53678606],
					[34.47773475],
					[196.2395934],
					[200.553243]
				]
			},
			{
				"name": "motorbikes",
				"labelposition": [329.6853824,67.90851888,112.6940949,24.803485],
				"symbolposition": [446.1539206,71.68296225,72.7928364,14.55856728],
				"x": [
					[80.03291384],
					[173.3155857],
					[357.1848984],
					[538.3581801]
				],
				"y": [
					[175.2105518],
					[189.2299129],
					[188.1515005],
					[187.6122943]
				]
			}
		],
		"plotpos": [79.49370765,15.60551791,460.482091,235.0939013],
		"xax": {
			"titlepos": [256.892546,298.6887706,101.3707648,23.18586641],
			"minpos": [72.48402711,260.4051307,23.18586641,26.96030978],
			"maxpos": [527.03485,262.0227493,28.03872217,25.34269119],
			"type": 2
		},
		"yax": {
			"titlepos": [4.544046467,87.85914811,19.41142304,93.82187803],
			"minpos": [47.68054211,239.3760891,24.803485,23.7250726],
			"maxpos": [48.21974831,4.821393998,21.02904163,23.7250726],
			"type": 1
		}
	}
}
