{
	"data": {
		"imagename": "03107-10.1.1.157.7825-Figure-1",
		"difficult": 0,
		"curves": [
			{
				"name": "Left-to-Right_DeSR",
				"labelposition": [341.8650568,16.6328125,149.5951705,18.18607955],
				"symbolposition": [497.3267045,18.97940341,53.38494318,12.31960227],
				"x": [
					[94.88636364],
					[108.9659091],
					[128.3252841],
					[151.2045455],
					[161.7642045],
					[175.84375],
					[191.0965909],
					[205.1761364],
					[221.6022727],
					[236.2684659],
					[249.1747159],
					[260.3210227],
					[275.5738636],
					[290.2400568],
					[301.9730114],
					[318.3991477],
					[333.0653409],
					[345.3849432],
					[371.7840909],
					[387.0369318],
					[401.703125],
					[412.2627841],
					[427.515625],
					[455.6747159],
					[468.5809659],
					[485.59375],
					[499.6732955],
					[509.6463068],
					[527.2457386],
					[551.2982955],
					[565.9644886]
				],
				"y": [
					[50.07173295],
					[61.8046875],
					[109.3231534],
					[168.5745739],
					[207.8799716],
					[228.9992898],
					[231.3458807],
					[194.9737216],
					[197.3203125],
					[172.0944602],
					[174.4410511],
					[186.1740057],
					[180.8941761],
					[203.1867898],
					[203.1867898],
					[260.678267],
					[243.0788352],
					[233.6924716],
					[163.2947443],
					[154.4950284],
					[173.8544034],
					[284.7308239],
					[339.2890625],
					[253.0518466],
					[160.3615057],
					[186.1740057],
					[162.1214489],
					[203.1867898],
					[232.5191761],
					[257.7450284],
					[139.2421875]
				]
			},
			{
				"name": "Revision_DeSR",
				"labelposition": [370.0241477,34.23224432,122.0227273,17.01278409],
				"symbolposition": [494.3934659,34.23224432,59.83806818,15.83948864],
				"x": [
					[94.88636364],
					[108.9659091],
					[134.7784091],
					[148.8579545],
					[191.6832386],
					[206.9360795],
					[221.6022727],
					[233.3352273],
					[250.9346591],
					[273.8139205],
					[303.1463068],
					[316.6392045],
					[326.6122159],
					[343.625],
					[359.4644886],
					[370.0241477],
					[385.2769886],
					[399.9431818],
					[415.1960227],
					[429.8622159],
					[443.3551136],
					[456.2613636],
					[470.3409091],
					[481.4872159],
					[497.3267045],
					[526.6590909],
					[554.2315341],
					[566.5511364]
				],
				"y": [
					[48.31178977],
					[57.11150568],
					[111.6697443],
					[132.2024148],
					[210.2265625],
					[190.8671875],
					[183.240767],
					[168.5745739],
					[158.0149148],
					[133.962358],
					[108.149858],
					[143.9353693],
					[143.9353693],
					[149.2151989],
					[102.8700284],
					[106.3899148],
					[150.975142],
					[182.6541193],
					[277.1044034],
					[261.2649148],
					[264.7848011],
					[189.1072443],
					[136.8955966],
					[152.7350852],
					[151.5617898],
					[228.9992898],
					[205.5333807],
					[133.3757102]
				]
			}
		],
		"plotpos": [80.22017045,11.35298295,486.9176136,349.6420455],
		"xax": {
			"titlepos": [246.2414773,392.6740057,157.2215909,18.18607955],
			"minpos": [74.35369318,368.0348011,17.59943182,18.18607955],
			"maxpos": [558.3380682,365.1015625,23.46590909,23.46590909],
			"type": 1
		},
		"yax": {
			"titlepos": [2.196022727,143.9353693,24.63920455,87.41051136],
			"minpos": [43.26136364,352.1953125,32.265625,18.77272727],
			"maxpos": [62.03409091,3.139914773,11.14630682,17.01278409],
			"type": 1
		}
	}
}
