{
	"data": {
		"imagename": "03100-10.1.1.422.1554-Figure-4",
		"difficult": 0,
		"curves": [
			{
				"name": "fRmax",
				"labelposition": [159.8963068,10.61434659,61.97727273,18.9375],
				"symbolposition": [230.4815341,12.76633523,57.24289773,13.34232955],
				"x": [
					[83.71590909],
					[123.7428977],
					[165.4914773],
					[186.1505682],
					[204.6576705],
					[245.5454545],
					[283.8508523],
					[305.8011364],
					[343.6761364],
					[367.3480114],
					[406.9446023]
				],
				"y": [
					[170.7223011],
					[184.9254261],
					[194.3941761],
					[197.4069602],
					[203.4325284],
					[207.306108],
					[208.5973011],
					[211.1796875],
					[207.7365057],
					[206.0149148],
					[200.850142]
				]
			},
			{
				"name": "fEpsG",
				"labelposition": [165.4914773,29.98224432,55.09090909,21.95028409],
				"symbolposition": [228.7599432,31.70383523,60.68607955,15.49431818],
				"x": [
					[86.29829545],
					[105.6661932],
					[144.4019886],
					[186.5809659],
					[207.2400568],
					[246.8366477],
					[288.1548295],
					[306.2315341],
					[344.9673295],
					[367.3480114],
					[387.1463068],
					[407.8053977]
				],
				"y": [
					[168.5703125],
					[172.443892],
					[172.443892],
					[167.2791193],
					[165.5575284],
					[158.6711648],
					[147.4808239],
					[145.3288352],
					[133.2776989],
					[125.5305398],
					[120.365767],
					[116.0617898]
				]
			},
			{
				"name": "loreRL",
				"labelposition": [156.0227273,50.2109375,66.71164773,21.08948864],
				"symbolposition": [229.1903409,50.64133523,58.96448864,21.08948864],
				"x": [
					[84.57670455],
					[123.7428977],
					[188.7329545],
					[246.8366477],
					[286.4332386],
					[325.5994318],
					[366.4872159],
					[407.8053977]
				],
				"y": [
					[167.709517],
					[155.227983],
					[138.4424716],
					[121.2265625],
					[107.0234375],
					[94.11150568],
					[78.18678977],
					[62.69247159]
				]
			},
			{
				"name": "man-loreRL",
				"labelposition": [113.4133523,70.87002841,109.3210227,21.95028409],
				"symbolposition": [227.0383523,73.45241477,59.39488636,14.203125],
				"x": [
					[86.29829545],
					[139.6676136],
					[193.8977273],
					[245.5454545],
					[297.1931818],
					[352.2840909],
					[406.9446023],
					[406.0838068]
				],
				"y": [
					[166.4183239],
					[152.6455966],
					[138.8728693],
					[122.9481534],
					[107.4538352],
					[92.8203125],
					[75.17400568],
					[74.74360795]
				]
			}
		],
		"plotpos": [85.00710227,6.310369318,333.5582386,231.1235795],
		"xax": {
			"titlepos": [181.8465909,275.7393466,136.8664773,26.25426136],
			"minpos": [75.53835227,246.4723011,21.95028409,24.10227273],
			"maxpos": [405.2230114,246.4723011,29.69744318,25.82386364],
			"type": 1
		},
		"yax": {
			"titlepos": [2.801136364,28.26065341,27.54545455,188.5142045],
			"minpos": [42.39772727,202.1413352,33.57102273,25.39346591],
			"maxpos": [47.5625,16.20951705,30.55823864,26.25426136],
			"type": 1
		}
	}
}
