{
	"data": {
		"imagename": "03105-10.1.1.331.6655-Figure-11",
		"difficult": 0,
		"curves": [
			{
				"name": "Proposed",
				"labelposition": [487.6889205,345.774858,79.60227273,21.890625],
				"symbolposition": [435.2840909,349.7549716,52.40482955,14.59375],
				"x": [
					[64.47017045],
					[65.13352273],
					[68.45028409],
					[73.09375],
					[77.73721591]
				],
				"y": [
					[404.8132102],
					[292.7066761],
					[164.6796875],
					[58.54332386],
					[34.66264205]
				]
			},
			{
				"name": "FS",
				"labelposition": [489.015625,368.9921875,25.20738636,17.24715909],
				"symbolposition": [433.9573864,370.318892,55.72159091,15.25710227],
				"x": [
					[64.47017045],
					[64.47017045],
					[71.10369318],
					[68.45028409],
					[77.07386364],
					[106.2613636]
				],
				"y": [
					[418.0802557],
					[404.149858],
					[396.1896307],
					[375.6257102],
					[317.2507102],
					[242.2919034]
				]
			},
			{
				"name": "ISM",
				"labelposition": [487.0255682,387.5660511,39.13778409,21.22727273],
				"symbolposition": [433.9573864,392.209517,53.06818182,12.60369318],
				"x": [
					[65.13352273],
					[82.38068182],
					[77.73721591],
					[79.06392045],
					[94.984375],
					[148.7159091]
				],
				"y": [
					[414.100142],
					[410.7833807],
					[402.1598011],
					[368.9921875],
					[327.8643466],
					[284.7464489]
				]
			}
		],
		"plotpos": [63.80681818,14.09872159,513.4346591,404.6448864],
		"xax": {
			"titlepos": [261.4857955,445.2776989,118.7400568,21.22727273],
			"minpos": [57.17329545,426.7038352,13.26704545,15.92045455],
			"maxpos": [571.9346591,422.7237216,9.950284091,21.22727273],
			"type": 1
		},
		"yax": {
			"titlepos": [4.768465909,181.2634943,25.87073864,71.64204545],
			"minpos": [46.55965909,410.1200284,14.59375,18.57386364],
			"maxpos": [47.22301136,6.138494318,11.27698864,17.91051136],
			"type": 1
		}
	}
}
