{
	"data": {
		"imagename": "03118-10.1.1.352.2459-Figure-6",
		"difficult": 0,
		"curves": [
			{
				"name": "Oracle",
				"labelposition": [267.0994318,142.2137784,51.19176136,17.48011364],
				"symbolposition": [230.4744318,143.8785511,22.47443182,12.90198864],
				"x": [
					[83.14204545],
					[152.2301136],
					[225.0639205],
					[297.0653409],
					[366.9857955]
				],
				"y": [
					[222.5390625],
					[113.4964489],
					[58.97514205],
					[38.58167614],
					[36.91690341]
				]
			},
			{
				"name": "PADL",
				"labelposition": [268.3480114,160.9424716,44.94886364,21.64204545],
				"symbolposition": [224.2315341,166.352983,35.37642045,12.90198864],
				"x": [
					[79.39630682],
					[150.1491477],
					[226.3125],
					[293.3196023],
					[367.4019886]
				],
				"y": [
					[227.5333807],
					[146.3757102],
					[109.7507102],
					[93.93536932],
					[93.93536932]
				]
			},
			{
				"name": "Coates et al. 2011",
				"labelposition": [269.1803977,185.0816761,127.7713068,17.06392045],
				"symbolposition": [227.5610795,188.4112216,28.30113636,11.23721591],
				"x": [
					[80.64488636],
					[367.4019886]
				],
				"y": [
					[229.1981534],
					[229.6143466]
				]
			}
		],
		"plotpos": [50.26278409,10.69673295,358.7585227,247.21875],
		"xax": {
			"titlepos": [160.9701705,274.9794034,135.6789773,17.06392045],
			"minpos": [66.49431818,260.412642,27.88494318,14.56676136],
			"maxpos": [349.5056818,260.412642,38.28977273,15.81534091],
			"type": 2
		},
		"yax": {
			"titlepos": [1.151988636,83.53053977,20.80965909,101.9673295],
			"minpos": [21.96164773,249.5916193,24.97159091,18.3125],
			"maxpos": [21.12926136,4.037642045,26.22017045,14.98295455],
			"type": 1
		}
	}
}
