{
	"data": {
		"imagename": "03119-10.1.1.228.6129-Figure-6",
		"difficult": 0,
		"curves": [
			{
				"name": "ICP-based Method",
				"labelposition": [396.7713068,20.57173295,114.9872159,13.60795455],
				"symbolposition": [370.2357955,22.61292614,26.53551136,10.20596591],
				"x": [
					[55.89204545],
					[108.2826705],
					[164.0752841],
					[273.6193182],
					[328.0511364],
					[384.5241477],
					[438.2755682],
					[492.7073864],
					[548.5],
					[600.890625]
				],
				"y": [
					[401.5944602],
					[348.5234375],
					[309.0603693],
					[233.5362216],
					[231.4950284],
					[185.227983],
					[175.022017],
					[201.5575284],
					[154.6100852],
					[145.084517]
				]
			},
			{
				"name": "Modified Harmonic Map Method",
				"labelposition": [396.7713068,33.49928977,186.4289773,14.96875],
				"symbolposition": [368.875,35.54048295,26.53551136,13.60795455],
				"x": [
					[54.53125],
					[108.9630682],
					[164.0752841],
					[219.8678977],
					[274.9801136],
					[384.5241477],
					[440.3167614],
					[602.2514205]
				],
				"y": [
					[408.3984375],
					[390.7080966],
					[379.821733],
					[364.852983],
					[353.2862216],
					[309.0603693],
					[300.2151989],
					[294.772017]
				]
			},
			{
				"name": "Our Non-rigid Registration Method",
				"labelposition": [397.4517045,47.78764205,197.3153409,14.96875],
				"symbolposition": [370.9161932,49.1484375,24.49431818,11.56676136],
				"x": [
					[53.85085227],
					[104.8806818],
					[274.9801136],
					[383.1633523],
					[436.234375],
					[547.1392045],
					[600.890625]
				],
				"y": [
					[412.4808239],
					[405.6768466],
					[399.553267],
					[393.4296875],
					[395.4708807],
					[389.3473011],
					[387.306108]
				]
			}
		],
		"plotpos": [52.49005682,12.40696023,549.7613636,433.4133523],
		"xax": {
			"titlepos": [280.4232955,464.1910511,92.53409091,14.28835227],
			"minpos": [45.00568182,451.2634943,17.69034091,12.24715909],
			"maxpos": [586.6022727,447.8615057,27.21590909,17.00994318],
			"type": 1
		},
		"yax": {
			"titlepos": [1.460227273,177.743608,21.09232955,102.7400568],
			"minpos": [39.5625,439.696733,11.56676136,12.92755682],
			"maxpos": [29.35653409,5.602982955,21.77272727,15.64914773],
			"type": 1
		}
	}
}
