{
	"data": {
		"imagename": "03113-10.1.1.110.5113-Figure-2",
		"difficult": 0,
		"curves": [
			{
				"name": "Baseline-EntF",
				"labelposition": [89.76573088,305.4874153,74.62729913,13.20329138],
				"symbolposition": [167.8373669,304.339303,45.35043562,13.77734753],
				"x": [
					[52.45208132],
					[117.3204259],
					[186.2071636],
					[253.3717328],
					[315.9438529],
					[381.9603098],
					[446.8286544],
					[513.9932236],
					[578.2875121]
				],
				"y": [
					[154.5106486],
					[120.0672798],
					[114.9007744],
					[125.8078412],
					[144.1776379],
					[190.1021297],
					[253.8223621],
					[296.8765731],
					[327.3015489]
				]
			},
			{
				"name": "Twin-EntF",
				"labelposition": [106.4133591,318.6907067,59.7018393,12.05517909],
				"symbolposition": [167.8373669,318.1166505,40.75798645,13.77734753],
				"x": [
					[51.87802517],
					[578.8615682],
					[578.8615682]
				],
				"y": [
					[113.178606],
					[113.178606],
					[113.178606]
				]
			},
			{
				"name": "Baseline-AC EVal",
				"labelposition": [71.96999032,331.8939981,94.14520813,12.05517909],
				"symbolposition": [167.8373669,331.8939981,43.05421104,12.62923524],
				"x": [
					[53.02613746],
					[120.7647628],
					[186.2071636],
					[253.3717328],
					[315.9438529],
					[384.8305905],
					[449.124879],
					[515.1413359],
					[578.2875121]
				],
				"y": [
					[137.2889642],
					[103.4196515],
					[90.21636012],
					[85.62391094],
					[87.34607938],
					[92.5125847],
					[97.10503388],
					[99.97531462],
					[113.178606]
				]
			},
			{
				"name": "Twin-AC EVal",
				"labelposition": [93.21006776,343.9491772,72.90513069,11.48112294],
				"symbolposition": [168.9854792,344.5232333,44.20232333,10.9070668],
				"x": [
					[52.45208132],
					[580.0096805]
				],
				"y": [
					[83.32768635],
					[82.7536302]
				]
			}
		],
		"plotpos": [52.45208132,29.36640852,526.9835431,332.9525653],
		"xax": {
			"titlepos": [283.2226525,380.1147144,62.57212004,15.49951597],
			"minpos": [42.11907067,365.7633107,20.6660213,14.35140368],
			"maxpos": [568.5285576,364.0411423,22.96224589,16.07357212],
			"type": 1
		},
		"yax": {
			"titlepos": [3.083252662,163.1214908,18.36979671,64.29428848],
			"minpos": [28.91577928,355.4303001,18.36979671,12.05517909],
			"maxpos": [28.91577928,20.18151016,18.36979671,16.07357212],
			"type": 1
		}
	}
}
