{
	"data": {
		"imagename": "03121-10.1.1.362.5242-Figure-4",
		"difficult": 0,
		"curves": [
			{
				"name": "Ground truth sampling (upper bound)",
				"labelposition": [368.1829622,186.8785092,178.5314618,13.77734753],
				"symbolposition": [345.7947725,188.0266215,22.38818974,10.33301065],
				"x": [
					[34.08228461],
					[60.48886738],
					[112.1539206],
					[139.7086157],
					[164.39303],
					[193.6698935],
					[219.5024201],
					[244.7608906],
					[273.463698],
					[323.4065828],
					[348.6650532],
					[372.7754114],
					[402.6263311],
					[426.7366893],
					[452.5692159],
					[480.1239109],
					[505.3823814],
					[534.0851888],
					[584.0280736]
				],
				"y": [
					[232.2289448],
					[103.6403679],
					[77.23378509],
					[72.06727977],
					[73.78944821],
					[61.73426912],
					[66.90077444],
					[54.84559535],
					[55.99370765],
					[50.82720232],
					[53.12342691],
					[49.10503388],
					[52.54937076],
					[47.95692159],
					[50.25314618],
					[49.10503388],
					[51.97531462],
					[46.23475315],
					[47.38286544]
				]
			},
			{
				"name": "Active-Learning guided uncertainty sampling",
				"labelposition": [369.3310745,201.803969,212.9748306,14.35140368],
				"symbolposition": [345.7947725,204.6742498,22.38818974,8.03678606],
				"x": [
					[33.50822846],
					[59.91481123],
					[86.89545015],
					[113.8760891],
					[136.2642788],
					[191.3736689],
					[218.3543078],
					[239.5943853],
					[302.1665053],
					[344.0726041],
					[372.7754114],
					[428.4588577],
					[451.9951597],
					[480.1239109],
					[531.7889642],
					[582.8799613]
				],
				"y": [
					[233.3770571],
					[167.9346563],
					[135.7875121],
					[119.1398838],
					[115.1214908],
					[95.02952565],
					[94.45546951],
					[82.40029042],
					[80.67812197],
					[75.51161665],
					[69.19699903],
					[70.34511133],
					[66.90077444],
					[70.34511133],
					[63.45643756],
					[63.45643756]
				]
			},
			{
				"name": "Random sampling",
				"labelposition": [368.1829622,217.8775411,92.42303969,12.62923524],
				"symbolposition": [345.2207164,219.5997096,22.96224589,8.610842207],
				"x": [
					[34.08228461],
					[62.21103582],
					[89.19167473],
					[114.4501452],
					[140.2826718],
					[167.8373669],
					[191.9477251],
					[220.0764763],
					[245.3349468],
					[272.3155857],
					[323.9806389],
					[353.8315586],
					[385.4046467],
					[427.8848015],
					[476.6795741],
					[504.8083253],
					[531.7889642],
					[557.6214908],
					[583.4540174]
				],
				"y": [
					[238.5435624],
					[203.5261375],
					[180.5638916],
					[180.5638916],
					[174.8233301],
					[179.9898354],
					[173.6752178],
					[174.8233301],
					[167.3606002],
					[163.9162633],
					[156.4535334],
					[149.5648596],
					[145.5464666],
					[148.4167473],
					[144.3983543],
					[139.8059051],
					[141.5280736],
					[120.2879961],
					[115.1214908]
				]
			}
		],
		"plotpos": [34.08228461,10.06921588,548.7976767,262.9177154],
		"xax": {
			"titlepos": [285.5188771,287.3383349,47.07260407,11.48112294],
			"minpos": [53.60019361,274.1350436,12.62923524,13.77734753],
			"maxpos": [572.5469506,274.7090997,18.94385286,14.35140368],
			"type": 1
		},
		"yax": {
			"titlepos": [3.083252662,82.40029042,17.22168441,117.6815102],
			"minpos": [16.86060019,266.0982575,16.64762827,14.35140368],
			"maxpos": [18.58276864,4.902710552,13.77734753,12.62923524],
			"type": 1
		}
	}
}
