{
	"data": {
		"imagename": "03135-10.1.1.323.9916-Figure-3",
		"difficult": 0,
		"curves": [
			{
				"name": "LLPSI",
				"labelposition": [517.9872159,24.40127841,40.59943182,11.78693182],
				"symbolposition": [479.3522727,24.40127841,37.98011364,11.78693182],
				"x": [
					[77.28693182],
					[107.4090909],
					[136.8764205],
					[165.6889205],
					[204.3238636],
					[259.3295455],
					[341.1832386],
					[410.5951705],
					[498.9971591],
					[552.6931818],
					[575.6122159]
				],
				"y": [
					[307.287642],
					[368.1867898],
					[396.3444602],
					[400.928267],
					[388.4865057],
					[380.6285511],
					[381.2833807],
					[376.6995739],
					[372.115767],
					[367.5319602],
					[368.8416193]
				]
			},
			{
				"name": "LPP",
				"labelposition": [517.9872159,36.84303977,28.15767045,15.06107955],
				"symbolposition": [477.3877841,39.46235795,40.59943182,10.47727273],
				"x": [
					[78.59659091],
					[108.71875],
					[132.9474432],
					[169.6178977],
					[223.3139205],
					[293.3806818],
					[380.4730114],
					[489.1747159],
					[574.3025568]
				],
				"y": [
					[30.29474432],
					[164.5348011],
					[224.1242898],
					[258.8302557],
					[264.7237216],
					[262.759233],
					[258.8302557],
					[256.865767],
					[254.2464489]
				]
			},
			{
				"name": "KLPPSI",
				"labelposition": [518.6420455,51.90411932,44.52840909,13.75142045],
				"symbolposition": [477.3877841,54.5234375,39.94460227,9.822443182],
				"x": [
					[78.59659091],
					[107.4090909],
					[166.34375],
					[197.1207386],
					[362.7926136],
					[575.6122159]
				],
				"y": [
					[340.6839489],
					[394.3799716],
					[415.9893466],
					[414.024858],
					[414.6796875],
					[414.6796875]
				]
			}
		],
		"plotpos": [48.47443182,13.92400568,528.4474432,415.1619318],
		"xax": {
			"titlepos": [250.8167614,446.7663352,125.7272727,13.09659091],
			"minpos": [43.23579545,434.3245739,10.47727273,13.75142045],
			"maxpos": [564.4801136,433.6697443,23.57386364,13.09659091],
			"type": 1
		},
		"yax": {
			"titlepos": [3.291193182,178.2862216,16.37073864,85.78267045],
			"minpos": [35.37784091,423.1924716,10.47727273,12.44176136],
			"maxpos": [26.86505682,6.066051136,18.99005682,15.71590909],
			"type": 1
		}
	}
}
