{
	"data": {
		"imagename": "03130-10.1.1.421.8044-Figure-4",
		"difficult": 0,
		"curves": [
			{
				"name": "ELR-1 Sample-BV",
				"labelposition": [100.3330106,40.73523717,119.2371733,16.3107454],
				"symbolposition": [226.8818974,41.86011617,51.74443369,12.93610842],
				"x": [
					[78.39787028],
					[176.2623427],
					[371.9912875],
					[473.7928364],
					[569.9699903]
				],
				"y": [
					[132.4128751],
					[233.089545],
					[108.2279768],
					[195.4060987],
					[137.4748306]
				]
			},
			{
				"name": "ELR-5CV-BV",
				"labelposition": [123.9554695,57.04598258,99.5517909,13.49854792],
				"symbolposition": [226.3194579,57.04598258,51.18199419,13.49854792],
				"x": [
					[77.27299129],
					[176.2623427],
					[372.553727],
					[472.1055179],
					[568.8451113]
				],
				"y": [
					[221.2783156],
					[283.1466602],
					[138.5997096],
					[203.8426912],
					[123.4138432]
				]
			},
			{
				"name": "OFE-1 Sample-BV",
				"labelposition": [98.64569216,71.66940949,123.1742498,15.18586641],
				"symbolposition": [225.7570184,72.23184898,51.74443369,11.81122943],
				"x": [
					[78.96030978],
					[177.9496612],
					[374.2410455],
					[469.8557599],
					[570.5324298]
				],
				"y": [
					[172.9085189],
					[270.2105518],
					[140.2870281],
					[240.4012585],
					[179.0953533]
				]
			},
			{
				"name": "OFE-5CV-BV",
				"labelposition": [126.767667,85.16795741,95.61471442,17.99806389],
				"symbolposition": [227.4443369,87.98015489,48.93223621,11.24878993],
				"x": [
					[78.96030978],
					[177.3872217],
					[276.3765731],
					[374.2410455],
					[472.6679574],
					[572.2197483]
				],
				"y": [
					[247.1505324],
					[309.5813166],
					[249.4002904],
					[164.4719264],
					[227.46515],
					[145.911423]
				]
			}
		],
		"plotpos": [77.83543078,36.2357212,492.1345595,308.2168441],
		"xax": {
			"titlepos": [268.5024201,373.6994192,109.1132623,16.8731849],
			"minpos": [73.33591481,352.8891578,11.81122943,16.3107454],
			"maxpos": [564.9080348,350.6393998,14.06098742,17.43562439],
			"type": 1
		},
		"yax": {
			"titlepos": [4.155856728,118.9143272,19.12294288,143.9845111],
			"minpos": [44.08906099,337.7032914,27.55953533,17.43562439],
			"maxpos": [48.02613746,98.66650532,22.49757986,16.3107454],
			"type": 1
		}
	}
}
