{
	"data": {
		"imagename": "03134-10.1.1.153.4355-Figure-2",
		"difficult": 0,
		"curves": [
			{
				"name": "before NN reranking",
				"labelposition": [395.9588068,39.0859375,137.1235795,17.22017045],
				"symbolposition": [534.3579545,43.55042614,32.52698864,10.20454545],
				"x": [
					[62.39772727],
					[68.77556818],
					[72.60227273],
					[74.515625],
					[82.16903409],
					[85.35795455],
					[93.01136364],
					[102.578125],
					[108.3181818],
					[123.625],
					[129.3650568],
					[138.2940341],
					[140.8451705],
					[150.4119318],
					[154.2386364],
					[178.4744318],
					[195.0568182],
					[208.4502841],
					[228.859375],
					[247.9928977],
					[269.6775568],
					[307.9446023],
					[342.3849432],
					[363.4318182],
					[390.21875],
					[433.5880682],
					[454.6349432],
					[495.453125],
					[531.8068182],
					[575.8139205]
				],
				"y": [
					[172.3828125],
					[218.303267],
					[195.3430398],
					[190.8785511],
					[199.1697443],
					[212.5632102],
					[204.272017],
					[199.1697443],
					[204.272017],
					[206.1853693],
					[200.4453125],
					[200.4453125],
					[205.5475852],
					[202.3586648],
					[206.1853693],
					[202.9964489],
					[204.9098011],
					[204.272017],
					[207.4609375],
					[204.9098011],
					[206.1853693],
					[204.272017],
					[202.3586648],
					[202.3586648],
					[202.3586648],
					[200.4453125],
					[201.0830966],
					[199.1697443],
					[199.1697443],
					[199.1697443]
				]
			},
			{
				"name": "after NN reranking",
				"labelposition": [408.7144886,55.03053977,121.8167614,16.58238636],
				"symbolposition": [534.9957386,56.94389205,31.25142045,10.84232955],
				"x": [
					[61.12215909],
					[68.77556818],
					[74.515625],
					[77.70454545],
					[84.72017045],
					[87.27130682],
					[93.01136364],
					[101.9403409],
					[113.4204545],
					[119.7982955],
					[138.2940341],
					[142.1207386],
					[155.5142045],
					[167.6321023],
					[179.1122159],
					[191.2301136],
					[214.828125],
					[233.3238636],
					[257.5596591],
					[343.6605114],
					[372.3607955],
					[414.4545455],
					[476.3196023],
					[532.4446023],
					[573.9005682]
				],
				"y": [
					[312.6953125],
					[268.6882102],
					[282.7194602],
					[275.0660511],
					[256.5703125],
					[275.7038352],
					[287.821733],
					[275.7038352],
					[268.6882102],
					[273.1526989],
					[266.774858],
					[266.774858],
					[262.9481534],
					[265.4992898],
					[259.1214489],
					[257.8458807],
					[259.759233],
					[252.743608],
					[240.6257102],
					[223.4055398],
					[220.2166193],
					[213.2009943],
					[207.4609375],
					[202.3586648],
					[199.1697443]
				]
			}
		],
		"plotpos": [58.57102273,28.24360795,519.7940341,382.6704545],
		"xax": {
			"titlepos": [262.0241477,432.5987216,117.9900568,12.75568182],
			"minpos": [50.91761364,416.0163352,15.94460227,15.94460227],
			"maxpos": [547.1136364,416.0163352,31.88920455,17.85795455],
			"type": 1
		},
		"yax": {
			"titlepos": [3.721590909,134.115767,18.49573864,171.5639205],
			"minpos": [39.4375,402.6228693,14.66903409,15.94460227],
			"maxpos": [23.49289773,14.85014205,30.61363636,21.046875],
			"type": 1
		}
	}
}
