{
	"data": {
		"imagename": "03144-10.1.1.109.4544-Figure-2",
		"difficult": 0,
		"curves": [
			{
				"name": "Reuters",
				"labelposition": [379.4900568,31.30610795,68.51278409,19.22301136],
				"symbolposition": [331.6789773,33.27769886,43.375,15.77272727],
				"x": [
					[135.9985795],
					[175.9232955],
					[217.3267045],
					[254.7869318],
					[298.1619318],
					[338.0866477],
					[378.0113636],
					[418.921875],
					[470.6761364]
				],
				"y": [
					[127.4211648],
					[200.3700284],
					[232.9012784],
					[250.6455966],
					[260.9964489],
					[269.3757102],
					[272.8259943],
					[274.7975852],
					[276.7691761]
				]
			},
			{
				"name": "WebKB",
				"labelposition": [376.5326705,51.02201705,67.03409091,17.25142045],
				"symbolposition": [338.0866477,54.47230114,34.00994318,10.35085227],
				"x": [
					[96.56676136],
					[136.4914773],
					[177.4019886],
					[216.3409091],
					[257.7443182],
					[298.1619318],
					[338.0866477],
					[378.0113636],
					[418.921875],
					[443.5667614]
				],
				"y": [
					[116.5774148],
					[158.4737216],
					[192.9765625],
					[217.6214489],
					[234.8728693],
					[243.2521307],
					[250.6455966],
					[252.6171875],
					[254.0958807],
					[254.5887784]
				]
			},
			{
				"name": "20news",
				"labelposition": [378.0113636,67.28764205,69.00568182,20.20880682],
				"symbolposition": [330.2002841,71.23082386,44.36079545,12.32244318],
				"x": [
					[108.3963068],
					[150.2926136],
					[229.15625],
					[309.9914773],
					[350.9019886],
					[390.8267045],
					[430.7514205],
					[455.3963068]
				],
				"y": [
					[56.44389205],
					[78.13139205],
					[144.6725852],
					[202.3416193],
					[225.5078125],
					[236.3515625],
					[243.7450284],
					[247.6882102]
				]
			}
		],
		"plotpos": [96.07386364,14.54758523,376.0809659,282.4303977],
		"xax": {
			"titlepos": [164.5866477,324.5802557,239.0553977,21.19460227],
			"minpos": [96.56676136,302.399858,27.60227273,21.19460227],
			"maxpos": [355.8309659,302.8927557,45.83948864,18.73011364],
			"type": 2
		},
		"yax": {
			"titlepos": [0.9446022727,86.01775568,30.06676136,135.0539773],
			"minpos": [73.40056818,288.1058239,18.23721591,18.73011364],
			"maxpos": [32.49005682,7.647017045,59.640625,18.23721591],
			"type": 1
		}
	}
}
