{
	"data": {
		"imagename": "03149-10.1.1.363.3689-Figure-6",
		"difficult": 0,
		"curves": [
			{
				"name": "Validation Set",
				"labelposition": [432.3849432,19.38139205,66.23011364,13.36221591],
				"symbolposition": [401.0127841,21.70525568,30.79119318,9.876420455],
				"x": [
					[46.04261364],
					[74.50994318],
					[102.3963068],
					[133.1875],
					[161.0738636],
					[190.703125],
					[219.7514205],
					[249.9616477],
					[336.5255682],
					[365.5738636],
					[395.203125],
					[423.6704545],
					[452.1377841],
					[482.3480114],
					[509.6534091]
				],
				"y": [
					[334.2649148],
					[260.4822443],
					[223.3004261],
					[163.4609375],
					[149.5177557],
					[161.7180398],
					[134.412642],
					[140.803267],
					[118.1455966],
					[96.06889205],
					[103.6214489],
					[135.5745739],
					[118.1455966],
					[126.8600852],
					[126.8600852]
				]
			},
			{
				"name": "Testing Set",
				"labelposition": [434.1278409,32.16264205,55.77272727,13.36221591],
				"symbolposition": [399.2698864,33.90553977,33.11505682,10.45738636],
				"x": [
					[46.62357955],
					[74.50994318],
					[102.3963068],
					[130.2826705],
					[163.9786932],
					[191.8650568],
					[219.7514205],
					[248.21875],
					[279.0099432],
					[338.2684659],
					[364.4119318],
					[394.0411932],
					[423.6704545],
					[451.5568182],
					[510.234375]
				],
				"y": [
					[362.7322443],
					[302.3117898],
					[257.5774148],
					[245.3771307],
					[260.4822443],
					[214.0049716],
					[213.4240057],
					[206.4524148],
					[191.928267],
					[205.8714489],
					[228.5291193],
					[212.8430398],
					[192.509233],
					[214.0049716],
					[213.4240057]
				]
			}
		],
		"plotpos": [45.46164773,11.24786932,464.7727273,366.0085227],
		"xax": {
			"titlepos": [177.3409091,391.7805398,204.5,13.94318182],
			"minpos": [37.90909091,381.9041193,13.94318182,10.45738636],
			"maxpos": [504.4247159,380.7421875,14.52414773,13.36221591],
			"type": 1
		},
		"yax": {
			"titlepos": [3.632102273,146.0319602,16.26704545,98.76420455],
			"minpos": [18.73721591,372.6086648,24.40056818,10.45738636],
			"maxpos": [25.12784091,4.857244318,18.00994318,12.78125],
			"type": 1
		}
	}
}
