{
	"data": {
		"imagename": "03147-10.1.1.278.7060-Figure-9",
		"difficult": 0,
		"curves": [
			{
				"name": "Super",
				"labelposition": [414.28125,299.9225852,62.78693182,23.69318182],
				"symbolposition": [482.3991477,304.068892,67.52556818,16.58522727],
				"x": [
					[103.3082386],
					[106.2698864],
					[112.1931818],
					[124.0397727],
					[135.2940341],
					[151.2869318],
					[170.8338068],
					[191.5653409],
					[218.2201705],
					[259.6832386],
					[311.8082386],
					[363.3409091],
					[568.8792614]
				],
				"y": [
					[347.9012784],
					[343.162642],
					[262.0134943],
					[183.2336648],
					[117.4850852],
					[73.06036932],
					[45.22088068],
					[34.55894886],
					[28.63565341],
					[22.12002841],
					[19.15838068],
					[18.56605114],
					[16.19673295]
				]
			},
			{
				"name": "Other",
				"labelposition": [414.8735795,323.615767,63.37926136,18.95454545],
				"symbolposition": [482.3991477,327.1697443,64.56392045,13.03125],
				"x": [
					[106.2698864],
					[112.1931818],
					[124.6321023],
					[142.4019886],
					[158.3948864],
					[179.71875],
					[198.6732955],
					[224.7357955],
					[254.9446023],
					[289.8920455],
					[324.8394886],
					[377.5568182],
					[421.9815341],
					[510.8309659],
					[568.8792614]
				],
				"y": [
					[347.9012784],
					[339.6086648],
					[304.6612216],
					[257.8671875],
					[205.7421875],
					[163.6867898],
					[134.662642],
					[110.3771307],
					[87.86860795],
					[74.24502841],
					[62.99076705],
					[56.47514205],
					[49.3671875],
					[44.03622159],
					[43.44389205]
				]
			}
		],
		"plotpos": [102.1235795,16.19673295,465.5710227,333.4815341],
		"xax": {
			"titlepos": [219.9971591,388.1796875,233.3778409,27.24715909],
			"minpos": [96.79261364,358.5632102,20.73153409,23.10085227],
			"maxpos": [549.9247159,355.6015625,42.64772727,29.02414773],
			"type": 1
		},
		"yax": {
			"titlepos": [2.612215909,155.9865057,24.28551136,53.30965909],
			"minpos": [73.69176136,337.2393466,19.546875,23.69318182],
			"maxpos": [73.69176136,6.127130682,20.73153409,21.32386364],
			"type": 1
		}
	}
}
