{
	"data": {
		"imagename": "03154-10.1.1.33.228-Figure-5",
		"difficult": 0,
		"curves": {
			"name": "Correlation between projections on iterations i and i-1",
			"labelposition": [240.2670455,13.48508523,257.4914773,14.91903409],
			"symbolposition": [498.3110795,15.14275568,24.3125,9.946022727],
			"x": [
				[104.3380682],
				[181.6960227],
				[258.5014205],
				[493.3380682]
			],
			"y": [
				[337.2833807],
				[203.5646307],
				[41.11292614],
				[42.21803977]
			]
		},
		"plotpos": [63.44886364,4.644176136,468.5681818,352.53125],
		"xax": {
			"titlepos": [226.453125,372.647017,145.875,13.26136364],
			"minpos": [96.60227273,362.1484375,16.02414773,14.36647727],
			"maxpos": [488.9176136,362.1484375,10.49857955,12.15625],
			"type": 1
		},
		"yax": {
			"titlepos": [2.667613636,129.522017,19.89204545,101.6704545],
			"minpos": [34.71590909,349.4396307,26.52272727,14.36647727],
			"maxpos": [49.08238636,33.9296875,9.946022727,16.57670455],
			"type": 1
		}
	}
}
