{
	"data": {
		"imagename": "03152-10.1.1.105.8827-Figure-9",
		"difficult": 0,
		"curves": [
			{
				"name": "BLEU score",
				"labelposition": [387.5582386,301.2478693,111.1122159,21.10511364],
				"symbolposition": [503.6363636,304.3515625,62.07386364,13.65625],
				"x": [
					[127.46875],
					[142.9872159],
					[157.2642045],
					[176.5071023],
					[205.0610795],
					[231.1321023],
					[261.5482955],
					[290.1022727],
					[321.7599432],
					[352.1761364],
					[379.4886364],
					[409.2840909],
					[441.5625],
					[469.4957386],
					[497.4289773],
					[524.1207386],
					[558.2613636],
					[586.8153409]
				],
				"y": [
					[332.2848011],
					[302.4893466],
					[289.4538352],
					[284.4879261],
					[258.4169034],
					[247.8643466],
					[219.931108],
					[220.5518466],
					[213.102983],
					[221.7933239],
					[205.0333807],
					[196.9637784],
					[195.1015625],
					[178.3416193],
					[195.1015625],
					[193.2393466],
					[180.2038352],
					[191.9978693]
				]
			},
			{
				"name": "F-measure",
				"labelposition": [402.4559659,323.5944602,93.11079545,20.484375],
				"symbolposition": [499.2911932,327.318892,67.66051136,10.55255682],
				"x": [
					[129.9517045],
					[142.9872159],
					[169.0582386],
					[201.3366477],
					[235.4772727],
					[262.7897727],
					[290.7230114],
					[324.2428977],
					[351.5553977],
					[380.109375],
					[467.6335227],
					[497.4289773],
					[529.0866477],
					[558.8821023],
					[586.8153409]
				],
				"y": [
					[149.1669034],
					[128.0617898],
					[113.7848011],
					[106.9566761],
					[93.92116477],
					[69.71235795],
					[71.57457386],
					[69.09161932],
					[75.29900568],
					[62.88423295],
					[48.60724432],
					[62.88423295],
					[61.64275568],
					[47.98650568],
					[53.57315341]
				]
			},
			{
				"name": "bigram F-measure",
				"labelposition": [336.0369318,344.0788352,160.7713068,20.484375],
				"symbolposition": [502.3948864,348.4240057,63.93607955,10.55255682],
				"x": [
					[129.3309659],
					[144.8494318],
					[163.4715909],
					[186.4389205],
					[231.1321023],
					[262.7897727],
					[290.7230114],
					[322.3806818],
					[350.3139205],
					[381.9715909],
					[426.6647727],
					[468.875],
					[500.5326705],
					[527.8451705],
					[558.2613636],
					[587.4360795]
				],
				"y": [
					[296.9026989],
					[265.865767],
					[252.209517],
					[242.8984375],
					[216.2066761],
					[184.5490057],
					[187.6526989],
					[182.0660511],
					[189.5149148],
					[171.5134943],
					[165.306108],
					[150.4083807],
					[167.7890625],
					[165.306108],
					[150.4083807],
					[162.2024148]
				]
			}
		],
		"plotpos": [112.5710227,16.32883523,474.2443182,352.5795455],
		"xax": {
			"titlepos": [249.1335227,409.256392,202.9815341,26.69176136],
			"minpos": [107.6051136,379.4609375,16.75994318,23.58806818],
			"maxpos": [571.296875,379.4609375,36.62357955,23.58806818],
			"type": 1
		},
		"yax": {
			"titlepos": [3.941761364,164.0646307,26.07102273,68.28125],
			"minpos": [56.08380682,358.9765625,49.65909091,23.58806818],
			"maxpos": [57.32528409,4.534801136,50.27982955,25.45028409],
			"type": 1
		}
	}
}
