{
	"data": {
		"imagename": "03155-10.1.1.150.8670-Figure-3",
		"difficult": 0,
		"curves": [
			{
				"name": "mean direction error, image 6.a",
				"labelposition": [304.1065341,38.0546875,202.3607955,16.13920455],
				"symbolposition": [255.0681818,39.29616477,49.03835227,11.79403409],
				"x": [
					[65.74289773],
					[84.36505682],
					[102.9872159],
					[123.4715909],
					[142.09375],
					[161.9573864],
					[200.4431818],
					[235.8252841],
					[273.6903409],
					[310.3139205],
					[347.5582386],
					[367.421875],
					[386.0440341],
					[409.0113636]
				],
				"y": [
					[108.1981534],
					[217.4481534],
					[268.3487216],
					[293.7990057],
					[313.662642],
					[328.5603693],
					[348.4240057],
					[363.321733],
					[373.8742898],
					[380.0816761],
					[388.772017],
					[391.2549716],
					[394.3586648],
					[396.8416193]
				]
			},
			{
				"name": "mean direction error, image 6.b",
				"labelposition": [304.7272727,55.43536932,202.3607955,17.38068182],
				"symbolposition": [253.2059659,56.67684659,51.52130682,14.27698864],
				"x": [
					[65.74289773],
					[84.36505682],
					[102.9872159],
					[122.8508523],
					[140.2315341],
					[178.0965909],
					[217.203125],
					[271.828125],
					[311.5553977],
					[350.6619318],
					[382.3196023],
					[414.5980114],
					[425.7713068]
				],
				"y": [
					[172.7549716],
					[267.1072443],
					[298.7649148],
					[335.3884943],
					[349.665483],
					[363.321733],
					[368.287642],
					[378.8401989],
					[386.2890625],
					[390.634233],
					[394.9794034],
					[395.600142],
					[395.600142]
				]
			},
			{
				"name": "mean direction error, image 6.c",
				"labelposition": [304.7272727,74.67826705,201.7400568,15.51846591],
				"symbolposition": [254.4474432,74.67826705,49.03835227,13.65625],
				"x": [
					[66.984375],
					[85.60653409],
					[102.9872159],
					[122.8508523],
					[142.09375],
					[162.578125],
					[197.3394886],
					[238.3082386],
					[291.0710227],
					[345.6960227],
					[397.8380682],
					[440.6690341]
				],
				"y": [
					[100.7492898],
					[241.6569602],
					[312.4211648],
					[347.803267],
					[363.321733],
					[372.0120739],
					[380.7024148],
					[386.9098011],
					[390.634233],
					[394.9794034],
					[394.9794034],
					[395.600142]
				]
			},
			{
				"name": "mean direction error, image 5.a",
				"labelposition": [304.7272727,92.6796875,201.7400568,16.13920455],
				"symbolposition": [254.4474432,93.92116477,49.03835227,9.311079545],
				"x": [
					[65.74289773],
					[85.60653409],
					[104.8494318],
					[122.8508523],
					[141.4730114],
					[160.0951705],
					[180.5795455],
					[215.9616477],
					[255.0681818],
					[312.1761364],
					[366.1803977],
					[405.2869318],
					[423.9090909]
				],
				"y": [
					[85.23082386],
					[209.9992898],
					[277.6598011],
					[316.1455966],
					[341.5958807],
					[356.493608],
					[367.0461648],
					[375.7365057],
					[381.3231534],
					[388.772017],
					[393.7379261],
					[396.2208807],
					[396.8416193]
				]
			}
		],
		"plotpos": [47.12073864,28.12286932,469.2784091,369.3394886],
		"xax": {
			"titlepos": [251.9644886,419.1882102,55.86647727,16.13920455],
			"minpos": [42.77556818,403.0490057,11.17329545,14.27698864],
			"maxpos": [508.3295455,399.9453125,17.38068182,17.38068182],
			"type": 1
		},
		"yax": {
			"titlepos": [3.048295455,134.2691761,21.10511364,157.6676136],
			"minpos": [34.08522727,388.772017,10.55255682,16.13920455],
			"maxpos": [27.25710227,17.5703125,17.38068182,21.72585227],
			"type": 1
		}
	}
}
