{
	"data": {
		"imagename": "03167-10.1.1.216.3728-Figure-3",
		"difficult": 0,
		"curves": [
			{
				"name": "constraint baseline",
				"labelposition": [208.9247159,211.1796875,91.40198864,8.723011364],
				"symbolposition": [186.1690341,209.2833807,21.99715909,12.515625],
				"x": [
					[33.70596591],
					[50.77272727],
					[87.56107955],
					[160.3792614],
					[304.8778409]
				],
				"y": [
					[229.7634943],
					[170.2194602],
					[108.0205966],
					[73.88707386],
					[59.09588068]
				]
			},
			{
				"name": "GE",
				"labelposition": [208.1661932,224.0745739,18.96306818,10.61931818],
				"symbolposition": [187.6860795,225.5916193,20.10085227,7.964488636],
				"x": [
					[33.32670455],
					[50.77272727],
					[84.90625],
					[161.1377841],
					[304.4985795]
				],
				"y": [
					[135.3274148],
					[81.09303977],
					[71.23224432],
					[54.92400568],
					[44.3046875]
				]
			}
		],
		"plotpos": [32.56818182,24.20383523,273.0681818,214.6619318],
		"xax": {
			"titlepos": [116.0056818,254.415483,105.8139205,11.37784091],
			"minpos": [41.67045455,241.899858,23.51420455,11.75710227],
			"maxpos": [293.1207386,242.6583807,22.75568182,10.61931818],
			"type": 1
		},
		"yax": {
			"titlepos": [2.985795455,106.8828125,14.41193182,50.44176136],
			"minpos": [14.74289773,234.693892,17.06676136,10.99857955],
			"maxpos": [14.36363636,19.2734375,17.44602273,12.89488636],
			"type": 1
		}
	}
}
