{
	"data": {
		"imagename": "03160-10.1.1.160.5630-Figure-5",
		"difficult": 0,
		"curves": [
			{
				"name": "boosting decision stumps: training error",
				"labelposition": [226.3668925,19.7749274,265.1122943,17.56437561],
				"symbolposition": [196.178122,19.22604066,28.54211036,14.81994192],
				"x": [
					[58.95643756],
					[80.36302033],
					[115.4917715],
					[147.3272023],
					[217.5847047],
					[284],
					[351.5130687],
					[452.5082285],
					[519.4724105],
					[555.1500484]
				],
				"y": [
					[150.409971],
					[202.0053243],
					[215.178606],
					[216.8252662],
					[220.1185866],
					[221.7652469],
					[223.4119071],
					[225.0585673],
					[225.0585673],
					[225.607454]
				]
			},
			{
				"name": "boosting decision stumps: testing error",
				"labelposition": [225.2691191,37.88818974,259.0745402,15.91771539],
				"symbolposition": [197.8247822,37.88818974,27.44433688,14.27105518],
				"x": [
					[60.05421104],
					[80.91190707],
					[114.3939981],
					[148.9738625],
					[182.4559535],
					[217.035818],
					[251.6156825],
					[282.3533398],
					[318.5798645],
					[350.4152953],
					[384.9951597],
					[419.5750242],
					[449.214908],
					[485.4414327],
					[520.5701839],
					[551.3078412]
				],
				"y": [
					[62.58809293],
					[98.81461762],
					[118.5745402],
					[140.5300097],
					[137.785576],
					[144.3722168],
					[131.1989351],
					[125.7100678],
					[111.9878993],
					[116.92788],
					[118.5745402],
					[125.7100678],
					[117.4767667],
					[118.5745402],
					[125.161181],
					[119.1234269]
				]
			},
			{
				"name": "boosting compositional features: training error",
				"labelposition": [225.8180058,56.00145208,304.6321394,16.46660213],
				"symbolposition": [195.6292352,56.55033882,29.63988383,13.1732817],
				"x": [
					[60.05421104],
					[82.55856728],
					[113.8451113],
					[150.6205227],
					[182.4559535],
					[249.9690223],
					[316.9332043],
					[384.9951597],
					[419.5750242],
					[487.0880929],
					[551.3078412]
				],
				"y": [
					[148.7633107],
					[204.2008712],
					[235.4874153],
					[242.0740561],
					[243.7207164],
					[243.1718296],
					[242.6229429],
					[240.4273959],
					[239.3296225],
					[240.9762827],
					[238.7807357]
				]
			},
			{
				"name": "boosting compositional features: testing error",
				"labelposition": [225.8180058,74.11471442,298.5943853,16.46660213],
				"symbolposition": [196.178122,75.76137464,28.54211036,13.1732817],
				"x": [
					[58.95643756],
					[81.4607938],
					[116.0406583],
					[148.9738625],
					[181.9070668],
					[214.2913843],
					[248.3223621],
					[284.5488867],
					[450.8615682],
					[484.892546],
					[551.3078412]
				],
				"y": [
					[65.88141336],
					[128.4545015],
					[144.9211036],
					[159.1921588],
					[163.0343659],
					[174.0121007],
					[175.1098742],
					[178.4031946],
					[180.0498548],
					[183.3431752],
					[182.7942885]
				]
			}
		],
		"plotpos": [47.42981607,11.54162633,505.5246854,237.1190707],
		"xax": {
			"titlepos": [262.5934172,268.4206196,73.00193611,15.36882865],
			"minpos": [44.68538238,252.5029042,9.33107454,15.91771539],
			"maxpos": [537.5856728,251.9540174,26.89545015,15.36882865],
			"type": 1
		},
		"yax": {
			"titlepos": [2.969990319,105.9501452,19.21103582,49.94869313],
			"minpos": [34.25653437,241.5251694,13.1732817,14.27105518],
			"maxpos": [22.72991288,4.406098742,24.15101646,17.01548887],
			"type": 1
		}
	}
}
