{
	"data": {
		"imagename": "03165-10.1.1.229.697-Figure-7",
		"difficult": 0,
		"curves": [
			{
				"name": "Ours-SVM",
				"labelposition": [321.0497159,262.2322443,128.1605114,29.04971591],
				"symbolposition": [272.0639205,263.9410511,47.84659091,22.21448864],
				"x": [
					[93.20880682],
					[187.1931818],
					[278.3295455],
					[369.4659091],
					[464.5894886],
					[555.7258523]
				],
				"y": [
					[323.7492898],
					[129.5149148],
					[71.98508523],
					[49.20099432],
					[33.25213068],
					[32.11292614]
				]
			},
			{
				"name": "Color-SIFT + SPM",
				"labelposition": [319.9105114,295.2691761,224.4232955,29.61931818],
				"symbolposition": [271.4943182,298.1171875,48.41619318,17.65767045],
				"x": [
					[93.77840909],
					[558.5738636]
				],
				"y": [
					[93.06036932],
					[91.92116477]
				]
			}
		],
		"plotpos": [93.20880682,17.30326705,463.0866477,318.9772727],
		"xax": {
			"titlepos": [127.9545455,369.8870739,390.1775568,29.61931818],
			"minpos": [73.84232955,341.4069602,39.87215909,27.34090909],
			"maxpos": [533.5113636,341.4069602,46.13778409,26.77130682],
			"type": 1
		},
		"yax": {
			"titlepos": [2.072443182,35.53053977,31.89772727,289.3579545],
			"minpos": [48.77982955,270.7762784,41.01136364,26.77130682],
			"maxpos": [49.34943182,2.493607955,42.72017045,28.48011364],
			"type": 1
		}
	}
}
