{
	"data": {
		"imagename": "03164-10.1.1.363.8088-Figure-2",
		"difficult": 0,
		"curves": [
			{
				"name": "Experienced annotator - Types",
				"labelposition": [354.6917614,238.053267,240.8735795,21.73295455],
				"symbolposition": [304.5852273,239.2606534,42.86221591,16.29971591],
				"x": [
					[115.0255682],
					[183.2428977],
					[252.0639205],
					[320.28125],
					[456.1122159],
					[516.4815341],
					[590.1321023]
				],
				"y": [
					[203.0390625],
					[91.35582386],
					[56.34161932],
					[41.85298295],
					[23.7421875],
					[21.93110795],
					[17.1015625]
				]
			},
			{
				"name": "Experienced annotator - Tokens",
				"labelposition": [354.6917614,257.975142,248.7215909,19.921875],
				"symbolposition": [310.0184659,260.3899148,36.82528409,12.67755682],
				"x": [
					[118.0440341],
					[192.2982955],
					[264.1377841],
					[399.3650568],
					[466.375],
					[590.1321023]
				],
				"y": [
					[205.4538352],
					[164.4026989],
					[135.4254261],
					[108.8629261],
					[101.618608],
					[96.18536932]
				]
			},
			{
				"name": "Novice annotator - Types",
				"labelposition": [354.0880682,277.897017,196.8039773,19.921875],
				"symbolposition": [305.1889205,282.1228693,35.01420455,10.26278409],
				"x": [
					[113.2144886],
					[181.4318182],
					[251.4602273],
					[319.6775568],
					[372.1988636],
					[388.4985795],
					[463.3565341],
					[527.3480114],
					[588.9247159]
				],
				"y": [
					[314.7223011],
					[227.790483],
					[204.850142],
					[149.9140625],
					[139.0475852],
					[134.2180398],
					[103.4296875],
					[87.12997159],
					[80.48934659]
				]
			},
			{
				"name": "Novice annotator - Tokens",
				"labelposition": [354.6917614,297.818892,204.6519886,18.71448864],
				"symbolposition": [305.7926136,300.2336648,42.86221591,11.47017045],
				"x": [
					[116.2329545],
					[185.6576705],
					[322.0923295],
					[389.1022727],
					[461.5454545],
					[538.8181818],
					[588.3210227]
				],
				"y": [
					[227.1867898],
					[201.8316761],
					[139.0475852],
					[122.7478693],
					[119.1257102],
					[109.4666193],
					[99.20383523]
				]
			}
		],
		"plotpos": [95.70738636,5.631392045,512.5355114,319.9573864],
		"xax": {
			"titlepos": [249.6491477,398.6356534,202.2372159,23.54403409],
			"minpos": [87.859375,343.6995739,32.59943182,33.80681818],
			"maxpos": [560.5511364,343.0958807,37.42897727,35.01420455],
			"type": 1
		},
		"yax": {
			"titlepos": [4.549715909,126.9737216,22.33664773,81.49857955],
			"minpos": [49.22301136,267.634233,29.58096591,19.921875],
			"maxpos": [48.015625,43.6640625,27.16619318,24.75142045],
			"type": 1
		}
	}
}
