{
	"data": {
		"imagename": "03180-10.1.1.14.3650-Figure-2",
		"difficult": 0,
		"curves": [
			{
				"name": "3500 unlabeled documents",
				"labelposition": [356.421875,19.3671875,131.25,12.578125],
				"symbolposition": [490.953125,22.1015625,22.421875,7.65625],
				"x": [
					[90.09375],
					[161.734375],
					[254.15625],
					[286.421875],
					[364.078125],
					[390.875],
					[461.421875],
					[484.390625],
					[501.890625],
					[518.296875]
				],
				"y": [
					[182.3359375],
					[140.7734375],
					[105.2265625],
					[95.9296875],
					[94.8359375],
					[97.0234375],
					[95.9296875],
					[92.6484375],
					[91.0078125],
					[91.0078125]
				]
			},
			{
				"name": "No unlabeled documents",
				"labelposition": [364.625,31.3984375,124.140625,12.578125],
				"symbolposition": [489.859375,32.4921875,22.421875,8.203125],
				"x": [
					[90.09375],
					[159],
					[200.5625],
					[251.421875],
					[286.96875],
					[360.796875],
					[389.234375],
					[459.234375],
					[482.203125],
					[503.53125],
					[516.65625]
				],
				"y": [
					[223.8984375],
					[204.7578125],
					[187.2578125],
					[167.5703125],
					[148.9765625],
					[121.0859375],
					[110.1484375],
					[92.1015625],
					[86.6328125],
					[87.7265625],
					[84.9921875]
				]
			}
		],
		"plotpos": [61.109375,11.1640625,461.015625,347.265625],
		"xax": {
			"titlepos": [214.78125,372.1015625,153.125,12.03125],
			"minpos": [107.59375,360.6171875,11.484375,15.859375],
			"maxpos": [468.53125,362.2578125,27.890625,11.484375],
			"type": 2
		},
		"yax": {
			"titlepos": [4.78125,157.7265625,20.78125,56.328125],
			"minpos": [37.046875,351.8671875,20.78125,13.125],
			"maxpos": [26.109375,3.5078125,33.359375,17.5],
			"type": 1
		}
	}
}
