{
	"data": {
		"imagename": "03183-10.1.1.149.8025-Figure-2",
		"difficult": 0,
		"curves": [
			{
				"name": "standard ONS",
				"labelposition": [507.2954545,207.8416193,120.8181818,21.39488636],
				"symbolposition": [480.2372159,202.8075284,27.05823864,29.57528409],
				"x": [
					[107.0852273],
					[185.1136364],
					[262.5127841],
					[338.0241477],
					[414.7940341]
				],
				"y": [
					[322.3671875],
					[260.6995739],
					[216.022017],
					[160.0177557],
					[144.915483]
				]
			},
			{
				"name": "adaptive ONS",
				"labelposition": [507.2954545,240.5632102,113.8963068,23.91193182],
				"symbolposition": [480.2372159,238.0461648,26.42897727,27.05823864],
				"x": [
					[108.34375],
					[183.8551136],
					[263.1420455],
					[340.5411932],
					[416.6818182]
				],
				"y": [
					[295.3089489],
					[216.6512784],
					[158.759233],
					[116.5987216],
					[100.8671875]
				]
			}
		],
		"plotpos": [69.95880682,47.37997159,384.4786932,324.0696023],
		"xax": {
			"titlepos": [153.6505682,413.6100852,141.5838068,26.42897727],
			"minpos": [100.7926136,379.0007102,18.87784091,23.28267045],
			"maxpos": [397.1747159,381.5177557,36.49715909,23.28267045],
			"type": 1
		},
		"yax": {
			"titlepos": [1.369318182,173.2322443,24.54119318,104.4573864],
			"minpos": [31.57386364,358.8643466,33.35085227,32.09232955],
			"maxpos": [30.94460227,37.31178977,32.72159091,23.28267045],
			"type": 1
		}
	}
}
