{
	"data": {
		"imagename": "03182-10.1.1.386.6332-Figure-8",
		"difficult": 0,
		"curves": [
			{
				"name": "WOSynWOAnt",
				"labelposition": [174.4772507,3.469022265,101.1936108,16.77541142],
				"symbolposition": [125.7744434,6.174733785,48.70280736,13.5285576],
				"x": [
					[70.57792836],
					[98.71732817],
					[153.3727009],
					[180.9709584],
					[209.1103582],
					[264.3068732],
					[319.5033882],
					[370.9119071],
					[402.2981607],
					[429.8964182],
					[458.5769603],
					[484.5517909],
					[511.0677638],
					[540.8305905]
				],
				"y": [
					[198.2802517],
					[219.9259439],
					[198.821394],
					[197.7391094],
					[209.6442401],
					[193.9511133],
					[205.8562439],
					[217.2202323],
					[202.0682478],
					[200.4448209],
					[216.67909],
					[202.6093901],
					[198.821394],
					[215.5968054]
				]
			},
			{
				"name": "WOSynWAnt",
				"labelposition": [175.5595353,33.23184898,89.28848015,20.02226525],
				"symbolposition": [130.1035818,36.47870281,44.37366893,14.0696999],
				"x": [
					[72.20135528],
					[99.25847047],
					[126.856728],
					[150.125847],
					[181.5121007],
					[209.6515005],
					[236.1674734],
					[264.3068732],
					[317.8799613],
					[347.1016457],
					[373.0764763],
					[400.1335915],
					[457.4946757],
					[486.7163601],
					[514.3146176],
					[539.2071636]
				],
				"y": [
					[199.9036786],
					[189.6219748],
					[184.7516941],
					[183.1282672],
					[167.4351404],
					[191.2454017],
					[180.4225557],
					[188.5396902],
					[162.5648596],
					[165.8117135],
					[162.5648596],
					[187.9985479],
					[170.6819942],
					[167.9762827],
					[162.5648596],
					[164.1882865]
				]
			},
			{
				"name": "WSynWOAnt",
				"labelposition": [324.3736689,2.386737657,94.15876089,21.10454985],
				"symbolposition": [276.2120039,6.715876089,48.16166505,12.44627299],
				"x": [
					[71.11907067],
					[98.17618587],
					[125.7744434],
					[151.749274],
					[182.053243],
					[208.0280736],
					[236.1674734],
					[263.7657309],
					[289.7405615],
					[319.5033882],
					[346.5605034],
					[376.3233301],
					[429.8964182],
					[485.0929332],
					[513.232333],
					[539.2071636]
				],
				"y": [
					[153.9065828],
					[145.7894482],
					[121.4380445],
					[142.5425944],
					[145.7894482],
					[129.5551791],
					[98.71006776],
					[136.0488867],
					[114.9443369],
					[119.8146176],
					[144.1660213],
					[108.4506292],
					[130.0963214],
					[100.874637],
					[140.9191675],
					[127.9317522]
				]
			},
			{
				"name": "WSynWAnt",
				"labelposition": null,
				"symbolposition": null,
				"x": [
					[72.20135528],
					[98.17618587],
					[125.7744434],
					[151.749274],
					[180.9709584],
					[208.0280736],
					[263.7657309],
					[290.8228461],
					[318.9622459],
					[343.8547919],
					[375.7821878],
					[400.6747338],
					[428.2729913],
					[456.9535334],
					[513.232333],
					[540.8305905]
				],
				"y": [
					[190.7042594],
					[129.5551791],
					[131.7197483],
					[105.7449177],
					[114.9443369],
					[130.0963214],
					[105.2037754],
					[105.2037754],
					[93.83978703],
					[105.2037754],
					[105.7449177],
					[102.4980639],
					[110.0740561],
					[101.9569216],
					[110.0740561],
					[103.5803485]
				]
			}
		],
		"plotpos": [55.96708616,74.35866409,499.4743466,199.6815102],
		"xax": {
			"titlepos": [261.0600194,311.9201355,90.91190707,15.15198451],
			"minpos": [62.4607938,287.5687318,18.93998064,16.23426912],
			"maxpos": [530.0077444,287.0275895,22.72797677,20.56340755],
			"type": 1
		},
		"yax": {
			"titlepos": [4.55856728,134.4254598,14.61084221,88.74733785],
			"minpos": [17.54598258,263.2173282,27.0571152,18.93998064],
			"maxpos": [20.25169409,64.07696031,23.81026137,20.02226525],
			"type": 1
		}
	}
}
