{
	"data": {
		"imagename": "03187-10.1.1.23.2240-Figure-5",
		"difficult": 0,
		"curves": [
			{
				"name": "Query by Example",
				"labelposition": [319,204.2890625,134.703125,20.8125],
				"symbolposition": [457.171875,207.7578125,38.734375,14.453125],
				"x": [
					[92.375],
					[113.765625],
					[184.296875],
					[299.921875],
					[461.21875]
				],
				"y": [
					[360.9609375],
					[337.8359375],
					[262.6796875],
					[163.2421875],
					[71.8984375]
				]
			},
			{
				"name": "Sampling",
				"labelposition": [383.171875,222.7890625,70.53125,19.65625],
				"symbolposition": [456.015625,224.5234375,39.3125,14.453125],
				"x": [
					[96.421875],
					[113.1875],
					[181.984375],
					[299.34375],
					[459.484375]
				],
				"y": [
					[360.9609375],
					[349.9765625],
					[336.1015625],
					[322.2265625],
					[306.6171875]
				]
			}
		],
		"plotpos": [91.796875,14.0859375,449.78125,350.921875],
		"xax": {
			"titlepos": [262.34375,388.1328125,105.21875,17.34375],
			"minpos": [118.96875,371.9453125,32.953125,21.390625],
			"maxpos": [519.03125,369.0546875,42.78125,24.28125],
			"type": 1
		},
		"yax": {
			"titlepos": [2.765625,102.5390625,22.546875,185],
			"minpos": [68.09375,358.0703125,16.765625,19.078125],
			"maxpos": [53.640625,4.8359375,32.375,19.078125],
			"type": 1
		}
	}
}
