{
	"data": {
		"imagename": "03185-10.1.1.297.4144-Figure-3",
		"difficult": 0,
		"curves": [
			{
				"name": "CPLEX-based implementation",
				"labelposition": [84.36789773,18.23366477,147.1690341,11.82244318],
				"symbolposition": [231.5369318,17.01065341,42.80539773,11.41477273],
				"x": [
					[88.03693182],
					[139.8110795],
					[185.0625],
					[236.0213068],
					[286.5724432],
					[357.5071023]
				],
				"y": [
					[203.7237216],
					[207.8004261],
					[207.3927557],
					[210.6541193],
					[213.5078125],
					[227.368608]
				]
			},
			{
				"name": "Our model",
				"labelposition": [176.09375,28.01775568,56.25852273,14.26846591],
				"symbolposition": [233.9829545,28.42542614,39.95170455,12.23011364],
				"x": [
					[87.62926136],
					[326.9318182],
					[359.5454545]
				],
				"y": [
					[253.0518466],
					[253.0518466],
					[249.790483]
				]
			},
			{
				"name": "Hochbaum\/Singh",
				"labelposition": [145.5184659,40.24786932,84.79545455,12.23011364],
				"symbolposition": [232.7599432,41.06321023,40.359375,11.00710227],
				"x": [
					[86.81392045],
					[139.8110795],
					[185.0625],
					[285.3494318],
					[326.5241477],
					[357.0994318]
				],
				"y": [
					[219.2151989],
					[202.9083807],
					[200.0546875],
					[166.6257102],
					[117.2975852],
					[34.54048295]
				]
			}
		],
		"plotpos": [56.64630682,12.11860795,339.5894886,240.5255682],
		"xax": {
			"titlepos": [183.4318182,271.397017,84.38778409,14.67613636],
			"minpos": [41.15482955,258.759233,32.20596591,11.82244318],
			"maxpos": [394.1974432,256.7208807,10.59943182,14.26846591],
			"type": 1
		},
		"yax": {
			"titlepos": [2.833806818,45.95525568,22.01420455,176.9289773],
			"minpos": [41.15482955,247.3444602,11.00710227,11.00710227],
			"maxpos": [32.59375,6.003551136,20.38352273,12.23011364],
			"type": 1
		}
	}
}
