{
	"data": {
		"imagename": "03198-10.1.1.110.9236-Figure-12",
		"difficult": 0,
		"curves": [
			{
				"name": "Curve I",
				"labelposition": [378.9630682,21.24076705,98.61647727,21.13210227],
				"symbolposition": [484.6235795,23.58877841,74.35369318,13.30539773],
				"x": [
					[342.1775568],
					[364.875],
					[396.9644886],
					[435.3153409],
					[494.015625],
					[576.1960227]
				],
				"y": [
					[13.4140625],
					[449.3615057],
					[466.5802557],
					[471.2762784],
					[473.6242898],
					[475.9723011]
				]
			},
			{
				"name": "Curve II",
				"labelposition": [360.1789773,41.59019886,119.7485795,26.61079545],
				"symbolposition": [483.8409091,44.72088068,71.22301136,18.78409091],
				"x": [
					[108.1590909],
					[576.1960227]
				],
				"y": [
					[464.2322443],
					[464.2322443]
				]
			}
		],
		"plotpos": [105.8110795,12.63139205,471.1676136,469.6022727],
		"xax": {
			"titlepos": [296.7826705,525.2805398,84.52840909,25.04545455],
			"minpos": [100.3323864,492.4083807,21.91477273,28.17613636],
			"maxpos": [572.2826705,490.8430398,18.78409091,32.87215909],
			"type": 1
		},
		"yax": {
			"titlepos": [6.411931818,180.1228693,22.69744318,158.8821023],
			"minpos": [72.93892045,468.928267,25.828125,29.74147727],
			"maxpos": [75.28693182,3.239346591,23.48011364,21.13210227],
			"type": 1
		}
	}
}
