{
	"data": {
		"imagename": "03196-10.1.1.128.3167-Figure-2",
		"difficult": 0,
		"curves": [
			{
				"name": "f=1cm, T=6cm",
				"labelposition": [460.2797677,44.45643756,83.76185866,12.13939981],
				"symbolposition": [434.1800581,45.67037754,9.104549855,9.104549855],
				"x": [
					[86.38625363],
					[96.09777348],
					[110.6650532],
					[131.9090029],
					[154.9738625],
					[191.392062],
					[250.875121],
					[324.3184898],
					[400.1897386],
					[491.2352372],
					[564.678606]
				],
				"y": [
					[265.393514],
					[283.6026137],
					[299.3838335],
					[310.3092933],
					[321.2347531],
					[330.946273],
					[338.8368829],
					[343.6926428],
					[349.1553727],
					[349.7623427],
					[352.7971926]
				]
			},
			{
				"name": "f=5cm, T=10cm",
				"labelposition": [456.6379477,58.41674734,91.65246854,11.53242982],
				"symbolposition": [432.9661181,60.23765731,14.56727977,10.31848984],
				"x": [
					[86.38625363],
					[93.06292352],
					[99.73959342],
					[109.4511133],
					[120.9835431],
					[134.9438529],
					[151.9390126],
					[184.1084221],
					[210.2081317],
					[238.7357212],
					[269.0842207],
					[310.3581801],
					[356.4878993],
					[387.4433688],
					[417.7918683],
					[470.5982575],
					[516.1210068],
					[565.892546]
				],
				"y": [
					[204.696515],
					[221.0847047],
					[238.0798645],
					[250.2192643],
					[268.428364],
					[278.1398838],
					[292.1001936],
					[306.0605034],
					[315.1650532],
					[321.8417231],
					[326.6974831],
					[332.160213],
					[335.1950629],
					[337.6229429],
					[338.8368829],
					[341.8717328],
					[343.6926428],
					[346.1205227]
				]
			},
			{
				"name": "f=10cm, T=15cm",
				"labelposition": [458.4588577,70.55614714,94.0803485,13.96030978],
				"symbolposition": [431.1452081,71.16311713,15.78121975,11.53242982],
				"x": [
					[85.77928364],
					[93.06292352],
					[101.5605034],
					[112.4859632],
					[125.839303],
					[144.0484027],
					[162.2575024],
					[188.357212],
					[213.2429816],
					[242.3775411],
					[283.0445305],
					[330.3881897],
					[392.2991288],
					[443.8915779],
					[498.5188771],
					[565.285576]
				],
				"y": [
					[128.8252662],
					[148.8552759],
					[182.2386254],
					[207.124395],
					[227.1544046],
					[247.7913843],
					[265.393514],
					[281.7817038],
					[292.7071636],
					[302.4186834],
					[312.7371733],
					[319.4138432],
					[326.0905131],
					[330.339303],
					[336.4090029],
					[338.2299129]
				]
			},
			{
				"name": "f=15cm, T=20cm",
				"labelposition": [458.4588577,83.30251694,95.29428848,13.96030978],
				"symbolposition": [431.1452081,84.51645692,14.56727977,10.92545983],
				"x": [
					[87.60019361],
					[92.45595353],
					[95.49080348],
					[100.9535334],
					[111.2720232],
					[126.446273],
					[145.8693127],
					[162.8644724],
					[190.178122],
					[227.8102614],
					[272.1190707],
					[311.57212],
					[355.8809293],
					[405.6524685],
					[454.8170378],
					[510.0513069],
					[565.285576]
				],
				"y": [
					[47.49128751],
					[74.80493708],
					[100.2976767],
					[122.1485963],
					[152.4970958],
					[186.4874153],
					[213.1940949],
					[236.2589545],
					[257.5029042],
					[277.5329138],
					[292.1001936],
					[302.4186834],
					[310.9162633],
					[315.7720232],
					[321.2347531],
					[326.0905131],
					[331.553243]
				]
			}
		],
		"plotpos": [85.77928364,36.56582769,479.5062924,324.7289448],
		"xax": {
			"titlepos": [198.6757018,375.8620523,259.1761859,18.8160697],
			"minpos": [82.74443369,365.5435624,9.711519845,13.35333979],
			"maxpos": [553.7531462,364.9365924,23.06485963,16.38818974],
			"type": 1
		},
		"yax": {
			"titlepos": [46.32623427,105.1534366,19.42303969,194.8373669],
			"minpos": [72.42594385,355.2250726,12.13939981,12.7463698],
			"maxpos": [66.35624395,28.06824782,15.78121975,15.78121975],
			"type": 1
		}
	}
}
