{
	"data": {
		"imagename": "03193-10.1.1.228.4015-Figure-8",
		"difficult": 0,
		"curves": [
			{
				"name": "BCDE->A",
				"labelposition": [67.37642045,503.2024148,62.31534091,18.23863636],
				"symbolposition": [27.09943182,507.0021307,38.75710227,12.15909091],
				"x": [
					[141.0909091],
					[260.4019886],
					[495.2244318]
				],
				"y": [
					[412.009233],
					[357.2933239],
					[375.5319602]
				]
			},
			{
				"name": "ACDE->B",
				"labelposition": [173.0085227,502.4424716,61.55539773,18.99857955],
				"symbolposition": [127.4119318,506.2421875,43.31676136,13.67897727],
				"x": [
					[144.1306818],
					[260.4019886],
					[378.1931818],
					[494.4644886]
				],
				"y": [
					[254.7009943],
					[225.8231534],
					[139.1896307],
					[62.43536932]
				]
			},
			{
				"name": "ABDE->C",
				"labelposition": [277.1207386,502.4424716,60.79545455,20.51846591],
				"symbolposition": [234.5639205,507.7620739,41.796875,12.15909091],
				"x": [
					[141.0909091],
					[261.1619318],
					[378.953125],
					[497.5042614]
				],
				"y": [
					[284.3387784],
					[156.6683239],
					[144.509233],
					[101.1924716]
				]
			},
			{
				"name": "ABCD->E",
				"labelposition": [486.1051136,503.2024148,63.83522727,18.23863636],
				"symbolposition": [444.3082386,501.6825284,39.51704545,22.03835227],
				"x": [
					[144.890625],
					[261.921875],
					[380.4730114],
					[497.5042614]
				],
				"y": [
					[263.0603693],
					[179.4666193],
					[114.8714489],
					[28.23792614]
				]
			}
		],
		"plotpos": [83.33522727,28.99786932,471.9247159,410.3693182],
		"xax": {
			"titlepos": [232.2840909,472.0447443,175.546875,21.27840909],
			"minpos": [131.2116477,450.7663352,19.75852273,19.75852273],
			"maxpos": [483.8252841,448.4865057,22.79829545,21.27840909],
			"type": 1
		},
		"yax": {
			"titlepos": [19.5,152.868608,22.79829545,163.3877841],
			"minpos": [38.49857955,427.9680398,38.75710227,21.27840909],
			"maxpos": [59.01704545,16.83877841,15.19886364,21.27840909],
			"type": 1
		}
	}
}
