{
	"data": {
		"imagename": "03194-10.1.1.298.3428-Figure-8",
		"difficult": 0,
		"curves": [
			{
				"name": "SIFT (128f, 28.09%)",
				"labelposition": [365.9360795,254.8757102,155.5028409,18.97869318],
				"symbolposition": [525.1122159,256.100142,57.54829545,17.14204545],
				"x": [
					[103.2954545],
					[113.703125],
					[123.4985795],
					[141.8650568],
					[165.7414773],
					[202.4744318],
					[242.8806818],
					[292.4701705],
					[342.0596591],
					[459.6051136],
					[522.0511364],
					[598.578125]
				],
				"y": [
					[377.318892],
					[328.3416193],
					[287.3231534],
					[249.365767],
					[216.306108],
					[188.756392],
					[166.7166193],
					[148.350142],
					[133.6569602],
					[109.1683239],
					[98.76065341],
					[92.02627841]
				]
			},
			{
				"name": "L-BGM (64f, 13.73%)",
				"labelposition": [356.7528409,273.8544034,161.625,17.14204545],
				"symbolposition": [522.0511364,274.4666193,63.05823864,14.69318182],
				"x": [
					[100.234375],
					[103.9076705],
					[111.2542614],
					[121.6619318],
					[134.5184659],
					[157.7826705],
					[187.78125],
					[226.9630682],
					[321.2443182],
					[373.8948864],
					[432.6676136],
					[489.6036932],
					[550.2130682],
					[598.578125]
				],
				"y": [
					[379.1555398],
					[314.8728693],
					[274.4666193],
					[232.2237216],
					[197.3274148],
					[166.7166193],
					[146.5134943],
					[124.4737216],
					[98.1484375],
					[85.90411932],
					[81.00639205],
					[74.27201705],
					[69.37428977],
					[66.31321023]
				]
			},
			{
				"name": "L-BGM Binarized (64b, 28.23%)",
				"labelposition": [276.5525568,287.9353693,241.8252841,19.59090909],
				"symbolposition": [525.7244318,289.772017,56.93607955,15.91761364],
				"x": [
					[117.3764205],
					[121.6619318],
					[135.7428977],
					[165.1292614],
					[200.6377841],
					[250.2272727],
					[315.1221591],
					[397.7713068],
					[492.6647727],
					[597.3536932]
				],
				"y": [
					[376.0944602],
					[363.2379261],
					[311.1995739],
					[260.9978693],
					[219.3671875],
					[185.0830966],
					[152.6356534],
					[128.759233],
					[104.8828125],
					[92.63849432]
				]
			},
			{
				"name": "ITQ-L-BGM (64b, 21.20%)",
				"labelposition": [320.0198864,306.3018466,197.7457386,18.36647727],
				"symbolposition": [524.5,305.6896307,59.38494318,17.14204545],
				"x": [
					[110.0298295],
					[119.2130682],
					[132.0696023],
					[154.109375],
					[180.4346591],
					[212.8821023],
					[256.9616477],
					[314.5099432],
					[383.078125],
					[458.3806818],
					[546.5397727],
					[596.7414773]
				],
				"y": [
					[377.931108],
					[324.056108],
					[280.5887784],
					[237.7336648],
					[203.4495739],
					[172.2265625],
					[150.1867898],
					[126.3103693],
					[107.943892],
					[93.86292614],
					[81.61860795],
					[76.10866477]
				]
			},
			{
				"name": "S3PLH-L-BGM (64b, 28.18%)",
				"labelposition": [293.0823864,322.8316761,225.9076705,18.36647727],
				"symbolposition": [524.5,324.056108,56.93607955,14.69318182],
				"x": [
					[130.2329545],
					[143.0894886],
					[163.2926136],
					[184.1079545],
					[212.8821023],
					[253.2883523],
					[297.3678977],
					[346.3451705],
					[405.1178977],
					[472.4616477],
					[545.9275568],
					[597.3536932]
				],
				"y": [
					[377.931108],
					[339.9737216],
					[300.1796875],
					[259.1612216],
					[225.4893466],
					[196.102983],
					[169.165483],
					[148.350142],
					[130.5958807],
					[111.6171875],
					[99.37286932],
					[92.02627841]
				]
			},
			{
				"name": "S3PLH-L-BGM (1024b, 15.92%)",
				"labelposition": [275.9403409,339.9737216,243.6619318,17.75426136],
				"symbolposition": [523.2755682,340.5859375,61.22159091,15.30539773],
				"x": [
					[100.8465909],
					[102.0710227],
					[108.1931818],
					[113.703125],
					[121.0497159],
					[129.0085227],
					[145.5383523],
					[165.1292614],
					[189.6178977],
					[220.8409091],
					[258.7982955],
					[302.8778409],
					[350.0184659],
					[412.4644886],
					[491.4403409],
					[597.9659091]
				],
				"y": [
					[376.0944602],
					[350.993608],
					[315.4850852],
					[278.7521307],
					[249.365767],
					[221.2038352],
					[196.102983],
					[174.0632102],
					[156.3089489],
					[136.1058239],
					[120.8004261],
					[110.3927557],
					[96.92400568],
					[88.96519886],
					[77.33309659],
					[68.14985795]
				]
			},
			{
				"name": "BinBoost (64b, 14.54%)",
				"labelposition": [337.1619318,355.8913352,179.3792614,17.75426136],
				"symbolposition": [520.8267045,359.5646307,66.11931818,12.85653409],
				"x": [
					[102.6832386],
					[107.5809659],
					[119.8252841],
					[137.5795455],
					[154.109375],
					[173.0880682],
					[192.6789773],
					[234.3096591],
					[282.0625],
					[336.5497159],
					[394.0980114],
					[452.8707386],
					[517.765625],
					[578.9872159],
					[597.9659091]
				],
				"y": [
					[377.931108],
					[300.7919034],
					[240.7947443],
					[203.4495739],
					[178.3487216],
					[159.3700284],
					[143.4524148],
					[124.4737216],
					[108.556108],
					[96.31178977],
					[87.74076705],
					[81.00639205],
					[75.49644886],
					[68.76207386],
					[66.92542614]
				]
			}
		],
		"plotpos": [92.27556818,39.37571023,506.9147727,339.1676136],
		"xax": {
			"titlepos": [267.9815341,410.3785511,155.5028409,18.97869318],
			"minpos": [84.31676136,384.053267,22.65198864,20.81534091],
			"maxpos": [584.4971591,387.1143466,33.05965909,18.97869318],
			"type": 1
		},
		"yax": {
			"titlepos": [4.728693182,131.8203125,21.42755682,154.2784091],
			"minpos": [50.64488636,367.5234375,34.28409091,19.59090909],
			"maxpos": [71.46022727,28.96803977,13.46875,28.16193182],
			"type": 1
		}
	}
}
