{
	"data": {
		"imagename": "03197-10.1.1.360.8064-Figure-3",
		"difficult": 0,
		"curves": [
			{
				"name": "Diferent Fisherface classifiers in random subspace",
				"labelposition": [156.0383523,21.7734375,295.6178977,16.02414773],
				"symbolposition": [123.9900568,21.22088068,30.390625,16.02414773],
				"x": [
					[49.94744318],
					[70.39204545],
					[93.59943182],
					[115.7017045],
					[162.6690341],
					[183.1136364],
					[207.4261364],
					[230.6335227],
					[275.390625],
					[298.0454545],
					[318.4900568],
					[342.8025568],
					[364.3522727],
					[389.2173295],
					[408.0042614],
					[432.3167614],
					[479.2840909]
				],
				"y": [
					[254.399858],
					[193.618608],
					[267.6612216],
					[226.772017],
					[209.6427557],
					[233.9552557],
					[284.790483],
					[232.850142],
					[338.9410511],
					[254.9524148],
					[266.0035511],
					[236.165483],
					[254.399858],
					[291.4211648],
					[285.3430398],
					[238.3757102],
					[272.634233]
				]
			},
			{
				"name": "Combine 20 Fishface classifiers using majority voting",
				"labelposition": [157.1434659,37.79758523,303.90625,16.02414773],
				"symbolposition": [125.0951705,40.56036932,27.62784091,10.49857955],
				"x": [
					[48.84232955],
					[477.0738636]
				],
				"y": [
					[95.81605114],
					[96.36860795]
				]
			}
		],
		"plotpos": [48.84232955,12.37997159,429.8892045,338.7173295],
		"xax": {
			"titlepos": [201.3480114,372.647017,120.4573864,14.91903409],
			"minpos": [61.55113636,355.5177557,17.68181818,17.12926136],
			"maxpos": [467.6803977,353.8600852,19.33948864,20.44460227],
			"type": 1
		},
		"yax": {
			"titlepos": [3.532670455,115.7080966,16.57670455,135.3764205],
			"minpos": [23.42471591,341.1512784,22.65482955,19.89204545],
			"maxpos": [36.13352273,2.986505682,9.393465909,18.78693182],
			"type": 1
		}
	}
}
