{
	"data": {
		"imagename": "03200-10.1.1.23.2864-Figure-2",
		"difficult": 0,
		"curves": [
			{
				"name": "Proposed quadratic classifier",
				"labelposition": [116.25,21.3828125,227.90625,20.625],
				"symbolposition": [83.25,26.0234375,30.9375,12.890625],
				"x": [
					[68.8125],
					[113.15625],
					[134.8125],
					[157.5],
					[178.640625],
					[202.875],
					[226.59375],
					[245.15625],
					[290.015625],
					[334.875],
					[354.984375],
					[399.328125],
					[420.46875],
					[445.21875],
					[464.8125]
				],
				"y": [
					[280.7421875],
					[285.8984375],
					[273.0078125],
					[274.0390625],
					[285.3828125],
					[276.1015625],
					[273.0078125],
					[275.5859375],
					[262.6953125],
					[265.7890625],
					[259.0859375],
					[254.4453125],
					[242.0703125],
					[250.3203125],
					[249.8046875]
				]
			},
			{
				"name": "Plugin quadratic classifier",
				"labelposition": [116.25,44.5859375,204.703125,20.109375],
				"symbolposition": [83.765625,49.2265625,30.9375,11.34375],
				"x": [
					[70.359375],
					[95.625],
					[116.25],
					[134.8125],
					[162.65625],
					[180.1875],
					[201.84375],
					[246.703125],
					[267.84375],
					[285.375],
					[311.15625],
					[334.359375],
					[376.640625],
					[399.84375],
					[425.625],
					[445.734375],
					[462.234375]
				],
				"y": [
					[278.6796875],
					[277.1328125],
					[270.9453125],
					[254.9609375],
					[243.6171875],
					[242.0703125],
					[221.9609375],
					[204.9453125],
					[175.0390625],
					[165.2421875],
					[139.4609375],
					[142.0390625],
					[97.1796875],
					[95.1171875],
					[67.7890625],
					[56.9609375],
					[51.8046875]
				]
			},
			{
				"name": "Optimal Bayes error rate",
				"labelposition": [117.796875,65.7265625,192.328125,23.203125],
				"symbolposition": [82.21875,68.8203125,32.484375,11.859375],
				"x": [
					[69.328125],
					[464.296875]
				],
				"y": [
					[284.3515625],
					[283.8359375]
				]
			}
		],
		"plotpos": [68.8125,13.1328125,397.03125,311.953125],
		"xax": {
			"titlepos": [202.359375,345.1953125,113.953125,15.984375],
			"minpos": [62.109375,331.7890625,17.015625,15.984375],
			"maxpos": [456.046875,329.2109375,21.65625,18.5625],
			"type": 1
		},
		"yax": {
			"titlepos": [6.421875,93.5703125,19.078125,93.84375],
			"minpos": [35.296875,272.4921875,32.484375,20.625],
			"maxpos": [34.78125,3.8515625,32.484375,20.625],
			"type": 1
		}
	}
}
