{
	"data": {
		"imagename": "03201-10.1.1.385.2109-Figure-4",
		"difficult": 0,
		"curves": [
			{
				"name": "WordNet",
				"labelposition": [437.8821023,291.6612216,77.55681818,19.38920455],
				"symbolposition": [410.7372159,293.600142,25.20596591,13.57244318],
				"x": [
					[86.29119318],
					[207.1505682],
					[324.7784091],
					[443.6988636],
					[563.265625]
				],
				"y": [
					[275.5035511],
					[232.2009943],
					[230.2620739],
					[270.3330966],
					[246.4197443]
				]
			},
			{
				"name": "Simile",
				"labelposition": [437.8821023,314.928267,54.28977273,20.68181818],
				"symbolposition": [414.6150568,316.8671875,23.26704545,14.21875],
				"x": [
					[88.23011364],
					[207.796875],
					[324.7784091],
					[445.6377841],
					[563.265625]
				],
				"y": [
					[232.2009943],
					[232.2009943],
					[241.8955966],
					[258.6995739],
					[166.2776989]
				]
			},
			{
				"name": "ConceptNet",
				"labelposition": [437.8821023,339.4879261,103.4090909,21.97443182],
				"symbolposition": [413.96875,340.134233,23.91335227,19.38920455],
				"x": [
					[84.35227273],
					[206.5042614],
					[323.4857955],
					[445.6377841],
					[560.6803977]
				],
				"y": [
					[162.399858],
					[225.0916193],
					[239.9566761],
					[239.9566761],
					[252.8828125]
				]
			},
			{
				"name": "Poesio & Alm.",
				"labelposition": [437.8821023,362.7549716,120.2130682,25.20596591],
				"symbolposition": [412.0298295,366.6328125,25.85227273,10.98721591],
				"x": [
					[84.35227273],
					[561.3267045]
				],
				"y": [
					[276.7961648],
					[276.149858]
				]
			}
		],
		"plotpos": [84.35227273,84.19673295,479.5596591,310.8735795],
		"xax": {
			"titlepos": [211.0284091,429.9708807,171.9176136,23.26704545],
			"minpos": [78.53551136,410.5816761,17.45028409,21.328125],
			"maxpos": [554.2173295,412.5205966,16.80397727,20.03551136],
			"type": 1
		},
		"yax": {
			"titlepos": [2.917613636,218.6285511,24.55965909,54.93607955],
			"minpos": [30.0625,382.1441761,38.77840909,21.328125],
			"maxpos": [32.00142045,73.20951705,38.77840909,20.03551136],
			"type": 1
		}
	}
}
