{
	"data": {
		"imagename": "03202-10.1.1.294.2908-Figure-3",
		"difficult": 0,
		"curves": [
			{
				"name": "3-step optimal",
				"labelposition": [203.4417614,33.19957386,163.8153409,27.9375],
				"symbolposition": [120.2642045,38.27911932,80.00284091,19.04829545],
				"x": [
					[101.8508523],
					[115.1846591],
					[143.7571023],
					[187.5681818],
					[226.2997159],
					[264.3963068],
					[300.5880682],
					[338.6846591],
					[372.3366477],
					[393.9247159],
					[414.8778409],
					[443.4502841],
					[470.1178977],
					[489.8011364],
					[533.6122159]
				],
				"y": [
					[376.7038352],
					[364.6399148],
					[343.0518466],
					[311.3046875],
					[283.3671875],
					[256.0646307],
					[226.2223011],
					[196.3799716],
					[172.8870739],
					[153.8387784],
					[138.600142],
					[115.1072443],
					[92.88423295],
					[70.66122159],
					[43.35866477]
				]
			},
			{
				"name": "2-step optimal",
				"labelposition": [202.8068182,59.23224432,164.4502841,27.30255682],
				"symbolposition": [117.0894886,64.94673295,83.17755682,17.14346591],
				"x": [
					[101.8508523],
					[126.6136364],
					[147.5667614],
					[168.5198864],
					[188.203125],
					[211.6960227],
					[240.2684659],
					[265.03125],
					[303.7627841],
					[338.6846591],
					[376.78125],
					[414.8778409],
					[446.625],
					[473.2926136],
					[503.7698864],
					[531.7073864]
				],
				"y": [
					[374.7990057],
					[359.5603693],
					[337.9723011],
					[329.0830966],
					[309.399858],
					[292.8913352],
					[275.1129261],
					[256.0646307],
					[223.6825284],
					[197.649858],
					[169.712358],
					[146.2194602],
					[120.1867898],
					[97.96377841],
					[71.29616477],
					[53.51775568]
				]
			},
			{
				"name": "1-step optimal",
				"labelposition": [201.5369318,86.53480114,168.8948864,26.03267045],
				"symbolposition": [122.1690341,92.24928977,75.55823864,17.77840909],
				"x": [
					[103.1207386],
					[130.4232955],
					[160.265625],
					[205.3465909],
					[242.1732955],
					[270.7457386],
					[301.2230114],
					[327.2556818],
					[362.8125],
					[390.1150568],
					[419.9573864],
					[435.1960227],
					[464.4034091],
					[491.7059659],
					[512.6590909],
					[533.6122159]
				],
				"y": [
					[374.7990057],
					[354.4808239],
					[329.7180398],
					[294.7961648],
					[275.1129261],
					[254.7947443],
					[232.571733],
					[219.8728693],
					[195.7450284],
					[174.7919034],
					[154.4737216],
					[143.0447443],
					[127.1711648],
					[105.5830966],
					[87.16974432],
					[78.28053977]
				]
			},
			{
				"name": "random",
				"labelposition": [200.2670455,113.2024148,94.60653409,25.39772727],
				"symbolposition": [120.8991477,120.1867898,71.74857955,14.60369318],
				"x": [
					[101.2159091],
					[536.1519886]
				],
				"y": [
					[376.7038352],
					[325.9083807]
				]
			}
		],
		"plotpos": [99.94602273,17.32599432,436.8409091,361.2826705],
		"xax": {
			"titlepos": [188.8380682,421.149858,255.8821023,24.12784091],
			"minpos": [92.32670455,390.037642,20.31818182,27.9375],
			"maxpos": [508.8494318,387.4978693,46.35085227,26.66761364],
			"type": 1
		},
		"yax": {
			"titlepos": [4.069602273,62.40696023,32.38210227,285.0894886],
			"minpos": [70.10369318,362.7350852,22.22301136,26.03267045],
			"maxpos": [45.34090909,3.9921875,43.17613636,25.39772727],
			"type": 1
		}
	}
}
