{
	"data": {
		"imagename": "03204-10.1.1.174.3004-Figure-1",
		"difficult": 0,
		"curves": [
			{
				"name": "WordNet",
				"labelposition": [142.2245886,12.78267183,78.21200387,22.18780252],
				"symbolposition": [118.3727009,15.00145208,23.29719264,13.31268151],
				"x": [
					[118.3727009],
					[207.1239109],
					[298.0939013],
					[385.7357212],
					[476.7057115],
					[563.7928364]
				],
				"y": [
					[315.0914811],
					[302.3334947],
					[245.1999032],
					[152.0111326],
					[78.79138432],
					[32.19699903]
				]
			},
			{
				"name": "Simile",
				"labelposition": [142.2245886,36.63455954,54.91481123,22.18780252],
				"symbolposition": [117.2633107,39.96272991,24.96127783,12.75798645],
				"x": [
					[118.3727009],
					[207.678606],
					[295.875121],
					[385.7357212],
					[475.0416263],
					[563.7928364]
				],
				"y": [
					[315.0914811],
					[296.786544],
					[252.9656341],
					[170.3160697],
					[102.088577],
					[50.50193611]
				]
			},
			{
				"name": "ConceptNet",
				"labelposition": [142.2245886,62.15053243,103.1732817,20.52371733],
				"symbolposition": [118.3727009,59.93175218,23.29719264,20.52371733],
				"x": [
					[118.9273959],
					[208.2333011],
					[298.6485963],
					[389.0638916],
					[566.0116167]
				],
				"y": [
					[323.9666021],
					[316.7555663],
					[294.5677638],
					[236.3247822],
					[94.32284608]
				]
			}
		],
		"plotpos": [116.7086157,12.78267183,446.5295257,311.1839303],
		"xax": {
			"titlepos": [243.7337851,365.5687318,170.2913843,23.85188771],
			"minpos": [108.9428848,340.607454,18.30493708,19.4143272],
			"maxpos": [553.2536302,341.7168441,15.53146176,21.07841239],
			"type": 1
		},
		"yax": {
			"titlepos": [2.44143272,138.6984511,20.52371733,87.64181994],
			"minpos": [86.75508228,313.982091,14.9767667,21.07841239],
			"maxpos": [32.94966118,3.907550823,70.44627299,20.52371733],
			"type": 1
		}
	}
}
