{
	"data": {
		"imagename": "03208-10.1.1.149.4701-Figure-5",
		"difficult": 0,
		"curves": [
			{
				"name": "curriculum",
				"labelposition": [348.2017045,65.08877841,78.36363636,20.81534091],
				"symbolposition": [313.3053977,65.08877841,34.89630682,12.85653409],
				"x": [
					[92.90767045],
					[97.80539773],
					[100.2542614],
					[102.703125],
					[106.9886364],
					[115.5596591],
					[127.1917614],
					[137.5994318],
					[152.2926136],
					[156.578125],
					[159.6392045],
					[163.3125],
					[165.7613636],
					[173.1079545],
					[185.9644886],
					[198.8210227],
					[217.1875],
					[233.7173295],
					[247.7982955],
					[249.0227273],
					[252.6960227],
					[263.1036932],
					[275.3480114],
					[292.4900568],
					[314.5298295],
					[338.40625],
					[347.5894886],
					[350.0383523],
					[354.9360795],
					[369.6292614],
					[384.9346591],
					[410.0355114],
					[423.5042614],
					[438.1974432],
					[443.7073864],
					[454.7272727]
				],
				"y": [
					[32.02911932],
					[39.98792614],
					[55.90553977],
					[71.2109375],
					[81.61860795],
					[93.86292614],
					[103.6583807],
					[111.6171875],
					[116.5149148],
					[116.5149148],
					[142.8401989],
					[174.0632102],
					[186.9197443],
					[196.102983],
					[204.0617898],
					[208.959517],
					[213.8572443],
					[217.5305398],
					[221.2038352],
					[242.631392],
					[255.4879261],
					[262.834517],
					[272.0177557],
					[279.9765625],
					[287.9353693],
					[290.9964489],
					[292.8330966],
					[309.3629261],
					[319.7705966],
					[327.1171875],
					[335.0759943],
					[342.4225852],
					[346.7080966],
					[345.4836648],
					[347.9325284],
					[350.381392]
				]
			},
			{
				"name": "no-curriculum",
				"labelposition": [347.5894886,92.02627841,96.11789773,18.97869318],
				"symbolposition": [313.9176136,91.4140625,31.83522727,12.24431818],
				"x": [
					[94.13210227],
					[97.19318182],
					[97.19318182],
					[103.3153409],
					[123.5184659],
					[127.1917614],
					[136.375],
					[144.9460227],
					[163.9247159],
					[186.5767045],
					[223.921875],
					[256.3693182],
					[281.4701705],
					[302.2855114],
					[335.3451705],
					[370.2414773],
					[401.4644886],
					[430.2386364],
					[454.7272727]
				],
				"y": [
					[141.0035511],
					[163.0433239],
					[170.3899148],
					[177.7365057],
					[186.9197443],
					[197.9396307],
					[212.0205966],
					[225.4893466],
					[240.1825284],
					[251.2024148],
					[268.3444602],
					[283.649858],
					[293.4453125],
					[298.3430398],
					[307.5262784],
					[313.6484375],
					[319.7705966],
					[325.2805398],
					[328.9538352]
				]
			}
		],
		"plotpos": [90.45880682,20.39701705,367.9417614,348.3508523],
		"xax": {
			"titlepos": [478.6036932,369.3600852,62.44602273,44.07954545],
			"minpos": [79.43892045,384.665483,28.77414773,22.03977273],
			"maxpos": [438.1974432,385.2776989,36.73295455,20.203125],
			"type": 1
		},
		"yax": {
			"titlepos": [21.27840909,126.3103693,25.10085227,137.7485795],
			"minpos": [43.93039773,360.1768466,34.89630682,20.81534091],
			"maxpos": [51.88920455,13.05042614,29.38636364,19.59090909],
			"type": 1
		}
	}
}
