{
	"data": {
		"imagename": "03218-10.1.1.102.7644-Figure-9",
		"difficult": 0,
		"curves": [
			{
				"name": "CC",
				"labelposition": [434.6590909,112.5589489,31.24431818,21.02982955],
				"symbolposition": [364.359375,115.5632102,64.89204545,15.62215909],
				"x": [
					[145.0482955],
					[268.8238636],
					[389.5951705]
				],
				"y": [
					[90.32741477],
					[93.33167614],
					[44.06178977]
				]
			},
			{
				"name": "DP",
				"labelposition": [438.2642045,138.3955966,27.03835227,18.02556818],
				"symbolposition": [362.5568182,138.9964489,68.49715909,17.42471591],
				"x": [
					[145.0482955],
					[267.6221591],
					[387.7926136]
				],
				"y": [
					[245.3473011],
					[284.4026989],
					[307.2350852]
				]
			},
			{
				"name": "PP",
				"labelposition": [436.4616477,158.8245739,30.04261364,21.02982955],
				"symbolposition": [361.9559659,160.0262784,65.49289773,20.42897727],
				"x": [
					[145.6491477],
					[267.6221591],
					[387.7926136]
				],
				"y": [
					[175.0475852],
					[208.6953125],
					[283.8018466]
				]
			},
			{
				"name": "OM",
				"labelposition": [436.4616477,182.2578125,30.64346591,19.828125],
				"symbolposition": [363.7585227,185.8629261,69.09801136,15.02130682],
				"x": [
					[145.0482955],
					[267.0213068],
					[388.9943182]
				],
				"y": [
					[157.022017],
					[281.9992898],
					[340.2819602]
				]
			}
		],
		"plotpos": [60.92897727,18.82599432,415.1889205,355.1036932],
		"xax": {
			"titlepos": [197.3224432,403.9723011,148.4105114,18.02556818],
			"minpos": [104.1903409,380.5390625,81.11505682,22.83238636],
			"maxpos": [337.3210227,381.1399148,111.1576705,22.23153409],
			"type": 1
		},
		"yax": {
			"titlepos": [5.049715909,33.84730114,21.02982955,315.4474432],
			"minpos": [27.88210227,307.2350852,25.23579545,15.62215909],
			"maxpos": [28.48295455,69.29758523,24.63494318,14.42045455],
			"type": 1
		}
	}
}
