{
	"data": {
		"imagename": "03217-10.1.1.184.7839-Figure-4",
		"difficult": 0,
		"curves": [
			{
				"name": "Training Data",
				"labelposition": [331.953125,404.4367898,127.0241477,22.50142045],
				"symbolposition": [287.6761364,409.5177557,42.09943182,14.51704545],
				"x": [
					[94.59943182],
					[96.77698864],
					[101.1321023],
					[102.5838068],
					[104.7613636],
					[114.1974432],
					[124.359375],
					[157.0227273],
					[166.4588068],
					[196.9446023],
					[210.0099432],
					[241.9474432],
					[256.4644886],
					[281.8693182],
					[284.7727273],
					[328.3238636],
					[397.2798295],
					[435.0241477],
					[553.3380682]
				],
				"y": [
					[417.5021307],
					[341.287642],
					[275.2350852],
					[230.9580966],
					[201.9240057],
					[200.4723011],
					[173.615767],
					[172.1640625],
					[152.5660511],
					[151.8401989],
					[149.662642],
					[145.3075284],
					[135.8714489],
					[135.8714489],
					[127.1612216],
					[123.5319602],
					[119.1768466],
					[111.9183239],
					[106.837358]
				]
			},
			{
				"name": "Testing Data (unseen)",
				"labelposition": [333.4048295,426.9382102,203.9644886,24.67897727],
				"symbolposition": [291.3053977,432.7450284,35.56676136,13.79119318],
				"x": [
					[93.87357955],
					[96.77698864],
					[100.40625],
					[102.5838068],
					[106.9389205],
					[114.1974432],
					[120.7301136],
					[157.7485795],
					[166.4588068],
					[197.6704545],
					[241.2215909],
					[253.5610795],
					[284.046875],
					[291.3053977],
					[341.3892045],
					[397.2798295],
					[432.8465909],
					[489.4630682],
					[551.1605114]
				],
				"y": [
					[412.4211648],
					[368.8700284],
					[289.0262784],
					[219.3444602],
					[200.4723011],
					[198.2947443],
					[171.4382102],
					[171.4382102],
					[151.8401989],
					[149.662642],
					[147.4850852],
					[137.3231534],
					[135.8714489],
					[127.1612216],
					[123.5319602],
					[116.9992898],
					[111.9183239],
					[110.4666193],
					[108.2890625]
				]
			}
		],
		"plotpos": [92.421875,92.3203125,461.6420455,370.1846591],
		"xax": {
			"titlepos": [258.6420455,482.102983,125.5724432,22.50142045],
			"minpos": [87.34090909,463.2308239,11.61363636,18.87215909],
			"maxpos": [493.8181818,463.9566761,23.22727273,18.14630682],
			"type": 1
		},
		"yax": {
			"titlepos": [44.515625,250.556108,24.67897727,63.14914773],
			"minpos": [68.46875,453.068892,21.04971591,15.96875],
			"maxpos": [72.82386364,90.86860795,17.42045455,18.14630682],
			"type": 1
		}
	}
}
