{
	"data": {
		"imagename": "03232-10.1.1.43.7973-Figure-2",
		"difficult": 0,
		"curves": [
			{
				"name": "before NN reranking",
				"labelposition": [391.9375,39.8984375,139.65625,19.21875],
				"symbolposition": [535.4375,43.1015625,32.03125,14.09375],
				"x": [
					[62.65625],
					[69.703125],
					[73.546875],
					[80.59375],
					[84.4375],
					[95.96875],
					[105.578125],
					[114.546875],
					[124.796875],
					[131.84375],
					[136.328125],
					[139.53125],
					[149.78125],
					[152.984375],
					[172.84375],
					[195.265625],
					[231.140625],
					[249.078125],
					[265.09375],
					[306.09375],
					[363.109375],
					[429.09375],
					[490.59375],
					[573.875]
				],
				"y": [
					[174.4296875],
					[217.3515625],
					[193.6484375],
					[199.4140625],
					[211.5859375],
					[205.8203125],
					[201.3359375],
					[205.1796875],
					[207.7421875],
					[203.2578125],
					[203.2578125],
					[207.1015625],
					[203.8984375],
					[209.6640625],
					[205.1796875],
					[205.1796875],
					[208.3828125],
					[206.4609375],
					[209.0234375],
					[205.8203125],
					[203.2578125],
					[203.2578125],
					[199.4140625],
					[201.3359375]
				]
			},
			{
				"name": "after NN reranking",
				"labelposition": [409.875,58.4765625,121.71875,15.375],
				"symbolposition": [536.078125,59.7578125,32.671875,10.890625],
				"x": [
					[62.65625],
					[69.0625],
					[74.1875],
					[81.234375],
					[83.15625],
					[94.046875],
					[103.65625],
					[115.1875],
					[119.03125],
					[139.53125],
					[154.90625],
					[170.28125],
					[177.328125],
					[190.78125],
					[202.3125],
					[217.046875],
					[237.546875],
					[257.40625],
					[313.140625],
					[359.90625],
					[413.71875],
					[469.453125],
					[514.9375],
					[574.515625]
				],
				"y": [
					[314.0859375],
					[272.4453125],
					[286.5390625],
					[275.6484375],
					[256.4296875],
					[289.1015625],
					[276.2890625],
					[269.8828125],
					[275.0078125],
					[269.2421875],
					[265.3984375],
					[266.0390625],
					[261.5546875],
					[258.3515625],
					[259.6328125],
					[260.9140625],
					[253.2265625],
					[241.6953125],
					[226.9609375],
					[223.7578125],
					[215.4296875],
					[209.6640625],
					[205.1796875],
					[201.3359375]
				]
			}
		],
		"plotpos": [59.453125,29.6484375,518.90625,382.453125],
		"xax": {
			"titlepos": [261.25,431.9609375,112.109375,17.296875],
			"minpos": [53.046875,417.8671875,14.09375,18.578125],
			"maxpos": [545.6875,416.5859375,34.59375,19.21875],
			"type": 1
		},
		"yax": {
			"titlepos": [3.71875,130.8671875,22.421875,185.140625],
			"minpos": [39.59375,403.1328125,14.09375,17.296875],
			"maxpos": [24.21875,19.3984375,28.1875,20.5],
			"type": 1
		}
	}
}
