{
	"data": {
		"imagename": "03237-10.1.1.125.919-Figure-9",
		"difficult": 0,
		"curves": [
			{
				"name": "\"Hansard-S\"",
				"labelposition": [515.9874153,10.33059051,71.86931268,13.99225557],
				"symbolposition": [592.9448209,13.5106486,40.06873185,10.81219748],
				"x": [
					[58.05905131],
					[163.0009681],
					[265.3988383],
					[299.7434656],
					[327.7279768],
					[371.6127783],
					[392.6011617],
					[466.3785092],
					[644.4617619]
				],
				"y": [
					[316.8881897],
					[165.517425],
					[81.56389158],
					[61.84753146],
					[40.85914811],
					[23.05082285],
					[17.3267183],
					[9.694578896],
					[8.422555663]
				]
			},
			{
				"name": "\"Hansard-P\"",
				"labelposition": [512.1713456,22.41481123,75.04937076,13.35624395],
				"symbolposition": [589.1287512,24.32284608,42.61277832,11.4482091],
				"x": [
					[58.05905131],
					[163.0009681],
					[222.78606],
					[267.3068732],
					[299.7434656],
					[328.3639884],
					[353.804453],
					[370.9767667],
					[405.9574056],
					[468.9225557],
					[645.7337851]
				],
				"y": [
					[340.4206196],
					[246.2909003],
					[199.2260407],
					[104.4603098],
					[70.75169409],
					[50.39932236],
					[40.85914811],
					[26.23088093],
					[20.50677638],
					[7.786544046],
					[7.786544046]
				]
			},
			{
				"name": "\"Hansard-GIZA\"",
				"labelposition": [489.2749274,34.49903195,98.58180058,12.08422072],
				"symbolposition": [589.7647628,35.77105518,41.34075508,10.17618587],
				"x": [
					[60.60309777],
					[163.0009681],
					[224.0580833],
					[267.3068732],
					[329],
					[351.8964182],
					[388.785092],
					[405.321394],
					[465.106486],
					[544.607938],
					[643.8257502]
				],
				"y": [
					[325.7923524],
					[269.8233301],
					[229.1185866],
					[179.5096805],
					[140.7129719],
					[126.7207164],
					[91.10406583],
					[72.02371733],
					[27.50290416],
					[8.422555663],
					[7.786544046]
				]
			},
			{
				"name": "\"FBIS\"",
				"labelposition": [545.2439497,44.67521781,43.88480155,13.99225557],
				"symbolposition": [593.5808325,44.67521781,40.06873185,13.99225557],
				"x": [
					[58.69506292],
					[161.0929332],
					[224.0580833],
					[267.3068732],
					[328.3639884],
					[388.1490803],
					[466.3785092],
					[542.0638916],
					[570.0484027],
					[592.3088093],
					[645.0977735]
				],
				"y": [
					[348.052759],
					[316.8881897],
					[294.6277832],
					[264.0992256],
					[225.3025169],
					[174.4215876],
					[102.5522749],
					[33.22700871],
					[17.3267183],
					[12.23862536],
					[7.786544046]
				]
			}
		],
		"plotpos": [57.42303969,8.422555663,588.3107454,347.2623427],
		"xax": {
			"titlepos": [240.5943853,377.3092933,223.8760891,14.62826718],
			"minpos": [51.06292352,359.5009681,13.99225557,15.2642788],
			"maxpos": [638.1016457,360.1369797,17.80832527,13.99225557],
			"type": 2
		},
		"yax": {
			"titlepos": [3.362052275,127.356728,19.0803485,110.0300097],
			"minpos": [26.25847047,348.052759,24.16844143,15.2642788],
			"maxpos": [37.70667957,2.062439497,13.99225557,16.53630203],
			"type": 1
		}
	}
}
