{
	"data": {
		"imagename": "03245-10.1.1.233.6157-Figure-2",
		"difficult": 0,
		"curves": [
			{
				"name": "Flickr11K (11,282 images)",
				"labelposition": [183.6988636,198.928267,236.9786932,27.43465909],
				"symbolposition": [151.5340909,204.6044034,31.69176136,11.82528409],
				"x": [
					[78.21732955],
					[85.78551136],
					[100.4488636],
					[118.8963068],
					[135.9247159],
					[161.4673295],
					[193.6321023],
					[221.0667614],
					[255.5965909],
					[292.4914773],
					[442.9090909]
				],
				"y": [
					[257.5816761],
					[212.1725852],
					[161.5603693],
					[117.5703125],
					[84.45951705],
					[53.71377841],
					[33.84730114],
					[22.49502841],
					[18.7109375],
					[14.45383523],
					[14.45383523]
				]
			},
			{
				"name": "Flickr550 (540,321 images)",
				"labelposition": [183.6988636,224.943892,245.9659091,23.65056818],
				"symbolposition": [153.4261364,228.2549716,30.27272727,12.77130682],
				"x": [
					[78.21732955],
					[80.109375],
					[90.04261364],
					[99.02982955],
					[114.1661932],
					[134.0326705],
					[154.8451705],
					[181.3338068],
					[199.3082386],
					[221.5397727],
					[251.3394886],
					[283.5042614],
					[323.7102273],
					[444.328125]
				],
				"y": [
					[258.5276989],
					[229.2009943],
					[194.1981534],
					[167.2365057],
					[136.0177557],
					[99.12286932],
					[67.90411932],
					[46.61860795],
					[33.84730114],
					[24.86008523],
					[20.12997159],
					[17.29190341],
					[14.92684659],
					[13.03480114]
				]
			}
		],
		"plotpos": [78.21732955,13.98082386,365.6377841,246.9119318],
		"xax": {
			"titlepos": [205.4573864,305.8288352,111.1576705,26.48863636],
			"minpos": [69.23011364,276.5021307,15.609375,26.96164773],
			"maxpos": [427.7727273,278.3941761,33.11079545,23.17755682],
			"type": 1
		},
		"yax": {
			"titlepos": [1.116477273,54.65980114,31.69176136,160.3508523],
			"minpos": [44.63352273,248.5944602,25.06960227,25.06960227],
			"maxpos": [26.18607955,5.466619318,38.78693182,18.92045455],
			"type": 1
		}
	}
}
