{
	"data": {
		"imagename": "03254-10.1.1.361.3926-Figure-3",
		"difficult": 0,
		"curves": [
			{
				"name": "Matcher",
				"labelposition": [511.4811229,70.14859632,67.49370765,20.90513069],
				"symbolposition": [461.9060987,73.13504356,49.5750242,16.1268151],
				"x": [
					[243.2981607],
					[301.2352372],
					[360.964182],
					[408.1500484],
					[443.9874153],
					[474.4491772],
					[494.1597289]
				],
				"y": [
					[92.24830591],
					[110.7642788],
					[135.2531462],
					[156.1582769],
					[172.8823814],
					[187.2173282],
					[197.3712488]
				]
			},
			{
				"name": "Extractions",
				"labelposition": [510.8838335,101.2076476,87.80154889,22.09970958],
				"symbolposition": [461.3088093,104.7913843,48.3804453,13.14036786],
				"x": [
					[208.6553727],
					[289.8867377],
					[326.321394],
					[379.4801549],
					[447.571152],
					[481.0193611],
					[492.3678606]
				],
				"y": [
					[128.6829622],
					[174.0769603],
					[182.4390126],
					[194.982091],
					[209.9143272],
					[219.4709584],
					[221.2628267]
				]
			},
			{
				"name": "Pattern",
				"labelposition": [510.286544,131.6694095,59.72894482,18.51597289],
				"symbolposition": [465.4898354,135.2531462,45.39399806,11.34849952],
				"x": [
					[236.7279768],
					[289.8867377],
					[313.7783156],
					[349.018393],
					[372.3126815],
					[389.6340755],
					[402.7744434],
					[413.5256534],
					[420.0958374],
					[425.4714424],
					[431.4443369],
					[443.9874153],
					[463.6979671],
					[482.8112294],
					[495.9515973]
				],
				"y": [
					[97.62391094],
					[120.9181994],
					[131.6694095],
					[150.1853824],
					[161.5338819],
					[171.6878025],
					[191.3983543],
					[195.5793804],
					[208.7197483],
					[215.2899322],
					[224.249274],
					[235.5977735],
					[239.1815102],
					[242.1679574],
					[242.1679574]
				]
			},
			{
				"name": "Frequency",
				"labelposition": [509.6892546,160.339303,80.63407551,20.90513069],
				"symbolposition": [461.3088093,162.7284608,48.97773475,11.34849952],
				"x": [
					[168.6369797],
					[237.9225557],
					[269.5788964],
					[289.8867377],
					[315.5701839],
					[340.0590513],
					[373.5072604],
					[415.3175218],
					[448.7657309],
					[495.3543078]
				],
				"y": [
					[174.0769603],
					[191.9956438],
					[202.7468538],
					[206.3305905],
					[217.0818006],
					[223.6519845],
					[232.0140368],
					[238.5842207],
					[242.7652469],
					[245.7516941]
				]
			}
		],
		"plotpos": [97.55953533,72.53775411,491.5692159,175.0058083],
		"xax": {
			"titlepos": [310.7918683,285.7700871,74.06389158,27.47531462],
			"minpos": [89.79477251,258.892062,19.71055179,28.66989351],
			"maxpos": [578.3775411,260.0866409,20.30784124,22.09970958],
			"type": 1
		},
		"yax": {
			"titlepos": [21.10648596,111.9588577,29.86447241,98.55275895],
			"minpos": [63.51403679,235.000484,26.28073572,25.08615682],
			"maxpos": [52.76282672,62.98112294,30.46176186,20.90513069],
			"type": 1
		}
	}
}
