{
	"data": {
		"imagename": "03253-10.1.1.50.6953-Figure-11",
		"difficult": 0,
		"curves": [
			{
				"name": "Sage-DFS",
				"labelposition": [227.3210227,23.98366477,83.43607955,18.78693182],
				"symbolposition": [316.2826705,27.29900568,41.44176136,14.36647727],
				"x": [
					[98.57528409],
					[169.8551136],
					[241.1349432],
					[309.6519886],
					[380.9318182],
					[452.7642045],
					[522.3863636]
				],
				"y": [
					[305.787642],
					[306.3401989],
					[295.2890625],
					[305.787642],
					[170.9637784],
					[251.084517],
					[17.90553977]
				]
			},
			{
				"name": "PBR",
				"labelposition": [273.1832386,41.11292614,39.78409091,19.89204545],
				"symbolposition": [317.3877841,44.98082386,35.36363636,11.60369318],
				"x": [
					[98.57528409],
					[521.28125]
				],
				"y": [
					[306.8927557],
					[305.2350852]
				]
			}
		],
		"plotpos": [96.91761364,13.48508523,424.9161932,329.8764205],
		"xax": {
			"titlepos": [263.7897727,366.0163352,90.61931818,20.44460227],
			"minpos": [90.28693182,349.4396307,16.57670455,27.07528409],
			"maxpos": [516.8607955,346.6768466,12.70880682,25.97017045],
			"type": 1
		},
		"yax": {
			"titlepos": [2.982954545,99.13139205,24.3125,157.4786932],
			"minpos": [62.65909091,334.5205966,28.73295455,17.12926136],
			"maxpos": [65.421875,2.433948864,28.18039773,22.65482955],
			"type": 1
		}
	}
}
