{
	"data": {
		"imagename": "03250-10.1.1.141.6884-Figure-8",
		"difficult": 0,
		"curves": [
			{
				"name": "sampling-1",
				"labelposition": [488.2556818,30.50355114,96.01136364,19.76704545],
				"symbolposition": [443.0738636,31.91548295,43.06392045,17.64914773],
				"x": [
					[49.14488636],
					[163.5113636],
					[223.5184659],
					[281.4076705],
					[337.1789773],
					[397.1860795],
					[454.3693182],
					[511.5525568],
					[568.7357955],
					[625.9190341]
				],
				"y": [
					[13.56036932],
					[17.79616477],
					[24.85582386],
					[42.50497159],
					[68.62571023],
					[120.1612216],
					[200.6413352],
					[297.3586648],
					[387.7223011],
					[437.8458807]
				]
			},
			{
				"name": "sampling-10",
				"labelposition": [488.2556818,53.80042614,107.3068182,19.06107955],
				"symbolposition": [443.0738636,55.91832386,43.06392045,16.94318182],
				"x": [
					[53.38068182],
					[165.6292614],
					[220.6946023],
					[281.4076705],
					[337.8849432],
					[395.0681818],
					[450.1335227],
					[509.4346591],
					[569.4417614],
					[623.8011364]
				],
				"y": [
					[151.9296875],
					[148.399858],
					[150.5177557],
					[168.8728693],
					[177.3444602],
					[227.4680398],
					[300.8884943],
					[370.0731534],
					[423.0205966],
					[449.1413352]
				]
			},
			{
				"name": "sampling-20",
				"labelposition": [488.2556818,74.97940341,105.8948864,21.17897727],
				"symbolposition": [443.7798295,74.2734375,42.35795455,19.76704545],
				"x": [
					[50.55681818],
					[107.7400568],
					[167.7471591],
					[278.5838068],
					[336.4730114],
					[394.3622159],
					[453.6633523],
					[509.4346591],
					[568.7357955],
					[623.8011364]
				],
				"y": [
					[143.4580966],
					[120.8671875],
					[139.928267],
					[162.5191761],
					[192.1697443],
					[239.4694602],
					[309.3600852],
					[378.5447443],
					[427.256392],
					[449.8473011]
				]
			},
			{
				"name": "sampling-50",
				"labelposition": [488.2556818,97.5703125,104.4829545,19.06107955],
				"symbolposition": [443.7798295,101.100142,42.35795455,16.23721591],
				"x": [
					[49.14488636],
					[165.6292614],
					[222.1065341],
					[283.5255682],
					[338.5909091],
					[395.0681818],
					[454.3693182],
					[510.8465909],
					[566.6178977],
					[624.5071023],
					[604.7400568]
				],
				"y": [
					[94.04048295],
					[115.2194602],
					[132.162642],
					[156.8714489],
					[194.287642],
					[256.412642],
					[339.7166193],
					[401.1356534],
					[434.3160511],
					[456.2009943],
					[446.3174716]
				]
			},
			{
				"name": "sampling-100",
				"labelposition": [488.2556818,118.0433239,114.3664773,24.00284091],
				"symbolposition": [443.7798295,123.6910511,42.35795455,15.53125],
				"x": [
					[50.55681818],
					[108.4460227],
					[162.8053977],
					[222.8125],
					[280.7017045],
					[337.8849432],
					[394.3622159],
					[509.4346591],
					[568.0298295],
					[624.5071023]
				],
				"y": [
					[139.2223011],
					[94.04048295],
					[154.0475852],
					[122.2791193],
					[161.1072443],
					[187.9339489],
					[297.3586648],
					[427.256392],
					[441.3757102],
					[458.318892]
				]
			},
			{
				"name": "MER",
				"labelposition": [490.3735795,141.3401989,38.12215909,19.06107955],
				"symbolposition": [443.7798295,143.4580966,41.65198864,16.94318182],
				"x": [
					[51.26278409],
					[107.7400568],
					[165.6292614],
					[222.1065341],
					[625.2130682]
				],
				"y": [
					[66.5078125],
					[198.5234375],
					[387.0163352],
					[456.2009943],
					[459.024858]
				]
			}
		],
		"plotpos": [50.55681818,12.85440341,575.3622159,445.4644886],
		"xax": {
			"titlepos": [299.7627841,478.7919034,82.59801136,14.82528409],
			"minpos": [88.67897727,461.1427557,38.12215909,16.94318182],
			"maxpos": [546.1448864,461.1427557,46.59375,16.94318182],
			"type": 1
		},
		"yax": {
			"titlepos": [4.669034091,127.9268466,19.06107955,224.4971591],
			"minpos": [22.31818182,450.553267,25.41477273,19.06107955],
			"maxpos": [24.43607955,1.558948864,21.88494318,20.47301136],
			"type": 1
		}
	}
}
