{
	"data": {
		"imagename": "03261-10.1.1.371.1346-Figure-9",
		"difficult": 0,
		"curves": {
			"name": "3x3 RTF Test Set",
			"labelposition": [405.7105518,212.767183,130.750242,20.7357212],
			"symbolposition": [376.3349468,214.4951597,29.37560503,18.43175218],
			"x": [
				[140.7541142],
				[204.6892546],
				[265.7444337],
				[327.375605],
				[390.1587609],
				[451.7899322],
				[510.5411423],
				[572.1723136]
			],
			"y": [
				[246.1747338],
				[229.4709584],
				[184.5435624],
				[149.4080348],
				[122.9123911],
				[113.1205227],
				[113.1205227],
				[137.3121975]
			]
		},
		"plotpos": [142.482091,64.16118103,429.6902227,197.5653437],
		"xax": {
			"titlepos": [242.7047435,281.8862536,228.6689255,19.00774443],
			"minpos": [139.0261375,267.4864472,10.3678606,20.15972894],
			"maxpos": [568.1403679,265.1824782,10.94385286,20.7357212],
			"type": 1
		},
		"yax": {
			"titlepos": [84.30687318,120.0324298,20.7357212,90.43078412],
			"minpos": [105.0425944,253.6626331,35.13552759,17.85575992],
			"maxpos": [120.018393,52.64133591,20.15972894,25.34365924],
			"type": 1
		}
	}
}
