{
	"data": {
		"imagename": "03268-10.1.1.364.4346-Figure-4",
		"difficult": 0,
		"curves": [
			{
				"name": "Upper bound",
				"labelposition": [469.1207386,40.70809659,115.2869318,23.484375],
				"symbolposition": [427.1335227,42.13139205,42.69886364,19.21448864],
				"x": [
					[72.73295455],
					[82.69602273],
					[91.23579545],
					[104.0454545],
					[118.2784091],
					[125.3948864],
					[133.2230114],
					[140.3394886],
					[152.4375],
					[171.6519886],
					[184.4616477],
					[207.234375],
					[246.375],
					[308.2883523],
					[409.3423295],
					[422.8636364],
					[442.078125],
					[589.3892045]
				],
				"y": [
					[37.86150568],
					[200.8288352],
					[215.0617898],
					[261.318892],
					[267.0120739],
					[266.3004261],
					[275.5518466],
					[275.5518466],
					[274.8401989],
					[281.2450284],
					[279.1100852],
					[281.9566761],
					[284.0916193],
					[286.9382102],
					[286.9382102],
					[281.2450284],
					[285.5149148],
					[286.9382102]
				]
			},
			{
				"name": "Dual energy",
				"labelposition": [469.8323864,64.19247159,113.1519886,22.06107955],
				"symbolposition": [427.1335227,66.32741477,44.12215909,16.36789773],
				"x": [
					[71.30965909],
					[78.42613636],
					[84.83096591],
					[99.77556818],
					[139.6278409],
					[180.9034091],
					[237.1235795],
					[313.2698864],
					[405.0724432],
					[474.1022727],
					[590.8125]
				],
				"y": [
					[410.053267],
					[338.1768466],
					[313.2691761],
					[301.8828125],
					[295.477983],
					[291.2080966],
					[286.9382102],
					[289.0731534],
					[285.5149148],
					[288.3615057],
					[285.5149148]
				]
			}
		],
		"plotpos": [56.36505682,32.16832386,535.1590909,422.71875],
		"xax": {
			"titlepos": [282.6690341,481.9296875,88.24431818,16.36789773],
			"minpos": [48.53693182,462.7151989,17.79119318,17.79119318],
			"maxpos": [565.9048295,459.868608,49.10369318,22.06107955],
			"type": 1
		},
		"yax": {
			"titlepos": [2.991477273,209.368608,27.75426136,71.87642045],
			"minpos": [28.61079545,447.7705966,23.484375,16.36789773],
			"maxpos": [30.74573864,22.20525568,22.77272727,23.484375],
			"type": 1
		}
	}
}
