{
	"data": {
		"imagename": "03269-10.1.1.307.8483-Figure-8",
		"difficult": 0,
		"curves": [
			{
				"name": "Sens error: +\/-40%",
				"labelposition": [141.9690223,352.3896418,182.9622459,27.44433688],
				"symbolposition": [51.79477251,356.3102614,89.52081317,18.94966118],
				"x": [
					[143.2758955],
					[158.9583737],
					[202.7386254],
					[251.0929332],
					[299.447241],
					[349.1084221],
					[395.5024201],
					[456.2720232],
					[493.517909],
					[526.8431752],
					[562.1287512],
					[624.8586641]
				],
				"y": [
					[36.77976767],
					[149.1708616],
					[172.0411423],
					[206.0198451],
					[207.3267183],
					[223.6626331],
					[232.1573088],
					[238.6916747],
					[241.3054211],
					[247.839787],
					[247.839787],
					[254.374153]
				]
			},
			{
				"name": "Move error: +\/-10%",
				"labelposition": [420.9864472,352.3896418,197.3378509,27.44433688],
				"symbolposition": [331.4656341,358.2705712,87.56050339,15.68247822],
				"x": [
					[110.6040658],
					[162.8789932],
					[244.5585673],
					[287.6853824],
					[343.8809293],
					[410.5314618],
					[458.232333],
					[512.4675702],
					[537.9515973],
					[563.4356244],
					[622.2449177]
				],
				"y": [
					[36.12633107],
					[146.5571152],
					[182.4961278],
					[185.7633107],
					[206.0198451],
					[194.2579864],
					[174.0014521],
					[142.6364956],
					[123.6868345],
					[113.8852856],
					[64.87754114]
				]
			}
		],
		"plotpos": [87.73378509,37.43320426,558.03485,236.5440465],
		"xax": {
			"titlepos": [228.8760891,317.1040658,292.0861568,24.83059051],
			"minpos": [100.1490803,289.0062924,24.17715392,25.48402711],
			"maxpos": [560.821878,289.0062924,33.32526621,28.09777348],
			"type": 1
		},
		"yax": {
			"titlepos": [26.3107454,79.25314618,25.48402711,98.66892546],
			"minpos": [57.02226525,262.2153921,18.29622459,23.52371733],
			"maxpos": [38.72604066,23.05759923,37.89932236,25.48402711],
			"type": 1
		}
	}
}
