{
	"data": {
		"imagename": "03274-10.1.1.386.6705-Figure-2",
		"difficult": 0,
		"curves": [
			{
				"name": "Standard",
				"labelposition": [580.0087125,178.3528558,56.17521781,16.78799613],
				"symbolposition": [552.2439497,181.5813166,28.41045499,13.55953533],
				"x": [
					[136.4181994],
					[248.1229429],
					[364.9932236],
					[479.2807357]
				],
				"y": [
					[186.1011617],
					[310.7197483],
					[361.0837367],
					[366.249274]
				]
			},
			{
				"name": "Best three",
				"labelposition": [580.6544046,197.0779284,63.27783156,14.85091965],
				"symbolposition": [550.9525653,197.0779284,30.99322362,12.91384318],
				"x": [
					[134.4811229],
					[248.1229429],
					[363.7018393],
					[477.3436592]
				],
				"y": [
					[73.10503388],
					[185.4554695],
					[308.7826718],
					[342.3586641]
				]
			},
			{
				"name": "Worst three",
				"labelposition": [581.3000968,213.2202323,66.50629235,20.01645692],
				"symbolposition": [555.4724105,213.8659245,25.82768635,14.85091965],
				"x": [
					[134.4811229],
					[250.0600194],
					[365.6389158],
					[477.9893514]
				],
				"y": [
					[297.8059051],
					[355.2725073],
					[375.2889642],
					[377.2260407]
				]
			}
		],
		"plotpos": [74.43175218,29.84365924,461.6698935,349.96515],
		"xax": {
			"titlepos": [257.8083253,404.3451113,104.6021297,23.24491772],
			"minpos": [124.7957406,385.6200387,15.49661181,17.43368829],
			"maxpos": [467.6582769,386.911423,20.01645692,15.49661181],
			"type": 1
		},
		"yax": {
			"titlepos": [16.96515005,162.8562439,27.76476283,87.16844143],
			"minpos": [53.7696031,369.4777348,16.14230397,17.43368829],
			"maxpos": [45.37560503,19.5125847,20.66214908,20.01645692],
			"type": 1
		}
	}
}
