{
	"data": {
		"imagename": "03288-10.1.1.419.1033-Figure-5",
		"difficult": 0,
		"curves": [
			{
				"name": "historical data",
				"labelposition": [116.9289773,24.55326705,121.9602273,21.68181818],
				"symbolposition": [69.5,29.29616477,35.23295455,10.84090909],
				"x": [
					[54.59375],
					[85.08380682],
					[96.60227273],
					[98.63494318],
					[110.1534091],
					[124.3821023],
					[140.6434659],
					[143.3536932],
					[177.9090909],
					[189.4275568],
					[196.8806818],
					[211.109375],
					[223.3053977],
					[230.7585227],
					[234.8238636],
					[251.7627841],
					[263.9588068],
					[269.3792614],
					[276.1548295],
					[282.2528409],
					[289.0284091],
					[295.8039773],
					[298.5142045],
					[303.2571023],
					[314.0980114],
					[322.90625],
					[332.3920455],
					[337.8125],
					[337.8125],
					[345.265625],
					[346.6207386],
					[349.3309659],
					[355.4289773],
					[367.625],
					[371.6903409],
					[379.8210227],
					[393.3721591],
					[409.6335227],
					[412.34375],
					[417.7642045],
					[423.8622159],
					[440.1235795],
					[450.9644886],
					[459.0951705],
					[460.4502841],
					[470.6136364],
					[471.2911932],
					[477.3892045],
					[482.8096591],
					[485.5198864],
					[489.5852273],
					[491.6178977],
					[499.7485795],
					[505.8465909],
					[507.2017045],
					[549.2102273]
				],
				"y": [
					[416.181108],
					[424.3117898],
					[427.022017],
					[392.4666193],
					[389.0788352],
					[379.5930398],
					[368.0745739],
					[340.2947443],
					[334.196733],
					[330.131392],
					[326.0660511],
					[324.7109375],
					[326.743608],
					[324.0333807],
					[290.1555398],
					[290.8330966],
					[281.3473011],
					[275.9268466],
					[276.6044034],
					[202.7507102],
					[194.6200284],
					[179.0362216],
					[179.0362216],
					[158.0319602],
					[158.0319602],
					[162.0973011],
					[153.9666193],
					[155.9992898],
					[166.162642],
					[162.0973011],
					[182.4240057],
					[180.3913352],
					[183.1015625],
					[176.3259943],
					[238.6612216],
					[224.4325284],
					[208.8487216],
					[190.5546875],
					[181.068892],
					[186.4893466],
					[174.9708807],
					[139.7379261],
					[111.2805398],
					[99.08451705],
					[106.537642],
					[90.95383523],
					[79.43536932],
					[69.94957386],
					[86.88849432],
					[134.3174716],
					[189.1995739],
					[233.9183239],
					[288.1228693],
					[344.3600852],
					[438.540483],
					[439.8955966]
				]
			},
			{
				"name": "Janssen calibrated",
				"labelposition": [120.3167614,47.59019886,152.4502841,24.39204545],
				"symbolposition": [66.11221591,48.26775568,42.68607955,21.68181818],
				"x": [
					[52.56107955],
					[68.82244318],
					[84.40625],
					[102.0227273],
					[125.0596591],
					[137.2556818],
					[145.3863636],
					[153.5170455],
					[165.7130682],
					[177.9090909],
					[181.9744318],
					[190.1051136],
					[198.9133523],
					[205.6889205],
					[212.4644886],
					[215.1747159],
					[226.6931818],
					[238.8892045],
					[247.0198864],
					[251.7627841],
					[261.9261364],
					[275.4772727],
					[280.8977273],
					[288.3508523],
					[297.8366477],
					[321.5511364],
					[329.0042614],
					[333.0696023],
					[349.3309659],
					[352.71875],
					[355.4289773],
					[360.8494318],
					[368.9801136],
					[375.7556818],
					[381.8536932],
					[385.9190341],
					[391.3394886],
					[400.1477273],
					[428.6051136],
					[455.0298295],
					[458.4176136],
					[463.1605114],
					[468.5809659],
					[473.3238636],
					[475.3565341],
					[481.4545455],
					[489.5852273],
					[495.0056818],
					[503.8139205],
					[513.2997159],
					[523.4630682],
					[529.5610795],
					[537.6917614],
					[545.1448864],
					[549.8877841]
				],
				"y": [
					[412.7933239],
					[420.9240057],
					[419.568892],
					[418.2137784],
					[406.6953125],
					[397.8870739],
					[388.4012784],
					[385.6910511],
					[387.7237216],
					[385.0134943],
					[391.7890625],
					[378.2379261],
					[382.303267],
					[388.4012784],
					[389.756392],
					[376.2052557],
					[371.462358],
					[351.8132102],
					[344.3600852],
					[349.102983],
					[340.2947443],
					[275.9268466],
					[247.4694602],
					[186.4893466],
					[107.8927557],
					[108.5703125],
					[113.3132102],
					[110.602983],
					[107.8927557],
					[137.7052557],
					[184.4566761],
					[230.5305398],
					[252.212358],
					[265.7634943],
					[239.3387784],
					[210.881392],
					[160.0646307],
					[110.602983],
					[109.9254261],
					[107.2151989],
					[113.990767],
					[109.2478693],
					[109.2478693],
					[131.6072443],
					[168.8728693],
					[253.5674716],
					[295.5759943],
					[320.6455966],
					[332.1640625],
					[306.4169034],
					[324.0333807],
					[326.743608],
					[346.3927557],
					[372.8174716],
					[385.0134943]
				]
			},
			{
				"name": "GA calibrated",
				"labelposition": [116.2514205,76.04758523,119.9275568,22.359375],
				"symbolposition": [66.78977273,77.40269886,43.36363636,15.58380682],
				"x": [
					[52.56107955],
					[67.46732955],
					[78.30823864],
					[85.76136364],
					[96.60227273],
					[118.9616477],
					[131.1576705],
					[142.6761364],
					[151.484375],
					[165.0355114],
					[181.296875],
					[196.203125],
					[207.7215909],
					[217.8849432],
					[220.5951705],
					[228.0482955],
					[234.1463068],
					[240.921875],
					[249.0525568],
					[266.6690341],
					[276.8323864],
					[284.2855114],
					[293.09375],
					[333.7471591],
					[349.3309659],
					[353.3963068],
					[356.7840909],
					[357.4616477],
					[359.4943182],
					[362.8821023],
					[367.625],
					[371.6903409],
					[379.8210227],
					[387.9517045],
					[389.984375],
					[397.4375],
					[402.1803977],
					[409.6335227],
					[436.7357955],
					[446.8991477],
					[464.515625],
					[471.2911932],
					[473.3238636],
					[479.421875],
					[486.875],
					[493.6505682],
					[501.1036932],
					[507.8792614],
					[513.9772727],
					[520.0752841],
					[522.1079545],
					[530.2386364],
					[535.6590909],
					[539.7244318],
					[542.4346591],
					[543.1122159],
					[551.2428977]
				],
				"y": [
					[413.4708807],
					[418.8913352],
					[402.6299716],
					[401.9524148],
					[403.9850852],
					[393.821733],
					[400.5973011],
					[398.5646307],
					[401.9524148],
					[394.4992898],
					[390.4339489],
					[393.821733],
					[390.4339489],
					[379.5930398],
					[368.0745739],
					[356.556108],
					[358.5887784],
					[340.2947443],
					[322.0007102],
					[299.6413352],
					[256.2776989],
					[202.7507102],
					[138.3828125],
					[139.7379261],
					[138.3828125],
					[162.774858],
					[197.3302557],
					[229.852983],
					[243.4041193],
					[258.9879261],
					[272.5390625],
					[280.6697443],
					[280.6697443],
					[235.9509943],
					[241.3714489],
					[223.7549716],
					[208.8487216],
					[138.3828125],
					[139.7379261],
					[141.7705966],
					[137.7052557],
					[147.868608],
					[168.8728693],
					[243.4041193],
					[303.0291193],
					[317.9353693],
					[328.0987216],
					[351.8132102],
					[349.102983],
					[332.8416193],
					[343.0049716],
					[334.196733],
					[324.7109375],
					[351.1356534],
					[371.462358],
					[383.6583807],
					[388.4012784]
				]
			}
		],
		"plotpos": [51.88352273,11.6796875,544.078125,428.8934659],
		"xax": {
			"titlepos": [301.9019886,457.5120739,44.71875,16.93892045],
			"minpos": [36.97727273,443.9609375,33.20028409,14.90625],
			"maxpos": [579.0227273,441.928267,33.87784091,16.93892045],
			"type": 1
		},
		"yax": {
			"titlepos": [4.454545455,132.2848011,19.64914773,185.6505682],
			"minpos": [38.33238636,433.7975852,11.51846591,12.19602273],
			"maxpos": [26.13636364,1.516335227,23.03693182,19.64914773],
			"type": 1
		}
	}
}
