{
	"data": {
		"imagename": "03290-10.1.1.231.9632-Figure-7",
		"difficult": 0,
		"curves": [
			{
				"name": "5",
				"labelposition": [105.7347531,192.2250726,17.59148112,28.90029042],
				"symbolposition": [63.64085189,197.8794773,42.09390126,15.07841239],
				"x": [
					[186.7812197],
					[247.0948693],
					[271.5972894],
					[281.0212972],
					[320.6021297],
					[334.4240077],
					[338.1936108],
					[356.4133591],
					[345.732817],
					[360.1829622],
					[368.9787028],
					[362.0677638],
					[389.7115198],
					[393.4811229],
					[412.3291384],
					[434.946757],
					[448.1403679],
					[460.7057115],
					[453.7947725],
					[470.1297193],
					[461.3339787],
					[438.7163601],
					[436.8315586]
				],
				"y": [
					[214.8426912],
					[214.214424],
					[216.7274927],
					[220.4970958],
					[220.4970958],
					[224.8949661],
					[228.6645692],
					[231.8059051],
					[244.3712488],
					[250.6539206],
					[249.3973863],
					[260.0779284],
					[260.7061955],
					[263.8475315],
					[267.6171346],
					[275.7846079],
					[280.8107454],
					[278.9259439],
					[284.5803485],
					[285.8368829],
					[293.3760891],
					[299.6587609],
					[303.428364]
				]
			},
			{
				"name": "10",
				"labelposition": [106.9912875,226.1515005,31.41335915,28.27202323],
				"symbolposition": [66.15392062,231.8059051,40.83736689,16.96321394],
				"x": [
					[69.29525653],
					[495.2604066],
					[513.4801549],
					[543.6369797],
					[554.945789],
					[553.6892546],
					[567.5111326],
					[575.0503388],
					[578.8199419],
					[600.1810261],
					[610.2333011],
					[614.0029042],
					[631.5943853],
					[632.8509197],
					[641.6466602]
				],
				"y": [
					[67.82817038],
					[67.82817038],
					[71.59777348],
					[73.48257502],
					[72.85430784],
					[79.76524685],
					[79.76524685],
					[97.35672798],
					[102.3828654],
					[104.267667],
					[119.3460794],
					[126.8852856],
					[141.963698],
					[197.2512101],
					[207.303485]
				]
			},
			{
				"name": "15",
				"labelposition": [108.2478219,260.0779284,30.15682478,29.5285576],
				"symbolposition": [63.0125847,265.732333,43.97870281,16.96321394],
				"x": [
					[70.5517909],
					[204.3727009],
					[237.6708616],
					[402.9051307],
					[542.3804453],
					[603.3223621],
					[616.5159729],
					[617.7725073],
					[629.7095837],
					[630.3378509],
					[631.5943853],
					[641.6466602],
					[641.018393]
				],
				"y": [
					[30.1321394],
					[30.76040658],
					[34.53000968],
					[33.9017425],
					[34.53000968],
					[35.78654405],
					[39.55614714],
					[46.46708616],
					[46.46708616],
					[67.82817038],
					[78.50871249],
					[96.72846079],
					[290.2347531]
				]
			},
			{
				"name": "30",
				"labelposition": [105.7347531,293.3760891,32.66989351,29.5285576],
				"symbolposition": [64.26911907,300.9152953,41.46563408,14.45014521],
				"x": [
					[72.43659245],
					[208.142304],
					[238.2991288],
					[317.4607938],
					[450.0251694],
					[564.3697967],
					[620.9138432],
					[631.5943853],
					[636.6205227],
					[636.6205227],
					[635.3639884],
					[641.018393]
				],
				"y": [
					[26.3625363],
					[25.73426912],
					[28.24733785],
					[27.61907067],
					[29.50387222],
					[28.87560503],
					[32.64520813],
					[40.81268151],
					[45.83881897],
					[47.09535334],
					[73.48257502],
					[85.4196515]
				]
			}
		],
		"plotpos": [47.30590513,10.65585673,594.3407551,322.3010649],
		"xax": {
			"titlepos": [289.1887706,346.7787996,109.946757,21.36108422],
			"minpos": [43.53630203,337.9830591,11.30880929,9.424007744],
			"maxpos": [637.8770571,334.213456,11.30880929,15.70667957],
			"type": 1
		},
		"yax": {
			"titlepos": [2.070667957,132.5396902,25.7589545,75.39206196],
			"minpos": [38.51016457,327.3025169,8.795740561,12.56534366],
			"maxpos": [37.2536302,4.373184898,9.424007744,12.56534366],
			"type": 1
		}
	}
}
