{
	"data": {
		"imagename": "03296-10.1.1.359.3736-Figure-1",
		"difficult": 0,
		"curves": [
			{
				"name": "LIDE",
				"labelposition": [114.2272727,22.02201705,32.79545455,15.03125],
				"symbolposition": [69.81676136,24.75497159,43.72727273,12.98153409],
				"x": [
					[61.61789773],
					[134.7244318],
					[207.8309659],
					[239.2599432],
					[278.8877841],
					[347.8948864],
					[385.4730114],
					[419.6349432],
					[456.5298295],
					[493.4247159],
					[529.6363636],
					[565.8480114],
					[602.7428977]
				],
				"y": [
					[439.4808239],
					[438.1143466],
					[431.9651989],
					[423.0830966],
					[412.1512784],
					[383.4552557],
					[354.0759943],
					[332.8955966],
					[302.8330966],
					[250.2237216],
					[217.428267],
					[145.6882102],
					[85.56321023]
				]
			},
			{
				"name": "BP",
				"labelposition": [112.1775568,39.78622159,24.59659091,17.08096591],
				"symbolposition": [75.96590909,41.15269886,34.16193182,15.71448864],
				"x": [
					[61.61789773],
					[93.046875],
					[130.625],
					[166.8366477],
					[206.4644886],
					[239.2599432],
					[275.4715909],
					[312.3664773],
					[347.2116477]
				],
				"y": [
					[437.431108],
					[437.431108],
					[432.6484375],
					[417.6171875],
					[389.6044034],
					[354.759233],
					[296.0007102],
					[248.1740057],
					[163.4524148]
				]
			}
		],
		"plotpos": [59.56818182,12.45667614,541.125,427.7073864],
		"xax": {
			"titlepos": [267.2727273,458.6115057,117.5170455,19.81392045],
			"minpos": [56.15198864,439.4808239,13.66477273,18.44744318],
			"maxpos": [585.6619318,441.5305398,33.47869318,15.71448864],
			"type": 1
		},
		"yax": {
			"titlepos": [0.1264204545,155.2535511,20.49715909,143.4801136],
			"minpos": [41.80397727,427.1825284,13.66477273,18.44744318],
			"maxpos": [21.30681818,2.891335227,35.52840909,15.03125],
			"type": 1
		}
	}
}
