{
	"data": {
		"imagename": "03318-10.1.1.301.7181-Figure-2",
		"difficult": 0,
		"curves": [
			{
				"name": "Baseline score loss over CP",
				"labelposition": [330.328125,17.2578125,197.4375,17.671875],
				"symbolposition": [529.59375,20.3046875,49.96875,14.015625],
				"x": [
					[62.203125],
					[148.125],
					[240.140625],
					[272.4375],
					[294.984375],
					[326.671875],
					[391.265625],
					[417.46875],
					[566.15625],
					[592.96875]
				],
				"y": [
					[344.4921875],
					[145.8359375],
					[33.7109375],
					[51.9921875],
					[47.7265625],
					[64.1796875],
					[87.9453125],
					[92.8203125],
					[129.3828125],
					[127.5546875]
				]
			},
			{
				"name": "LCP score loss over CP",
				"labelposition": [360.796875,34.3203125,165.140625,15.234375],
				"symbolposition": [526.546875,34.3203125,56.671875,14.625],
				"x": [
					[62.8125],
					[187.734375],
					[215.765625],
					[245.625],
					[298.03125],
					[390.046875],
					[420.515625],
					[499.734375],
					[570.421875],
					[591.75]
				],
				"y": [
					[342.0546875],
					[334.1328125],
					[304.8828125],
					[313.4140625],
					[295.7421875],
					[295.1328125],
					[296.9609375],
					[307.9296875],
					[295.1328125],
					[304.8828125]
				]
			},
			{
				"name": "FCP score loss over CP",
				"labelposition": [360.796875,49.5546875,164.53125,18.890625],
				"symbolposition": [528.375,51.3828125,53.015625,12.796875],
				"x": [
					[66.46875],
					[149.953125],
					[187.734375],
					[213.9375],
					[240.75],
					[271.828125],
					[294.984375],
					[326.0625],
					[390.046875],
					[417.46875],
					[501.5625],
					[592.359375]
				],
				"y": [
					[345.1015625],
					[339.6171875],
					[338.3984375],
					[330.4765625],
					[347.5390625],
					[335.3515625],
					[333.5234375],
					[337.1796875],
					[342.6640625],
					[348.1484375],
					[344.4921875],
					[343.8828125]
				]
			}
		],
		"plotpos": [65.25,12.9921875,527.71875,366.84375],
		"xax": {
			"titlepos": [285.84375,408.4765625,81.65625,18.890625],
			"minpos": [60.375,385.9296875,13.40625,17.0625],
			"maxpos": [575.90625,387.1484375,40.21875,18.890625],
			"type": 2
		},
		"yax": {
			"titlepos": [2.484375,147.6640625,21.9375,102.984375],
			"minpos": [37.828125,372.5234375,22.546875,18.28125],
			"maxpos": [33.5625,3.2421875,26.203125,18.890625],
			"type": 1
		}
	}
}
