{
	"data": {
		"imagename": "03317-10.1.1.329.4008-Figure-5",
		"difficult": 0,
		"curves": [
			{
				"name": "Common Users",
				"labelposition": [417.8153409,16.87428977,95.15625,15.44744318],
				"symbolposition": [514.2073864,16.87428977,40.78125,14.82954545],
				"x": [
					[80.44318182],
					[90.94744318],
					[112.5738636],
					[157.0625],
					[319.5696023],
					[567.3465909]
				],
				"y": [
					[332.6200284],
					[330.7663352],
					[304.8146307],
					[330.7663352],
					[320.8799716],
					[363.5149148]
				]
			},
			{
				"name": "Super Users",
				"labelposition": [436.3522727,30.46803977,75.38352273,18.53693182],
				"symbolposition": [512.9715909,31.0859375,43.87073864,14.21164773],
				"x": [
					[79.20738636],
					[90.94744318],
					[112.5738636],
					[151.5014205],
					[323.2769886],
					[569.2002841]
				],
				"y": [
					[74.33877841],
					[351.774858],
					[376.490767],
					[384.5234375],
					[386.9950284],
					[388.8487216]
				]
			}
		],
		"plotpos": [78.58948864,11.31321023,489.9928977,378.1534091],
		"xax": {
			"titlepos": [257.7798295,414.8004261,130.3764205,19.77272727],
			"minpos": [77.35369318,397.4992898,7.414772727,14.82954545],
			"maxpos": [557.4602273,397.4992898,28.42329545,16.06534091],
			"type": 2
		},
		"yax": {
			"titlepos": [0.734375,36.02911932,24.09801136,332.4289773],
			"minpos": [40.27982955,378.3444602,32.74857955,23.48011364],
			"maxpos": [27.921875,2.662642045,48.81392045,20.390625],
			"type": 1
		}
	}
}
