{
	"data": {
		"imagename": "03323-10.1.1.228.3329-Figure-8",
		"difficult": 0,
		"curves": [
			{
				"name": "our method",
				"labelposition": [120.8441433,134.1766699,109.1674734,25.99225557],
				"symbolposition": [71.4588577,139.375121,48.86544046,15.07550823],
				"x": [
					[149.9554695],
					[193.1026137],
					[232.6108422],
					[274.7182962],
					[313.1868345],
					[338.1393998],
					[353.7347531],
					[364.6515005],
					[374.0087125],
					[408.3184898],
					[416.1161665],
					[423.3939981],
					[422.3543078],
					[433.2710552],
					[433.2710552],
					[431.1916747],
					[436.909971],
					[434.8305905],
					[437.9496612],
					[438.9893514]
				],
				"y": [
					[12.01306873],
					[17.21151985],
					[18.77105518],
					[20.85043562],
					[22.40997096],
					[23.96950629],
					[26.56873185],
					[29.16795741],
					[26.56873185],
					[33.84656341],
					[45.28315586],
					[70.2357212],
					[78.03339787],
					[92.06921588],
					[101.4264279],
					[107.1447241],
					[127.9385286],
					[138.3354308],
					[156.5300097],
					[174.7245886]
				]
			},
			{
				"name": "baseline",
				"labelposition": [120.8441433,163.8078412,83.69506292,21.31364956],
				"symbolposition": [74.57792836,164.8475315,44.70667957,14.03581801],
				"x": [
					[64.70087125],
					[140.5982575],
					[168.6698935],
					[202.4598258],
					[218.5750242],
					[261.2023233],
					[296.0319458],
					[303.3097773],
					[331.9012585],
					[349.0561471],
					[374.0087125],
					[384.9254598],
					[397.4017425],
					[401.5605034],
					[414.5566312],
					[414.5566312],
					[416.1161665],
					[428.5924492],
					[430.1519845],
					[431.7115198],
					[431.7115198]
				],
				"y": [
					[13.57260407],
					[15.1321394],
					[15.65198451],
					[13.57260407],
					[19.8107454],
					[20.33059051],
					[24.4893514],
					[27.60842207],
					[28.12826718],
					[30.72749274],
					[38.52516941],
					[48.40222652],
					[62.43804453],
					[70.2357212],
					[76.99370765],
					[94.14859632],
					[106.624879],
					[130.017909],
					[154.4506292],
					[163.2879961],
					[180.4428848]
				]
			}
		],
		"plotpos": [63.14133591,12.53291384,467.8606002,180.3862536],
		"xax": {
			"titlepos": [262.7618587,223.0701839,69.13939981,20.79380445],
			"minpos": [57.9428848,202.2763795,14.55566312,19.23426912],
			"maxpos": [525.2836399,200.7168441,10.91674734,23.39303001],
			"type": 1
		},
		"yax": {
			"titlepos": [2.839303001,60.8785092,25.99225557,94.09196515],
			"minpos": [47.54598258,183.5619555,12.99612778,21.83349468],
			"maxpos": [47.02613746,4.735237173,11.43659245,20.79380445],
			"type": 1
		}
	}
}
