{
	"data": {
		"imagename": "03322-10.1.1.402.8944-Figure-4",
		"difficult": 0,
		"curves": [
			{
				"name": "M = 12",
				"labelposition": [348.1803977,316.3103693,72.05539773,25.31676136],
				"symbolposition": [309.2315341,322.1526989,38.94886364,14.28125],
				"x": [
					[67.09943182],
					[70.99431818],
					[97.609375],
					[287.8096591]
				],
				"y": [
					[67.03764205],
					[46.9140625],
					[41.72088068],
					[40.42258523]
				]
			},
			{
				"name": "M = 6",
				"labelposition": [349.4786932,343.5745739,62.96732955,23.36931818],
				"symbolposition": [305.3366477,346.8203125,44.79119318,16.87784091],
				"x": [
					[67.09943182],
					[68.39772727],
					[74.88920455],
					[86.57386364],
					[130.7159091],
					[217.0525568],
					[289.7571023],
					[404.65625]
				],
				"y": [
					[151.4268466],
					[73.52911932],
					[60.54616477],
					[54.70383523],
					[50.15980114],
					[44.31747159],
					[40.42258523],
					[41.72088068]
				]
			},
			{
				"name": "M = 3",
				"labelposition": [348.1803977,371.4879261,59.72159091,22.07102273],
				"symbolposition": [307.2840909,373.4353693,40.89630682,20.12357955],
				"x": [
					[67.09943182],
					[67.09943182],
					[70.99431818],
					[88.52130682],
					[115.7855114],
					[157.9801136],
					[230.6846591],
					[324.8110795],
					[361.8125],
					[422.1832386]
				],
				"y": [
					[400.6995739],
					[159.2166193],
					[133.899858],
					[115.7237216],
					[105.9865057],
					[81.96803977],
					[73.52911932],
					[56.00213068],
					[48.21235795],
					[40.42258523]
				]
			}
		],
		"plotpos": [65.15198864,39.12428977,364.171875,366.1193182],
		"xax": {
			"titlepos": [139.1548295,432.5078125,220.0610795,22.72017045],
			"minpos": [59.30965909,411.7350852,16.87784091,21.421875],
			"maxpos": [420.2357955,408.4893466,14.28125,26.61505682],
			"type": 1
		},
		"yax": {
			"titlepos": [0.8863636364,133.899858,31.15909091,178.515625],
			"minpos": [47.625,391.6115057,14.93039773,24.66761364],
			"maxpos": [51.51988636,25.4921875,9.737215909,38.94886364],
			"type": 1
		}
	}
}
