{
	"data": {
		"imagename": "03320-10.1.1.164.2102-Figure-3",
		"difficult": 0,
		"curves": [
			{
				"name": "English Classifier(CoTrain)",
				"labelposition": [252.249758,14.696515,274.7289448,29.61761859],
				"symbolposition": [168.5033882,20.82429816,80.68247822,23.48983543],
				"x": [
					[162.375605],
					[217.5256534],
					[269.6118103],
					[379.9119071],
					[482.0416263],
					[593.3630203],
					[642.3852856],
					[690.3862536],
					[745.536302],
					[801.7076476],
					[854.8151016],
					[1013.116167]
				],
				"y": [
					[405.8533398],
					[372.1505324],
					[343.554211],
					[329.2560503],
					[310.8727009],
					[257.7652469],
					[241.4244918],
					[248.5735721],
					[241.4244918],
					[244.4883833],
					[253.6800581],
					[253.6800581]
				]
			},
			{
				"name": "Combined Classifier(CoTrain)",
				"labelposition": [252.249758,43.2928364,306.3891578,23.48983543],
				"symbolposition": [169.5246854,42.27153921,81.70377541,22.46853824],
				"x": [
					[165.4394966],
					[221.6108422],
					[331.910939],
					[434.0406583],
					[484.0842207],
					[593.3630203],
					[639.321394],
					[694.4714424],
					[746.5575992],
					[798.6437561],
					[854.8151016],
					[910.9864472],
					[1008.009681]
				],
				"y": [
					[257.7652469],
					[250.6161665],
					[205.67909],
					[165.8484995],
					[131.124395],
					[108.6558567],
					[99.46418199],
					[107.6345595],
					[104.570668],
					[106.6132623],
					[118.8688287],
					[122.9540174],
					[119.8901258]
				]
			},
			{
				"name": "Chinese Classifier(CoTrain)",
				"labelposition": [696.5140368,17.76040658,284.9419167,27.5750242],
				"symbolposition": [614.8102614,18.78170378,81.70377541,25.53242982],
				"x": [
					[167.482091],
					[278.803485],
					[372.7628267],
					[430.9767667],
					[531.0638916],
					[639.321394],
					[694.4714424],
					[749.6214908],
					[798.6437561],
					[903.8373669],
					[1003.924492]
				],
				"y": [
					[277.1698935],
					[257.7652469],
					[239.3818974],
					[238.3606002],
					[220.9985479],
					[167.8910939],
					[170.9549855],
					[161.7633107],
					[164.8272023],
					[202.6151985],
					[199.5513069]
				]
			},
			{
				"name": "TSVM(ENCN2)",
				"labelposition": [699.5779284,42.27153921,177.7057115,24.51113262],
				"symbolposition": [614.8102614,46.35672798,85.78896418,16.34075508],
				"x": [
					[164.4181994],
					[1015.158761]
				],
				"y": [
					[196.4874153],
					[198.5300097]
				]
			}
		],
		"plotpos": [138.8857696,82.10212972,896.6989351,398.3059051],
		"xax": {
			"titlepos": [469.78606,541.6858664,230.8131655,35.74540174],
			"minpos": [158.2904163,499.8126815,16.34075508,26.55372701],
			"maxpos": [990.6476283,498.7913843,42.89448209,36.76669894],
			"type": 1
		},
		"yax": {
			"titlepos": [26.54307841,224.0624395,36.76669894,111.321394],
			"minpos": [66.37366893,464.0672798,59.23523717,30.63891578],
			"maxpos": [65.35237173,64.74007744,60.25653437,31.66021297],
			"type": 1
		}
	}
}
