{
	"data": {
		"imagename": "03335-10.1.1.217.4031-Figure-1",
		"difficult": 0,
		"curves": [
			{
				"name": "objective",
				"labelposition": [490.1463068,313.3330966,58.67613636,16.58238636],
				"symbolposition": [453.7926136,314.6086648,35.71590909,12.11789773],
				"x": [
					[49.4375],
					[67.29545455],
					[83.87784091],
					[96.63352273],
					[141.2784091],
					[200.5923295],
					[219.0880682],
					[280.953125],
					[299.4488636],
					[324.3224432],
					[386.1875],
					[518.8465909],
					[590.9161932]
				],
				"y": [
					[412.1896307],
					[227.8700284],
					[195.3430398],
					[180.0362216],
					[96.48650568],
					[64.59730114],
					[53.1171875],
					[34.62144886],
					[33.34588068],
					[28.24360795],
					[25.0546875],
					[22.50355114],
					[22.50355114]
				]
			},
			{
				"name": "training error",
				"labelposition": [489.5085227,331.1910511,80.36079545,15.30681818],
				"symbolposition": [453.1548295,331.8288352,36.99147727,12.11789773],
				"x": [
					[49.4375],
					[85.79119318],
					[97.27130682],
					[110.6647727],
					[125.9715909],
					[141.2784091],
					[176.9943182],
					[210.1590909],
					[230.5681818],
					[259.2684659],
					[278.4019886],
					[297.5355114],
					[314.7556818],
					[336.4403409],
					[430.8323864],
					[527.1377841],
					[589.640625]
				],
				"y": [
					[23.14133523],
					[215.7521307],
					[271.2393466],
					[312.6953125],
					[328.6399148],
					[345.8600852],
					[359.2535511],
					[376.4737216],
					[378.3870739],
					[386.040483],
					[386.040483],
					[387.9538352],
					[391.1427557],
					[392.4183239],
					[393.693892],
					[394.3316761],
					[394.9694602]
				]
			},
			{
				"name": "testing error",
				"labelposition": [489.5085227,346.4978693,77.80965909,14.66903409],
				"symbolposition": [455.0681818,348.4112216,35.078125,12.75568182],
				"x": [
					[50.07528409],
					[68.57102273],
					[81.96448864],
					[95.35795455],
					[108.7514205],
					[131.7116477],
					[150.8451705],
					[197.4034091],
					[219.0880682],
					[245.875],
					[267.5596591],
					[301.3622159],
					[323.6846591],
					[350.4715909],
					[384.2741477],
					[400.21875],
					[444.2258523],
					[458.8948864],
					[500.9886364],
					[522.6732955],
					[566.6803977],
					[590.2784091]
				],
				"y": [
					[11.66122159],
					[40.36150568],
					[72.88849432],
					[107.3288352],
					[124.5490057],
					[116.2578125],
					[128.3757102],
					[131.5646307],
					[132.2024148],
					[133.477983],
					[129.6512784],
					[129.6512784],
					[129.6512784],
					[123.9112216],
					[125.8245739],
					[129.6512784],
					[124.5490057],
					[126.462358],
					[128.3757102],
					[127.7379261],
					[129.6512784],
					[128.3757102]
				]
			}
		],
		"plotpos": [48.79971591,11.0234375,542.1164773,401.1661932],
		"xax": {
			"titlepos": [273.2997159,428.134233,94.39204545,19.13352273],
			"minpos": [44.97301136,416.0163352,8.928977273,14.03125],
			"maxpos": [583.9005682,414.102983,17.22017045,15.94460227],
			"type": 1
		},
		"yax": {
			"titlepos": [2.241477273,89.47088068,19.77130682,243.6335227],
			"minpos": [24.56392045,404.5362216,15.94460227,14.66903409],
			"maxpos": [22.01278409,4.0078125,24.87357955,14.66903409],
			"type": 1
		}
	}
}
