{
	"data": {
		"imagename": "03334-10.1.1.153.7148-Figure-4",
		"difficult": 0,
		"curves": [
			{
				"name": "Large",
				"labelposition": [556.857696,81.64133591,54.77250726,32.14908035],
				"symbolposition": [490.7734753,85.21345595,61.91674734,20.24201355],
				"x": [
					[164.5198451],
					[290.7347531],
					[410.4007744]
				],
				"y": [
					[132.8417231],
					[70.9249758],
					[58.42255566]
				]
			},
			{
				"name": "Small",
				"labelposition": [555.071636,120.9346563,58.93998064,32.74443369],
				"symbolposition": [492.5595353,124.5067764,63.10745402,19.64666021],
				"x": [
					[164.5198451],
					[288.9486931],
					[409.8054211]
				],
				"y": [
					[148.9162633],
					[121.5300097],
					[119.1485963]
				]
			}
		],
		"plotpos": [103.7938045,13.17570184,372.6911907,205.3969022],
		"xax": {
			"titlepos": [249.6553727,270.963698,122.642788,28.57696031],
			"minpos": [134.7521781,245.3635044,62.51210068,39.88867377],
			"maxpos": [381.8238141,246.554211,66.08422072,27.98160697],
			"type": 3
		},
		"yax": {
			"titlepos": [3.179090029,25.67812197,33.33978703,228.0203291],
			"minpos": [63.90513069,206.6655373,18.45595353,27.98160697],
			"maxpos": [43.66311713,4.245401742,43.4607938,29.17231365],
			"type": 1
		}
	}
}
