{
	"data": {
		"imagename": "03336-10.1.1.132.2653-Figure-7",
		"difficult": 0,
		"curves": [
			{
				"name": "RAP",
				"labelposition": [144.5963214,281.4709584,40.0106486,15.07647628],
				"symbolposition": [105.1655373,282.0508228,40.0106486,15.65634076],
				"x": [
					[72.11326234],
					[124.3010649],
					[183.447241],
					[240.2739593],
					[352.767667],
					[409.5943853],
					[465.2613746],
					[521.5082285],
					[581.8141336]
				],
				"y": [
					[58.80300097],
					[48.94530494],
					[44.30638916],
					[55.32381413],
					[58.80300097],
					[55.32381413],
					[61.70232333],
					[52.42449177],
					[55.32381413]
				]
			},
			{
				"name": "PLSI",
				"labelposition": [145.1761859,298.2870281,41.75024201,19.13552759],
				"symbolposition": [104.0058083,298.2870281,41.17037754,18.55566312],
				"x": [
					[70.37366893],
					[129.5198451],
					[183.447241],
					[240.2739593],
					[295.3610842],
					[408.4346563],
					[467.5808325],
					[525.5672798],
					[579.4946757]
				],
				"y": [
					[77.35866409],
					[118.5290416],
					[141.7236205],
					[155.6403679],
					[166.0779284],
					[193.911423],
					[192.7516941],
					[209.5677638],
					[200.8697967]
				]
			},
			{
				"name": "LSI",
				"labelposition": null,
				"symbolposition": null,
				"x": [
					[70.37366893],
					[129.5198451],
					[179.9680542],
					[240.8538238],
					[297.6805421],
					[353.9273959],
					[465.8412391],
					[524.4075508],
					[579.4946757]
				],
				"y": [
					[156.8000968],
					[185.7933204],
					[215.946273],
					[246.67909],
					[269.8736689],
					[286.6897386],
					[305.8252662],
					[317.4225557],
					[326.7003872]
				]
			}
		],
		"plotpos": [69.79380445,12.41384318,509.1210068,345.5992256],
		"xax": {
			"titlepos": [224.6176186,378.8881897,200.6331075,22.03484995],
			"minpos": [56.45692159,362.07212,28.41335915,18.55566312],
			"maxpos": [561.5188771,361.4922556,35.37173282,17.97579864],
			"type": 1
		},
		"yax": {
			"titlepos": [3.109390126,116.7894482,23.77444337,140.3272023],
			"minpos": [29.20329138,349.8949661,37.11132623,16.8160697],
			"maxpos": [27.46369797,4.875605034,40.0106486,19.13552759],
			"type": 1
		}
	}
}
