{
	"data": {
		"imagename": "03726-10.1.1.209.59-Figure-6",
		"difficult": 0,
		"curves": [
			{
				"name": "all",
				"labelposition": [559.3579545,313.8444602,16.22301136,11.41619318],
				"symbolposition": [525.7102273,315.0461648,34.24857955,10.81534091],
				"x": [
					[94.29829545],
					[562.9630682]
				],
				"y": [
					[99.34019886],
					[99.94105114]
				]
			},
			{
				"name": "LMU",
				"labelposition": [559.3579545,331.2691761,31.24431818,13.21875],
				"symbolposition": [526.3110795,331.2691761,33.046875,12.61789773],
				"x": [
					[95.5],
					[173.0099432],
					[249.3181818],
					[327.4289773],
					[486.0539773],
					[564.1647727]
				],
				"y": [
					[318.0504261],
					[170.8416193],
					[219.5106534],
					[149.2109375],
					[203.8884943],
					[122.1725852]
				]
			}
		],
		"plotpos": [55.24289773,35.04900568,545.5738636,326.8636364],
		"xax": {
			"titlepos": [210.8636364,394.3586648,234.9332386,21.02982955],
			"minpos": [88.890625,373.3288352,14.42045455,13.21875],
			"maxpos": [556.3536932,370.9254261,10.21448864,17.42471591],
			"type": 1
		},
		"yax": {
			"titlepos": [11.98153409,147.4083807,22.83238636,109.3551136],
			"minpos": [34.81392045,355.303267,14.42045455,12.61789773],
			"maxpos": [33.01136364,24.23366477,15.62215909,17.42471591],
			"type": 1
		}
	}
}
